solid ASCII
  facet normal -0.000000e+00 -7.071068e-01 -7.071068e-01
    outer loop
      vertex   -3.000000e+01 3.600000e+01 2.504000e+01
      vertex   -3.720000e+01 3.600000e+01 2.504000e+01
      vertex   -3.200000e+01 3.800000e+01 2.304000e+01
    endloop
  endfacet
  facet normal -0.000000e+00 -7.071068e-01 -7.071068e-01
    outer loop
      vertex   -3.200000e+01 3.800000e+01 2.304000e+01
      vertex   -3.720000e+01 3.600000e+01 2.504000e+01
      vertex   -3.720000e+01 3.800000e+01 2.304000e+01
    endloop
  endfacet
  facet normal 7.071068e-01 0.000000e+00 -7.071068e-01
    outer loop
      vertex   -3.200000e+01 4.350000e+01 2.304000e+01
      vertex   -3.000000e+01 4.350000e+01 2.504000e+01
      vertex   -3.200000e+01 3.800000e+01 2.304000e+01
    endloop
  endfacet
  facet normal 7.071068e-01 0.000000e+00 -7.071068e-01
    outer loop
      vertex   -3.200000e+01 3.800000e+01 2.304000e+01
      vertex   -3.000000e+01 4.350000e+01 2.504000e+01
      vertex   -3.000000e+01 3.600000e+01 2.504000e+01
    endloop
  endfacet
  facet normal 0.000000e+00 -1.000000e+00 0.000000e+00
    outer loop
      vertex   -3.720000e+01 3.600000e+01 2.504000e+01
      vertex   -3.000000e+01 3.600000e+01 2.504000e+01
      vertex   -3.720000e+01 3.600000e+01 3.104000e+01
    endloop
  endfacet
  facet normal 0.000000e+00 -1.000000e+00 0.000000e+00
    outer loop
      vertex   -3.720000e+01 3.600000e+01 3.104000e+01
      vertex   -3.000000e+01 3.600000e+01 2.504000e+01
      vertex   -3.000000e+01 3.600000e+01 3.104000e+01
    endloop
  endfacet
  facet normal 1.000000e+00 0.000000e+00 0.000000e+00
    outer loop
      vertex   -3.000000e+01 3.600000e+01 2.504000e+01
      vertex   -3.000000e+01 4.350000e+01 2.504000e+01
      vertex   -3.000000e+01 3.600000e+01 3.104000e+01
    endloop
  endfacet
  facet normal 1.000000e+00 -0.000000e+00 0.000000e+00
    outer loop
      vertex   -3.000000e+01 3.600000e+01 3.104000e+01
      vertex   -3.000000e+01 4.350000e+01 2.504000e+01
      vertex   -3.000000e+01 4.350000e+01 3.104000e+01
    endloop
  endfacet
  facet normal 7.071068e-01 0.000000e+00 -7.071068e-01
    outer loop
      vertex   -3.000000e+01 -1.770000e+01 2.504000e+01
      vertex   -3.000000e+01 -2.520000e+01 2.504000e+01
      vertex   -3.200000e+01 -1.970000e+01 2.304000e+01
    endloop
  endfacet
  facet normal 7.071068e-01 0.000000e+00 -7.071068e-01
    outer loop
      vertex   -3.200000e+01 -1.970000e+01 2.304000e+01
      vertex   -3.000000e+01 -2.520000e+01 2.504000e+01
      vertex   -3.200000e+01 -2.520000e+01 2.304000e+01
    endloop
  endfacet
  facet normal 4.831054e-16 7.071068e-01 -7.071068e-01
    outer loop
      vertex   -3.720000e+01 -1.970000e+01 2.304000e+01
      vertex   -3.720000e+01 -1.770000e+01 2.504000e+01
      vertex   -3.200000e+01 -1.970000e+01 2.304000e+01
    endloop
  endfacet
  facet normal 0.000000e+00 7.071068e-01 -7.071068e-01
    outer loop
      vertex   -3.200000e+01 -1.970000e+01 2.304000e+01
      vertex   -3.720000e+01 -1.770000e+01 2.504000e+01
      vertex   -3.000000e+01 -1.770000e+01 2.504000e+01
    endloop
  endfacet
  facet normal 1.000000e+00 0.000000e+00 0.000000e+00
    outer loop
      vertex   -3.000000e+01 -2.520000e+01 2.504000e+01
      vertex   -3.000000e+01 -1.770000e+01 2.504000e+01
      vertex   -3.000000e+01 -2.520000e+01 3.104000e+01
    endloop
  endfacet
  facet normal 1.000000e+00 -0.000000e+00 0.000000e+00
    outer loop
      vertex   -3.000000e+01 -2.520000e+01 3.104000e+01
      vertex   -3.000000e+01 -1.770000e+01 2.504000e+01
      vertex   -3.000000e+01 -1.770000e+01 3.104000e+01
    endloop
  endfacet
  facet normal 0.000000e+00 1.000000e+00 -0.000000e+00
    outer loop
      vertex   -3.000000e+01 -1.770000e+01 2.504000e+01
      vertex   -3.720000e+01 -1.770000e+01 2.504000e+01
      vertex   -3.000000e+01 -1.770000e+01 3.104000e+01
    endloop
  endfacet
  facet normal 0.000000e+00 1.000000e+00 0.000000e+00
    outer loop
      vertex   -3.000000e+01 -1.770000e+01 3.104000e+01
      vertex   -3.720000e+01 -1.770000e+01 2.504000e+01
      vertex   -3.720000e+01 -1.770000e+01 3.104000e+01
    endloop
  endfacet
  facet normal 0.000000e+00 7.071068e-01 -7.071068e-01
    outer loop
      vertex   3.000000e+01 -1.770000e+01 2.504000e+01
      vertex   3.720000e+01 -1.770000e+01 2.504000e+01
      vertex   3.200000e+01 -1.970000e+01 2.304000e+01
    endloop
  endfacet
  facet normal 0.000000e+00 7.071068e-01 -7.071068e-01
    outer loop
      vertex   3.200000e+01 -1.970000e+01 2.304000e+01
      vertex   3.720000e+01 -1.770000e+01 2.504000e+01
      vertex   3.720000e+01 -1.970000e+01 2.304000e+01
    endloop
  endfacet
  facet normal -7.071068e-01 0.000000e+00 -7.071068e-01
    outer loop
      vertex   3.200000e+01 -2.520000e+01 2.304000e+01
      vertex   3.000000e+01 -2.520000e+01 2.504000e+01
      vertex   3.200000e+01 -1.970000e+01 2.304000e+01
    endloop
  endfacet
  facet normal -7.071068e-01 0.000000e+00 -7.071068e-01
    outer loop
      vertex   3.200000e+01 -1.970000e+01 2.304000e+01
      vertex   3.000000e+01 -2.520000e+01 2.504000e+01
      vertex   3.000000e+01 -1.770000e+01 2.504000e+01
    endloop
  endfacet
  facet normal 0.000000e+00 1.000000e+00 0.000000e+00
    outer loop
      vertex   3.720000e+01 -1.770000e+01 2.504000e+01
      vertex   3.000000e+01 -1.770000e+01 2.504000e+01
      vertex   3.720000e+01 -1.770000e+01 3.104000e+01
    endloop
  endfacet
  facet normal 0.000000e+00 1.000000e+00 0.000000e+00
    outer loop
      vertex   3.720000e+01 -1.770000e+01 3.104000e+01
      vertex   3.000000e+01 -1.770000e+01 2.504000e+01
      vertex   3.000000e+01 -1.770000e+01 3.104000e+01
    endloop
  endfacet
  facet normal -1.000000e+00 0.000000e+00 0.000000e+00
    outer loop
      vertex   3.000000e+01 -1.770000e+01 2.504000e+01
      vertex   3.000000e+01 -2.520000e+01 2.504000e+01
      vertex   3.000000e+01 -1.770000e+01 3.104000e+01
    endloop
  endfacet
  facet normal -1.000000e+00 -0.000000e+00 0.000000e+00
    outer loop
      vertex   3.000000e+01 -1.770000e+01 3.104000e+01
      vertex   3.000000e+01 -2.520000e+01 2.504000e+01
      vertex   3.000000e+01 -2.520000e+01 3.104000e+01
    endloop
  endfacet
  facet normal -7.071068e-01 0.000000e+00 -7.071068e-01
    outer loop
      vertex   3.000000e+01 3.600000e+01 2.504000e+01
      vertex   3.000000e+01 4.350000e+01 2.504000e+01
      vertex   3.200000e+01 3.800000e+01 2.304000e+01
    endloop
  endfacet
  facet normal -7.071068e-01 0.000000e+00 -7.071068e-01
    outer loop
      vertex   3.200000e+01 3.800000e+01 2.304000e+01
      vertex   3.000000e+01 4.350000e+01 2.504000e+01
      vertex   3.200000e+01 4.350000e+01 2.304000e+01
    endloop
  endfacet
  facet normal -0.000000e+00 -7.071068e-01 -7.071068e-01
    outer loop
      vertex   3.720000e+01 3.800000e+01 2.304000e+01
      vertex   3.720000e+01 3.600000e+01 2.504000e+01
      vertex   3.200000e+01 3.800000e+01 2.304000e+01
    endloop
  endfacet
  facet normal 0.000000e+00 -7.071068e-01 -7.071068e-01
    outer loop
      vertex   3.200000e+01 3.800000e+01 2.304000e+01
      vertex   3.720000e+01 3.600000e+01 2.504000e+01
      vertex   3.000000e+01 3.600000e+01 2.504000e+01
    endloop
  endfacet
  facet normal -1.000000e+00 0.000000e+00 0.000000e+00
    outer loop
      vertex   3.000000e+01 4.350000e+01 2.504000e+01
      vertex   3.000000e+01 3.600000e+01 2.504000e+01
      vertex   3.000000e+01 4.350000e+01 3.104000e+01
    endloop
  endfacet
  facet normal -1.000000e+00 -0.000000e+00 0.000000e+00
    outer loop
      vertex   3.000000e+01 4.350000e+01 3.104000e+01
      vertex   3.000000e+01 3.600000e+01 2.504000e+01
      vertex   3.000000e+01 3.600000e+01 3.104000e+01
    endloop
  endfacet
  facet normal 0.000000e+00 -1.000000e+00 0.000000e+00
    outer loop
      vertex   3.000000e+01 3.600000e+01 2.504000e+01
      vertex   3.720000e+01 3.600000e+01 2.504000e+01
      vertex   3.000000e+01 3.600000e+01 3.104000e+01
    endloop
  endfacet
  facet normal 0.000000e+00 -1.000000e+00 0.000000e+00
    outer loop
      vertex   3.000000e+01 3.600000e+01 3.104000e+01
      vertex   3.720000e+01 3.600000e+01 2.504000e+01
      vertex   3.720000e+01 3.600000e+01 3.104000e+01
    endloop
  endfacet
  facet normal -9.914449e-01 1.305262e-01 -1.159305e-16
    outer loop
      vertex   3.500059e+01 -2.182529e+01 2.304000e+01
      vertex   3.500059e+01 -2.182529e+01 3.104000e+01
      vertex   3.505000e+01 -2.145000e+01 2.304000e+01
    endloop
  endfacet
  facet normal -9.914449e-01 1.305262e-01 0.000000e+00
    outer loop
      vertex   3.505000e+01 -2.145000e+01 2.304000e+01
      vertex   3.500059e+01 -2.182529e+01 3.104000e+01
      vertex   3.505000e+01 -2.145000e+01 3.104000e+01
    endloop
  endfacet
  facet normal -9.914449e-01 -1.305262e-01 0.000000e+00
    outer loop
      vertex   3.505000e+01 -2.145000e+01 2.304000e+01
      vertex   3.505000e+01 -2.145000e+01 3.104000e+01
      vertex   3.500059e+01 -2.107471e+01 2.304000e+01
    endloop
  endfacet
  facet normal -9.914449e-01 -1.305262e-01 5.796527e-17
    outer loop
      vertex   3.500059e+01 -2.107471e+01 2.304000e+01
      vertex   3.505000e+01 -2.145000e+01 3.104000e+01
      vertex   3.500059e+01 -2.107471e+01 3.104000e+01
    endloop
  endfacet
  facet normal -9.238795e-01 -3.826834e-01 1.699456e-16
    outer loop
      vertex   3.500059e+01 -2.107471e+01 2.304000e+01
      vertex   3.500059e+01 -2.107471e+01 3.104000e+01
      vertex   3.485574e+01 -2.072500e+01 2.304000e+01
    endloop
  endfacet
  facet normal -9.238795e-01 -3.826834e-01 3.398912e-16
    outer loop
      vertex   3.485574e+01 -2.072500e+01 2.304000e+01
      vertex   3.500059e+01 -2.107471e+01 3.104000e+01
      vertex   3.485574e+01 -2.072500e+01 3.104000e+01
    endloop
  endfacet
  facet normal -7.933533e-01 -6.087614e-01 5.406888e-16
    outer loop
      vertex   3.485574e+01 -2.072500e+01 2.304000e+01
      vertex   3.485574e+01 -2.072500e+01 3.104000e+01
      vertex   3.462531e+01 -2.042470e+01 2.304000e+01
    endloop
  endfacet
  facet normal -7.933533e-01 -6.087614e-01 0.000000e+00
    outer loop
      vertex   3.462531e+01 -2.042470e+01 2.304000e+01
      vertex   3.485574e+01 -2.072500e+01 3.104000e+01
      vertex   3.462531e+01 -2.042470e+01 3.104000e+01
    endloop
  endfacet
  facet normal -6.087614e-01 -7.933533e-01 0.000000e+00
    outer loop
      vertex   3.462531e+01 -2.042470e+01 2.304000e+01
      vertex   3.462531e+01 -2.042470e+01 3.104000e+01
      vertex   3.432500e+01 -2.019426e+01 2.304000e+01
    endloop
  endfacet
  facet normal -6.087614e-01 -7.933533e-01 0.000000e+00
    outer loop
      vertex   3.432500e+01 -2.019426e+01 2.304000e+01
      vertex   3.462531e+01 -2.042470e+01 3.104000e+01
      vertex   3.432500e+01 -2.019426e+01 3.104000e+01
    endloop
  endfacet
  facet normal -3.826834e-01 -9.238795e-01 0.000000e+00
    outer loop
      vertex   3.432500e+01 -2.019426e+01 2.304000e+01
      vertex   3.432500e+01 -2.019426e+01 3.104000e+01
      vertex   3.397529e+01 -2.004941e+01 2.304000e+01
    endloop
  endfacet
  facet normal -3.826834e-01 -9.238795e-01 0.000000e+00
    outer loop
      vertex   3.397529e+01 -2.004941e+01 2.304000e+01
      vertex   3.432500e+01 -2.019426e+01 3.104000e+01
      vertex   3.397529e+01 -2.004941e+01 3.104000e+01
    endloop
  endfacet
  facet normal -1.305262e-01 -9.914449e-01 0.000000e+00
    outer loop
      vertex   3.397529e+01 -2.004941e+01 2.304000e+01
      vertex   3.397529e+01 -2.004941e+01 3.104000e+01
      vertex   3.360000e+01 -2.000000e+01 2.304000e+01
    endloop
  endfacet
  facet normal -1.305262e-01 -9.914449e-01 0.000000e+00
    outer loop
      vertex   3.360000e+01 -2.000000e+01 2.304000e+01
      vertex   3.397529e+01 -2.004941e+01 3.104000e+01
      vertex   3.360000e+01 -2.000000e+01 3.104000e+01
    endloop
  endfacet
  facet normal 1.305262e-01 -9.914449e-01 0.000000e+00
    outer loop
      vertex   3.360000e+01 -2.000000e+01 2.304000e+01
      vertex   3.360000e+01 -2.000000e+01 3.104000e+01
      vertex   3.322471e+01 -2.004941e+01 2.304000e+01
    endloop
  endfacet
  facet normal 1.305262e-01 -9.914449e-01 -4.402900e-16
    outer loop
      vertex   3.322471e+01 -2.004941e+01 2.304000e+01
      vertex   3.360000e+01 -2.000000e+01 3.104000e+01
      vertex   3.322471e+01 -2.004941e+01 3.104000e+01
    endloop
  endfacet
  facet normal 3.826834e-01 -9.238795e-01 -4.102849e-16
    outer loop
      vertex   3.322471e+01 -2.004941e+01 2.304000e+01
      vertex   3.322471e+01 -2.004941e+01 3.104000e+01
      vertex   3.287500e+01 -2.019426e+01 2.304000e+01
    endloop
  endfacet
  facet normal 3.826834e-01 -9.238795e-01 3.398912e-16
    outer loop
      vertex   3.287500e+01 -2.019426e+01 2.304000e+01
      vertex   3.322471e+01 -2.004941e+01 3.104000e+01
      vertex   3.287500e+01 -2.019426e+01 3.104000e+01
    endloop
  endfacet
  facet normal 6.087614e-01 -7.933533e-01 5.406888e-16
    outer loop
      vertex   3.287500e+01 -2.019426e+01 2.304000e+01
      vertex   3.287500e+01 -2.019426e+01 3.104000e+01
      vertex   3.257470e+01 -2.042470e+01 2.304000e+01
    endloop
  endfacet
  facet normal 6.087614e-01 -7.933533e-01 0.000000e+00
    outer loop
      vertex   3.257470e+01 -2.042470e+01 2.304000e+01
      vertex   3.287500e+01 -2.019426e+01 3.104000e+01
      vertex   3.257470e+01 -2.042470e+01 3.104000e+01
    endloop
  endfacet
  facet normal 7.933533e-01 -6.087614e-01 0.000000e+00
    outer loop
      vertex   3.257470e+01 -2.042470e+01 2.304000e+01
      vertex   3.257470e+01 -2.042470e+01 3.104000e+01
      vertex   3.234426e+01 -2.072500e+01 2.304000e+01
    endloop
  endfacet
  facet normal 7.933533e-01 -6.087614e-01 -5.406888e-16
    outer loop
      vertex   3.234426e+01 -2.072500e+01 2.304000e+01
      vertex   3.257470e+01 -2.042470e+01 3.104000e+01
      vertex   3.234426e+01 -2.072500e+01 3.104000e+01
    endloop
  endfacet
  facet normal 9.238795e-01 -3.826834e-01 -3.398912e-16
    outer loop
      vertex   3.234426e+01 -2.072500e+01 2.304000e+01
      vertex   3.234426e+01 -2.072500e+01 3.104000e+01
      vertex   3.219941e+01 -2.107471e+01 2.304000e+01
    endloop
  endfacet
  facet normal 9.238795e-01 -3.826834e-01 8.205699e-16
    outer loop
      vertex   3.219941e+01 -2.107471e+01 2.304000e+01
      vertex   3.234426e+01 -2.072500e+01 3.104000e+01
      vertex   3.219941e+01 -2.107471e+01 3.104000e+01
    endloop
  endfacet
  facet normal 9.914449e-01 -1.305262e-01 8.805799e-16
    outer loop
      vertex   3.219941e+01 -2.107471e+01 2.304000e+01
      vertex   3.219941e+01 -2.107471e+01 3.104000e+01
      vertex   3.215000e+01 -2.145000e+01 2.304000e+01
    endloop
  endfacet
  facet normal 9.914449e-01 -1.305262e-01 0.000000e+00
    outer loop
      vertex   3.215000e+01 -2.145000e+01 2.304000e+01
      vertex   3.219941e+01 -2.107471e+01 3.104000e+01
      vertex   3.215000e+01 -2.145000e+01 3.104000e+01
    endloop
  endfacet
  facet normal 9.914449e-01 1.305262e-01 -0.000000e+00
    outer loop
      vertex   3.215000e+01 -2.145000e+01 2.304000e+01
      vertex   3.215000e+01 -2.145000e+01 3.104000e+01
      vertex   3.219941e+01 -2.182529e+01 2.304000e+01
    endloop
  endfacet
  facet normal 9.914449e-01 1.305262e-01 -8.805799e-16
    outer loop
      vertex   3.219941e+01 -2.182529e+01 2.304000e+01
      vertex   3.215000e+01 -2.145000e+01 3.104000e+01
      vertex   3.219941e+01 -2.182529e+01 3.104000e+01
    endloop
  endfacet
  facet normal 9.238795e-01 3.826834e-01 -8.205699e-16
    outer loop
      vertex   3.219941e+01 -2.182529e+01 2.304000e+01
      vertex   3.219941e+01 -2.182529e+01 3.104000e+01
      vertex   3.234426e+01 -2.217500e+01 2.304000e+01
    endloop
  endfacet
  facet normal 9.238795e-01 3.826834e-01 1.699456e-16
    outer loop
      vertex   3.234426e+01 -2.217500e+01 2.304000e+01
      vertex   3.219941e+01 -2.182529e+01 3.104000e+01
      vertex   3.234426e+01 -2.217500e+01 3.104000e+01
    endloop
  endfacet
  facet normal 7.933533e-01 6.087614e-01 2.703444e-16
    outer loop
      vertex   3.234426e+01 -2.217500e+01 2.304000e+01
      vertex   3.234426e+01 -2.217500e+01 3.104000e+01
      vertex   3.257470e+01 -2.247531e+01 2.304000e+01
    endloop
  endfacet
  facet normal 7.933533e-01 6.087614e-01 -0.000000e+00
    outer loop
      vertex   3.257470e+01 -2.247531e+01 2.304000e+01
      vertex   3.234426e+01 -2.217500e+01 3.104000e+01
      vertex   3.257470e+01 -2.247531e+01 3.104000e+01
    endloop
  endfacet
  facet normal 6.087614e-01 7.933533e-01 -0.000000e+00
    outer loop
      vertex   3.257470e+01 -2.247531e+01 2.304000e+01
      vertex   3.257470e+01 -2.247531e+01 3.104000e+01
      vertex   3.287500e+01 -2.270574e+01 2.304000e+01
    endloop
  endfacet
  facet normal 6.087614e-01 7.933533e-01 -5.406888e-16
    outer loop
      vertex   3.287500e+01 -2.270574e+01 2.304000e+01
      vertex   3.257470e+01 -2.247531e+01 3.104000e+01
      vertex   3.287500e+01 -2.270574e+01 3.104000e+01
    endloop
  endfacet
  facet normal 3.826834e-01 9.238795e-01 -3.398912e-16
    outer loop
      vertex   3.287500e+01 -2.270574e+01 2.304000e+01
      vertex   3.287500e+01 -2.270574e+01 3.104000e+01
      vertex   3.322471e+01 -2.285059e+01 2.304000e+01
    endloop
  endfacet
  facet normal 3.826834e-01 9.238795e-01 4.102849e-16
    outer loop
      vertex   3.322471e+01 -2.285059e+01 2.304000e+01
      vertex   3.287500e+01 -2.270574e+01 3.104000e+01
      vertex   3.322471e+01 -2.285059e+01 3.104000e+01
    endloop
  endfacet
  facet normal 1.305262e-01 9.914449e-01 4.402900e-16
    outer loop
      vertex   3.322471e+01 -2.285059e+01 2.304000e+01
      vertex   3.322471e+01 -2.285059e+01 3.104000e+01
      vertex   3.360000e+01 -2.290000e+01 2.304000e+01
    endloop
  endfacet
  facet normal 1.305262e-01 9.914449e-01 -0.000000e+00
    outer loop
      vertex   3.360000e+01 -2.290000e+01 2.304000e+01
      vertex   3.322471e+01 -2.285059e+01 3.104000e+01
      vertex   3.360000e+01 -2.290000e+01 3.104000e+01
    endloop
  endfacet
  facet normal -1.305262e-01 9.914449e-01 0.000000e+00
    outer loop
      vertex   3.360000e+01 -2.290000e+01 2.304000e+01
      vertex   3.360000e+01 -2.290000e+01 3.104000e+01
      vertex   3.397529e+01 -2.285059e+01 2.304000e+01
    endloop
  endfacet
  facet normal -1.305262e-01 9.914449e-01 0.000000e+00
    outer loop
      vertex   3.397529e+01 -2.285059e+01 2.304000e+01
      vertex   3.360000e+01 -2.290000e+01 3.104000e+01
      vertex   3.397529e+01 -2.285059e+01 3.104000e+01
    endloop
  endfacet
  facet normal -3.826834e-01 9.238795e-01 0.000000e+00
    outer loop
      vertex   3.397529e+01 -2.285059e+01 2.304000e+01
      vertex   3.397529e+01 -2.285059e+01 3.104000e+01
      vertex   3.432500e+01 -2.270574e+01 2.304000e+01
    endloop
  endfacet
  facet normal -3.826834e-01 9.238795e-01 0.000000e+00
    outer loop
      vertex   3.432500e+01 -2.270574e+01 2.304000e+01
      vertex   3.397529e+01 -2.285059e+01 3.104000e+01
      vertex   3.432500e+01 -2.270574e+01 3.104000e+01
    endloop
  endfacet
  facet normal -6.087614e-01 7.933533e-01 0.000000e+00
    outer loop
      vertex   3.432500e+01 -2.270574e+01 2.304000e+01
      vertex   3.432500e+01 -2.270574e+01 3.104000e+01
      vertex   3.462531e+01 -2.247531e+01 2.304000e+01
    endloop
  endfacet
  facet normal -6.087614e-01 7.933533e-01 0.000000e+00
    outer loop
      vertex   3.462531e+01 -2.247531e+01 2.304000e+01
      vertex   3.432500e+01 -2.270574e+01 3.104000e+01
      vertex   3.462531e+01 -2.247531e+01 3.104000e+01
    endloop
  endfacet
  facet normal -7.933533e-01 6.087614e-01 0.000000e+00
    outer loop
      vertex   3.462531e+01 -2.247531e+01 2.304000e+01
      vertex   3.462531e+01 -2.247531e+01 3.104000e+01
      vertex   3.485574e+01 -2.217500e+01 2.304000e+01
    endloop
  endfacet
  facet normal -7.933533e-01 6.087614e-01 -2.703444e-16
    outer loop
      vertex   3.485574e+01 -2.217500e+01 2.304000e+01
      vertex   3.462531e+01 -2.247531e+01 3.104000e+01
      vertex   3.485574e+01 -2.217500e+01 3.104000e+01
    endloop
  endfacet
  facet normal -9.238795e-01 3.826834e-01 -1.699456e-16
    outer loop
      vertex   3.485574e+01 -2.217500e+01 2.304000e+01
      vertex   3.485574e+01 -2.217500e+01 3.104000e+01
      vertex   3.500059e+01 -2.182529e+01 2.304000e+01
    endloop
  endfacet
  facet normal -9.238795e-01 3.826834e-01 -3.398912e-16
    outer loop
      vertex   3.500059e+01 -2.182529e+01 2.304000e+01
      vertex   3.485574e+01 -2.217500e+01 3.104000e+01
      vertex   3.500059e+01 -2.182529e+01 3.104000e+01
    endloop
  endfacet
  facet normal -0.000000e+00 0.000000e+00 -1.000000e+00
    outer loop
      vertex   3.720000e+01 -1.970000e+01 2.304000e+01
      vertex   3.360000e+01 -2.000000e+01 2.304000e+01
      vertex   3.200000e+01 -1.970000e+01 2.304000e+01
    endloop
  endfacet
  facet normal 0.000000e+00 0.000000e+00 -1.000000e+00
    outer loop
      vertex   3.200000e+01 -1.970000e+01 2.304000e+01
      vertex   3.360000e+01 -2.000000e+01 2.304000e+01
      vertex   3.322471e+01 -2.004941e+01 2.304000e+01
    endloop
  endfacet
  facet normal 0.000000e+00 0.000000e+00 -1.000000e+00
    outer loop
      vertex   3.200000e+01 -1.970000e+01 2.304000e+01
      vertex   3.322471e+01 -2.004941e+01 2.304000e+01
      vertex   3.287500e+01 -2.019426e+01 2.304000e+01
    endloop
  endfacet
  facet normal 0.000000e+00 0.000000e+00 -1.000000e+00
    outer loop
      vertex   3.720000e+01 -2.520000e+01 2.304000e+01
      vertex   3.500059e+01 -2.182529e+01 2.304000e+01
      vertex   3.720000e+01 -1.970000e+01 2.304000e+01
    endloop
  endfacet
  facet normal 0.000000e+00 0.000000e+00 -1.000000e+00
    outer loop
      vertex   3.720000e+01 -1.970000e+01 2.304000e+01
      vertex   3.500059e+01 -2.182529e+01 2.304000e+01
      vertex   3.505000e+01 -2.145000e+01 2.304000e+01
    endloop
  endfacet
  facet normal 0.000000e+00 0.000000e+00 -1.000000e+00
    outer loop
      vertex   3.720000e+01 -1.970000e+01 2.304000e+01
      vertex   3.505000e+01 -2.145000e+01 2.304000e+01
      vertex   3.500059e+01 -2.107471e+01 2.304000e+01
    endloop
  endfacet
  facet normal 0.000000e+00 0.000000e+00 -1.000000e+00
    outer loop
      vertex   3.200000e+01 -2.520000e+01 2.304000e+01
      vertex   3.397529e+01 -2.285059e+01 2.304000e+01
      vertex   3.720000e+01 -2.520000e+01 2.304000e+01
    endloop
  endfacet
  facet normal 0.000000e+00 0.000000e+00 -1.000000e+00
    outer loop
      vertex   3.720000e+01 -2.520000e+01 2.304000e+01
      vertex   3.397529e+01 -2.285059e+01 2.304000e+01
      vertex   3.432500e+01 -2.270574e+01 2.304000e+01
    endloop
  endfacet
  facet normal 0.000000e+00 0.000000e+00 -1.000000e+00
    outer loop
      vertex   3.720000e+01 -2.520000e+01 2.304000e+01
      vertex   3.432500e+01 -2.270574e+01 2.304000e+01
      vertex   3.462531e+01 -2.247531e+01 2.304000e+01
    endloop
  endfacet
  facet normal 0.000000e+00 0.000000e+00 -1.000000e+00
    outer loop
      vertex   3.200000e+01 -1.970000e+01 2.304000e+01
      vertex   3.215000e+01 -2.145000e+01 2.304000e+01
      vertex   3.200000e+01 -2.520000e+01 2.304000e+01
    endloop
  endfacet
  facet normal 0.000000e+00 0.000000e+00 -1.000000e+00
    outer loop
      vertex   3.200000e+01 -2.520000e+01 2.304000e+01
      vertex   3.215000e+01 -2.145000e+01 2.304000e+01
      vertex   3.219941e+01 -2.182529e+01 2.304000e+01
    endloop
  endfacet
  facet normal 0.000000e+00 0.000000e+00 -1.000000e+00
    outer loop
      vertex   3.200000e+01 -2.520000e+01 2.304000e+01
      vertex   3.219941e+01 -2.182529e+01 2.304000e+01
      vertex   3.234426e+01 -2.217500e+01 2.304000e+01
    endloop
  endfacet
  facet normal 0.000000e+00 0.000000e+00 -1.000000e+00
    outer loop
      vertex   3.500059e+01 -2.107471e+01 2.304000e+01
      vertex   3.485574e+01 -2.072500e+01 2.304000e+01
      vertex   3.720000e+01 -1.970000e+01 2.304000e+01
    endloop
  endfacet
  facet normal 0.000000e+00 0.000000e+00 -1.000000e+00
    outer loop
      vertex   3.720000e+01 -1.970000e+01 2.304000e+01
      vertex   3.485574e+01 -2.072500e+01 2.304000e+01
      vertex   3.462531e+01 -2.042470e+01 2.304000e+01
    endloop
  endfacet
  facet normal 0.000000e+00 0.000000e+00 -1.000000e+00
    outer loop
      vertex   3.720000e+01 -1.970000e+01 2.304000e+01
      vertex   3.462531e+01 -2.042470e+01 2.304000e+01
      vertex   3.432500e+01 -2.019426e+01 2.304000e+01
    endloop
  endfacet
  facet normal 0.000000e+00 0.000000e+00 -1.000000e+00
    outer loop
      vertex   3.432500e+01 -2.019426e+01 2.304000e+01
      vertex   3.397529e+01 -2.004941e+01 2.304000e+01
      vertex   3.720000e+01 -1.970000e+01 2.304000e+01
    endloop
  endfacet
  facet normal 0.000000e+00 0.000000e+00 -1.000000e+00
    outer loop
      vertex   3.720000e+01 -1.970000e+01 2.304000e+01
      vertex   3.397529e+01 -2.004941e+01 2.304000e+01
      vertex   3.360000e+01 -2.000000e+01 2.304000e+01
    endloop
  endfacet
  facet normal -0.000000e+00 0.000000e+00 -1.000000e+00
    outer loop
      vertex   3.287500e+01 -2.019426e+01 2.304000e+01
      vertex   3.257470e+01 -2.042470e+01 2.304000e+01
      vertex   3.200000e+01 -1.970000e+01 2.304000e+01
    endloop
  endfacet
  facet normal 0.000000e+00 0.000000e+00 -1.000000e+00
    outer loop
      vertex   3.200000e+01 -1.970000e+01 2.304000e+01
      vertex   3.257470e+01 -2.042470e+01 2.304000e+01
      vertex   3.234426e+01 -2.072500e+01 2.304000e+01
    endloop
  endfacet
  facet normal 0.000000e+00 0.000000e+00 -1.000000e+00
    outer loop
      vertex   3.200000e+01 -1.970000e+01 2.304000e+01
      vertex   3.234426e+01 -2.072500e+01 2.304000e+01
      vertex   3.219941e+01 -2.107471e+01 2.304000e+01
    endloop
  endfacet
  facet normal -0.000000e+00 0.000000e+00 -1.000000e+00
    outer loop
      vertex   3.219941e+01 -2.107471e+01 2.304000e+01
      vertex   3.215000e+01 -2.145000e+01 2.304000e+01
      vertex   3.200000e+01 -1.970000e+01 2.304000e+01
    endloop
  endfacet
  facet normal 0.000000e+00 -0.000000e+00 -1.000000e+00
    outer loop
      vertex   3.234426e+01 -2.217500e+01 2.304000e+01
      vertex   3.257470e+01 -2.247531e+01 2.304000e+01
      vertex   3.200000e+01 -2.520000e+01 2.304000e+01
    endloop
  endfacet
  facet normal 0.000000e+00 0.000000e+00 -1.000000e+00
    outer loop
      vertex   3.200000e+01 -2.520000e+01 2.304000e+01
      vertex   3.257470e+01 -2.247531e+01 2.304000e+01
      vertex   3.287500e+01 -2.270574e+01 2.304000e+01
    endloop
  endfacet
  facet normal 0.000000e+00 0.000000e+00 -1.000000e+00
    outer loop
      vertex   3.200000e+01 -2.520000e+01 2.304000e+01
      vertex   3.287500e+01 -2.270574e+01 2.304000e+01
      vertex   3.322471e+01 -2.285059e+01 2.304000e+01
    endloop
  endfacet
  facet normal 0.000000e+00 -0.000000e+00 -1.000000e+00
    outer loop
      vertex   3.322471e+01 -2.285059e+01 2.304000e+01
      vertex   3.360000e+01 -2.290000e+01 2.304000e+01
      vertex   3.200000e+01 -2.520000e+01 2.304000e+01
    endloop
  endfacet
  facet normal 0.000000e+00 0.000000e+00 -1.000000e+00
    outer loop
      vertex   3.200000e+01 -2.520000e+01 2.304000e+01
      vertex   3.360000e+01 -2.290000e+01 2.304000e+01
      vertex   3.397529e+01 -2.285059e+01 2.304000e+01
    endloop
  endfacet
  facet normal 0.000000e+00 0.000000e+00 -1.000000e+00
    outer loop
      vertex   3.462531e+01 -2.247531e+01 2.304000e+01
      vertex   3.485574e+01 -2.217500e+01 2.304000e+01
      vertex   3.720000e+01 -2.520000e+01 2.304000e+01
    endloop
  endfacet
  facet normal 0.000000e+00 0.000000e+00 -1.000000e+00
    outer loop
      vertex   3.720000e+01 -2.520000e+01 2.304000e+01
      vertex   3.485574e+01 -2.217500e+01 2.304000e+01
      vertex   3.500059e+01 -2.182529e+01 2.304000e+01
    endloop
  endfacet
  facet normal -9.914449e-01 1.305262e-01 0.000000e+00
    outer loop
      vertex   3.500059e+01 3.937471e+01 2.304000e+01
      vertex   3.500059e+01 3.937471e+01 3.104000e+01
      vertex   3.505000e+01 3.975000e+01 2.304000e+01
    endloop
  endfacet
  facet normal -9.914449e-01 1.305262e-01 0.000000e+00
    outer loop
      vertex   3.505000e+01 3.975000e+01 2.304000e+01
      vertex   3.500059e+01 3.937471e+01 3.104000e+01
      vertex   3.505000e+01 3.975000e+01 3.104000e+01
    endloop
  endfacet
  facet normal -9.914449e-01 -1.305262e-01 0.000000e+00
    outer loop
      vertex   3.505000e+01 3.975000e+01 2.304000e+01
      vertex   3.505000e+01 3.975000e+01 3.104000e+01
      vertex   3.500059e+01 4.012529e+01 2.304000e+01
    endloop
  endfacet
  facet normal -9.914449e-01 -1.305262e-01 0.000000e+00
    outer loop
      vertex   3.500059e+01 4.012529e+01 2.304000e+01
      vertex   3.505000e+01 3.975000e+01 3.104000e+01
      vertex   3.500059e+01 4.012529e+01 3.104000e+01
    endloop
  endfacet
  facet normal -9.238795e-01 -3.826834e-01 0.000000e+00
    outer loop
      vertex   3.500059e+01 4.012529e+01 2.304000e+01
      vertex   3.500059e+01 4.012529e+01 3.104000e+01
      vertex   3.485574e+01 4.047500e+01 2.304000e+01
    endloop
  endfacet
  facet normal -9.238795e-01 -3.826834e-01 0.000000e+00
    outer loop
      vertex   3.485574e+01 4.047500e+01 2.304000e+01
      vertex   3.500059e+01 4.012529e+01 3.104000e+01
      vertex   3.485574e+01 4.047500e+01 3.104000e+01
    endloop
  endfacet
  facet normal -7.933533e-01 -6.087614e-01 0.000000e+00
    outer loop
      vertex   3.485574e+01 4.047500e+01 2.304000e+01
      vertex   3.485574e+01 4.047500e+01 3.104000e+01
      vertex   3.462531e+01 4.077531e+01 2.304000e+01
    endloop
  endfacet
  facet normal -7.933533e-01 -6.087614e-01 0.000000e+00
    outer loop
      vertex   3.462531e+01 4.077531e+01 2.304000e+01
      vertex   3.485574e+01 4.047500e+01 3.104000e+01
      vertex   3.462531e+01 4.077531e+01 3.104000e+01
    endloop
  endfacet
  facet normal -6.087614e-01 -7.933533e-01 0.000000e+00
    outer loop
      vertex   3.462531e+01 4.077531e+01 2.304000e+01
      vertex   3.462531e+01 4.077531e+01 3.104000e+01
      vertex   3.432500e+01 4.100574e+01 2.304000e+01
    endloop
  endfacet
  facet normal -6.087614e-01 -7.933533e-01 0.000000e+00
    outer loop
      vertex   3.432500e+01 4.100574e+01 2.304000e+01
      vertex   3.462531e+01 4.077531e+01 3.104000e+01
      vertex   3.432500e+01 4.100574e+01 3.104000e+01
    endloop
  endfacet
  facet normal -3.826834e-01 -9.238795e-01 0.000000e+00
    outer loop
      vertex   3.432500e+01 4.100574e+01 2.304000e+01
      vertex   3.432500e+01 4.100574e+01 3.104000e+01
      vertex   3.397529e+01 4.115059e+01 2.304000e+01
    endloop
  endfacet
  facet normal -3.826834e-01 -9.238795e-01 0.000000e+00
    outer loop
      vertex   3.397529e+01 4.115059e+01 2.304000e+01
      vertex   3.432500e+01 4.100574e+01 3.104000e+01
      vertex   3.397529e+01 4.115059e+01 3.104000e+01
    endloop
  endfacet
  facet normal -1.305262e-01 -9.914449e-01 0.000000e+00
    outer loop
      vertex   3.397529e+01 4.115059e+01 2.304000e+01
      vertex   3.397529e+01 4.115059e+01 3.104000e+01
      vertex   3.360000e+01 4.120000e+01 2.304000e+01
    endloop
  endfacet
  facet normal -1.305262e-01 -9.914449e-01 0.000000e+00
    outer loop
      vertex   3.360000e+01 4.120000e+01 2.304000e+01
      vertex   3.397529e+01 4.115059e+01 3.104000e+01
      vertex   3.360000e+01 4.120000e+01 3.104000e+01
    endloop
  endfacet
  facet normal 1.305262e-01 -9.914449e-01 0.000000e+00
    outer loop
      vertex   3.360000e+01 4.120000e+01 2.304000e+01
      vertex   3.360000e+01 4.120000e+01 3.104000e+01
      vertex   3.322471e+01 4.115059e+01 2.304000e+01
    endloop
  endfacet
  facet normal 1.305262e-01 -9.914449e-01 0.000000e+00
    outer loop
      vertex   3.322471e+01 4.115059e+01 2.304000e+01
      vertex   3.360000e+01 4.120000e+01 3.104000e+01
      vertex   3.322471e+01 4.115059e+01 3.104000e+01
    endloop
  endfacet
  facet normal 3.826834e-01 -9.238795e-01 0.000000e+00
    outer loop
      vertex   3.322471e+01 4.115059e+01 2.304000e+01
      vertex   3.322471e+01 4.115059e+01 3.104000e+01
      vertex   3.287500e+01 4.100574e+01 2.304000e+01
    endloop
  endfacet
  facet normal 3.826834e-01 -9.238795e-01 3.398912e-16
    outer loop
      vertex   3.287500e+01 4.100574e+01 2.304000e+01
      vertex   3.322471e+01 4.115059e+01 3.104000e+01
      vertex   3.287500e+01 4.100574e+01 3.104000e+01
    endloop
  endfacet
  facet normal 6.087614e-01 -7.933533e-01 5.406888e-16
    outer loop
      vertex   3.287500e+01 4.100574e+01 2.304000e+01
      vertex   3.287500e+01 4.100574e+01 3.104000e+01
      vertex   3.257470e+01 4.077531e+01 2.304000e+01
    endloop
  endfacet
  facet normal 6.087614e-01 -7.933533e-01 0.000000e+00
    outer loop
      vertex   3.257470e+01 4.077531e+01 2.304000e+01
      vertex   3.287500e+01 4.100574e+01 3.104000e+01
      vertex   3.257470e+01 4.077531e+01 3.104000e+01
    endloop
  endfacet
  facet normal 7.933533e-01 -6.087614e-01 0.000000e+00
    outer loop
      vertex   3.257470e+01 4.077531e+01 2.304000e+01
      vertex   3.257470e+01 4.077531e+01 3.104000e+01
      vertex   3.234426e+01 4.047500e+01 2.304000e+01
    endloop
  endfacet
  facet normal 7.933533e-01 -6.087614e-01 0.000000e+00
    outer loop
      vertex   3.234426e+01 4.047500e+01 2.304000e+01
      vertex   3.257470e+01 4.077531e+01 3.104000e+01
      vertex   3.234426e+01 4.047500e+01 3.104000e+01
    endloop
  endfacet
  facet normal 9.238795e-01 -3.826834e-01 0.000000e+00
    outer loop
      vertex   3.234426e+01 4.047500e+01 2.304000e+01
      vertex   3.234426e+01 4.047500e+01 3.104000e+01
      vertex   3.219941e+01 4.012529e+01 2.304000e+01
    endloop
  endfacet
  facet normal 9.238795e-01 -3.826834e-01 8.205699e-16
    outer loop
      vertex   3.219941e+01 4.012529e+01 2.304000e+01
      vertex   3.234426e+01 4.047500e+01 3.104000e+01
      vertex   3.219941e+01 4.012529e+01 3.104000e+01
    endloop
  endfacet
  facet normal 9.914449e-01 -1.305262e-01 8.805799e-16
    outer loop
      vertex   3.219941e+01 4.012529e+01 2.304000e+01
      vertex   3.219941e+01 4.012529e+01 3.104000e+01
      vertex   3.215000e+01 3.975000e+01 2.304000e+01
    endloop
  endfacet
  facet normal 9.914449e-01 -1.305262e-01 0.000000e+00
    outer loop
      vertex   3.215000e+01 3.975000e+01 2.304000e+01
      vertex   3.219941e+01 4.012529e+01 3.104000e+01
      vertex   3.215000e+01 3.975000e+01 3.104000e+01
    endloop
  endfacet
  facet normal 9.914449e-01 1.305262e-01 -0.000000e+00
    outer loop
      vertex   3.215000e+01 3.975000e+01 2.304000e+01
      vertex   3.215000e+01 3.975000e+01 3.104000e+01
      vertex   3.219941e+01 3.937471e+01 2.304000e+01
    endloop
  endfacet
  facet normal 9.914449e-01 1.305262e-01 -8.805799e-16
    outer loop
      vertex   3.219941e+01 3.937471e+01 2.304000e+01
      vertex   3.215000e+01 3.975000e+01 3.104000e+01
      vertex   3.219941e+01 3.937471e+01 3.104000e+01
    endloop
  endfacet
  facet normal 9.238795e-01 3.826834e-01 -8.205699e-16
    outer loop
      vertex   3.219941e+01 3.937471e+01 2.304000e+01
      vertex   3.219941e+01 3.937471e+01 3.104000e+01
      vertex   3.234426e+01 3.902500e+01 2.304000e+01
    endloop
  endfacet
  facet normal 9.238795e-01 3.826834e-01 3.398912e-16
    outer loop
      vertex   3.234426e+01 3.902500e+01 2.304000e+01
      vertex   3.219941e+01 3.937471e+01 3.104000e+01
      vertex   3.234426e+01 3.902500e+01 3.104000e+01
    endloop
  endfacet
  facet normal 7.933533e-01 6.087614e-01 5.406888e-16
    outer loop
      vertex   3.234426e+01 3.902500e+01 2.304000e+01
      vertex   3.234426e+01 3.902500e+01 3.104000e+01
      vertex   3.257470e+01 3.872470e+01 2.304000e+01
    endloop
  endfacet
  facet normal 7.933533e-01 6.087614e-01 -0.000000e+00
    outer loop
      vertex   3.257470e+01 3.872470e+01 2.304000e+01
      vertex   3.234426e+01 3.902500e+01 3.104000e+01
      vertex   3.257470e+01 3.872470e+01 3.104000e+01
    endloop
  endfacet
  facet normal 6.087614e-01 7.933533e-01 -0.000000e+00
    outer loop
      vertex   3.257470e+01 3.872470e+01 2.304000e+01
      vertex   3.257470e+01 3.872470e+01 3.104000e+01
      vertex   3.287500e+01 3.849426e+01 2.304000e+01
    endloop
  endfacet
  facet normal 6.087614e-01 7.933533e-01 -5.406888e-16
    outer loop
      vertex   3.287500e+01 3.849426e+01 2.304000e+01
      vertex   3.257470e+01 3.872470e+01 3.104000e+01
      vertex   3.287500e+01 3.849426e+01 3.104000e+01
    endloop
  endfacet
  facet normal 3.826834e-01 9.238795e-01 -3.398912e-16
    outer loop
      vertex   3.287500e+01 3.849426e+01 2.304000e+01
      vertex   3.287500e+01 3.849426e+01 3.104000e+01
      vertex   3.322471e+01 3.834941e+01 2.304000e+01
    endloop
  endfacet
  facet normal 3.826834e-01 9.238795e-01 8.205699e-16
    outer loop
      vertex   3.322471e+01 3.834941e+01 2.304000e+01
      vertex   3.287500e+01 3.849426e+01 3.104000e+01
      vertex   3.322471e+01 3.834941e+01 3.104000e+01
    endloop
  endfacet
  facet normal 1.305262e-01 9.914449e-01 8.805799e-16
    outer loop
      vertex   3.322471e+01 3.834941e+01 2.304000e+01
      vertex   3.322471e+01 3.834941e+01 3.104000e+01
      vertex   3.360000e+01 3.830000e+01 2.304000e+01
    endloop
  endfacet
  facet normal 1.305262e-01 9.914449e-01 -0.000000e+00
    outer loop
      vertex   3.360000e+01 3.830000e+01 2.304000e+01
      vertex   3.322471e+01 3.834941e+01 3.104000e+01
      vertex   3.360000e+01 3.830000e+01 3.104000e+01
    endloop
  endfacet
  facet normal -1.305262e-01 9.914449e-01 0.000000e+00
    outer loop
      vertex   3.360000e+01 3.830000e+01 2.304000e+01
      vertex   3.360000e+01 3.830000e+01 3.104000e+01
      vertex   3.397529e+01 3.834941e+01 2.304000e+01
    endloop
  endfacet
  facet normal -1.305262e-01 9.914449e-01 0.000000e+00
    outer loop
      vertex   3.397529e+01 3.834941e+01 2.304000e+01
      vertex   3.360000e+01 3.830000e+01 3.104000e+01
      vertex   3.397529e+01 3.834941e+01 3.104000e+01
    endloop
  endfacet
  facet normal -3.826834e-01 9.238795e-01 0.000000e+00
    outer loop
      vertex   3.397529e+01 3.834941e+01 2.304000e+01
      vertex   3.397529e+01 3.834941e+01 3.104000e+01
      vertex   3.432500e+01 3.849426e+01 2.304000e+01
    endloop
  endfacet
  facet normal -3.826834e-01 9.238795e-01 0.000000e+00
    outer loop
      vertex   3.432500e+01 3.849426e+01 2.304000e+01
      vertex   3.397529e+01 3.834941e+01 3.104000e+01
      vertex   3.432500e+01 3.849426e+01 3.104000e+01
    endloop
  endfacet
  facet normal -6.087614e-01 7.933533e-01 0.000000e+00
    outer loop
      vertex   3.432500e+01 3.849426e+01 2.304000e+01
      vertex   3.432500e+01 3.849426e+01 3.104000e+01
      vertex   3.462531e+01 3.872470e+01 2.304000e+01
    endloop
  endfacet
  facet normal -6.087614e-01 7.933533e-01 0.000000e+00
    outer loop
      vertex   3.462531e+01 3.872470e+01 2.304000e+01
      vertex   3.432500e+01 3.849426e+01 3.104000e+01
      vertex   3.462531e+01 3.872470e+01 3.104000e+01
    endloop
  endfacet
  facet normal -7.933533e-01 6.087614e-01 0.000000e+00
    outer loop
      vertex   3.462531e+01 3.872470e+01 2.304000e+01
      vertex   3.462531e+01 3.872470e+01 3.104000e+01
      vertex   3.485574e+01 3.902500e+01 2.304000e+01
    endloop
  endfacet
  facet normal -7.933533e-01 6.087614e-01 -5.406888e-16
    outer loop
      vertex   3.485574e+01 3.902500e+01 2.304000e+01
      vertex   3.462531e+01 3.872470e+01 3.104000e+01
      vertex   3.485574e+01 3.902500e+01 3.104000e+01
    endloop
  endfacet
  facet normal -9.238795e-01 3.826834e-01 -3.398912e-16
    outer loop
      vertex   3.485574e+01 3.902500e+01 2.304000e+01
      vertex   3.485574e+01 3.902500e+01 3.104000e+01
      vertex   3.500059e+01 3.937471e+01 2.304000e+01
    endloop
  endfacet
  facet normal -9.238795e-01 3.826834e-01 0.000000e+00
    outer loop
      vertex   3.500059e+01 3.937471e+01 2.304000e+01
      vertex   3.485574e+01 3.902500e+01 3.104000e+01
      vertex   3.500059e+01 3.937471e+01 3.104000e+01
    endloop
  endfacet
  facet normal 0.000000e+00 0.000000e+00 -1.000000e+00
    outer loop
      vertex   3.200000e+01 4.350000e+01 2.304000e+01
      vertex   3.215000e+01 3.975000e+01 2.304000e+01
      vertex   3.200000e+01 3.800000e+01 2.304000e+01
    endloop
  endfacet
  facet normal 0.000000e+00 0.000000e+00 -1.000000e+00
    outer loop
      vertex   3.200000e+01 3.800000e+01 2.304000e+01
      vertex   3.215000e+01 3.975000e+01 2.304000e+01
      vertex   3.219941e+01 3.937471e+01 2.304000e+01
    endloop
  endfacet
  facet normal 0.000000e+00 0.000000e+00 -1.000000e+00
    outer loop
      vertex   3.200000e+01 3.800000e+01 2.304000e+01
      vertex   3.219941e+01 3.937471e+01 2.304000e+01
      vertex   3.234426e+01 3.902500e+01 2.304000e+01
    endloop
  endfacet
  facet normal -0.000000e+00 0.000000e+00 -1.000000e+00
    outer loop
      vertex   3.720000e+01 4.350000e+01 2.304000e+01
      vertex   3.397529e+01 4.115059e+01 2.304000e+01
      vertex   3.200000e+01 4.350000e+01 2.304000e+01
    endloop
  endfacet
  facet normal 0.000000e+00 0.000000e+00 -1.000000e+00
    outer loop
      vertex   3.200000e+01 4.350000e+01 2.304000e+01
      vertex   3.397529e+01 4.115059e+01 2.304000e+01
      vertex   3.360000e+01 4.120000e+01 2.304000e+01
    endloop
  endfacet
  facet normal 0.000000e+00 0.000000e+00 -1.000000e+00
    outer loop
      vertex   3.200000e+01 4.350000e+01 2.304000e+01
      vertex   3.360000e+01 4.120000e+01 2.304000e+01
      vertex   3.322471e+01 4.115059e+01 2.304000e+01
    endloop
  endfacet
  facet normal 0.000000e+00 0.000000e+00 -1.000000e+00
    outer loop
      vertex   3.720000e+01 3.800000e+01 2.304000e+01
      vertex   3.500059e+01 4.012529e+01 2.304000e+01
      vertex   3.720000e+01 4.350000e+01 2.304000e+01
    endloop
  endfacet
  facet normal 0.000000e+00 0.000000e+00 -1.000000e+00
    outer loop
      vertex   3.720000e+01 4.350000e+01 2.304000e+01
      vertex   3.500059e+01 4.012529e+01 2.304000e+01
      vertex   3.485574e+01 4.047500e+01 2.304000e+01
    endloop
  endfacet
  facet normal 0.000000e+00 0.000000e+00 -1.000000e+00
    outer loop
      vertex   3.720000e+01 4.350000e+01 2.304000e+01
      vertex   3.485574e+01 4.047500e+01 2.304000e+01
      vertex   3.462531e+01 4.077531e+01 2.304000e+01
    endloop
  endfacet
  facet normal 0.000000e+00 0.000000e+00 -1.000000e+00
    outer loop
      vertex   3.200000e+01 3.800000e+01 2.304000e+01
      vertex   3.360000e+01 3.830000e+01 2.304000e+01
      vertex   3.720000e+01 3.800000e+01 2.304000e+01
    endloop
  endfacet
  facet normal 0.000000e+00 0.000000e+00 -1.000000e+00
    outer loop
      vertex   3.720000e+01 3.800000e+01 2.304000e+01
      vertex   3.360000e+01 3.830000e+01 2.304000e+01
      vertex   3.397529e+01 3.834941e+01 2.304000e+01
    endloop
  endfacet
  facet normal 0.000000e+00 0.000000e+00 -1.000000e+00
    outer loop
      vertex   3.720000e+01 3.800000e+01 2.304000e+01
      vertex   3.397529e+01 3.834941e+01 2.304000e+01
      vertex   3.432500e+01 3.849426e+01 2.304000e+01
    endloop
  endfacet
  facet normal 0.000000e+00 0.000000e+00 -1.000000e+00
    outer loop
      vertex   3.500059e+01 3.937471e+01 2.304000e+01
      vertex   3.505000e+01 3.975000e+01 2.304000e+01
      vertex   3.720000e+01 3.800000e+01 2.304000e+01
    endloop
  endfacet
  facet normal 0.000000e+00 0.000000e+00 -1.000000e+00
    outer loop
      vertex   3.720000e+01 3.800000e+01 2.304000e+01
      vertex   3.505000e+01 3.975000e+01 2.304000e+01
      vertex   3.500059e+01 4.012529e+01 2.304000e+01
    endloop
  endfacet
  facet normal 0.000000e+00 0.000000e+00 -1.000000e+00
    outer loop
      vertex   3.462531e+01 4.077531e+01 2.304000e+01
      vertex   3.432500e+01 4.100574e+01 2.304000e+01
      vertex   3.720000e+01 4.350000e+01 2.304000e+01
    endloop
  endfacet
  facet normal 0.000000e+00 0.000000e+00 -1.000000e+00
    outer loop
      vertex   3.720000e+01 4.350000e+01 2.304000e+01
      vertex   3.432500e+01 4.100574e+01 2.304000e+01
      vertex   3.397529e+01 4.115059e+01 2.304000e+01
    endloop
  endfacet
  facet normal -0.000000e+00 0.000000e+00 -1.000000e+00
    outer loop
      vertex   3.322471e+01 4.115059e+01 2.304000e+01
      vertex   3.287500e+01 4.100574e+01 2.304000e+01
      vertex   3.200000e+01 4.350000e+01 2.304000e+01
    endloop
  endfacet
  facet normal 0.000000e+00 0.000000e+00 -1.000000e+00
    outer loop
      vertex   3.200000e+01 4.350000e+01 2.304000e+01
      vertex   3.287500e+01 4.100574e+01 2.304000e+01
      vertex   3.257470e+01 4.077531e+01 2.304000e+01
    endloop
  endfacet
  facet normal 0.000000e+00 0.000000e+00 -1.000000e+00
    outer loop
      vertex   3.200000e+01 4.350000e+01 2.304000e+01
      vertex   3.257470e+01 4.077531e+01 2.304000e+01
      vertex   3.234426e+01 4.047500e+01 2.304000e+01
    endloop
  endfacet
  facet normal -0.000000e+00 0.000000e+00 -1.000000e+00
    outer loop
      vertex   3.234426e+01 4.047500e+01 2.304000e+01
      vertex   3.219941e+01 4.012529e+01 2.304000e+01
      vertex   3.200000e+01 4.350000e+01 2.304000e+01
    endloop
  endfacet
  facet normal 0.000000e+00 0.000000e+00 -1.000000e+00
    outer loop
      vertex   3.200000e+01 4.350000e+01 2.304000e+01
      vertex   3.219941e+01 4.012529e+01 2.304000e+01
      vertex   3.215000e+01 3.975000e+01 2.304000e+01
    endloop
  endfacet
  facet normal 0.000000e+00 -0.000000e+00 -1.000000e+00
    outer loop
      vertex   3.234426e+01 3.902500e+01 2.304000e+01
      vertex   3.257470e+01 3.872470e+01 2.304000e+01
      vertex   3.200000e+01 3.800000e+01 2.304000e+01
    endloop
  endfacet
  facet normal 0.000000e+00 0.000000e+00 -1.000000e+00
    outer loop
      vertex   3.200000e+01 3.800000e+01 2.304000e+01
      vertex   3.257470e+01 3.872470e+01 2.304000e+01
      vertex   3.287500e+01 3.849426e+01 2.304000e+01
    endloop
  endfacet
  facet normal 0.000000e+00 0.000000e+00 -1.000000e+00
    outer loop
      vertex   3.200000e+01 3.800000e+01 2.304000e+01
      vertex   3.287500e+01 3.849426e+01 2.304000e+01
      vertex   3.322471e+01 3.834941e+01 2.304000e+01
    endloop
  endfacet
  facet normal 0.000000e+00 -0.000000e+00 -1.000000e+00
    outer loop
      vertex   3.322471e+01 3.834941e+01 2.304000e+01
      vertex   3.360000e+01 3.830000e+01 2.304000e+01
      vertex   3.200000e+01 3.800000e+01 2.304000e+01
    endloop
  endfacet
  facet normal 0.000000e+00 0.000000e+00 -1.000000e+00
    outer loop
      vertex   3.432500e+01 3.849426e+01 2.304000e+01
      vertex   3.462531e+01 3.872470e+01 2.304000e+01
      vertex   3.720000e+01 3.800000e+01 2.304000e+01
    endloop
  endfacet
  facet normal 0.000000e+00 0.000000e+00 -1.000000e+00
    outer loop
      vertex   3.720000e+01 3.800000e+01 2.304000e+01
      vertex   3.462531e+01 3.872470e+01 2.304000e+01
      vertex   3.485574e+01 3.902500e+01 2.304000e+01
    endloop
  endfacet
  facet normal 0.000000e+00 0.000000e+00 -1.000000e+00
    outer loop
      vertex   3.720000e+01 3.800000e+01 2.304000e+01
      vertex   3.485574e+01 3.902500e+01 2.304000e+01
      vertex   3.500059e+01 3.937471e+01 2.304000e+01
    endloop
  endfacet
  facet normal -9.914449e-01 1.305262e-01 0.000000e+00
    outer loop
      vertex   -3.219941e+01 3.937471e+01 2.304000e+01
      vertex   -3.219941e+01 3.937471e+01 3.104000e+01
      vertex   -3.215000e+01 3.975000e+01 2.304000e+01
    endloop
  endfacet
  facet normal -9.914449e-01 1.305262e-01 0.000000e+00
    outer loop
      vertex   -3.215000e+01 3.975000e+01 2.304000e+01
      vertex   -3.219941e+01 3.937471e+01 3.104000e+01
      vertex   -3.215000e+01 3.975000e+01 3.104000e+01
    endloop
  endfacet
  facet normal -9.914449e-01 -1.305262e-01 0.000000e+00
    outer loop
      vertex   -3.215000e+01 3.975000e+01 2.304000e+01
      vertex   -3.215000e+01 3.975000e+01 3.104000e+01
      vertex   -3.219941e+01 4.012529e+01 2.304000e+01
    endloop
  endfacet
  facet normal -9.914449e-01 -1.305262e-01 0.000000e+00
    outer loop
      vertex   -3.219941e+01 4.012529e+01 2.304000e+01
      vertex   -3.215000e+01 3.975000e+01 3.104000e+01
      vertex   -3.219941e+01 4.012529e+01 3.104000e+01
    endloop
  endfacet
  facet normal -9.238795e-01 -3.826834e-01 0.000000e+00
    outer loop
      vertex   -3.219941e+01 4.012529e+01 2.304000e+01
      vertex   -3.219941e+01 4.012529e+01 3.104000e+01
      vertex   -3.234426e+01 4.047500e+01 2.304000e+01
    endloop
  endfacet
  facet normal -9.238795e-01 -3.826834e-01 0.000000e+00
    outer loop
      vertex   -3.234426e+01 4.047500e+01 2.304000e+01
      vertex   -3.219941e+01 4.012529e+01 3.104000e+01
      vertex   -3.234426e+01 4.047500e+01 3.104000e+01
    endloop
  endfacet
  facet normal -7.933533e-01 -6.087614e-01 0.000000e+00
    outer loop
      vertex   -3.234426e+01 4.047500e+01 2.304000e+01
      vertex   -3.234426e+01 4.047500e+01 3.104000e+01
      vertex   -3.257470e+01 4.077531e+01 2.304000e+01
    endloop
  endfacet
  facet normal -7.933533e-01 -6.087614e-01 0.000000e+00
    outer loop
      vertex   -3.257470e+01 4.077531e+01 2.304000e+01
      vertex   -3.234426e+01 4.047500e+01 3.104000e+01
      vertex   -3.257470e+01 4.077531e+01 3.104000e+01
    endloop
  endfacet
  facet normal -6.087614e-01 -7.933533e-01 0.000000e+00
    outer loop
      vertex   -3.257470e+01 4.077531e+01 2.304000e+01
      vertex   -3.257470e+01 4.077531e+01 3.104000e+01
      vertex   -3.287500e+01 4.100574e+01 2.304000e+01
    endloop
  endfacet
  facet normal -6.087614e-01 -7.933533e-01 -5.406888e-16
    outer loop
      vertex   -3.287500e+01 4.100574e+01 2.304000e+01
      vertex   -3.257470e+01 4.077531e+01 3.104000e+01
      vertex   -3.287500e+01 4.100574e+01 3.104000e+01
    endloop
  endfacet
  facet normal -3.826834e-01 -9.238795e-01 -3.398912e-16
    outer loop
      vertex   -3.287500e+01 4.100574e+01 2.304000e+01
      vertex   -3.287500e+01 4.100574e+01 3.104000e+01
      vertex   -3.322471e+01 4.115059e+01 2.304000e+01
    endloop
  endfacet
  facet normal -3.826834e-01 -9.238795e-01 0.000000e+00
    outer loop
      vertex   -3.322471e+01 4.115059e+01 2.304000e+01
      vertex   -3.287500e+01 4.100574e+01 3.104000e+01
      vertex   -3.322471e+01 4.115059e+01 3.104000e+01
    endloop
  endfacet
  facet normal -1.305262e-01 -9.914449e-01 0.000000e+00
    outer loop
      vertex   -3.322471e+01 4.115059e+01 2.304000e+01
      vertex   -3.322471e+01 4.115059e+01 3.104000e+01
      vertex   -3.360000e+01 4.120000e+01 2.304000e+01
    endloop
  endfacet
  facet normal -1.305262e-01 -9.914449e-01 0.000000e+00
    outer loop
      vertex   -3.360000e+01 4.120000e+01 2.304000e+01
      vertex   -3.322471e+01 4.115059e+01 3.104000e+01
      vertex   -3.360000e+01 4.120000e+01 3.104000e+01
    endloop
  endfacet
  facet normal 1.305262e-01 -9.914449e-01 0.000000e+00
    outer loop
      vertex   -3.360000e+01 4.120000e+01 2.304000e+01
      vertex   -3.360000e+01 4.120000e+01 3.104000e+01
      vertex   -3.397529e+01 4.115059e+01 2.304000e+01
    endloop
  endfacet
  facet normal 1.305262e-01 -9.914449e-01 0.000000e+00
    outer loop
      vertex   -3.397529e+01 4.115059e+01 2.304000e+01
      vertex   -3.360000e+01 4.120000e+01 3.104000e+01
      vertex   -3.397529e+01 4.115059e+01 3.104000e+01
    endloop
  endfacet
  facet normal 3.826834e-01 -9.238795e-01 0.000000e+00
    outer loop
      vertex   -3.397529e+01 4.115059e+01 2.304000e+01
      vertex   -3.397529e+01 4.115059e+01 3.104000e+01
      vertex   -3.432500e+01 4.100574e+01 2.304000e+01
    endloop
  endfacet
  facet normal 3.826834e-01 -9.238795e-01 3.398912e-16
    outer loop
      vertex   -3.432500e+01 4.100574e+01 2.304000e+01
      vertex   -3.397529e+01 4.115059e+01 3.104000e+01
      vertex   -3.432500e+01 4.100574e+01 3.104000e+01
    endloop
  endfacet
  facet normal 6.087614e-01 -7.933533e-01 5.406888e-16
    outer loop
      vertex   -3.432500e+01 4.100574e+01 2.304000e+01
      vertex   -3.432500e+01 4.100574e+01 3.104000e+01
      vertex   -3.462531e+01 4.077531e+01 2.304000e+01
    endloop
  endfacet
  facet normal 6.087614e-01 -7.933533e-01 0.000000e+00
    outer loop
      vertex   -3.462531e+01 4.077531e+01 2.304000e+01
      vertex   -3.432500e+01 4.100574e+01 3.104000e+01
      vertex   -3.462531e+01 4.077531e+01 3.104000e+01
    endloop
  endfacet
  facet normal 7.933533e-01 -6.087614e-01 0.000000e+00
    outer loop
      vertex   -3.462531e+01 4.077531e+01 2.304000e+01
      vertex   -3.462531e+01 4.077531e+01 3.104000e+01
      vertex   -3.485574e+01 4.047500e+01 2.304000e+01
    endloop
  endfacet
  facet normal 7.933533e-01 -6.087614e-01 0.000000e+00
    outer loop
      vertex   -3.485574e+01 4.047500e+01 2.304000e+01
      vertex   -3.462531e+01 4.077531e+01 3.104000e+01
      vertex   -3.485574e+01 4.047500e+01 3.104000e+01
    endloop
  endfacet
  facet normal 9.238795e-01 -3.826834e-01 0.000000e+00
    outer loop
      vertex   -3.485574e+01 4.047500e+01 2.304000e+01
      vertex   -3.485574e+01 4.047500e+01 3.104000e+01
      vertex   -3.500059e+01 4.012529e+01 2.304000e+01
    endloop
  endfacet
  facet normal 9.238795e-01 -3.826834e-01 8.205699e-16
    outer loop
      vertex   -3.500059e+01 4.012529e+01 2.304000e+01
      vertex   -3.485574e+01 4.047500e+01 3.104000e+01
      vertex   -3.500059e+01 4.012529e+01 3.104000e+01
    endloop
  endfacet
  facet normal 9.914449e-01 -1.305262e-01 8.805799e-16
    outer loop
      vertex   -3.500059e+01 4.012529e+01 2.304000e+01
      vertex   -3.500059e+01 4.012529e+01 3.104000e+01
      vertex   -3.505000e+01 3.975000e+01 2.304000e+01
    endloop
  endfacet
  facet normal 9.914449e-01 -1.305262e-01 0.000000e+00
    outer loop
      vertex   -3.505000e+01 3.975000e+01 2.304000e+01
      vertex   -3.500059e+01 4.012529e+01 3.104000e+01
      vertex   -3.505000e+01 3.975000e+01 3.104000e+01
    endloop
  endfacet
  facet normal 9.914449e-01 1.305262e-01 -0.000000e+00
    outer loop
      vertex   -3.505000e+01 3.975000e+01 2.304000e+01
      vertex   -3.505000e+01 3.975000e+01 3.104000e+01
      vertex   -3.500059e+01 3.937471e+01 2.304000e+01
    endloop
  endfacet
  facet normal 9.914449e-01 1.305262e-01 -8.805799e-16
    outer loop
      vertex   -3.500059e+01 3.937471e+01 2.304000e+01
      vertex   -3.505000e+01 3.975000e+01 3.104000e+01
      vertex   -3.500059e+01 3.937471e+01 3.104000e+01
    endloop
  endfacet
  facet normal 9.238795e-01 3.826834e-01 -8.205699e-16
    outer loop
      vertex   -3.500059e+01 3.937471e+01 2.304000e+01
      vertex   -3.500059e+01 3.937471e+01 3.104000e+01
      vertex   -3.485574e+01 3.902500e+01 2.304000e+01
    endloop
  endfacet
  facet normal 9.238795e-01 3.826834e-01 3.398912e-16
    outer loop
      vertex   -3.485574e+01 3.902500e+01 2.304000e+01
      vertex   -3.500059e+01 3.937471e+01 3.104000e+01
      vertex   -3.485574e+01 3.902500e+01 3.104000e+01
    endloop
  endfacet
  facet normal 7.933533e-01 6.087614e-01 5.406888e-16
    outer loop
      vertex   -3.485574e+01 3.902500e+01 2.304000e+01
      vertex   -3.485574e+01 3.902500e+01 3.104000e+01
      vertex   -3.462531e+01 3.872470e+01 2.304000e+01
    endloop
  endfacet
  facet normal 7.933533e-01 6.087614e-01 -0.000000e+00
    outer loop
      vertex   -3.462531e+01 3.872470e+01 2.304000e+01
      vertex   -3.485574e+01 3.902500e+01 3.104000e+01
      vertex   -3.462531e+01 3.872470e+01 3.104000e+01
    endloop
  endfacet
  facet normal 6.087614e-01 7.933533e-01 -0.000000e+00
    outer loop
      vertex   -3.462531e+01 3.872470e+01 2.304000e+01
      vertex   -3.462531e+01 3.872470e+01 3.104000e+01
      vertex   -3.432500e+01 3.849426e+01 2.304000e+01
    endloop
  endfacet
  facet normal 6.087614e-01 7.933533e-01 -5.406888e-16
    outer loop
      vertex   -3.432500e+01 3.849426e+01 2.304000e+01
      vertex   -3.462531e+01 3.872470e+01 3.104000e+01
      vertex   -3.432500e+01 3.849426e+01 3.104000e+01
    endloop
  endfacet
  facet normal 3.826834e-01 9.238795e-01 -3.398912e-16
    outer loop
      vertex   -3.432500e+01 3.849426e+01 2.304000e+01
      vertex   -3.432500e+01 3.849426e+01 3.104000e+01
      vertex   -3.397529e+01 3.834941e+01 2.304000e+01
    endloop
  endfacet
  facet normal 3.826834e-01 9.238795e-01 8.205699e-16
    outer loop
      vertex   -3.397529e+01 3.834941e+01 2.304000e+01
      vertex   -3.432500e+01 3.849426e+01 3.104000e+01
      vertex   -3.397529e+01 3.834941e+01 3.104000e+01
    endloop
  endfacet
  facet normal 1.305262e-01 9.914449e-01 8.805799e-16
    outer loop
      vertex   -3.397529e+01 3.834941e+01 2.304000e+01
      vertex   -3.397529e+01 3.834941e+01 3.104000e+01
      vertex   -3.360000e+01 3.830000e+01 2.304000e+01
    endloop
  endfacet
  facet normal 1.305262e-01 9.914449e-01 -0.000000e+00
    outer loop
      vertex   -3.360000e+01 3.830000e+01 2.304000e+01
      vertex   -3.397529e+01 3.834941e+01 3.104000e+01
      vertex   -3.360000e+01 3.830000e+01 3.104000e+01
    endloop
  endfacet
  facet normal -1.305262e-01 9.914449e-01 0.000000e+00
    outer loop
      vertex   -3.360000e+01 3.830000e+01 2.304000e+01
      vertex   -3.360000e+01 3.830000e+01 3.104000e+01
      vertex   -3.322471e+01 3.834941e+01 2.304000e+01
    endloop
  endfacet
  facet normal -1.305262e-01 9.914449e-01 0.000000e+00
    outer loop
      vertex   -3.322471e+01 3.834941e+01 2.304000e+01
      vertex   -3.360000e+01 3.830000e+01 3.104000e+01
      vertex   -3.322471e+01 3.834941e+01 3.104000e+01
    endloop
  endfacet
  facet normal -3.826834e-01 9.238795e-01 0.000000e+00
    outer loop
      vertex   -3.322471e+01 3.834941e+01 2.304000e+01
      vertex   -3.322471e+01 3.834941e+01 3.104000e+01
      vertex   -3.287500e+01 3.849426e+01 2.304000e+01
    endloop
  endfacet
  facet normal -3.826834e-01 9.238795e-01 3.398912e-16
    outer loop
      vertex   -3.287500e+01 3.849426e+01 2.304000e+01
      vertex   -3.322471e+01 3.834941e+01 3.104000e+01
      vertex   -3.287500e+01 3.849426e+01 3.104000e+01
    endloop
  endfacet
  facet normal -6.087614e-01 7.933533e-01 5.406888e-16
    outer loop
      vertex   -3.287500e+01 3.849426e+01 2.304000e+01
      vertex   -3.287500e+01 3.849426e+01 3.104000e+01
      vertex   -3.257470e+01 3.872470e+01 2.304000e+01
    endloop
  endfacet
  facet normal -6.087614e-01 7.933533e-01 0.000000e+00
    outer loop
      vertex   -3.257470e+01 3.872470e+01 2.304000e+01
      vertex   -3.287500e+01 3.849426e+01 3.104000e+01
      vertex   -3.257470e+01 3.872470e+01 3.104000e+01
    endloop
  endfacet
  facet normal -7.933533e-01 6.087614e-01 0.000000e+00
    outer loop
      vertex   -3.257470e+01 3.872470e+01 2.304000e+01
      vertex   -3.257470e+01 3.872470e+01 3.104000e+01
      vertex   -3.234426e+01 3.902500e+01 2.304000e+01
    endloop
  endfacet
  facet normal -7.933533e-01 6.087614e-01 -5.406888e-16
    outer loop
      vertex   -3.234426e+01 3.902500e+01 2.304000e+01
      vertex   -3.257470e+01 3.872470e+01 3.104000e+01
      vertex   -3.234426e+01 3.902500e+01 3.104000e+01
    endloop
  endfacet
  facet normal -9.238795e-01 3.826834e-01 -3.398912e-16
    outer loop
      vertex   -3.234426e+01 3.902500e+01 2.304000e+01
      vertex   -3.234426e+01 3.902500e+01 3.104000e+01
      vertex   -3.219941e+01 3.937471e+01 2.304000e+01
    endloop
  endfacet
  facet normal -9.238795e-01 3.826834e-01 0.000000e+00
    outer loop
      vertex   -3.219941e+01 3.937471e+01 2.304000e+01
      vertex   -3.234426e+01 3.902500e+01 3.104000e+01
      vertex   -3.219941e+01 3.937471e+01 3.104000e+01
    endloop
  endfacet
  facet normal 0.000000e+00 0.000000e+00 -1.000000e+00
    outer loop
      vertex   -3.720000e+01 3.800000e+01 2.304000e+01
      vertex   -3.360000e+01 3.830000e+01 2.304000e+01
      vertex   -3.200000e+01 3.800000e+01 2.304000e+01
    endloop
  endfacet
  facet normal 0.000000e+00 0.000000e+00 -1.000000e+00
    outer loop
      vertex   -3.200000e+01 3.800000e+01 2.304000e+01
      vertex   -3.360000e+01 3.830000e+01 2.304000e+01
      vertex   -3.322471e+01 3.834941e+01 2.304000e+01
    endloop
  endfacet
  facet normal 0.000000e+00 0.000000e+00 -1.000000e+00
    outer loop
      vertex   -3.200000e+01 3.800000e+01 2.304000e+01
      vertex   -3.322471e+01 3.834941e+01 2.304000e+01
      vertex   -3.287500e+01 3.849426e+01 2.304000e+01
    endloop
  endfacet
  facet normal 0.000000e+00 0.000000e+00 -1.000000e+00
    outer loop
      vertex   -3.720000e+01 4.350000e+01 2.304000e+01
      vertex   -3.500059e+01 4.012529e+01 2.304000e+01
      vertex   -3.720000e+01 3.800000e+01 2.304000e+01
    endloop
  endfacet
  facet normal 0.000000e+00 0.000000e+00 -1.000000e+00
    outer loop
      vertex   -3.720000e+01 3.800000e+01 2.304000e+01
      vertex   -3.500059e+01 4.012529e+01 2.304000e+01
      vertex   -3.505000e+01 3.975000e+01 2.304000e+01
    endloop
  endfacet
  facet normal 0.000000e+00 0.000000e+00 -1.000000e+00
    outer loop
      vertex   -3.720000e+01 3.800000e+01 2.304000e+01
      vertex   -3.505000e+01 3.975000e+01 2.304000e+01
      vertex   -3.500059e+01 3.937471e+01 2.304000e+01
    endloop
  endfacet
  facet normal -0.000000e+00 0.000000e+00 -1.000000e+00
    outer loop
      vertex   -3.200000e+01 4.350000e+01 2.304000e+01
      vertex   -3.397529e+01 4.115059e+01 2.304000e+01
      vertex   -3.720000e+01 4.350000e+01 2.304000e+01
    endloop
  endfacet
  facet normal 0.000000e+00 0.000000e+00 -1.000000e+00
    outer loop
      vertex   -3.720000e+01 4.350000e+01 2.304000e+01
      vertex   -3.397529e+01 4.115059e+01 2.304000e+01
      vertex   -3.432500e+01 4.100574e+01 2.304000e+01
    endloop
  endfacet
  facet normal 0.000000e+00 0.000000e+00 -1.000000e+00
    outer loop
      vertex   -3.720000e+01 4.350000e+01 2.304000e+01
      vertex   -3.432500e+01 4.100574e+01 2.304000e+01
      vertex   -3.462531e+01 4.077531e+01 2.304000e+01
    endloop
  endfacet
  facet normal 0.000000e+00 0.000000e+00 -1.000000e+00
    outer loop
      vertex   -3.200000e+01 3.800000e+01 2.304000e+01
      vertex   -3.215000e+01 3.975000e+01 2.304000e+01
      vertex   -3.200000e+01 4.350000e+01 2.304000e+01
    endloop
  endfacet
  facet normal 0.000000e+00 0.000000e+00 -1.000000e+00
    outer loop
      vertex   -3.200000e+01 4.350000e+01 2.304000e+01
      vertex   -3.215000e+01 3.975000e+01 2.304000e+01
      vertex   -3.219941e+01 4.012529e+01 2.304000e+01
    endloop
  endfacet
  facet normal 0.000000e+00 0.000000e+00 -1.000000e+00
    outer loop
      vertex   -3.200000e+01 4.350000e+01 2.304000e+01
      vertex   -3.219941e+01 4.012529e+01 2.304000e+01
      vertex   -3.234426e+01 4.047500e+01 2.304000e+01
    endloop
  endfacet
  facet normal 0.000000e+00 0.000000e+00 -1.000000e+00
    outer loop
      vertex   -3.234426e+01 4.047500e+01 2.304000e+01
      vertex   -3.257470e+01 4.077531e+01 2.304000e+01
      vertex   -3.200000e+01 4.350000e+01 2.304000e+01
    endloop
  endfacet
  facet normal 0.000000e+00 0.000000e+00 -1.000000e+00
    outer loop
      vertex   -3.200000e+01 4.350000e+01 2.304000e+01
      vertex   -3.257470e+01 4.077531e+01 2.304000e+01
      vertex   -3.287500e+01 4.100574e+01 2.304000e+01
    endloop
  endfacet
  facet normal 0.000000e+00 0.000000e+00 -1.000000e+00
    outer loop
      vertex   -3.200000e+01 4.350000e+01 2.304000e+01
      vertex   -3.287500e+01 4.100574e+01 2.304000e+01
      vertex   -3.322471e+01 4.115059e+01 2.304000e+01
    endloop
  endfacet
  facet normal 0.000000e+00 0.000000e+00 -1.000000e+00
    outer loop
      vertex   -3.322471e+01 4.115059e+01 2.304000e+01
      vertex   -3.360000e+01 4.120000e+01 2.304000e+01
      vertex   -3.200000e+01 4.350000e+01 2.304000e+01
    endloop
  endfacet
  facet normal 0.000000e+00 0.000000e+00 -1.000000e+00
    outer loop
      vertex   -3.200000e+01 4.350000e+01 2.304000e+01
      vertex   -3.360000e+01 4.120000e+01 2.304000e+01
      vertex   -3.397529e+01 4.115059e+01 2.304000e+01
    endloop
  endfacet
  facet normal -0.000000e+00 0.000000e+00 -1.000000e+00
    outer loop
      vertex   -3.462531e+01 4.077531e+01 2.304000e+01
      vertex   -3.485574e+01 4.047500e+01 2.304000e+01
      vertex   -3.720000e+01 4.350000e+01 2.304000e+01
    endloop
  endfacet
  facet normal 0.000000e+00 0.000000e+00 -1.000000e+00
    outer loop
      vertex   -3.720000e+01 4.350000e+01 2.304000e+01
      vertex   -3.485574e+01 4.047500e+01 2.304000e+01
      vertex   -3.500059e+01 4.012529e+01 2.304000e+01
    endloop
  endfacet
  facet normal 0.000000e+00 -0.000000e+00 -1.000000e+00
    outer loop
      vertex   -3.500059e+01 3.937471e+01 2.304000e+01
      vertex   -3.485574e+01 3.902500e+01 2.304000e+01
      vertex   -3.720000e+01 3.800000e+01 2.304000e+01
    endloop
  endfacet
  facet normal 0.000000e+00 0.000000e+00 -1.000000e+00
    outer loop
      vertex   -3.720000e+01 3.800000e+01 2.304000e+01
      vertex   -3.485574e+01 3.902500e+01 2.304000e+01
      vertex   -3.462531e+01 3.872470e+01 2.304000e+01
    endloop
  endfacet
  facet normal 0.000000e+00 0.000000e+00 -1.000000e+00
    outer loop
      vertex   -3.720000e+01 3.800000e+01 2.304000e+01
      vertex   -3.462531e+01 3.872470e+01 2.304000e+01
      vertex   -3.432500e+01 3.849426e+01 2.304000e+01
    endloop
  endfacet
  facet normal 0.000000e+00 -0.000000e+00 -1.000000e+00
    outer loop
      vertex   -3.432500e+01 3.849426e+01 2.304000e+01
      vertex   -3.397529e+01 3.834941e+01 2.304000e+01
      vertex   -3.720000e+01 3.800000e+01 2.304000e+01
    endloop
  endfacet
  facet normal 0.000000e+00 0.000000e+00 -1.000000e+00
    outer loop
      vertex   -3.720000e+01 3.800000e+01 2.304000e+01
      vertex   -3.397529e+01 3.834941e+01 2.304000e+01
      vertex   -3.360000e+01 3.830000e+01 2.304000e+01
    endloop
  endfacet
  facet normal 0.000000e+00 0.000000e+00 -1.000000e+00
    outer loop
      vertex   -3.287500e+01 3.849426e+01 2.304000e+01
      vertex   -3.257470e+01 3.872470e+01 2.304000e+01
      vertex   -3.200000e+01 3.800000e+01 2.304000e+01
    endloop
  endfacet
  facet normal 0.000000e+00 0.000000e+00 -1.000000e+00
    outer loop
      vertex   -3.200000e+01 3.800000e+01 2.304000e+01
      vertex   -3.257470e+01 3.872470e+01 2.304000e+01
      vertex   -3.234426e+01 3.902500e+01 2.304000e+01
    endloop
  endfacet
  facet normal 0.000000e+00 0.000000e+00 -1.000000e+00
    outer loop
      vertex   -3.200000e+01 3.800000e+01 2.304000e+01
      vertex   -3.234426e+01 3.902500e+01 2.304000e+01
      vertex   -3.219941e+01 3.937471e+01 2.304000e+01
    endloop
  endfacet
  facet normal 0.000000e+00 0.000000e+00 -1.000000e+00
    outer loop
      vertex   -3.219941e+01 3.937471e+01 2.304000e+01
      vertex   -3.215000e+01 3.975000e+01 2.304000e+01
      vertex   -3.200000e+01 3.800000e+01 2.304000e+01
    endloop
  endfacet
  facet normal -9.914449e-01 1.305262e-01 -1.159305e-16
    outer loop
      vertex   -3.219941e+01 -2.182529e+01 2.304000e+01
      vertex   -3.219941e+01 -2.182529e+01 3.104000e+01
      vertex   -3.215000e+01 -2.145000e+01 2.304000e+01
    endloop
  endfacet
  facet normal -9.914449e-01 1.305262e-01 0.000000e+00
    outer loop
      vertex   -3.215000e+01 -2.145000e+01 2.304000e+01
      vertex   -3.219941e+01 -2.182529e+01 3.104000e+01
      vertex   -3.215000e+01 -2.145000e+01 3.104000e+01
    endloop
  endfacet
  facet normal -9.914449e-01 -1.305262e-01 0.000000e+00
    outer loop
      vertex   -3.215000e+01 -2.145000e+01 2.304000e+01
      vertex   -3.215000e+01 -2.145000e+01 3.104000e+01
      vertex   -3.219941e+01 -2.107471e+01 2.304000e+01
    endloop
  endfacet
  facet normal -9.914449e-01 -1.305262e-01 5.796527e-17
    outer loop
      vertex   -3.219941e+01 -2.107471e+01 2.304000e+01
      vertex   -3.215000e+01 -2.145000e+01 3.104000e+01
      vertex   -3.219941e+01 -2.107471e+01 3.104000e+01
    endloop
  endfacet
  facet normal -9.238795e-01 -3.826834e-01 1.699456e-16
    outer loop
      vertex   -3.219941e+01 -2.107471e+01 2.304000e+01
      vertex   -3.219941e+01 -2.107471e+01 3.104000e+01
      vertex   -3.234426e+01 -2.072500e+01 2.304000e+01
    endloop
  endfacet
  facet normal -9.238795e-01 -3.826834e-01 3.398912e-16
    outer loop
      vertex   -3.234426e+01 -2.072500e+01 2.304000e+01
      vertex   -3.219941e+01 -2.107471e+01 3.104000e+01
      vertex   -3.234426e+01 -2.072500e+01 3.104000e+01
    endloop
  endfacet
  facet normal -7.933533e-01 -6.087614e-01 5.406888e-16
    outer loop
      vertex   -3.234426e+01 -2.072500e+01 2.304000e+01
      vertex   -3.234426e+01 -2.072500e+01 3.104000e+01
      vertex   -3.257470e+01 -2.042470e+01 2.304000e+01
    endloop
  endfacet
  facet normal -7.933533e-01 -6.087614e-01 0.000000e+00
    outer loop
      vertex   -3.257470e+01 -2.042470e+01 2.304000e+01
      vertex   -3.234426e+01 -2.072500e+01 3.104000e+01
      vertex   -3.257470e+01 -2.042470e+01 3.104000e+01
    endloop
  endfacet
  facet normal -6.087614e-01 -7.933533e-01 0.000000e+00
    outer loop
      vertex   -3.257470e+01 -2.042470e+01 2.304000e+01
      vertex   -3.257470e+01 -2.042470e+01 3.104000e+01
      vertex   -3.287500e+01 -2.019426e+01 2.304000e+01
    endloop
  endfacet
  facet normal -6.087614e-01 -7.933533e-01 -5.406888e-16
    outer loop
      vertex   -3.287500e+01 -2.019426e+01 2.304000e+01
      vertex   -3.257470e+01 -2.042470e+01 3.104000e+01
      vertex   -3.287500e+01 -2.019426e+01 3.104000e+01
    endloop
  endfacet
  facet normal -3.826834e-01 -9.238795e-01 -3.398912e-16
    outer loop
      vertex   -3.287500e+01 -2.019426e+01 2.304000e+01
      vertex   -3.287500e+01 -2.019426e+01 3.104000e+01
      vertex   -3.322471e+01 -2.004941e+01 2.304000e+01
    endloop
  endfacet
  facet normal -3.826834e-01 -9.238795e-01 0.000000e+00
    outer loop
      vertex   -3.322471e+01 -2.004941e+01 2.304000e+01
      vertex   -3.287500e+01 -2.019426e+01 3.104000e+01
      vertex   -3.322471e+01 -2.004941e+01 3.104000e+01
    endloop
  endfacet
  facet normal -1.305262e-01 -9.914449e-01 0.000000e+00
    outer loop
      vertex   -3.322471e+01 -2.004941e+01 2.304000e+01
      vertex   -3.322471e+01 -2.004941e+01 3.104000e+01
      vertex   -3.360000e+01 -2.000000e+01 2.304000e+01
    endloop
  endfacet
  facet normal -1.305262e-01 -9.914449e-01 0.000000e+00
    outer loop
      vertex   -3.360000e+01 -2.000000e+01 2.304000e+01
      vertex   -3.322471e+01 -2.004941e+01 3.104000e+01
      vertex   -3.360000e+01 -2.000000e+01 3.104000e+01
    endloop
  endfacet
  facet normal 1.305262e-01 -9.914449e-01 0.000000e+00
    outer loop
      vertex   -3.360000e+01 -2.000000e+01 2.304000e+01
      vertex   -3.360000e+01 -2.000000e+01 3.104000e+01
      vertex   -3.397529e+01 -2.004941e+01 2.304000e+01
    endloop
  endfacet
  facet normal 1.305262e-01 -9.914449e-01 -4.402900e-16
    outer loop
      vertex   -3.397529e+01 -2.004941e+01 2.304000e+01
      vertex   -3.360000e+01 -2.000000e+01 3.104000e+01
      vertex   -3.397529e+01 -2.004941e+01 3.104000e+01
    endloop
  endfacet
  facet normal 3.826834e-01 -9.238795e-01 -4.102849e-16
    outer loop
      vertex   -3.397529e+01 -2.004941e+01 2.304000e+01
      vertex   -3.397529e+01 -2.004941e+01 3.104000e+01
      vertex   -3.432500e+01 -2.019426e+01 2.304000e+01
    endloop
  endfacet
  facet normal 3.826834e-01 -9.238795e-01 3.398912e-16
    outer loop
      vertex   -3.432500e+01 -2.019426e+01 2.304000e+01
      vertex   -3.397529e+01 -2.004941e+01 3.104000e+01
      vertex   -3.432500e+01 -2.019426e+01 3.104000e+01
    endloop
  endfacet
  facet normal 6.087614e-01 -7.933533e-01 5.406888e-16
    outer loop
      vertex   -3.432500e+01 -2.019426e+01 2.304000e+01
      vertex   -3.432500e+01 -2.019426e+01 3.104000e+01
      vertex   -3.462531e+01 -2.042470e+01 2.304000e+01
    endloop
  endfacet
  facet normal 6.087614e-01 -7.933533e-01 0.000000e+00
    outer loop
      vertex   -3.462531e+01 -2.042470e+01 2.304000e+01
      vertex   -3.432500e+01 -2.019426e+01 3.104000e+01
      vertex   -3.462531e+01 -2.042470e+01 3.104000e+01
    endloop
  endfacet
  facet normal 7.933533e-01 -6.087614e-01 0.000000e+00
    outer loop
      vertex   -3.462531e+01 -2.042470e+01 2.304000e+01
      vertex   -3.462531e+01 -2.042470e+01 3.104000e+01
      vertex   -3.485574e+01 -2.072500e+01 2.304000e+01
    endloop
  endfacet
  facet normal 7.933533e-01 -6.087614e-01 -5.406888e-16
    outer loop
      vertex   -3.485574e+01 -2.072500e+01 2.304000e+01
      vertex   -3.462531e+01 -2.042470e+01 3.104000e+01
      vertex   -3.485574e+01 -2.072500e+01 3.104000e+01
    endloop
  endfacet
  facet normal 9.238795e-01 -3.826834e-01 -3.398912e-16
    outer loop
      vertex   -3.485574e+01 -2.072500e+01 2.304000e+01
      vertex   -3.485574e+01 -2.072500e+01 3.104000e+01
      vertex   -3.500059e+01 -2.107471e+01 2.304000e+01
    endloop
  endfacet
  facet normal 9.238795e-01 -3.826834e-01 8.205699e-16
    outer loop
      vertex   -3.500059e+01 -2.107471e+01 2.304000e+01
      vertex   -3.485574e+01 -2.072500e+01 3.104000e+01
      vertex   -3.500059e+01 -2.107471e+01 3.104000e+01
    endloop
  endfacet
  facet normal 9.914449e-01 -1.305262e-01 8.805799e-16
    outer loop
      vertex   -3.500059e+01 -2.107471e+01 2.304000e+01
      vertex   -3.500059e+01 -2.107471e+01 3.104000e+01
      vertex   -3.505000e+01 -2.145000e+01 2.304000e+01
    endloop
  endfacet
  facet normal 9.914449e-01 -1.305262e-01 0.000000e+00
    outer loop
      vertex   -3.505000e+01 -2.145000e+01 2.304000e+01
      vertex   -3.500059e+01 -2.107471e+01 3.104000e+01
      vertex   -3.505000e+01 -2.145000e+01 3.104000e+01
    endloop
  endfacet
  facet normal 9.914449e-01 1.305262e-01 -0.000000e+00
    outer loop
      vertex   -3.505000e+01 -2.145000e+01 2.304000e+01
      vertex   -3.505000e+01 -2.145000e+01 3.104000e+01
      vertex   -3.500059e+01 -2.182529e+01 2.304000e+01
    endloop
  endfacet
  facet normal 9.914449e-01 1.305262e-01 -8.805799e-16
    outer loop
      vertex   -3.500059e+01 -2.182529e+01 2.304000e+01
      vertex   -3.505000e+01 -2.145000e+01 3.104000e+01
      vertex   -3.500059e+01 -2.182529e+01 3.104000e+01
    endloop
  endfacet
  facet normal 9.238795e-01 3.826834e-01 -8.205699e-16
    outer loop
      vertex   -3.500059e+01 -2.182529e+01 2.304000e+01
      vertex   -3.500059e+01 -2.182529e+01 3.104000e+01
      vertex   -3.485574e+01 -2.217500e+01 2.304000e+01
    endloop
  endfacet
  facet normal 9.238795e-01 3.826834e-01 1.699456e-16
    outer loop
      vertex   -3.485574e+01 -2.217500e+01 2.304000e+01
      vertex   -3.500059e+01 -2.182529e+01 3.104000e+01
      vertex   -3.485574e+01 -2.217500e+01 3.104000e+01
    endloop
  endfacet
  facet normal 7.933533e-01 6.087614e-01 2.703444e-16
    outer loop
      vertex   -3.485574e+01 -2.217500e+01 2.304000e+01
      vertex   -3.485574e+01 -2.217500e+01 3.104000e+01
      vertex   -3.462531e+01 -2.247531e+01 2.304000e+01
    endloop
  endfacet
  facet normal 7.933533e-01 6.087614e-01 -0.000000e+00
    outer loop
      vertex   -3.462531e+01 -2.247531e+01 2.304000e+01
      vertex   -3.485574e+01 -2.217500e+01 3.104000e+01
      vertex   -3.462531e+01 -2.247531e+01 3.104000e+01
    endloop
  endfacet
  facet normal 6.087614e-01 7.933533e-01 -0.000000e+00
    outer loop
      vertex   -3.462531e+01 -2.247531e+01 2.304000e+01
      vertex   -3.462531e+01 -2.247531e+01 3.104000e+01
      vertex   -3.432500e+01 -2.270574e+01 2.304000e+01
    endloop
  endfacet
  facet normal 6.087614e-01 7.933533e-01 -5.406888e-16
    outer loop
      vertex   -3.432500e+01 -2.270574e+01 2.304000e+01
      vertex   -3.462531e+01 -2.247531e+01 3.104000e+01
      vertex   -3.432500e+01 -2.270574e+01 3.104000e+01
    endloop
  endfacet
  facet normal 3.826834e-01 9.238795e-01 -3.398912e-16
    outer loop
      vertex   -3.432500e+01 -2.270574e+01 2.304000e+01
      vertex   -3.432500e+01 -2.270574e+01 3.104000e+01
      vertex   -3.397529e+01 -2.285059e+01 2.304000e+01
    endloop
  endfacet
  facet normal 3.826834e-01 9.238795e-01 4.102849e-16
    outer loop
      vertex   -3.397529e+01 -2.285059e+01 2.304000e+01
      vertex   -3.432500e+01 -2.270574e+01 3.104000e+01
      vertex   -3.397529e+01 -2.285059e+01 3.104000e+01
    endloop
  endfacet
  facet normal 1.305262e-01 9.914449e-01 4.402900e-16
    outer loop
      vertex   -3.397529e+01 -2.285059e+01 2.304000e+01
      vertex   -3.397529e+01 -2.285059e+01 3.104000e+01
      vertex   -3.360000e+01 -2.290000e+01 2.304000e+01
    endloop
  endfacet
  facet normal 1.305262e-01 9.914449e-01 -0.000000e+00
    outer loop
      vertex   -3.360000e+01 -2.290000e+01 2.304000e+01
      vertex   -3.397529e+01 -2.285059e+01 3.104000e+01
      vertex   -3.360000e+01 -2.290000e+01 3.104000e+01
    endloop
  endfacet
  facet normal -1.305262e-01 9.914449e-01 0.000000e+00
    outer loop
      vertex   -3.360000e+01 -2.290000e+01 2.304000e+01
      vertex   -3.360000e+01 -2.290000e+01 3.104000e+01
      vertex   -3.322471e+01 -2.285059e+01 2.304000e+01
    endloop
  endfacet
  facet normal -1.305262e-01 9.914449e-01 0.000000e+00
    outer loop
      vertex   -3.322471e+01 -2.285059e+01 2.304000e+01
      vertex   -3.360000e+01 -2.290000e+01 3.104000e+01
      vertex   -3.322471e+01 -2.285059e+01 3.104000e+01
    endloop
  endfacet
  facet normal -3.826834e-01 9.238795e-01 0.000000e+00
    outer loop
      vertex   -3.322471e+01 -2.285059e+01 2.304000e+01
      vertex   -3.322471e+01 -2.285059e+01 3.104000e+01
      vertex   -3.287500e+01 -2.270574e+01 2.304000e+01
    endloop
  endfacet
  facet normal -3.826834e-01 9.238795e-01 3.398912e-16
    outer loop
      vertex   -3.287500e+01 -2.270574e+01 2.304000e+01
      vertex   -3.322471e+01 -2.285059e+01 3.104000e+01
      vertex   -3.287500e+01 -2.270574e+01 3.104000e+01
    endloop
  endfacet
  facet normal -6.087614e-01 7.933533e-01 5.406888e-16
    outer loop
      vertex   -3.287500e+01 -2.270574e+01 2.304000e+01
      vertex   -3.287500e+01 -2.270574e+01 3.104000e+01
      vertex   -3.257470e+01 -2.247531e+01 2.304000e+01
    endloop
  endfacet
  facet normal -6.087614e-01 7.933533e-01 0.000000e+00
    outer loop
      vertex   -3.257470e+01 -2.247531e+01 2.304000e+01
      vertex   -3.287500e+01 -2.270574e+01 3.104000e+01
      vertex   -3.257470e+01 -2.247531e+01 3.104000e+01
    endloop
  endfacet
  facet normal -7.933533e-01 6.087614e-01 0.000000e+00
    outer loop
      vertex   -3.257470e+01 -2.247531e+01 2.304000e+01
      vertex   -3.257470e+01 -2.247531e+01 3.104000e+01
      vertex   -3.234426e+01 -2.217500e+01 2.304000e+01
    endloop
  endfacet
  facet normal -7.933533e-01 6.087614e-01 -2.703444e-16
    outer loop
      vertex   -3.234426e+01 -2.217500e+01 2.304000e+01
      vertex   -3.257470e+01 -2.247531e+01 3.104000e+01
      vertex   -3.234426e+01 -2.217500e+01 3.104000e+01
    endloop
  endfacet
  facet normal -9.238795e-01 3.826834e-01 -1.699456e-16
    outer loop
      vertex   -3.234426e+01 -2.217500e+01 2.304000e+01
      vertex   -3.234426e+01 -2.217500e+01 3.104000e+01
      vertex   -3.219941e+01 -2.182529e+01 2.304000e+01
    endloop
  endfacet
  facet normal -9.238795e-01 3.826834e-01 -3.398912e-16
    outer loop
      vertex   -3.219941e+01 -2.182529e+01 2.304000e+01
      vertex   -3.234426e+01 -2.217500e+01 3.104000e+01
      vertex   -3.219941e+01 -2.182529e+01 3.104000e+01
    endloop
  endfacet
  facet normal 0.000000e+00 0.000000e+00 -1.000000e+00
    outer loop
      vertex   -3.200000e+01 -2.520000e+01 2.304000e+01
      vertex   -3.215000e+01 -2.145000e+01 2.304000e+01
      vertex   -3.200000e+01 -1.970000e+01 2.304000e+01
    endloop
  endfacet
  facet normal 0.000000e+00 0.000000e+00 -1.000000e+00
    outer loop
      vertex   -3.200000e+01 -1.970000e+01 2.304000e+01
      vertex   -3.215000e+01 -2.145000e+01 2.304000e+01
      vertex   -3.219941e+01 -2.107471e+01 2.304000e+01
    endloop
  endfacet
  facet normal 0.000000e+00 0.000000e+00 -1.000000e+00
    outer loop
      vertex   -3.200000e+01 -1.970000e+01 2.304000e+01
      vertex   -3.219941e+01 -2.107471e+01 2.304000e+01
      vertex   -3.234426e+01 -2.072500e+01 2.304000e+01
    endloop
  endfacet
  facet normal 0.000000e+00 0.000000e+00 -1.000000e+00
    outer loop
      vertex   -3.720000e+01 -2.520000e+01 2.304000e+01
      vertex   -3.397529e+01 -2.285059e+01 2.304000e+01
      vertex   -3.200000e+01 -2.520000e+01 2.304000e+01
    endloop
  endfacet
  facet normal 0.000000e+00 0.000000e+00 -1.000000e+00
    outer loop
      vertex   -3.200000e+01 -2.520000e+01 2.304000e+01
      vertex   -3.397529e+01 -2.285059e+01 2.304000e+01
      vertex   -3.360000e+01 -2.290000e+01 2.304000e+01
    endloop
  endfacet
  facet normal 0.000000e+00 0.000000e+00 -1.000000e+00
    outer loop
      vertex   -3.200000e+01 -2.520000e+01 2.304000e+01
      vertex   -3.360000e+01 -2.290000e+01 2.304000e+01
      vertex   -3.322471e+01 -2.285059e+01 2.304000e+01
    endloop
  endfacet
  facet normal 0.000000e+00 0.000000e+00 -1.000000e+00
    outer loop
      vertex   -3.720000e+01 -1.970000e+01 2.304000e+01
      vertex   -3.500059e+01 -2.182529e+01 2.304000e+01
      vertex   -3.720000e+01 -2.520000e+01 2.304000e+01
    endloop
  endfacet
  facet normal 0.000000e+00 0.000000e+00 -1.000000e+00
    outer loop
      vertex   -3.720000e+01 -2.520000e+01 2.304000e+01
      vertex   -3.500059e+01 -2.182529e+01 2.304000e+01
      vertex   -3.485574e+01 -2.217500e+01 2.304000e+01
    endloop
  endfacet
  facet normal 0.000000e+00 0.000000e+00 -1.000000e+00
    outer loop
      vertex   -3.720000e+01 -2.520000e+01 2.304000e+01
      vertex   -3.485574e+01 -2.217500e+01 2.304000e+01
      vertex   -3.462531e+01 -2.247531e+01 2.304000e+01
    endloop
  endfacet
  facet normal -0.000000e+00 0.000000e+00 -1.000000e+00
    outer loop
      vertex   -3.200000e+01 -1.970000e+01 2.304000e+01
      vertex   -3.360000e+01 -2.000000e+01 2.304000e+01
      vertex   -3.720000e+01 -1.970000e+01 2.304000e+01
    endloop
  endfacet
  facet normal 0.000000e+00 0.000000e+00 -1.000000e+00
    outer loop
      vertex   -3.720000e+01 -1.970000e+01 2.304000e+01
      vertex   -3.360000e+01 -2.000000e+01 2.304000e+01
      vertex   -3.397529e+01 -2.004941e+01 2.304000e+01
    endloop
  endfacet
  facet normal 0.000000e+00 0.000000e+00 -1.000000e+00
    outer loop
      vertex   -3.720000e+01 -1.970000e+01 2.304000e+01
      vertex   -3.397529e+01 -2.004941e+01 2.304000e+01
      vertex   -3.432500e+01 -2.019426e+01 2.304000e+01
    endloop
  endfacet
  facet normal 0.000000e+00 0.000000e+00 -1.000000e+00
    outer loop
      vertex   -3.234426e+01 -2.072500e+01 2.304000e+01
      vertex   -3.257470e+01 -2.042470e+01 2.304000e+01
      vertex   -3.200000e+01 -1.970000e+01 2.304000e+01
    endloop
  endfacet
  facet normal 0.000000e+00 0.000000e+00 -1.000000e+00
    outer loop
      vertex   -3.200000e+01 -1.970000e+01 2.304000e+01
      vertex   -3.257470e+01 -2.042470e+01 2.304000e+01
      vertex   -3.287500e+01 -2.019426e+01 2.304000e+01
    endloop
  endfacet
  facet normal 0.000000e+00 0.000000e+00 -1.000000e+00
    outer loop
      vertex   -3.200000e+01 -1.970000e+01 2.304000e+01
      vertex   -3.287500e+01 -2.019426e+01 2.304000e+01
      vertex   -3.322471e+01 -2.004941e+01 2.304000e+01
    endloop
  endfacet
  facet normal 0.000000e+00 0.000000e+00 -1.000000e+00
    outer loop
      vertex   -3.322471e+01 -2.004941e+01 2.304000e+01
      vertex   -3.360000e+01 -2.000000e+01 2.304000e+01
      vertex   -3.200000e+01 -1.970000e+01 2.304000e+01
    endloop
  endfacet
  facet normal -0.000000e+00 0.000000e+00 -1.000000e+00
    outer loop
      vertex   -3.432500e+01 -2.019426e+01 2.304000e+01
      vertex   -3.462531e+01 -2.042470e+01 2.304000e+01
      vertex   -3.720000e+01 -1.970000e+01 2.304000e+01
    endloop
  endfacet
  facet normal 0.000000e+00 0.000000e+00 -1.000000e+00
    outer loop
      vertex   -3.720000e+01 -1.970000e+01 2.304000e+01
      vertex   -3.462531e+01 -2.042470e+01 2.304000e+01
      vertex   -3.485574e+01 -2.072500e+01 2.304000e+01
    endloop
  endfacet
  facet normal 0.000000e+00 0.000000e+00 -1.000000e+00
    outer loop
      vertex   -3.720000e+01 -1.970000e+01 2.304000e+01
      vertex   -3.485574e+01 -2.072500e+01 2.304000e+01
      vertex   -3.500059e+01 -2.107471e+01 2.304000e+01
    endloop
  endfacet
  facet normal -0.000000e+00 0.000000e+00 -1.000000e+00
    outer loop
      vertex   -3.500059e+01 -2.107471e+01 2.304000e+01
      vertex   -3.505000e+01 -2.145000e+01 2.304000e+01
      vertex   -3.720000e+01 -1.970000e+01 2.304000e+01
    endloop
  endfacet
  facet normal 0.000000e+00 0.000000e+00 -1.000000e+00
    outer loop
      vertex   -3.720000e+01 -1.970000e+01 2.304000e+01
      vertex   -3.505000e+01 -2.145000e+01 2.304000e+01
      vertex   -3.500059e+01 -2.182529e+01 2.304000e+01
    endloop
  endfacet
  facet normal 0.000000e+00 -0.000000e+00 -1.000000e+00
    outer loop
      vertex   -3.462531e+01 -2.247531e+01 2.304000e+01
      vertex   -3.432500e+01 -2.270574e+01 2.304000e+01
      vertex   -3.720000e+01 -2.520000e+01 2.304000e+01
    endloop
  endfacet
  facet normal 0.000000e+00 0.000000e+00 -1.000000e+00
    outer loop
      vertex   -3.720000e+01 -2.520000e+01 2.304000e+01
      vertex   -3.432500e+01 -2.270574e+01 2.304000e+01
      vertex   -3.397529e+01 -2.285059e+01 2.304000e+01
    endloop
  endfacet
  facet normal 0.000000e+00 0.000000e+00 -1.000000e+00
    outer loop
      vertex   -3.322471e+01 -2.285059e+01 2.304000e+01
      vertex   -3.287500e+01 -2.270574e+01 2.304000e+01
      vertex   -3.200000e+01 -2.520000e+01 2.304000e+01
    endloop
  endfacet
  facet normal 0.000000e+00 0.000000e+00 -1.000000e+00
    outer loop
      vertex   -3.200000e+01 -2.520000e+01 2.304000e+01
      vertex   -3.287500e+01 -2.270574e+01 2.304000e+01
      vertex   -3.257470e+01 -2.247531e+01 2.304000e+01
    endloop
  endfacet
  facet normal 0.000000e+00 0.000000e+00 -1.000000e+00
    outer loop
      vertex   -3.200000e+01 -2.520000e+01 2.304000e+01
      vertex   -3.257470e+01 -2.247531e+01 2.304000e+01
      vertex   -3.234426e+01 -2.217500e+01 2.304000e+01
    endloop
  endfacet
  facet normal 0.000000e+00 0.000000e+00 -1.000000e+00
    outer loop
      vertex   -3.234426e+01 -2.217500e+01 2.304000e+01
      vertex   -3.219941e+01 -2.182529e+01 2.304000e+01
      vertex   -3.200000e+01 -2.520000e+01 2.304000e+01
    endloop
  endfacet
  facet normal 0.000000e+00 0.000000e+00 -1.000000e+00
    outer loop
      vertex   -3.200000e+01 -2.520000e+01 2.304000e+01
      vertex   -3.219941e+01 -2.182529e+01 2.304000e+01
      vertex   -3.215000e+01 -2.145000e+01 2.304000e+01
    endloop
  endfacet
  facet normal 0.000000e+00 1.000000e+00 0.000000e+00
    outer loop
      vertex   3.720000e+01 -2.520000e+01 2.304000e+01
      vertex   3.523747e+01 -2.520000e+01 4.540000e+00
      vertex   3.200000e+01 -2.520000e+01 2.304000e+01
    endloop
  endfacet
  facet normal 0.000000e+00 1.000000e+00 0.000000e+00
    outer loop
      vertex   3.200000e+01 -2.520000e+01 2.304000e+01
      vertex   3.523747e+01 -2.520000e+01 4.540000e+00
      vertex   3.046253e+01 -2.520000e+01 4.540000e+00
    endloop
  endfacet
  facet normal 0.000000e+00 1.000000e+00 0.000000e+00
    outer loop
      vertex   3.200000e+01 -2.520000e+01 2.304000e+01
      vertex   3.046253e+01 -2.520000e+01 4.540000e+00
      vertex   -3.046253e+01 -2.520000e+01 4.540000e+00
    endloop
  endfacet
  facet normal -0.000000e+00 1.000000e+00 0.000000e+00
    outer loop
      vertex   -3.046253e+01 -2.520000e+01 4.540000e+00
      vertex   3.046253e+01 -2.520000e+01 4.540000e+00
      vertex   -3.046253e+01 -2.520000e+01 1.540000e+00
    endloop
  endfacet
  facet normal 0.000000e+00 1.000000e+00 0.000000e+00
    outer loop
      vertex   -3.046253e+01 -2.520000e+01 1.540000e+00
      vertex   3.046253e+01 -2.520000e+01 4.540000e+00
      vertex   3.046253e+01 -2.520000e+01 1.540000e+00
    endloop
  endfacet
  facet normal -0.000000e+00 1.000000e+00 0.000000e+00
    outer loop
      vertex   -3.046253e+01 -2.520000e+01 1.540000e+00
      vertex   3.046253e+01 -2.520000e+01 1.540000e+00
      vertex   -3.720000e+01 -2.520000e+01 1.040000e+00
    endloop
  endfacet
  facet normal 0.000000e+00 1.000000e+00 0.000000e+00
    outer loop
      vertex   -3.720000e+01 -2.520000e+01 1.040000e+00
      vertex   3.046253e+01 -2.520000e+01 1.540000e+00
      vertex   3.720000e+01 -2.520000e+01 1.040000e+00
    endloop
  endfacet
  facet normal 0.000000e+00 1.000000e+00 0.000000e+00
    outer loop
      vertex   3.720000e+01 -2.520000e+01 1.040000e+00
      vertex   3.046253e+01 -2.520000e+01 1.540000e+00
      vertex   3.523747e+01 -2.520000e+01 1.540000e+00
    endloop
  endfacet
  facet normal 0.000000e+00 1.000000e+00 0.000000e+00
    outer loop
      vertex   3.720000e+01 -2.520000e+01 1.040000e+00
      vertex   3.523747e+01 -2.520000e+01 1.540000e+00
      vertex   3.523747e+01 -2.520000e+01 4.540000e+00
    endloop
  endfacet
  facet normal 0.000000e+00 1.000000e+00 0.000000e+00
    outer loop
      vertex   3.720000e+01 -2.520000e+01 2.304000e+01
      vertex   3.720000e+01 -2.520000e+01 1.040000e+00
      vertex   3.523747e+01 -2.520000e+01 4.540000e+00
    endloop
  endfacet
  facet normal 0.000000e+00 1.000000e+00 0.000000e+00
    outer loop
      vertex   -3.720000e+01 -2.520000e+01 2.304000e+01
      vertex   -3.523747e+01 -2.520000e+01 4.540000e+00
      vertex   -3.720000e+01 -2.520000e+01 1.040000e+00
    endloop
  endfacet
  facet normal 0.000000e+00 1.000000e+00 0.000000e+00
    outer loop
      vertex   -3.720000e+01 -2.520000e+01 1.040000e+00
      vertex   -3.523747e+01 -2.520000e+01 4.540000e+00
      vertex   -3.523747e+01 -2.520000e+01 1.540000e+00
    endloop
  endfacet
  facet normal 0.000000e+00 1.000000e+00 0.000000e+00
    outer loop
      vertex   -3.720000e+01 -2.520000e+01 1.040000e+00
      vertex   -3.523747e+01 -2.520000e+01 1.540000e+00
      vertex   -3.046253e+01 -2.520000e+01 1.540000e+00
    endloop
  endfacet
  facet normal -0.000000e+00 1.000000e+00 0.000000e+00
    outer loop
      vertex   -3.720000e+01 -2.520000e+01 2.304000e+01
      vertex   -3.200000e+01 -2.520000e+01 2.304000e+01
      vertex   -3.523747e+01 -2.520000e+01 4.540000e+00
    endloop
  endfacet
  facet normal 0.000000e+00 1.000000e+00 0.000000e+00
    outer loop
      vertex   -3.523747e+01 -2.520000e+01 4.540000e+00
      vertex   -3.200000e+01 -2.520000e+01 2.304000e+01
      vertex   -3.046253e+01 -2.520000e+01 4.540000e+00
    endloop
  endfacet
  facet normal 0.000000e+00 1.000000e+00 -0.000000e+00
    outer loop
      vertex   -3.046253e+01 -2.520000e+01 4.540000e+00
      vertex   -3.200000e+01 -2.520000e+01 2.304000e+01
      vertex   3.200000e+01 -2.520000e+01 2.304000e+01
    endloop
  endfacet
  facet normal 0.000000e+00 1.000000e+00 0.000000e+00
    outer loop
      vertex   3.200000e+01 -2.520000e+01 2.304000e+01
      vertex   -3.200000e+01 -2.520000e+01 2.304000e+01
      vertex   3.000000e+01 -2.520000e+01 2.504000e+01
    endloop
  endfacet
  facet normal 0.000000e+00 1.000000e+00 0.000000e+00
    outer loop
      vertex   3.000000e+01 -2.520000e+01 2.504000e+01
      vertex   -3.200000e+01 -2.520000e+01 2.304000e+01
      vertex   -3.000000e+01 -2.520000e+01 2.504000e+01
    endloop
  endfacet
  facet normal 0.000000e+00 1.000000e+00 -0.000000e+00
    outer loop
      vertex   3.000000e+01 -2.520000e+01 2.504000e+01
      vertex   -3.000000e+01 -2.520000e+01 2.504000e+01
      vertex   3.000000e+01 -2.520000e+01 3.104000e+01
    endloop
  endfacet
  facet normal 0.000000e+00 1.000000e+00 0.000000e+00
    outer loop
      vertex   3.000000e+01 -2.520000e+01 3.104000e+01
      vertex   -3.000000e+01 -2.520000e+01 2.504000e+01
      vertex   -3.000000e+01 -2.520000e+01 3.104000e+01
    endloop
  endfacet
  facet normal -2.633560e-02 -9.957990e-01 -8.769714e-02
    outer loop
      vertex   -3.618481e+01 -2.713923e+01 2.845407e+00
      vertex   -3.620000e+01 -2.720000e+01 3.540000e+00
      vertex   -3.657599e+01 -2.715247e+01 3.113242e+00
    endloop
  endfacet
  facet normal -9.798780e-02 -9.948868e-01 -2.446798e-02
    outer loop
      vertex   -3.657599e+01 -2.715247e+01 3.113242e+00
      vertex   -3.620000e+01 -2.720000e+01 3.540000e+00
      vertex   -3.678527e+01 -2.714236e+01 3.540000e+00
    endloop
  endfacet
  facet normal -1.939710e-01 -9.783666e-01 -7.193066e-02
    outer loop
      vertex   -3.657599e+01 -2.715247e+01 3.113242e+00
      vertex   -3.678527e+01 -2.714236e+01 3.540000e+00
      vertex   -3.695059e+01 -2.707605e+01 3.083904e+00
    endloop
  endfacet
  facet normal -2.901180e-01 -9.563908e-01 -3.388554e-02
    outer loop
      vertex   -3.695059e+01 -2.707605e+01 3.083904e+00
      vertex   -3.678527e+01 -2.714236e+01 3.540000e+00
      vertex   -3.734805e+01 -2.697164e+01 3.540000e+00
    endloop
  endfacet
  facet normal -3.196034e-01 -9.455163e-01 -6.206961e-02
    outer loop
      vertex   -3.695059e+01 -2.707605e+01 3.083904e+00
      vertex   -3.734805e+01 -2.697164e+01 3.540000e+00
      vertex   -3.732194e+01 -2.694895e+01 3.059872e+00
    endloop
  endfacet
  facet normal -4.410393e-01 -8.950364e-01 -6.628852e-02
    outer loop
      vertex   -3.732194e+01 -2.694895e+01 3.059872e+00
      vertex   -3.734805e+01 -2.697164e+01 3.540000e+00
      vertex   -3.767382e+01 -2.677426e+01 3.042438e+00
    endloop
  endfacet
  facet normal -4.288683e-01 -8.829591e-01 -1.909323e-01
    outer loop
      vertex   -3.732194e+01 -2.694895e+01 3.059872e+00
      vertex   -3.767382e+01 -2.677426e+01 3.042438e+00
      vertex   -3.727283e+01 -2.687172e+01 2.592434e+00
    endloop
  endfacet
  facet normal -4.334679e-01 -8.796526e-01 -1.957470e-01
    outer loop
      vertex   -3.727283e+01 -2.687172e+01 2.592434e+00
      vertex   -3.767382e+01 -2.677426e+01 3.042438e+00
      vertex   -3.761493e+01 -2.669579e+01 2.559383e+00
    endloop
  endfacet
  facet normal -4.103896e-01 -8.567049e-01 -3.124694e-01
    outer loop
      vertex   -3.727283e+01 -2.687172e+01 2.592434e+00
      vertex   -3.761493e+01 -2.669579e+01 2.559383e+00
      vertex   -3.719475e+01 -2.674762e+01 2.149643e+00
    endloop
  endfacet
  facet normal -4.172398e-01 -8.504888e-01 -3.202807e-01
    outer loop
      vertex   -3.719475e+01 -2.674762e+01 2.149643e+00
      vertex   -3.761493e+01 -2.669579e+01 2.559383e+00
      vertex   -3.752145e+01 -2.657033e+01 2.104449e+00
    endloop
  endfacet
  facet normal -3.858696e-01 -8.191958e-01 -4.242911e-01
    outer loop
      vertex   -3.719475e+01 -2.674762e+01 2.149643e+00
      vertex   -3.752145e+01 -2.657033e+01 2.104449e+00
      vertex   -3.709255e+01 -2.658290e+01 1.738663e+00
    endloop
  endfacet
  facet normal -3.942414e-01 -8.098427e-01 -4.344289e-01
    outer loop
      vertex   -3.709255e+01 -2.658290e+01 1.738663e+00
      vertex   -3.752145e+01 -2.657033e+01 2.104449e+00
      vertex   -3.739943e+01 -2.640498e+01 1.685487e+00
    endloop
  endfacet
  facet normal -3.571245e-01 -7.727886e-01 -5.246522e-01
    outer loop
      vertex   -3.709255e+01 -2.658290e+01 1.738663e+00
      vertex   -3.739943e+01 -2.640498e+01 1.685487e+00
      vertex   -3.697117e+01 -2.638407e+01 1.363170e+00
    endloop
  endfacet
  facet normal -3.664696e-01 -7.603447e-01 -5.362611e-01
    outer loop
      vertex   -3.697117e+01 -2.638407e+01 1.363170e+00
      vertex   -3.739943e+01 -2.640498e+01 1.685487e+00
      vertex   -3.725498e+01 -2.620707e+01 1.306163e+00
    endloop
  endfacet
  facet normal -3.248819e-01 -7.188746e-01 -6.145494e-01
    outer loop
      vertex   -3.697117e+01 -2.638407e+01 1.363170e+00
      vertex   -3.725498e+01 -2.620707e+01 1.306163e+00
      vertex   -3.683554e+01 -2.615764e+01 1.026604e+00
    endloop
  endfacet
  facet normal -3.349331e-01 -7.034321e-01 -6.268996e-01
    outer loop
      vertex   -3.683554e+01 -2.615764e+01 1.026604e+00
      vertex   -3.725498e+01 -2.620707e+01 1.306163e+00
      vertex   -3.709423e+01 -2.598390e+01 9.698627e-01
    endloop
  endfacet
  facet normal -2.911295e-01 -6.597377e-01 -6.928130e-01
    outer loop
      vertex   -3.683554e+01 -2.615764e+01 1.026604e+00
      vertex   -3.709423e+01 -2.598390e+01 9.698627e-01
      vertex   -3.668972e+01 -2.590939e+01 7.289317e-01
    endloop
  endfacet
  facet normal -3.017198e-01 -6.417814e-01 -7.050403e-01
    outer loop
      vertex   -3.668972e+01 -2.590939e+01 7.289317e-01
      vertex   -3.709423e+01 -2.598390e+01 9.698627e-01
      vertex   -3.692220e+01 -2.574177e+01 6.758374e-01
    endloop
  endfacet
  facet normal -2.564633e-01 -5.965745e-01 -7.604771e-01
    outer loop
      vertex   -3.668972e+01 -2.590939e+01 7.289317e-01
      vertex   -3.692220e+01 -2.574177e+01 6.758374e-01
      vertex   -3.653612e+01 -2.564326e+01 4.683621e-01
    endloop
  endfacet
  facet normal -2.678379e-01 -5.763692e-01 -7.720501e-01
    outer loop
      vertex   -3.653612e+01 -2.564326e+01 4.683621e-01
      vertex   -3.692220e+01 -2.574177e+01 6.758374e-01
      vertex   -3.674181e+01 -2.548471e+01 4.213534e-01
    endloop
  endfacet
  facet normal -2.221429e-01 -5.306931e-01 -8.179348e-01
    outer loop
      vertex   -3.653612e+01 -2.564326e+01 4.683621e-01
      vertex   -3.674181e+01 -2.548471e+01 4.213534e-01
      vertex   -3.637698e+01 -2.536299e+01 2.432915e-01
    endloop
  endfacet
  facet normal -2.344879e-01 -5.088557e-01 -8.283002e-01
    outer loop
      vertex   -3.637698e+01 -2.536299e+01 2.432915e-01
      vertex   -3.674181e+01 -2.548471e+01 4.213534e-01
      vertex   -3.655580e+01 -2.521650e+01 2.039177e-01
    endloop
  endfacet
  facet normal -1.890797e-01 -4.634808e-01 -8.656988e-01
    outer loop
      vertex   -3.637698e+01 -2.536299e+01 2.432915e-01
      vertex   -3.655580e+01 -2.521650e+01 2.039177e-01
      vertex   -3.621429e+01 -2.507200e+01 5.196583e-02
    endloop
  endfacet
  facet normal -2.023527e-01 -4.411695e-01 -8.743128e-01
    outer loop
      vertex   -3.621429e+01 -2.507200e+01 5.196583e-02
      vertex   -3.655580e+01 -2.521650e+01 2.039177e-01
      vertex   -3.636653e+01 -2.494054e+01 2.087074e-02
    endloop
  endfacet
  facet normal -1.561207e-01 -3.949644e-01 -9.053339e-01
    outer loop
      vertex   -3.621429e+01 -2.507200e+01 5.196583e-02
      vertex   -3.636653e+01 -2.494054e+01 2.087074e-02
      vertex   -3.604884e+01 -2.477231e+01 -1.073096e-01
    endloop
  endfacet
  facet normal -1.706645e-01 -3.726796e-01 -9.121313e-01
    outer loop
      vertex   -3.604884e+01 -2.477231e+01 -1.073096e-01
      vertex   -3.636653e+01 -2.494054e+01 2.087074e-02
      vertex   -3.617489e+01 -2.465853e+01 -1.302112e-01
    endloop
  endfacet
  facet normal -1.231503e-01 -3.251659e-01 -9.376039e-01
    outer loop
      vertex   -3.604884e+01 -2.477231e+01 -1.073096e-01
      vertex   -3.617489e+01 -2.465853e+01 -1.302112e-01
      vertex   -3.588123e+01 -2.446559e+01 -2.356960e-01
    endloop
  endfacet
  facet normal -1.395975e-01 -3.029367e-01 -9.427311e-01
    outer loop
      vertex   -3.588123e+01 -2.446559e+01 -2.356960e-01
      vertex   -3.617489e+01 -2.465853e+01 -1.302112e-01
      vertex   -3.598146e+01 -2.437173e+01 -2.510123e-01
    endloop
  endfacet
  facet normal -9.142110e-02 -2.547408e-01 -9.626782e-01
    outer loop
      vertex   -3.588123e+01 -2.446559e+01 -2.356960e-01
      vertex   -3.598146e+01 -2.437173e+01 -2.510123e-01
      vertex   -3.571207e+01 -2.415352e+01 -3.343389e-01
    endloop
  endfacet
  facet normal -1.101325e-01 -2.329945e-01 -9.662217e-01
    outer loop
      vertex   -3.571207e+01 -2.415352e+01 -3.343389e-01
      vertex   -3.598146e+01 -2.437173e+01 -2.510123e-01
      vertex   -3.578685e+01 -2.408144e+01 -3.431968e-01
    endloop
  endfacet
  facet normal -6.144535e-02 -1.842968e-01 -9.809481e-01
    outer loop
      vertex   -3.571207e+01 -2.415352e+01 -3.343389e-01
      vertex   -3.578685e+01 -2.408144e+01 -3.431968e-01
      vertex   -3.554193e+01 -2.383773e+01 -4.043244e-01
    endloop
  endfacet
  facet normal -8.196661e-02 -1.641927e-01 -9.830169e-01
    outer loop
      vertex   -3.554193e+01 -2.383773e+01 -4.043244e-01
      vertex   -3.578685e+01 -2.408144e+01 -3.431968e-01
      vertex   -3.559159e+01 -2.378888e+01 -4.083444e-01
    endloop
  endfacet
  facet normal -3.137520e-02 -1.135974e-01 -9.930313e-01
    outer loop
      vertex   -3.554193e+01 -2.383773e+01 -4.043244e-01
      vertex   -3.559159e+01 -2.378888e+01 -4.083444e-01
      vertex   -3.537113e+01 -2.351949e+01 -4.461267e-01
    endloop
  endfacet
  facet normal -5.379558e-02 -9.538377e-02 -9.939859e-01
    outer loop
      vertex   -3.537113e+01 -2.351949e+01 -4.461267e-01
      vertex   -3.559159e+01 -2.378888e+01 -4.083444e-01
      vertex   -3.539590e+01 -2.349482e+01 -4.471533e-01
    endloop
  endfacet
  facet normal -1.172353e-03 -4.275610e-02 -9.990849e-01
    outer loop
      vertex   -3.537113e+01 -2.351949e+01 -4.461267e-01
      vertex   -3.539590e+01 -2.349482e+01 -4.471533e-01
      vertex   -3.520000e+01 -2.320000e+01 -4.600000e-01
    endloop
  endfacet
  facet normal -4.709970e-01 -8.811734e-01 -4.117496e-02
    outer loop
      vertex   -3.734805e+01 -2.697164e+01 3.540000e+00
      vertex   -3.786671e+01 -2.669441e+01 3.540000e+00
      vertex   -3.767382e+01 -2.677426e+01 3.042438e+00
    endloop
  endfacet
  facet normal -5.531085e-01 -8.291269e-01 -8.136018e-02
    outer loop
      vertex   -3.767382e+01 -2.677426e+01 3.042438e+00
      vertex   -3.786671e+01 -2.669441e+01 3.540000e+00
      vertex   -3.800041e+01 -2.655536e+01 3.031844e+00
    endloop
  endfacet
  facet normal -5.412172e-01 -8.170658e-01 -1.987144e-01
    outer loop
      vertex   -3.767382e+01 -2.677426e+01 3.042438e+00
      vertex   -3.800041e+01 -2.655536e+01 3.031844e+00
      vertex   -3.761493e+01 -2.669579e+01 2.559383e+00
    endloop
  endfacet
  facet normal -5.437641e-01 -8.146895e-01 -2.014986e-01
    outer loop
      vertex   -3.761493e+01 -2.669579e+01 2.559383e+00
      vertex   -3.800041e+01 -2.655536e+01 3.031844e+00
      vertex   -3.793337e+01 -2.647828e+01 2.539307e+00
    endloop
  endfacet
  facet normal -5.194195e-01 -7.904207e-01 -3.247129e-01
    outer loop
      vertex   -3.761493e+01 -2.669579e+01 2.559383e+00
      vertex   -3.793337e+01 -2.647828e+01 2.539307e+00
      vertex   -3.752145e+01 -2.657033e+01 2.104449e+00
    endloop
  endfacet
  facet normal -5.231867e-01 -7.860668e-01 -3.292031e-01
    outer loop
      vertex   -3.752145e+01 -2.657033e+01 2.104449e+00
      vertex   -3.793337e+01 -2.647828e+01 2.539307e+00
      vertex   -3.782697e+01 -2.635549e+01 2.077019e+00
    endloop
  endfacet
  facet normal -4.898495e-01 -7.527722e-01 -4.397516e-01
    outer loop
      vertex   -3.752145e+01 -2.657033e+01 2.104449e+00
      vertex   -3.782697e+01 -2.635549e+01 2.077019e+00
      vertex   -3.739943e+01 -2.640498e+01 1.685487e+00
    endloop
  endfacet
  facet normal -4.944161e-01 -7.463497e-01 -4.455500e-01
    outer loop
      vertex   -3.739943e+01 -2.640498e+01 1.685487e+00
      vertex   -3.782697e+01 -2.635549e+01 2.077019e+00
      vertex   -3.768812e+01 -2.619449e+01 1.653243e+00
    endloop
  endfacet
  facet normal -4.547787e-01 -7.067493e-01 -5.419242e-01
    outer loop
      vertex   -3.739943e+01 -2.640498e+01 1.685487e+00
      vertex   -3.768812e+01 -2.619449e+01 1.653243e+00
      vertex   -3.725498e+01 -2.620707e+01 1.306163e+00
    endloop
  endfacet
  facet normal -4.598308e-01 -6.983310e-01 -5.485339e-01
    outer loop
      vertex   -3.725498e+01 -2.620707e+01 1.306163e+00
      vertex   -3.768812e+01 -2.619449e+01 1.653243e+00
      vertex   -3.752383e+01 -2.600292e+01 1.271635e+00
    endloop
  endfacet
  facet normal -4.153002e-01 -6.538779e-01 -6.324314e-01
    outer loop
      vertex   -3.725498e+01 -2.620707e+01 1.306163e+00
      vertex   -3.752383e+01 -2.600292e+01 1.271635e+00
      vertex   -3.709423e+01 -2.598390e+01 9.698627e-01
    endloop
  endfacet
  facet normal -4.206768e-01 -6.435484e-01 -6.394345e-01
    outer loop
      vertex   -3.709423e+01 -2.598390e+01 9.698627e-01
      vertex   -3.752383e+01 -2.600292e+01 1.271635e+00
      vertex   -3.734110e+01 -2.578842e+01 9.355369e-01
    endloop
  endfacet
  facet normal -3.737706e-01 -5.967175e-01 -7.100872e-01
    outer loop
      vertex   -3.709423e+01 -2.598390e+01 9.698627e-01
      vertex   -3.734110e+01 -2.578842e+01 9.355369e-01
      vertex   -3.692220e+01 -2.574177e+01 6.758374e-01
    endloop
  endfacet
  facet normal -3.793773e-01 -5.848047e-01 -7.169912e-01
    outer loop
      vertex   -3.692220e+01 -2.574177e+01 6.758374e-01
      vertex   -3.734110e+01 -2.578842e+01 9.355369e-01
      vertex   -3.714571e+01 -2.555744e+01 6.437576e-01
    endloop
  endfacet
  facet normal -3.309262e-01 -5.363904e-01 -7.763847e-01
    outer loop
      vertex   -3.692220e+01 -2.574177e+01 6.758374e-01
      vertex   -3.714571e+01 -2.555744e+01 6.437576e-01
      vertex   -3.674181e+01 -2.548471e+01 4.213534e-01
    endloop
  endfacet
  facet normal -3.369049e-01 -5.230583e-01 -7.828826e-01
    outer loop
      vertex   -3.674181e+01 -2.548471e+01 4.213534e-01
      vertex   -3.714571e+01 -2.555744e+01 6.437576e-01
      vertex   -3.694104e+01 -2.531393e+01 3.929863e-01
    endloop
  endfacet
  facet normal -2.882343e-01 -4.744035e-01 -8.317826e-01
    outer loop
      vertex   -3.674181e+01 -2.548471e+01 4.213534e-01
      vertex   -3.694104e+01 -2.531393e+01 3.929863e-01
      vertex   -3.655580e+01 -2.521650e+01 2.039177e-01
    endloop
  endfacet
  facet normal -2.947026e-01 -4.600435e-01 -8.375622e-01
    outer loop
      vertex   -3.655580e+01 -2.521650e+01 2.039177e-01
      vertex   -3.694104e+01 -2.531393e+01 3.929863e-01
      vertex   -3.673021e+01 -2.506157e+01 1.801875e-01
    endloop
  endfacet
  facet normal -2.469510e-01 -4.123181e-01 -8.769316e-01
    outer loop
      vertex   -3.655580e+01 -2.521650e+01 2.039177e-01
      vertex   -3.673021e+01 -2.506157e+01 1.801875e-01
      vertex   -3.636653e+01 -2.494054e+01 2.087074e-02
    endloop
  endfacet
  facet normal -2.539112e-01 -3.976727e-01 -8.816947e-01
    outer loop
      vertex   -3.636653e+01 -2.494054e+01 2.087074e-02
      vertex   -3.673021e+01 -2.506157e+01 1.801875e-01
      vertex   -3.651596e+01 -2.480363e+01 2.150431e-03
    endloop
  endfacet
  facet normal -2.059155e-01 -3.497006e-01 -9.139520e-01
    outer loop
      vertex   -3.636653e+01 -2.494054e+01 2.087074e-02
      vertex   -3.651596e+01 -2.480363e+01 2.150431e-03
      vertex   -3.617489e+01 -2.465853e+01 -1.302112e-01
    endloop
  endfacet
  facet normal -2.135798e-01 -3.350724e-01 -9.176656e-01
    outer loop
      vertex   -3.617489e+01 -2.465853e+01 -1.302112e-01
      vertex   -3.651596e+01 -2.480363e+01 2.150431e-03
      vertex   -3.629929e+01 -2.454151e+01 -1.439857e-01
    endloop
  endfacet
  facet normal -1.648617e-01 -2.863611e-01 -9.438315e-01
    outer loop
      vertex   -3.617489e+01 -2.465853e+01 -1.302112e-01
      vertex   -3.629929e+01 -2.454151e+01 -1.439857e-01
      vertex   -3.598146e+01 -2.437173e+01 -2.510123e-01
    endloop
  endfacet
  facet normal -1.735942e-01 -2.717478e-01 -9.465824e-01
    outer loop
      vertex   -3.598146e+01 -2.437173e+01 -2.510123e-01
      vertex   -3.629929e+01 -2.454151e+01 -1.439857e-01
      vertex   -3.608084e+01 -2.427619e+01 -2.602169e-01
    endloop
  endfacet
  facet normal -1.250250e-01 -2.231712e-01 -9.667282e-01
    outer loop
      vertex   -3.598146e+01 -2.437173e+01 -2.510123e-01
      vertex   -3.608084e+01 -2.427619e+01 -2.602169e-01
      vertex   -3.578685e+01 -2.408144e+01 -3.431968e-01
    endloop
  endfacet
  facet normal -1.350480e-01 -2.088302e-01 -9.685825e-01
    outer loop
      vertex   -3.578685e+01 -2.408144e+01 -3.431968e-01
      vertex   -3.608084e+01 -2.427619e+01 -2.602169e-01
      vertex   -3.586126e+01 -2.400865e+01 -3.485164e-01
    endloop
  endfacet
  facet normal -8.704871e-02 -1.608275e-01 -9.831363e-01
    outer loop
      vertex   -3.578685e+01 -2.408144e+01 -3.431968e-01
      vertex   -3.586126e+01 -2.400865e+01 -3.485164e-01
      vertex   -3.559159e+01 -2.378888e+01 -4.083444e-01
    endloop
  endfacet
  facet normal -9.814321e-02 -1.474980e-01 -9.841810e-01
    outer loop
      vertex   -3.559159e+01 -2.378888e+01 -4.083444e-01
      vertex   -3.586126e+01 -2.400865e+01 -3.485164e-01
      vertex   -3.564114e+01 -2.373981e+01 -4.107573e-01
    endloop
  endfacet
  facet normal -4.912751e-02 -9.848218e-02 -9.939254e-01
    outer loop
      vertex   -3.559159e+01 -2.378888e+01 -4.083444e-01
      vertex   -3.564114e+01 -2.373981e+01 -4.107573e-01
      vertex   -3.539590e+01 -2.349482e+01 -4.471533e-01
    endloop
  endfacet
  facet normal -6.135678e-02 -8.630798e-02 -9.943773e-01
    outer loop
      vertex   -3.539590e+01 -2.349482e+01 -4.471533e-01
      vertex   -3.564114e+01 -2.373981e+01 -4.107573e-01
      vertex   -3.542066e+01 -2.347012e+01 -4.477693e-01
    endloop
  endfacet
  facet normal -1.117094e-02 -3.612084e-02 -9.992850e-01
    outer loop
      vertex   -3.539590e+01 -2.349482e+01 -4.471533e-01
      vertex   -3.542066e+01 -2.347012e+01 -4.477693e-01
      vertex   -3.520000e+01 -2.320000e+01 -4.600000e-01
    endloop
  endfacet
  facet normal -6.337627e-01 -7.722421e-01 -4.457422e-02
    outer loop
      vertex   -3.786671e+01 -2.669441e+01 3.540000e+00
      vertex   -3.832132e+01 -2.632132e+01 3.540000e+00
      vertex   -3.800041e+01 -2.655536e+01 3.031844e+00
    endloop
  endfacet
  facet normal -6.573631e-01 -7.503569e-01 -6.955799e-02
    outer loop
      vertex   -3.800041e+01 -2.655536e+01 3.031844e+00
      vertex   -3.832132e+01 -2.632132e+01 3.540000e+00
      vertex   -3.829603e+01 -2.629603e+01 3.028272e+00
    endloop
  endfacet
  facet normal -6.443073e-01 -7.373123e-01 -2.030733e-01
    outer loop
      vertex   -3.800041e+01 -2.655536e+01 3.031844e+00
      vertex   -3.829603e+01 -2.629603e+01 3.028272e+00
      vertex   -3.793337e+01 -2.647828e+01 2.539307e+00
    endloop
  endfacet
  facet normal -6.450776e-01 -7.363849e-01 -2.039903e-01
    outer loop
      vertex   -3.793337e+01 -2.647828e+01 2.539307e+00
      vertex   -3.829603e+01 -2.629603e+01 3.028272e+00
      vertex   -3.822283e+01 -2.622283e+01 2.532541e+00
    endloop
  endfacet
  facet normal -6.198749e-01 -7.112054e-01 -3.315750e-01
    outer loop
      vertex   -3.793337e+01 -2.647828e+01 2.539307e+00
      vertex   -3.822283e+01 -2.622283e+01 2.532541e+00
      vertex   -3.782697e+01 -2.635549e+01 2.077019e+00
    endloop
  endfacet
  facet normal -6.210012e-01 -7.095364e-01 -3.330399e-01
    outer loop
      vertex   -3.782697e+01 -2.635549e+01 2.077019e+00
      vertex   -3.822283e+01 -2.622283e+01 2.532541e+00
      vertex   -3.810650e+01 -2.610650e+01 2.067781e+00
    endloop
  endfacet
  facet normal -5.862017e-01 -6.747491e-01 -4.484207e-01
    outer loop
      vertex   -3.782697e+01 -2.635549e+01 2.077019e+00
      vertex   -3.810650e+01 -2.610650e+01 2.067781e+00
      vertex   -3.768812e+01 -2.619449e+01 1.653243e+00
    endloop
  endfacet
  facet normal -5.875497e-01 -6.723233e-01 -4.502962e-01
    outer loop
      vertex   -3.768812e+01 -2.619449e+01 1.653243e+00
      vertex   -3.810650e+01 -2.610650e+01 2.067781e+00
      vertex   -3.795446e+01 -2.595446e+01 1.642393e+00
    endloop
  endfacet
  facet normal -5.458811e-01 -6.306660e-01 -5.516106e-01
    outer loop
      vertex   -3.768812e+01 -2.619449e+01 1.653243e+00
      vertex   -3.795446e+01 -2.595446e+01 1.642393e+00
      vertex   -3.752383e+01 -2.600292e+01 1.271635e+00
    endloop
  endfacet
  facet normal -5.473533e-01 -6.275237e-01 -5.537312e-01
    outer loop
      vertex   -3.752383e+01 -2.600292e+01 1.271635e+00
      vertex   -3.795446e+01 -2.595446e+01 1.642393e+00
      vertex   -3.777425e+01 -2.577425e+01 1.260027e+00
    endloop
  endfacet
  facet normal -5.002829e-01 -5.804804e-01 -6.424636e-01
    outer loop
      vertex   -3.752383e+01 -2.600292e+01 1.271635e+00
      vertex   -3.777425e+01 -2.577425e+01 1.260027e+00
      vertex   -3.734110e+01 -2.578842e+01 9.355369e-01
    endloop
  endfacet
  facet normal -5.018281e-01 -5.766624e-01 -6.446929e-01
    outer loop
      vertex   -3.734110e+01 -2.578842e+01 9.355369e-01
      vertex   -3.777425e+01 -2.577425e+01 1.260027e+00
      vertex   -3.757339e+01 -2.557339e+01 9.240099e-01
    endloop
  endfacet
  facet normal -4.520166e-01 -5.268783e-01 -7.197779e-01
    outer loop
      vertex   -3.734110e+01 -2.578842e+01 9.355369e-01
      vertex   -3.757339e+01 -2.557339e+01 9.240099e-01
      vertex   -3.714571e+01 -2.555744e+01 6.437576e-01
    endloop
  endfacet
  facet normal -4.536083e-01 -5.225090e-01 -7.219583e-01
    outer loop
      vertex   -3.714571e+01 -2.555744e+01 6.437576e-01
      vertex   -3.757339e+01 -2.557339e+01 9.240099e-01
      vertex   -3.735815e+01 -2.535815e+01 6.329966e-01
    endloop
  endfacet
  facet normal -4.019597e-01 -4.708745e-01 -7.853061e-01
    outer loop
      vertex   -3.714571e+01 -2.555744e+01 6.437576e-01
      vertex   -3.735815e+01 -2.535815e+01 6.329966e-01
      vertex   -3.694104e+01 -2.531393e+01 3.929863e-01
    endloop
  endfacet
  facet normal -4.036454e-01 -4.660114e-01 -7.873397e-01
    outer loop
      vertex   -3.694104e+01 -2.531393e+01 3.929863e-01
      vertex   -3.735815e+01 -2.535815e+01 6.329966e-01
      vertex   -3.713225e+01 -2.513225e+01 3.834816e-01
    endloop
  endfacet
  facet normal -3.517125e-01 -4.140852e-01 -8.395426e-01
    outer loop
      vertex   -3.694104e+01 -2.531393e+01 3.929863e-01
      vertex   -3.713225e+01 -2.513225e+01 3.834816e-01
      vertex   -3.673021e+01 -2.506157e+01 1.801875e-01
    endloop
  endfacet
  facet normal -3.535352e-01 -4.088669e-01 -8.413327e-01
    outer loop
      vertex   -3.673021e+01 -2.506157e+01 1.801875e-01
      vertex   -3.713225e+01 -2.513225e+01 3.834816e-01
      vertex   -3.689915e+01 -2.489915e+01 1.722452e-01
    endloop
  endfacet
  facet normal -3.027841e-01 -3.581266e-01 -8.832141e-01
    outer loop
      vertex   -3.673021e+01 -2.506157e+01 1.801875e-01
      vertex   -3.689915e+01 -2.489915e+01 1.722452e-01
      vertex   -3.651596e+01 -2.480363e+01 2.150431e-03
    endloop
  endfacet
  facet normal -3.047548e-01 -3.528173e-01 -8.846720e-01
    outer loop
      vertex   -3.651596e+01 -2.480363e+01 2.150431e-03
      vertex   -3.689915e+01 -2.489915e+01 1.722452e-01
      vertex   -3.666189e+01 -2.466189e+01 -4.108840e-03
    endloop
  endfacet
  facet normal -2.541080e-01 -3.021806e-01 -9.187579e-01
    outer loop
      vertex   -3.651596e+01 -2.480363e+01 2.150431e-03
      vertex   -3.666189e+01 -2.466189e+01 -4.108840e-03
      vertex   -3.629929e+01 -2.454151e+01 -1.439857e-01
    endloop
  endfacet
  facet normal -2.562987e-01 -2.968813e-01 -9.198763e-01
    outer loop
      vertex   -3.629929e+01 -2.454151e+01 -1.439857e-01
      vertex   -3.666189e+01 -2.466189e+01 -4.108840e-03
      vertex   -3.642163e+01 -2.442163e+01 -1.485874e-01
    endloop
  endfacet
  facet normal -2.053365e-01 -2.459233e-01 -9.472902e-01
    outer loop
      vertex   -3.629929e+01 -2.454151e+01 -1.439857e-01
      vertex   -3.642163e+01 -2.442163e+01 -1.485874e-01
      vertex   -3.608084e+01 -2.427619e+01 -2.602169e-01
    endloop
  endfacet
  facet normal -2.078627e-01 -2.406253e-01 -9.480994e-01
    outer loop
      vertex   -3.608084e+01 -2.427619e+01 -2.602169e-01
      vertex   -3.642163e+01 -2.442163e+01 -1.485874e-01
      vertex   -3.617915e+01 -2.417915e+01 -2.632896e-01
    endloop
  endfacet
  facet normal -1.576469e-01 -1.904084e-01 -9.689644e-01
    outer loop
      vertex   -3.608084e+01 -2.427619e+01 -2.602169e-01
      vertex   -3.617915e+01 -2.417915e+01 -2.632896e-01
      vertex   -3.586126e+01 -2.400865e+01 -3.485164e-01
    endloop
  endfacet
  facet normal -1.605838e-01 -1.851967e-01 -9.694922e-01
    outer loop
      vertex   -3.586126e+01 -2.400865e+01 -3.485164e-01
      vertex   -3.617915e+01 -2.417915e+01 -2.632896e-01
      vertex   -3.593522e+01 -2.393522e+01 -3.502910e-01
    endloop
  endfacet
  facet normal -1.117660e-01 -1.363787e-01 -9.843319e-01
    outer loop
      vertex   -3.586126e+01 -2.400865e+01 -3.485164e-01
      vertex   -3.593522e+01 -2.393522e+01 -3.502910e-01
      vertex   -3.564114e+01 -2.373981e+01 -4.107573e-01
    endloop
  endfacet
  facet normal -1.150569e-01 -1.315137e-01 -9.846147e-01
    outer loop
      vertex   -3.564114e+01 -2.373981e+01 -4.107573e-01
      vertex   -3.593522e+01 -2.393522e+01 -3.502910e-01
      vertex   -3.569055e+01 -2.369055e+01 -4.115618e-01
    endloop
  endfacet
  facet normal -6.603191e-02 -8.248934e-02 -9.944020e-01
    outer loop
      vertex   -3.564114e+01 -2.373981e+01 -4.107573e-01
      vertex   -3.569055e+01 -2.369055e+01 -4.115618e-01
      vertex   -3.542066e+01 -2.347012e+01 -4.477693e-01
    endloop
  endfacet
  facet normal -6.970005e-02 -7.801631e-02 -9.945126e-01
    outer loop
      vertex   -3.542066e+01 -2.347012e+01 -4.477693e-01
      vertex   -3.569055e+01 -2.369055e+01 -4.115618e-01
      vertex   -3.544540e+01 -2.344540e+01 -4.479746e-01
    endloop
  endfacet
  facet normal -2.032838e-02 -2.864460e-02 -9.993829e-01
    outer loop
      vertex   -3.542066e+01 -2.347012e+01 -4.477693e-01
      vertex   -3.544540e+01 -2.344540e+01 -4.479746e-01
      vertex   -3.520000e+01 -2.320000e+01 -4.600000e-01
    endloop
  endfacet
  facet normal -7.607300e-01 -6.453394e-01 -6.947643e-02
    outer loop
      vertex   -3.829603e+01 -2.629603e+01 3.028272e+00
      vertex   -3.832132e+01 -2.632132e+01 3.540000e+00
      vertex   -3.861240e+01 -2.592369e+01 3.033779e+00
    endloop
  endfacet
  facet normal -7.718935e-01 -6.334766e-01 -5.373929e-02
    outer loop
      vertex   -3.861240e+01 -2.592369e+01 3.033779e+00
      vertex   -3.832132e+01 -2.632132e+01 3.540000e+00
      vertex   -3.869441e+01 -2.586671e+01 3.540000e+00
    endloop
  endfacet
  facet normal -8.523831e-01 -5.167752e-01 -7.991467e-02
    outer loop
      vertex   -3.861240e+01 -2.592369e+01 3.033779e+00
      vertex   -3.869441e+01 -2.586671e+01 3.540000e+00
      vertex   -3.885318e+01 -2.552889e+01 3.048933e+00
    endloop
  endfacet
  facet normal -8.812463e-01 -4.710359e-01 -3.911700e-02
    outer loop
      vertex   -3.885318e+01 -2.552889e+01 3.048933e+00
      vertex   -3.869441e+01 -2.586671e+01 3.540000e+00
      vertex   -3.897164e+01 -2.534805e+01 3.540000e+00
    endloop
  endfacet
  facet normal -9.217910e-01 -3.787217e-01 -8.289273e-02
    outer loop
      vertex   -3.885318e+01 -2.552889e+01 3.048933e+00
      vertex   -3.897164e+01 -2.534805e+01 3.540000e+00
      vertex   -3.903062e+01 -2.510238e+01 3.073439e+00
    endloop
  endfacet
  facet normal -9.564543e-01 -2.901372e-01 -3.186723e-02
    outer loop
      vertex   -3.903062e+01 -2.510238e+01 3.073439e+00
      vertex   -3.897164e+01 -2.534805e+01 3.540000e+00
      vertex   -3.914236e+01 -2.478527e+01 3.540000e+00
    endloop
  endfacet
  facet normal -9.697764e-01 -2.324095e-01 -7.429433e-02
    outer loop
      vertex   -3.903062e+01 -2.510238e+01 3.073439e+00
      vertex   -3.914236e+01 -2.478527e+01 3.540000e+00
      vertex   -3.914057e+01 -2.465422e+01 3.106716e+00
    endloop
  endfacet
  facet normal -9.946184e-01 -9.796136e-02 -3.373284e-02
    outer loop
      vertex   -3.914057e+01 -2.465422e+01 3.106716e+00
      vertex   -3.914236e+01 -2.478527e+01 3.540000e+00
      vertex   -3.920000e+01 -2.420000e+01 3.540000e+00
    endloop
  endfacet
  facet normal -9.950432e-01 -4.618919e-02 -8.806526e-02
    outer loop
      vertex   -3.914057e+01 -2.465422e+01 3.106716e+00
      vertex   -3.920000e+01 -2.420000e+01 3.540000e+00
      vertex   -3.913923e+01 -2.418481e+01 2.845407e+00
    endloop
  endfacet
  facet normal -9.825680e-01 -8.827653e-02 -1.636074e-01
    outer loop
      vertex   -3.914057e+01 -2.465422e+01 3.106716e+00
      vertex   -3.913923e+01 -2.418481e+01 2.845407e+00
      vertex   -3.907233e+01 -2.462535e+01 2.681319e+00
    endloop
  endfacet
  facet normal -9.639426e-01 -4.896102e-02 -2.615674e-01
    outer loop
      vertex   -3.907233e+01 -2.462535e+01 2.681319e+00
      vertex   -3.913923e+01 -2.418481e+01 2.845407e+00
      vertex   -3.895877e+01 -2.413969e+01 2.171919e+00
    endloop
  endfacet
  facet normal -9.620011e-01 -5.547980e-02 -2.673496e-01
    outer loop
      vertex   -3.907233e+01 -2.462535e+01 2.681319e+00
      vertex   -3.895877e+01 -2.413969e+01 2.171919e+00
      vertex   -3.896108e+01 -2.457890e+01 2.271371e+00
    endloop
  endfacet
  facet normal -9.253049e-01 -7.911511e-02 -3.708795e-01
    outer loop
      vertex   -3.896108e+01 -2.457890e+01 2.271371e+00
      vertex   -3.895877e+01 -2.413969e+01 2.171919e+00
      vertex   -3.881037e+01 -2.451710e+01 1.882173e+00
    endloop
  endfacet
  facet normal -8.973757e-01 -2.201080e-01 -3.824518e-01
    outer loop
      vertex   -3.896108e+01 -2.457890e+01 2.271371e+00
      vertex   -3.881037e+01 -2.451710e+01 1.882173e+00
      vertex   -3.867232e+01 -2.490259e+01 1.780123e+00
    endloop
  endfacet
  facet normal -8.498594e-01 -1.725096e-01 -4.979753e-01
    outer loop
      vertex   -3.867232e+01 -2.490259e+01 1.780123e+00
      vertex   -3.881037e+01 -2.451710e+01 1.882173e+00
      vertex   -3.847567e+01 -2.479621e+01 1.407659e+00
    endloop
  endfacet
  facet normal -7.951965e-01 -3.241626e-01 -5.124267e-01
    outer loop
      vertex   -3.867232e+01 -2.490259e+01 1.780123e+00
      vertex   -3.847567e+01 -2.479621e+01 1.407659e+00
      vertex   -3.828481e+01 -2.513749e+01 1.327377e+00
    endloop
  endfacet
  facet normal -7.403129e-01 -2.690914e-01 -6.160574e-01
    outer loop
      vertex   -3.828481e+01 -2.513749e+01 1.327377e+00
      vertex   -3.847567e+01 -2.479621e+01 1.407659e+00
      vertex   -3.805959e+01 -2.498694e+01 9.909695e-01
    endloop
  endfacet
  facet normal -6.696878e-01 -3.984827e-01 -6.266816e-01
    outer loop
      vertex   -3.828481e+01 -2.513749e+01 1.327377e+00
      vertex   -3.805959e+01 -2.498694e+01 9.909695e-01
      vertex   -3.783779e+01 -2.528236e+01 9.417944e-01
    endloop
  endfacet
  facet normal -6.126495e-01 -3.413140e-01 -7.128572e-01
    outer loop
      vertex   -3.783779e+01 -2.528236e+01 9.417944e-01
      vertex   -3.805959e+01 -2.498694e+01 9.909695e-01
      vertex   -3.760366e+01 -2.509235e+01 6.496025e-01
    endloop
  endfacet
  facet normal -5.330181e-01 -4.474802e-01 -7.180900e-01
    outer loop
      vertex   -3.783779e+01 -2.528236e+01 9.417944e-01
      vertex   -3.760366e+01 -2.509235e+01 6.496025e-01
      vertex   -3.735815e+01 -2.535815e+01 6.329966e-01
    endloop
  endfacet
  facet normal -4.772371e-01 -3.916718e-01 -7.866626e-01
    outer loop
      vertex   -3.735815e+01 -2.535815e+01 6.329966e-01
      vertex   -3.760366e+01 -2.509235e+01 6.496025e-01
      vertex   -3.713225e+01 -2.513225e+01 3.834816e-01
    endloop
  endfacet
  facet normal -9.046098e-01 -2.924679e-02 -4.252360e-01
    outer loop
      vertex   -3.895877e+01 -2.413969e+01 2.171919e+00
      vertex   -3.866410e+01 -2.406603e+01 1.540000e+00
      vertex   -3.881037e+01 -2.451710e+01 1.882173e+00
    endloop
  endfacet
  facet normal -8.831535e-01 -6.593330e-02 -4.644273e-01
    outer loop
      vertex   -3.881037e+01 -2.451710e+01 1.882173e+00
      vertex   -3.866410e+01 -2.406603e+01 1.540000e+00
      vertex   -3.862411e+01 -2.444225e+01 1.517357e+00
    endloop
  endfacet
  facet normal -8.528262e-01 -2.093839e-01 -4.783783e-01
    outer loop
      vertex   -3.881037e+01 -2.451710e+01 1.882173e+00
      vertex   -3.862411e+01 -2.444225e+01 1.517357e+00
      vertex   -3.847567e+01 -2.479621e+01 1.407659e+00
    endloop
  endfacet
  facet normal -7.954067e-01 -1.517093e-01 -5.867815e-01
    outer loop
      vertex   -3.847567e+01 -2.479621e+01 1.407659e+00
      vertex   -3.862411e+01 -2.444225e+01 1.517357e+00
      vertex   -3.825004e+01 -2.467677e+01 1.070933e+00
    endloop
  endfacet
  facet normal -7.401922e-01 -2.992672e-01 -6.021251e-01
    outer loop
      vertex   -3.847567e+01 -2.479621e+01 1.407659e+00
      vertex   -3.825004e+01 -2.467677e+01 1.070933e+00
      vertex   -3.805959e+01 -2.498694e+01 9.909695e-01
    endloop
  endfacet
  facet normal -6.792515e-01 -2.381084e-01 -6.942059e-01
    outer loop
      vertex   -3.805959e+01 -2.498694e+01 9.909695e-01
      vertex   -3.825004e+01 -2.467677e+01 1.070933e+00
      vertex   -3.781426e+01 -2.482560e+01 6.955796e-01
    endloop
  endfacet
  facet normal -6.109861e-01 -3.609120e-01 -7.045840e-01
    outer loop
      vertex   -3.805959e+01 -2.498694e+01 9.909695e-01
      vertex   -3.781426e+01 -2.482560e+01 6.955796e-01
      vertex   -3.760366e+01 -2.509235e+01 6.496025e-01
    endloop
  endfacet
  facet normal -5.505109e-01 -3.003555e-01 -7.789251e-01
    outer loop
      vertex   -3.760366e+01 -2.509235e+01 6.496025e-01
      vertex   -3.781426e+01 -2.482560e+01 6.955796e-01
      vertex   -3.735647e+01 -2.489332e+01 3.981520e-01
    endloop
  endfacet
  facet normal -4.761859e-01 -3.987470e-01 -7.837396e-01
    outer loop
      vertex   -3.760366e+01 -2.509235e+01 6.496025e-01
      vertex   -3.735647e+01 -2.489332e+01 3.981520e-01
      vertex   -3.713225e+01 -2.513225e+01 3.834816e-01
    endloop
  endfacet
  facet normal -4.196486e-01 -3.421924e-01 -8.407136e-01
    outer loop
      vertex   -3.713225e+01 -2.513225e+01 3.834816e-01
      vertex   -3.735647e+01 -2.489332e+01 3.981520e-01
      vertex   -3.689915e+01 -2.489915e+01 1.722452e-01
    endloop
  endfacet
  facet normal -8.319788e-01 -5.521939e-02 -5.520525e-01
    outer loop
      vertex   -3.862411e+01 -2.444225e+01 1.517357e+00
      vertex   -3.866410e+01 -2.406603e+01 1.540000e+00
      vertex   -3.840624e+01 -2.435662e+01 1.180447e+00
    endloop
  endfacet
  facet normal -8.179072e-01 -1.412158e-02 -5.751768e-01
    outer loop
      vertex   -3.840624e+01 -2.435662e+01 1.180447e+00
      vertex   -3.866410e+01 -2.406603e+01 1.540000e+00
      vertex   -3.826418e+01 -2.396604e+01 9.688496e-01
    endloop
  endfacet
  facet normal -7.697255e-01 -6.413398e-02 -6.351453e-01
    outer loop
      vertex   -3.840624e+01 -2.435662e+01 1.180447e+00
      vertex   -3.826418e+01 -2.396604e+01 9.688496e-01
      vertex   -3.816061e+01 -2.426222e+01 8.732445e-01
    endloop
  endfacet
  facet normal -7.114817e-01 -2.207147e-02 -7.023579e-01
    outer loop
      vertex   -3.816061e+01 -2.426222e+01 8.732445e-01
      vertex   -3.826418e+01 -2.396604e+01 9.688496e-01
      vertex   -3.789053e+01 -2.416040e+01 5.964585e-01
    endloop
  endfacet
  facet normal -6.745463e-01 -1.661054e-01 -7.193027e-01
    outer loop
      vertex   -3.816061e+01 -2.426222e+01 8.732445e-01
      vertex   -3.789053e+01 -2.416040e+01 5.964585e-01
      vertex   -3.773147e+01 -2.441100e+01 5.051676e-01
    endloop
  endfacet
  facet normal -5.988697e-01 -9.022523e-02 -7.957477e-01
    outer loop
      vertex   -3.773147e+01 -2.441100e+01 5.051676e-01
      vertex   -3.789053e+01 -2.416040e+01 5.964585e-01
      vertex   -3.744596e+01 -2.426868e+01 2.741531e-01
    endloop
  endfacet
  facet normal -5.462313e-01 -2.172750e-01 -8.089641e-01
    outer loop
      vertex   -3.773147e+01 -2.441100e+01 5.051676e-01
      vertex   -3.744596e+01 -2.426868e+01 2.741531e-01
      vertex   -3.727906e+01 -2.448122e+01 2.185463e-01
    endloop
  endfacet
  facet normal -4.771125e-01 -1.480024e-01 -8.662903e-01
    outer loop
      vertex   -3.727906e+01 -2.448122e+01 2.185463e-01
      vertex   -3.744596e+01 -2.426868e+01 2.741531e-01
      vertex   -3.699642e+01 -2.430294e+01 3.241938e-02
    endloop
  endfacet
  facet normal -4.205034e-01 -2.452804e-01 -8.735070e-01
    outer loop
      vertex   -3.727906e+01 -2.448122e+01 2.185463e-01
      vertex   -3.699642e+01 -2.430294e+01 3.241938e-02
      vertex   -3.683736e+01 -2.447995e+01 5.555895e-03
    endloop
  endfacet
  facet normal -3.588892e-01 -1.835981e-01 -9.151449e-01
    outer loop
      vertex   -3.683736e+01 -2.447995e+01 5.555895e-03
      vertex   -3.699642e+01 -2.430294e+01 3.241938e-02
      vertex   -3.657022e+01 -2.426924e+01 -1.414810e-01
    endloop
  endfacet
  facet normal -3.046715e-01 -2.542552e-01 -9.178941e-01
    outer loop
      vertex   -3.683736e+01 -2.447995e+01 5.555895e-03
      vertex   -3.657022e+01 -2.426924e+01 -1.414810e-01
      vertex   -3.642163e+01 -2.442163e+01 -1.485874e-01
    endloop
  endfacet
  facet normal -2.493750e-01 -1.989481e-01 -9.477509e-01
    outer loop
      vertex   -3.642163e+01 -2.442163e+01 -1.485874e-01
      vertex   -3.657022e+01 -2.426924e+01 -1.414810e-01
      vertex   -3.617915e+01 -2.417915e+01 -2.632896e-01
    endloop
  endfacet
  facet normal -7.067180e-01 -3.082825e-03 -7.074887e-01
    outer loop
      vertex   -3.826418e+01 -2.396604e+01 9.688496e-01
      vertex   -3.777115e+01 -2.384279e+01 4.758222e-01
      vertex   -3.789053e+01 -2.416040e+01 5.964585e-01
    endloop
  endfacet
  facet normal -6.312127e-01 -5.655261e-02 -7.735453e-01
    outer loop
      vertex   -3.789053e+01 -2.416040e+01 5.964585e-01
      vertex   -3.777115e+01 -2.384279e+01 4.758222e-01
      vertex   -3.759922e+01 -2.405246e+01 3.508535e-01
    endloop
  endfacet
  facet normal -6.040346e-01 -1.505301e-01 -7.826129e-01
    outer loop
      vertex   -3.789053e+01 -2.416040e+01 5.964585e-01
      vertex   -3.759922e+01 -2.405246e+01 3.508535e-01
      vertex   -3.744596e+01 -2.426868e+01 2.741531e-01
    endloop
  endfacet
  facet normal -5.261414e-01 -7.236779e-02 -8.473123e-01
    outer loop
      vertex   -3.744596e+01 -2.426868e+01 2.741531e-01
      vertex   -3.759922e+01 -2.405246e+01 3.508535e-01
      vertex   -3.714754e+01 -2.412243e+01 7.636181e-02
    endloop
  endfacet
  facet normal -4.761796e-01 -1.896490e-01 -8.586537e-01
    outer loop
      vertex   -3.744596e+01 -2.426868e+01 2.741531e-01
      vertex   -3.714754e+01 -2.412243e+01 7.636181e-02
      vertex   -3.699642e+01 -2.430294e+01 3.241938e-02
    endloop
  endfacet
  facet normal -4.068019e-01 -1.201387e-01 -9.055821e-01
    outer loop
      vertex   -3.699642e+01 -2.430294e+01 3.241938e-02
      vertex   -3.714754e+01 -2.412243e+01 7.636181e-02
      vertex   -3.670670e+01 -2.412216e+01 -1.217082e-01
    endloop
  endfacet
  facet normal -3.554820e-01 -2.073435e-01 -9.113952e-01
    outer loop
      vertex   -3.699642e+01 -2.430294e+01 3.241938e-02
      vertex   -3.670670e+01 -2.412216e+01 -1.217082e-01
      vertex   -3.657022e+01 -2.426924e+01 -1.414810e-01
    endloop
  endfacet
  facet normal -2.940382e-01 -1.458632e-01 -9.445981e-01
    outer loop
      vertex   -3.657022e+01 -2.426924e+01 -1.414810e-01
      vertex   -3.670670e+01 -2.412216e+01 -1.217082e-01
      vertex   -3.629955e+01 -2.405679e+01 -2.585438e-01
    endloop
  endfacet
  facet normal -2.472809e-01 -2.065737e-01 -9.466676e-01
    outer loop
      vertex   -3.657022e+01 -2.426924e+01 -1.414810e-01
      vertex   -3.629955e+01 -2.405679e+01 -2.585438e-01
      vertex   -3.617915e+01 -2.417915e+01 -2.632896e-01
    endloop
  endfacet
  facet normal -1.931996e-01 -1.524900e-01 -9.692372e-01
    outer loop
      vertex   -3.617915e+01 -2.417915e+01 -2.632896e-01
      vertex   -3.629955e+01 -2.405679e+01 -2.585438e-01
      vertex   -3.593522e+01 -2.393522e+01 -3.502910e-01
    endloop
  endfacet
  facet normal -5.759962e-01 1.481575e-02 -8.173181e-01
    outer loop
      vertex   -3.777115e+01 -2.384279e+01 4.758222e-01
      vertex   -3.720000e+01 -2.370000e+01 7.589838e-02
      vertex   -3.759922e+01 -2.405246e+01 3.508535e-01
    endloop
  endfacet
  facet normal -5.691643e-01 3.255388e-03 -8.222174e-01
    outer loop
      vertex   -3.759922e+01 -2.405246e+01 3.508535e-01
      vertex   -3.720000e+01 -2.370000e+01 7.589838e-02
      vertex   -3.728978e+01 -2.393958e+01 1.370996e-01
    endloop
  endfacet
  facet normal -5.297278e-01 -1.338641e-01 -8.375374e-01
    outer loop
      vertex   -3.759922e+01 -2.405246e+01 3.508535e-01
      vertex   -3.728978e+01 -2.393958e+01 1.370996e-01
      vertex   -3.714754e+01 -2.412243e+01 7.636181e-02
    endloop
  endfacet
  facet normal -4.510025e-01 -5.492130e-02 -8.908313e-01
    outer loop
      vertex   -3.714754e+01 -2.412243e+01 7.636181e-02
      vertex   -3.728978e+01 -2.393958e+01 1.370996e-01
      vertex   -3.683846e+01 -2.397304e+01 -8.932718e-02
    endloop
  endfacet
  facet normal -4.043485e-01 -1.618114e-01 -9.001774e-01
    outer loop
      vertex   -3.714754e+01 -2.412243e+01 7.636181e-02
      vertex   -3.683846e+01 -2.397304e+01 -8.932718e-02
      vertex   -3.670670e+01 -2.412216e+01 -1.217082e-01
    endloop
  endfacet
  facet normal -3.351731e-01 -9.256340e-02 -9.375985e-01
    outer loop
      vertex   -3.670670e+01 -2.412216e+01 -1.217082e-01
      vertex   -3.683846e+01 -2.397304e+01 -8.932718e-02
      vertex   -3.641134e+01 -2.393949e+01 -2.453271e-01
    endloop
  endfacet
  facet normal -2.893682e-01 -1.696455e-01 -9.420650e-01
    outer loop
      vertex   -3.670670e+01 -2.412216e+01 -1.217082e-01
      vertex   -3.641134e+01 -2.393949e+01 -2.453271e-01
      vertex   -3.629955e+01 -2.405679e+01 -2.585438e-01
    endloop
  endfacet
  facet normal -2.293959e-01 -1.096621e-01 -9.671358e-01
    outer loop
      vertex   -3.629955e+01 -2.405679e+01 -2.585438e-01
      vertex   -3.641134e+01 -2.393949e+01 -2.453271e-01
      vertex   -3.602639e+01 -2.384322e+01 -3.475497e-01
    endloop
  endfacet
  facet normal -1.905388e-01 -1.599537e-01 -9.685607e-01
    outer loop
      vertex   -3.629955e+01 -2.405679e+01 -2.585438e-01
      vertex   -3.602639e+01 -2.384322e+01 -3.475497e-01
      vertex   -3.593522e+01 -2.393522e+01 -3.502910e-01
    endloop
  endfacet
  facet normal -1.385585e-01 -1.079710e-01 -9.844510e-01
    outer loop
      vertex   -3.593522e+01 -2.393522e+01 -3.502910e-01
      vertex   -3.602639e+01 -2.384322e+01 -3.475497e-01
      vertex   -3.569055e+01 -2.369055e+01 -4.115618e-01
    endloop
  endfacet
  facet normal -4.744929e-01 -4.673234e-02 -8.790179e-01
    outer loop
      vertex   -3.728978e+01 -2.393958e+01 1.370996e-01
      vertex   -3.720000e+01 -2.370000e+01 7.589838e-02
      vertex   -3.696491e+01 -2.382254e+01 -4.448936e-02
    endloop
  endfacet
  facet normal -4.329519e-01 5.341094e-02 -8.998333e-01
    outer loop
      vertex   -3.696491e+01 -2.382254e+01 -4.448936e-02
      vertex   -3.720000e+01 -2.370000e+01 7.589838e-02
      vertex   -3.656808e+01 -2.354202e+01 -2.187705e-01
    endloop
  endfacet
  facet normal -4.058067e-01 6.248864e-03 -9.139376e-01
    outer loop
      vertex   -3.696491e+01 -2.382254e+01 -4.448936e-02
      vertex   -3.656808e+01 -2.354202e+01 -2.187705e-01
      vertex   -3.662720e+01 -2.370207e+01 -1.936125e-01
    endloop
  endfacet
  facet normal -3.051894e-01 -3.683699e-02 -9.515789e-01
    outer loop
      vertex   -3.662720e+01 -2.370207e+01 -1.936125e-01
      vertex   -3.656808e+01 -2.354202e+01 -2.187705e-01
      vertex   -3.627929e+01 -2.357888e+01 -3.099649e-01
    endloop
  endfacet
  facet normal -2.891192e-01 -8.412390e-02 -9.535897e-01
    outer loop
      vertex   -3.662720e+01 -2.370207e+01 -1.936125e-01
      vertex   -3.627929e+01 -2.357888e+01 -3.099649e-01
      vertex   -3.619613e+01 -2.366734e+01 -3.273741e-01
    endloop
  endfacet
  facet normal -2.144108e-01 -9.342684e-03 -9.766989e-01
    outer loop
      vertex   -3.619613e+01 -2.366734e+01 -3.273741e-01
      vertex   -3.627929e+01 -2.357888e+01 -3.099649e-01
      vertex   -3.586676e+01 -2.351228e+01 -4.011622e-01
    endloop
  endfacet
  facet normal -1.809288e-01 -8.206218e-02 -9.800666e-01
    outer loop
      vertex   -3.619613e+01 -2.366734e+01 -3.273741e-01
      vertex   -3.586676e+01 -2.351228e+01 -4.011622e-01
      vertex   -3.580941e+01 -2.357076e+01 -4.068528e-01
    endloop
  endfacet
  facet normal -1.183919e-01 -1.949888e-02 -9.927755e-01
    outer loop
      vertex   -3.580941e+01 -2.357076e+01 -4.068528e-01
      vertex   -3.586676e+01 -2.351228e+01 -4.011622e-01
      vertex   -3.550517e+01 -2.338551e+01 -4.467725e-01
    endloop
  endfacet
  facet normal -9.257297e-02 -6.211495e-02 -9.937666e-01
    outer loop
      vertex   -3.580941e+01 -2.357076e+01 -4.068528e-01
      vertex   -3.550517e+01 -2.338551e+01 -4.467725e-01
      vertex   -3.547612e+01 -2.341465e+01 -4.476574e-01
    endloop
  endfacet
  facet normal -3.845288e-02 -7.991459e-03 -9.992285e-01
    outer loop
      vertex   -3.547612e+01 -2.341465e+01 -4.476574e-01
      vertex   -3.550517e+01 -2.338551e+01 -4.467725e-01
      vertex   -3.520000e+01 -2.320000e+01 -4.600000e-01
    endloop
  endfacet
  facet normal -2.849168e-01 1.204352e-01 -9.509563e-01
    outer loop
      vertex   -3.656808e+01 -2.354202e+01 -2.187705e-01
      vertex   -3.589459e+01 -2.337365e+01 -3.992310e-01
      vertex   -3.627929e+01 -2.357888e+01 -3.099649e-01
    endloop
  endfacet
  facet normal -2.320323e-01 1.187977e-02 -9.726355e-01
    outer loop
      vertex   -3.627929e+01 -2.357888e+01 -3.099649e-01
      vertex   -3.589459e+01 -2.337365e+01 -3.992310e-01
      vertex   -3.592376e+01 -2.345370e+01 -3.932509e-01
    endloop
  endfacet
  facet normal -2.049530e-01 -6.755840e-02 -9.764375e-01
    outer loop
      vertex   -3.627929e+01 -2.357888e+01 -3.099649e-01
      vertex   -3.592376e+01 -2.345370e+01 -3.932509e-01
      vertex   -3.586676e+01 -2.351228e+01 -4.011622e-01
    endloop
  endfacet
  facet normal -1.334545e-01 3.992490e-03 -9.910469e-01
    outer loop
      vertex   -3.586676e+01 -2.351228e+01 -4.011622e-01
      vertex   -3.592376e+01 -2.345370e+01 -3.932509e-01
      vertex   -3.553419e+01 -2.335635e+01 -4.453188e-01
    endloop
  endfacet
  facet normal -1.057126e-01 -5.568681e-02 -9.928362e-01
    outer loop
      vertex   -3.586676e+01 -2.351228e+01 -4.011622e-01
      vertex   -3.553419e+01 -2.335635e+01 -4.453188e-01
      vertex   -3.550517e+01 -2.338551e+01 -4.467725e-01
    endloop
  endfacet
  facet normal -4.584501e-02 4.189671e-03 -9.989398e-01
    outer loop
      vertex   -3.550517e+01 -2.338551e+01 -4.467725e-01
      vertex   -3.553419e+01 -2.335635e+01 -4.453188e-01
      vertex   -3.520000e+01 -2.320000e+01 -4.600000e-01
    endloop
  endfacet
  facet normal -1.279599e-01 -2.743754e-02 -9.913997e-01
    outer loop
      vertex   -3.592376e+01 -2.345370e+01 -3.932509e-01
      vertex   -3.589459e+01 -2.337365e+01 -3.992310e-01
      vertex   -3.556315e+01 -2.332719e+01 -4.432960e-01
    endloop
  endfacet
  facet normal -1.737701e-01 3.766529e-01 -9.099102e-01
    outer loop
      vertex   -3.556315e+01 -2.332719e+01 -4.432960e-01
      vertex   -3.589459e+01 -2.337365e+01 -3.992310e-01
      vertex   -3.520000e+01 -2.320000e+01 -4.600000e-01
    endloop
  endfacet
  facet normal 1.478296e-01 -2.902903e-01 -9.454512e-01
    outer loop
      vertex   -3.554202e+01 -2.456808e+01 -2.187705e-01
      vertex   -3.556370e+01 -2.429342e+01 -3.064925e-01
      vertex   -3.537365e+01 -2.389459e+01 -3.992310e-01
    endloop
  endfacet
  facet normal 2.802936e-02 -2.390508e-01 -9.706024e-01
    outer loop
      vertex   -3.537365e+01 -2.389459e+01 -3.992310e-01
      vertex   -3.556370e+01 -2.429342e+01 -3.064925e-01
      vertex   -3.544366e+01 -2.393349e+01 -3.916718e-01
    endloop
  endfacet
  facet normal -3.657559e-02 -1.267974e-01 -9.912541e-01
    outer loop
      vertex   -3.537365e+01 -2.389459e+01 -3.992310e-01
      vertex   -3.544366e+01 -2.393349e+01 -3.916718e-01
      vertex   -3.532219e+01 -2.356811e+01 -4.428920e-01
    endloop
  endfacet
  facet normal 6.451857e-03 -1.409259e-01 -9.899991e-01
    outer loop
      vertex   -3.532219e+01 -2.356811e+01 -4.428920e-01
      vertex   -3.544366e+01 -2.393349e+01 -3.916718e-01
      vertex   -3.549220e+01 -2.388635e+01 -3.986990e-01
    endloop
  endfacet
  facet normal -4.116446e-02 -1.158237e-01 -9.924164e-01
    outer loop
      vertex   -3.532219e+01 -2.356811e+01 -4.428920e-01
      vertex   -3.549220e+01 -2.388635e+01 -3.986990e-01
      vertex   -3.534635e+01 -2.354412e+01 -4.446892e-01
    endloop
  endfacet
  facet normal -1.277963e-02 -1.278259e-01 -9.917143e-01
    outer loop
      vertex   -3.534635e+01 -2.354412e+01 -4.446892e-01
      vertex   -3.549220e+01 -2.388635e+01 -3.986990e-01
      vertex   -3.554193e+01 -2.383773e+01 -4.043244e-01
    endloop
  endfacet
  facet normal -4.701643e-02 -1.052428e-01 -9.933345e-01
    outer loop
      vertex   -3.534635e+01 -2.354412e+01 -4.446892e-01
      vertex   -3.554193e+01 -2.383773e+01 -4.043244e-01
      vertex   -3.537113e+01 -2.351949e+01 -4.461267e-01
    endloop
  endfacet
  facet normal -4.258692e-02 -3.070122e-01 -9.507523e-01
    outer loop
      vertex   -3.556370e+01 -2.429342e+01 -3.064925e-01
      vertex   -3.554202e+01 -2.456808e+01 -2.187705e-01
      vertex   -3.568161e+01 -2.464517e+01 -1.876253e-01
    endloop
  endfacet
  facet normal 3.600283e-02 -4.297233e-01 -9.022426e-01
    outer loop
      vertex   -3.568161e+01 -2.464517e+01 -1.876253e-01
      vertex   -3.554202e+01 -2.456808e+01 -2.187705e-01
      vertex   -3.570000e+01 -2.520000e+01 7.589838e-02
    endloop
  endfacet
  facet normal 8.516082e-02 -4.297712e-01 -8.989129e-01
    outer loop
      vertex   -3.568161e+01 -2.464517e+01 -1.876253e-01
      vertex   -3.570000e+01 -2.520000e+01 7.589838e-02
      vertex   -3.579665e+01 -2.498601e+01 -3.556584e-02
    endloop
  endfacet
  facet normal -4.837290e-02 -4.785321e-01 -8.767366e-01
    outer loop
      vertex   -3.579665e+01 -2.498601e+01 -3.556584e-02
      vertex   -3.570000e+01 -2.520000e+01 7.589838e-02
      vertex   -3.590808e+01 -2.531321e+01 1.491715e-01
    endloop
  endfacet
  facet normal -5.297196e-02 -4.772197e-01 -8.771861e-01
    outer loop
      vertex   -3.579665e+01 -2.498601e+01 -3.556584e-02
      vertex   -3.590808e+01 -2.531321e+01 1.491715e-01
      vertex   -3.605993e+01 -2.519737e+01 9.531923e-02
    endloop
  endfacet
  facet normal -9.878951e-02 -5.230430e-01 -8.465617e-01
    outer loop
      vertex   -3.605993e+01 -2.519737e+01 9.531923e-02
      vertex   -3.590808e+01 -2.531321e+01 1.491715e-01
      vertex   -3.619485e+01 -2.550012e+01 2.981140e-01
    endloop
  endfacet
  facet normal -1.293433e-01 -5.114214e-01 -8.495401e-01
    outer loop
      vertex   -3.605993e+01 -2.519737e+01 9.531923e-02
      vertex   -3.619485e+01 -2.550012e+01 2.981140e-01
      vertex   -3.637698e+01 -2.536299e+01 2.432915e-01
    endloop
  endfacet
  facet normal -1.730399e-01 -5.550874e-01 -8.135940e-01
    outer loop
      vertex   -3.637698e+01 -2.536299e+01 2.432915e-01
      vertex   -3.619485e+01 -2.550012e+01 2.981140e-01
      vertex   -3.653612e+01 -2.564326e+01 4.683621e-01
    endloop
  endfacet
  facet normal 2.721932e-02 -5.779211e-01 -8.156386e-01
    outer loop
      vertex   -3.570000e+01 -2.520000e+01 7.589838e-02
      vertex   -3.584279e+01 -2.577115e+01 4.758222e-01
      vertex   -3.590808e+01 -2.531321e+01 1.491715e-01
    endloop
  endfacet
  facet normal 2.590767e-02 -5.780656e-01 -8.155789e-01
    outer loop
      vertex   -3.590808e+01 -2.531321e+01 1.491715e-01
      vertex   -3.584279e+01 -2.577115e+01 4.758222e-01
      vertex   -3.601515e+01 -2.562403e+01 3.660744e-01
    endloop
  endfacet
  facet normal -6.902372e-02 -5.548073e-01 -8.291107e-01
    outer loop
      vertex   -3.590808e+01 -2.531321e+01 1.491715e-01
      vertex   -3.601515e+01 -2.562403e+01 3.660744e-01
      vertex   -3.619485e+01 -2.550012e+01 2.981140e-01
    endloop
  endfacet
  facet normal -1.121774e-01 -5.979414e-01 -7.936512e-01
    outer loop
      vertex   -3.619485e+01 -2.550012e+01 2.981140e-01
      vertex   -3.601515e+01 -2.562403e+01 3.660744e-01
      vertex   -3.632554e+01 -2.578831e+01 5.337154e-01
    endloop
  endfacet
  facet normal -1.536956e-01 -5.826919e-01 -7.980275e-01
    outer loop
      vertex   -3.619485e+01 -2.550012e+01 2.981140e-01
      vertex   -3.632554e+01 -2.578831e+01 5.337154e-01
      vertex   -3.653612e+01 -2.564326e+01 4.683621e-01
    endloop
  endfacet
  facet normal -1.966605e-01 -6.256434e-01 -7.549139e-01
    outer loop
      vertex   -3.653612e+01 -2.564326e+01 4.683621e-01
      vertex   -3.632554e+01 -2.578831e+01 5.337154e-01
      vertex   -3.668972e+01 -2.590939e+01 7.289317e-01
    endloop
  endfacet
  facet normal -5.353580e-02 -6.366255e-01 -7.693126e-01
    outer loop
      vertex   -3.601515e+01 -2.562403e+01 3.660744e-01
      vertex   -3.584279e+01 -2.577115e+01 4.758222e-01
      vertex   -3.611708e+01 -2.591572e+01 6.145427e-01
    endloop
  endfacet
  facet normal 1.730177e-02 -7.091603e-01 -7.048349e-01
    outer loop
      vertex   -3.611708e+01 -2.591572e+01 6.145427e-01
      vertex   -3.584279e+01 -2.577115e+01 4.758222e-01
      vertex   -3.596604e+01 -2.626418e+01 9.688496e-01
    endloop
  endfacet
  facet normal -1.643989e-02 -7.163627e-01 -6.975344e-01
    outer loop
      vertex   -3.611708e+01 -2.591572e+01 6.145427e-01
      vertex   -3.596604e+01 -2.626418e+01 9.688496e-01
      vertex   -3.621279e+01 -2.618521e+01 8.935700e-01
    endloop
  endfacet
  facet normal -5.596605e-02 -7.749970e-01 -6.294818e-01
    outer loop
      vertex   -3.621279e+01 -2.618521e+01 8.935700e-01
      vertex   -3.596604e+01 -2.626418e+01 9.688496e-01
      vertex   -3.630109e+01 -2.642941e+01 1.202065e+00
    endloop
  endfacet
  facet normal -1.169496e-01 -7.621413e-01 -6.367601e-01
    outer loop
      vertex   -3.621279e+01 -2.618521e+01 8.935700e-01
      vertex   -3.630109e+01 -2.642941e+01 1.202065e+00
      vertex   -3.656786e+01 -2.630758e+01 1.105249e+00
    endloop
  endfacet
  facet normal -1.542222e-01 -7.992963e-01 -5.808105e-01
    outer loop
      vertex   -3.656786e+01 -2.630758e+01 1.105249e+00
      vertex   -3.630109e+01 -2.642941e+01 1.202065e+00
      vertex   -3.667594e+01 -2.653148e+01 1.442066e+00
    endloop
  endfacet
  facet normal -2.295970e-01 -7.749656e-01 -5.888238e-01
    outer loop
      vertex   -3.656786e+01 -2.630758e+01 1.105249e+00
      vertex   -3.667594e+01 -2.653148e+01 1.442066e+00
      vertex   -3.697117e+01 -2.638407e+01 1.363170e+00
    endloop
  endfacet
  facet normal -2.677626e-01 -8.129922e-01 -5.170559e-01
    outer loop
      vertex   -3.697117e+01 -2.638407e+01 1.363170e+00
      vertex   -3.667594e+01 -2.653148e+01 1.442066e+00
      vertex   -3.709255e+01 -2.658290e+01 1.738663e+00
    endloop
  endfacet
  facet normal 5.382504e-03 -8.195826e-01 -5.729357e-01
    outer loop
      vertex   -3.596604e+01 -2.626418e+01 9.688496e-01
      vertex   -3.606603e+01 -2.666410e+01 1.540000e+00
      vertex   -3.630109e+01 -2.642941e+01 1.202065e+00
    endloop
  endfacet
  facet normal -4.864119e-02 -8.359145e-01 -5.467001e-01
    outer loop
      vertex   -3.630109e+01 -2.642941e+01 1.202065e+00
      vertex   -3.606603e+01 -2.666410e+01 1.540000e+00
      vertex   -3.638074e+01 -2.664512e+01 1.538974e+00
    endloop
  endfacet
  facet normal -1.330072e-01 -8.201129e-01 -5.565284e-01
    outer loop
      vertex   -3.630109e+01 -2.642941e+01 1.202065e+00
      vertex   -3.638074e+01 -2.664512e+01 1.538974e+00
      vertex   -3.667594e+01 -2.653148e+01 1.442066e+00
    endloop
  endfacet
  facet normal -1.676774e-01 -8.546389e-01 -4.914028e-01
    outer loop
      vertex   -3.667594e+01 -2.653148e+01 1.442066e+00
      vertex   -3.638074e+01 -2.664512e+01 1.538974e+00
      vertex   -3.677175e+01 -2.672548e+01 1.812159e+00
    endloop
  endfacet
  facet normal -2.535888e-01 -8.281966e-01 -4.997830e-01
    outer loop
      vertex   -3.667594e+01 -2.653148e+01 1.442066e+00
      vertex   -3.677175e+01 -2.672548e+01 1.812159e+00
      vertex   -3.709255e+01 -2.658290e+01 1.738663e+00
    endloop
  endfacet
  facet normal -2.876292e-01 -8.621561e-01 -4.170808e-01
    outer loop
      vertex   -3.709255e+01 -2.658290e+01 1.738663e+00
      vertex   -3.677175e+01 -2.672548e+01 1.812159e+00
      vertex   -3.719475e+01 -2.674762e+01 2.149643e+00
    endloop
  endfacet
  facet normal -5.202207e-02 -8.871919e-01 -4.584585e-01
    outer loop
      vertex   -3.638074e+01 -2.664512e+01 1.538974e+00
      vertex   -3.606603e+01 -2.666410e+01 1.540000e+00
      vertex   -3.645001e+01 -2.682878e+01 1.902251e+00
    endloop
  endfacet
  facet normal -1.124251e-02 -9.057479e-01 -4.236678e-01
    outer loop
      vertex   -3.645001e+01 -2.682878e+01 1.902251e+00
      vertex   -3.606603e+01 -2.666410e+01 1.540000e+00
      vertex   -3.613969e+01 -2.695877e+01 2.171919e+00
    endloop
  endfacet
  facet normal -7.043917e-02 -9.278631e-01 -3.662082e-01
    outer loop
      vertex   -3.645001e+01 -2.682878e+01 1.902251e+00
      vertex   -3.613969e+01 -2.695877e+01 2.171919e+00
      vertex   -3.650694e+01 -2.697685e+01 2.288370e+00
    endloop
  endfacet
  facet normal -3.521881e-02 -9.647343e-01 -2.608590e-01
    outer loop
      vertex   -3.650694e+01 -2.697685e+01 2.288370e+00
      vertex   -3.613969e+01 -2.695877e+01 2.171919e+00
      vertex   -3.618481e+01 -2.713923e+01 2.845407e+00
    endloop
  endfacet
  facet normal -3.206572e-02 -9.643777e-01 -2.625785e-01
    outer loop
      vertex   -3.650694e+01 -2.697685e+01 2.288370e+00
      vertex   -3.618481e+01 -2.713923e+01 2.845407e+00
      vertex   -3.654956e+01 -2.708580e+01 2.693714e+00
    endloop
  endfacet
  facet normal -7.707860e-02 -9.839040e-01 -1.612200e-01
    outer loop
      vertex   -3.654956e+01 -2.708580e+01 2.693714e+00
      vertex   -3.618481e+01 -2.713923e+01 2.845407e+00
      vertex   -3.657599e+01 -2.715247e+01 3.113242e+00
    endloop
  endfacet
  facet normal -1.846739e-01 -9.687498e-01 -1.655879e-01
    outer loop
      vertex   -3.654956e+01 -2.708580e+01 2.693714e+00
      vertex   -3.657599e+01 -2.715247e+01 3.113242e+00
      vertex   -3.695059e+01 -2.707605e+01 3.083904e+00
    endloop
  endfacet
  facet normal -5.206986e-02 1.753676e-02 -9.984895e-01
    outer loop
      vertex   -3.556315e+01 -2.332719e+01 -4.432960e-01
      vertex   -3.520000e+01 -2.320000e+01 -4.600000e-01
      vertex   -3.553419e+01 -2.335635e+01 -4.453188e-01
    endloop
  endfacet
  facet normal -2.965470e-02 -1.931782e-02 -9.993735e-01
    outer loop
      vertex   -3.547612e+01 -2.341465e+01 -4.476574e-01
      vertex   -3.520000e+01 -2.320000e+01 -4.600000e-01
      vertex   -3.544540e+01 -2.344540e+01 -4.479746e-01
    endloop
  endfacet
  facet normal 9.667289e-03 -4.854886e-02 -9.987740e-01
    outer loop
      vertex   -3.537113e+01 -2.351949e+01 -4.461267e-01
      vertex   -3.520000e+01 -2.320000e+01 -4.600000e-01
      vertex   -3.534635e+01 -2.354412e+01 -4.446892e-01
    endloop
  endfacet
  facet normal 2.120355e-02 -5.343608e-02 -9.983461e-01
    outer loop
      vertex   -3.534635e+01 -2.354412e+01 -4.446892e-01
      vertex   -3.520000e+01 -2.320000e+01 -4.600000e-01
      vertex   -3.532219e+01 -2.356811e+01 -4.428920e-01
    endloop
  endfacet
  facet normal -9.585001e-01 -2.218658e-01 -1.790337e-01
    outer loop
      vertex   -3.903062e+01 -2.510238e+01 3.073439e+00
      vertex   -3.914057e+01 -2.465422e+01 3.106716e+00
      vertex   -3.895544e+01 -2.505975e+01 2.618163e+00
    endloop
  endfacet
  facet normal -9.575974e-01 -2.330278e-01 -1.694264e-01
    outer loop
      vertex   -3.895544e+01 -2.505975e+01 2.618163e+00
      vertex   -3.914057e+01 -2.465422e+01 3.106716e+00
      vertex   -3.907233e+01 -2.462535e+01 2.681319e+00
    endloop
  endfacet
  facet normal -9.329113e-01 -2.083123e-01 -2.937387e-01
    outer loop
      vertex   -3.895544e+01 -2.505975e+01 2.618163e+00
      vertex   -3.907233e+01 -2.462535e+01 2.681319e+00
      vertex   -3.883418e+01 -2.499180e+01 2.184848e+00
    endloop
  endfacet
  facet normal -9.327832e-01 -2.282092e-01 -2.789910e-01
    outer loop
      vertex   -3.883418e+01 -2.499180e+01 2.184848e+00
      vertex   -3.907233e+01 -2.462535e+01 2.681319e+00
      vertex   -3.896108e+01 -2.457890e+01 2.271371e+00
    endloop
  endfacet
  facet normal -8.960482e-01 -1.914457e-01 -4.005574e-01
    outer loop
      vertex   -3.883418e+01 -2.499180e+01 2.184848e+00
      vertex   -3.896108e+01 -2.457890e+01 2.271371e+00
      vertex   -3.867232e+01 -2.490259e+01 1.780123e+00
    endloop
  endfacet
  facet normal -9.100368e-01 -3.675852e-01 -1.916093e-01
    outer loop
      vertex   -3.885318e+01 -2.552889e+01 3.048933e+00
      vertex   -3.903062e+01 -2.510238e+01 3.073439e+00
      vertex   -3.877490e+01 -2.547393e+01 2.571693e+00
    endloop
  endfacet
  facet normal -9.082861e-01 -3.751732e-01 -1.850981e-01
    outer loop
      vertex   -3.877490e+01 -2.547393e+01 2.571693e+00
      vertex   -3.903062e+01 -2.510238e+01 3.073439e+00
      vertex   -3.895544e+01 -2.505975e+01 2.618163e+00
    endloop
  endfacet
  facet normal -8.828462e-01 -3.496717e-01 -3.135478e-01
    outer loop
      vertex   -3.877490e+01 -2.547393e+01 2.571693e+00
      vertex   -3.895544e+01 -2.505975e+01 2.618163e+00
      vertex   -3.864950e+01 -2.538663e+01 2.121279e+00
    endloop
  endfacet
  facet normal -8.809123e-01 -3.631783e-01 -3.034716e-01
    outer loop
      vertex   -3.864950e+01 -2.538663e+01 2.121279e+00
      vertex   -3.895544e+01 -2.505975e+01 2.618163e+00
      vertex   -3.883418e+01 -2.499180e+01 2.184848e+00
    endloop
  endfacet
  facet normal -8.440294e-01 -3.262565e-01 -4.256420e-01
    outer loop
      vertex   -3.864950e+01 -2.538663e+01 2.121279e+00
      vertex   -3.883418e+01 -2.499180e+01 2.184848e+00
      vertex   -3.848380e+01 -2.527260e+01 1.705283e+00
    endloop
  endfacet
  facet normal -8.425008e-01 -3.456947e-01 -4.131436e-01
    outer loop
      vertex   -3.848380e+01 -2.527260e+01 1.705283e+00
      vertex   -3.883418e+01 -2.499180e+01 2.184848e+00
      vertex   -3.867232e+01 -2.490259e+01 1.780123e+00
    endloop
  endfacet
  facet normal -7.960479e-01 -2.991758e-01 -5.261194e-01
    outer loop
      vertex   -3.848380e+01 -2.527260e+01 1.705283e+00
      vertex   -3.867232e+01 -2.490259e+01 1.780123e+00
      vertex   -3.828481e+01 -2.513749e+01 1.327377e+00
    endloop
  endfacet
  facet normal -7.475659e-01 -6.321686e-01 -2.037351e-01
    outer loop
      vertex   -3.822283e+01 -2.622283e+01 2.532541e+00
      vertex   -3.829603e+01 -2.629603e+01 3.028272e+00
      vertex   -3.861240e+01 -2.592369e+01 3.033779e+00
    endloop
  endfacet
  facet normal -8.399076e-01 -5.045600e-01 -1.999360e-01
    outer loop
      vertex   -3.861240e+01 -2.592369e+01 3.033779e+00
      vertex   -3.885318e+01 -2.552889e+01 3.048933e+00
      vertex   -3.853475e+01 -2.585847e+01 2.542973e+00
    endloop
  endfacet
  facet normal -8.382324e-01 -5.088342e-01 -1.960975e-01
    outer loop
      vertex   -3.853475e+01 -2.585847e+01 2.542973e+00
      vertex   -3.885318e+01 -2.552889e+01 3.048933e+00
      vertex   -3.877490e+01 -2.547393e+01 2.571693e+00
    endloop
  endfacet
  facet normal -8.124281e-01 -4.829685e-01 -3.266526e-01
    outer loop
      vertex   -3.853475e+01 -2.585847e+01 2.542973e+00
      vertex   -3.877490e+01 -2.547393e+01 2.571693e+00
      vertex   -3.841096e+01 -2.575495e+01 2.082027e+00
    endloop
  endfacet
  facet normal -8.102440e-01 -4.906003e-01 -3.206494e-01
    outer loop
      vertex   -3.841096e+01 -2.575495e+01 2.082027e+00
      vertex   -3.877490e+01 -2.547393e+01 2.571693e+00
      vertex   -3.864950e+01 -2.538663e+01 2.121279e+00
    endloop
  endfacet
  facet normal -7.735790e-01 -4.538981e-01 -4.422126e-01
    outer loop
      vertex   -3.841096e+01 -2.575495e+01 2.082027e+00
      vertex   -3.864950e+01 -2.538663e+01 2.121279e+00
      vertex   -3.824846e+01 -2.561987e+01 1.659127e+00
    endloop
  endfacet
  facet normal -7.713042e-01 -4.649121e-01 -4.346799e-01
    outer loop
      vertex   -3.824846e+01 -2.561987e+01 1.659127e+00
      vertex   -3.864950e+01 -2.538663e+01 2.121279e+00
      vertex   -3.848380e+01 -2.527260e+01 1.705283e+00
    endloop
  endfacet
  facet normal -7.260978e-01 -4.196583e-01 -5.446732e-01
    outer loop
      vertex   -3.824846e+01 -2.561987e+01 1.659127e+00
      vertex   -3.848380e+01 -2.527260e+01 1.705283e+00
      vertex   -3.805487e+01 -2.546008e+01 1.277932e+00
    endloop
  endfacet
  facet normal -7.239750e-01 -4.338466e-01 -5.363184e-01
    outer loop
      vertex   -3.805487e+01 -2.546008e+01 1.277932e+00
      vertex   -3.848380e+01 -2.527260e+01 1.705283e+00
      vertex   -3.828481e+01 -2.513749e+01 1.327377e+00
    endloop
  endfacet
  facet normal -6.715592e-01 -3.813126e-01 -6.353022e-01
    outer loop
      vertex   -3.805487e+01 -2.546008e+01 1.277932e+00
      vertex   -3.828481e+01 -2.513749e+01 1.327377e+00
      vertex   -3.783779e+01 -2.528236e+01 9.417944e-01
    endloop
  endfacet
  facet normal -3.081253e-01 -9.342207e-01 -1.796958e-01
    outer loop
      vertex   -3.695059e+01 -2.707605e+01 3.083904e+00
      vertex   -3.732194e+01 -2.694895e+01 3.059872e+00
      vertex   -3.691255e+01 -2.700283e+01 2.638017e+00
    endloop
  endfacet
  facet normal -3.149890e-01 -9.305251e-01 -1.868286e-01
    outer loop
      vertex   -3.691255e+01 -2.700283e+01 2.638017e+00
      vertex   -3.732194e+01 -2.694895e+01 3.059872e+00
      vertex   -3.727283e+01 -2.687172e+01 2.592434e+00
    endloop
  endfacet
  facet normal -2.936134e-01 -9.093284e-01 -2.948101e-01
    outer loop
      vertex   -3.691255e+01 -2.700283e+01 2.638017e+00
      vertex   -3.727283e+01 -2.687172e+01 2.592434e+00
      vertex   -3.685179e+01 -2.688434e+01 2.212031e+00
    endloop
  endfacet
  facet normal -3.038725e-01 -9.020961e-01 -3.064053e-01
    outer loop
      vertex   -3.685179e+01 -2.688434e+01 2.212031e+00
      vertex   -3.727283e+01 -2.687172e+01 2.592434e+00
      vertex   -3.719475e+01 -2.674762e+01 2.149643e+00
    endloop
  endfacet
  facet normal -2.750222e-01 -8.733541e-01 -4.020141e-01
    outer loop
      vertex   -3.685179e+01 -2.688434e+01 2.212031e+00
      vertex   -3.719475e+01 -2.674762e+01 2.149643e+00
      vertex   -3.677175e+01 -2.672548e+01 1.812159e+00
    endloop
  endfacet
  facet normal -7.210941e-01 -6.077716e-01 -3.326214e-01
    outer loop
      vertex   -3.810650e+01 -2.610650e+01 2.067781e+00
      vertex   -3.822283e+01 -2.622283e+01 2.532541e+00
      vertex   -3.853475e+01 -2.585847e+01 2.542973e+00
    endloop
  endfacet
  facet normal -7.468061e-01 -6.335126e-01 -2.023425e-01
    outer loop
      vertex   -3.853475e+01 -2.585847e+01 2.542973e+00
      vertex   -3.822283e+01 -2.622283e+01 2.532541e+00
      vertex   -3.861240e+01 -2.592369e+01 3.033779e+00
    endloop
  endfacet
  facet normal -7.200564e-01 -6.101980e-01 -3.304197e-01
    outer loop
      vertex   -3.810650e+01 -2.610650e+01 2.067781e+00
      vertex   -3.853475e+01 -2.585847e+01 2.542973e+00
      vertex   -3.841096e+01 -2.575495e+01 2.082027e+00
    endloop
  endfacet
  facet normal -1.744414e-01 -9.461658e-01 -2.726544e-01
    outer loop
      vertex   -3.650694e+01 -2.697685e+01 2.288370e+00
      vertex   -3.654956e+01 -2.708580e+01 2.693714e+00
      vertex   -3.691255e+01 -2.700283e+01 2.638017e+00
    endloop
  endfacet
  facet normal -1.937921e-01 -9.652998e-01 -1.750456e-01
    outer loop
      vertex   -3.691255e+01 -2.700283e+01 2.638017e+00
      vertex   -3.654956e+01 -2.708580e+01 2.693714e+00
      vertex   -3.695059e+01 -2.707605e+01 3.083904e+00
    endloop
  endfacet
  facet normal -1.881379e-01 -9.389651e-01 -2.880081e-01
    outer loop
      vertex   -3.650694e+01 -2.697685e+01 2.288370e+00
      vertex   -3.691255e+01 -2.700283e+01 2.638017e+00
      vertex   -3.685179e+01 -2.688434e+01 2.212031e+00
    endloop
  endfacet
  facet normal -6.841022e-01 -5.742254e-01 -4.497438e-01
    outer loop
      vertex   -3.810650e+01 -2.610650e+01 2.067781e+00
      vertex   -3.841096e+01 -2.575495e+01 2.082027e+00
      vertex   -3.795446e+01 -2.595446e+01 1.642393e+00
    endloop
  endfacet
  facet normal -6.829571e-01 -5.777575e-01 -4.469518e-01
    outer loop
      vertex   -3.795446e+01 -2.595446e+01 1.642393e+00
      vertex   -3.841096e+01 -2.575495e+01 2.082027e+00
      vertex   -3.824846e+01 -2.561987e+01 1.659127e+00
    endloop
  endfacet
  facet normal -6.393638e-01 -5.341441e-01 -5.530859e-01
    outer loop
      vertex   -3.795446e+01 -2.595446e+01 1.642393e+00
      vertex   -3.824846e+01 -2.561987e+01 1.659127e+00
      vertex   -3.777425e+01 -2.577425e+01 1.260027e+00
    endloop
  endfacet
  facet normal -6.382208e-01 -5.387223e-01 -5.499568e-01
    outer loop
      vertex   -3.777425e+01 -2.577425e+01 1.260027e+00
      vertex   -3.824846e+01 -2.561987e+01 1.659127e+00
      vertex   -3.805487e+01 -2.546008e+01 1.277932e+00
    endloop
  endfacet
  facet normal -5.884331e-01 -4.888920e-01 -6.439962e-01
    outer loop
      vertex   -3.777425e+01 -2.577425e+01 1.260027e+00
      vertex   -3.805487e+01 -2.546008e+01 1.277932e+00
      vertex   -3.757339e+01 -2.557339e+01 9.240099e-01
    endloop
  endfacet
  facet normal -5.873445e-01 -4.944555e-01 -6.407341e-01
    outer loop
      vertex   -3.757339e+01 -2.557339e+01 9.240099e-01
      vertex   -3.805487e+01 -2.546008e+01 1.277932e+00
      vertex   -3.783779e+01 -2.528236e+01 9.417944e-01
    endloop
  endfacet
  facet normal -5.340497e-01 -4.411159e-01 -7.212543e-01
    outer loop
      vertex   -3.757339e+01 -2.557339e+01 9.240099e-01
      vertex   -3.783779e+01 -2.528236e+01 9.417944e-01
      vertex   -3.735815e+01 -2.535815e+01 6.329966e-01
    endloop
  endfacet
  facet normal -1.621504e-01 -9.131132e-01 -3.740742e-01
    outer loop
      vertex   -3.650694e+01 -2.697685e+01 2.288370e+00
      vertex   -3.685179e+01 -2.688434e+01 2.212031e+00
      vertex   -3.645001e+01 -2.682878e+01 1.902251e+00
    endloop
  endfacet
  facet normal -1.791171e-01 -9.014904e-01 -3.939951e-01
    outer loop
      vertex   -3.645001e+01 -2.682878e+01 1.902251e+00
      vertex   -3.685179e+01 -2.688434e+01 2.212031e+00
      vertex   -3.677175e+01 -2.672548e+01 1.812159e+00
    endloop
  endfacet
  facet normal -1.483988e-01 -8.708662e-01 -4.685827e-01
    outer loop
      vertex   -3.645001e+01 -2.682878e+01 1.902251e+00
      vertex   -3.677175e+01 -2.672548e+01 1.812159e+00
      vertex   -3.638074e+01 -2.664512e+01 1.538974e+00
    endloop
  endfacet
  facet normal -2.449858e-01 -7.558274e-01 -6.072124e-01
    outer loop
      vertex   -3.656786e+01 -2.630758e+01 1.105249e+00
      vertex   -3.697117e+01 -2.638407e+01 1.363170e+00
      vertex   -3.683554e+01 -2.615764e+01 1.026604e+00
    endloop
  endfacet
  facet normal -7.998957e-01 -1.962456e-01 -5.671459e-01
    outer loop
      vertex   -3.862411e+01 -2.444225e+01 1.517357e+00
      vertex   -3.840624e+01 -2.435662e+01 1.180447e+00
      vertex   -3.825004e+01 -2.467677e+01 1.070933e+00
    endloop
  endfacet
  facet normal -7.346460e-01 -1.306834e-01 -6.657455e-01
    outer loop
      vertex   -3.825004e+01 -2.467677e+01 1.070933e+00
      vertex   -3.840624e+01 -2.435662e+01 1.180447e+00
      vertex   -3.800071e+01 -2.454768e+01 7.704560e-01
    endloop
  endfacet
  facet normal -6.796547e-01 -2.724944e-01 -6.810406e-01
    outer loop
      vertex   -3.825004e+01 -2.467677e+01 1.070933e+00
      vertex   -3.800071e+01 -2.454768e+01 7.704560e-01
      vertex   -3.781426e+01 -2.482560e+01 6.955796e-01
    endloop
  endfacet
  facet normal -6.140667e-01 -2.067626e-01 -7.616897e-01
    outer loop
      vertex   -3.781426e+01 -2.482560e+01 6.955796e-01
      vertex   -3.800071e+01 -2.454768e+01 7.704560e-01
      vertex   -3.755282e+01 -2.465618e+01 4.388256e-01
    endloop
  endfacet
  facet normal -5.488278e-01 -3.221228e-01 -7.713786e-01
    outer loop
      vertex   -3.781426e+01 -2.482560e+01 6.955796e-01
      vertex   -3.755282e+01 -2.465618e+01 4.388256e-01
      vertex   -3.735647e+01 -2.489332e+01 3.981520e-01
    endloop
  endfacet
  facet normal -4.867421e-01 -2.599811e-01 -8.339616e-01
    outer loop
      vertex   -3.735647e+01 -2.489332e+01 3.981520e-01
      vertex   -3.755282e+01 -2.465618e+01 4.388256e-01
      vertex   -3.709993e+01 -2.468829e+01 1.845064e-01
    endloop
  endfacet
  facet normal -4.184883e-01 -3.497716e-01 -8.381691e-01
    outer loop
      vertex   -3.735647e+01 -2.489332e+01 3.981520e-01
      vertex   -3.709993e+01 -2.468829e+01 1.845064e-01
      vertex   -3.689915e+01 -2.489915e+01 1.722452e-01
    endloop
  endfacet
  facet normal -3.629567e-01 -2.942177e-01 -8.841371e-01
    outer loop
      vertex   -3.689915e+01 -2.489915e+01 1.722452e-01
      vertex   -3.709993e+01 -2.468829e+01 1.845064e-01
      vertex   -3.666189e+01 -2.466189e+01 -4.108840e-03
    endloop
  endfacet
  facet normal -2.045542e-01 -7.155180e-01 -6.679757e-01
    outer loop
      vertex   -3.656786e+01 -2.630758e+01 1.105249e+00
      vertex   -3.683554e+01 -2.615764e+01 1.026604e+00
      vertex   -3.645045e+01 -2.605864e+01 8.026321e-01
    endloop
  endfacet
  facet normal -2.209327e-01 -6.930461e-01 -6.862039e-01
    outer loop
      vertex   -3.645045e+01 -2.605864e+01 8.026321e-01
      vertex   -3.683554e+01 -2.615764e+01 1.026604e+00
      vertex   -3.668972e+01 -2.590939e+01 7.289317e-01
    endloop
  endfacet
  facet normal -1.789264e-01 -6.510875e-01 -7.376113e-01
    outer loop
      vertex   -3.645045e+01 -2.605864e+01 8.026321e-01
      vertex   -3.668972e+01 -2.590939e+01 7.289317e-01
      vertex   -3.632554e+01 -2.578831e+01 5.337154e-01
    endloop
  endfacet
  facet normal -6.687698e-01 -1.098412e-01 -7.353108e-01
    outer loop
      vertex   -3.816061e+01 -2.426222e+01 8.732445e-01
      vertex   -3.773147e+01 -2.441100e+01 5.051676e-01
      vertex   -3.800071e+01 -2.454768e+01 7.704560e-01
    endloop
  endfacet
  facet normal -6.145670e-01 -2.449052e-01 -7.498859e-01
    outer loop
      vertex   -3.800071e+01 -2.454768e+01 7.704560e-01
      vertex   -3.773147e+01 -2.441100e+01 5.051676e-01
      vertex   -3.755282e+01 -2.465618e+01 4.388256e-01
    endloop
  endfacet
  facet normal -4.847616e-01 -2.833188e-01 -8.274881e-01
    outer loop
      vertex   -3.709993e+01 -2.468829e+01 1.845064e-01
      vertex   -3.755282e+01 -2.465618e+01 4.388256e-01
      vertex   -3.727906e+01 -2.448122e+01 2.185463e-01
    endloop
  endfacet
  facet normal -5.461741e-01 -1.763986e-01 -8.188879e-01
    outer loop
      vertex   -3.727906e+01 -2.448122e+01 2.185463e-01
      vertex   -3.755282e+01 -2.465618e+01 4.388256e-01
      vertex   -3.773147e+01 -2.441100e+01 5.051676e-01
    endloop
  endfacet
  facet normal -1.256756e-01 -6.698736e-01 -7.317616e-01
    outer loop
      vertex   -3.632554e+01 -2.578831e+01 5.337154e-01
      vertex   -3.611708e+01 -2.591572e+01 6.145427e-01
      vertex   -3.645045e+01 -2.605864e+01 8.026321e-01
    endloop
  endfacet
  facet normal -1.006066e-01 -6.981676e-01 -7.088302e-01
    outer loop
      vertex   -3.645045e+01 -2.605864e+01 8.026321e-01
      vertex   -3.611708e+01 -2.591572e+01 6.145427e-01
      vertex   -3.621279e+01 -2.618521e+01 8.935700e-01
    endloop
  endfacet
  facet normal -1.398471e-01 -7.373739e-01 -6.608499e-01
    outer loop
      vertex   -3.645045e+01 -2.605864e+01 8.026321e-01
      vertex   -3.621279e+01 -2.618521e+01 8.935700e-01
      vertex   -3.656786e+01 -2.630758e+01 1.105249e+00
    endloop
  endfacet
  facet normal -8.463220e-02 -6.288320e-01 -7.729215e-01
    outer loop
      vertex   -3.611708e+01 -2.591572e+01 6.145427e-01
      vertex   -3.632554e+01 -2.578831e+01 5.337154e-01
      vertex   -3.601515e+01 -2.562403e+01 3.660744e-01
    endloop
  endfacet
  facet normal -7.401318e-01 -1.814246e-01 -6.475261e-01
    outer loop
      vertex   -3.840624e+01 -2.435662e+01 1.180447e+00
      vertex   -3.816061e+01 -2.426222e+01 8.732445e-01
      vertex   -3.800071e+01 -2.454768e+01 7.704560e-01
    endloop
  endfacet
  facet normal -3.616120e-01 -3.019128e-01 -8.820915e-01
    outer loop
      vertex   -3.666189e+01 -2.466189e+01 -4.108840e-03
      vertex   -3.709993e+01 -2.468829e+01 1.845064e-01
      vertex   -3.683736e+01 -2.447995e+01 5.555895e-03
    endloop
  endfacet
  facet normal -4.230365e-01 -2.215179e-01 -8.786182e-01
    outer loop
      vertex   -3.683736e+01 -2.447995e+01 5.555895e-03
      vertex   -3.709993e+01 -2.468829e+01 1.845064e-01
      vertex   -3.727906e+01 -2.448122e+01 2.185463e-01
    endloop
  endfacet
  facet normal -1.501772e-01 -4.831641e-01 -8.625539e-01
    outer loop
      vertex   -3.605993e+01 -2.519737e+01 9.531923e-02
      vertex   -3.637698e+01 -2.536299e+01 2.432915e-01
      vertex   -3.621429e+01 -2.507200e+01 5.196583e-02
    endloop
  endfacet
  facet normal -4.522628e-01 -1.165393e-01 -8.842381e-01
    outer loop
      vertex   -3.728978e+01 -2.393958e+01 1.370996e-01
      vertex   -3.696491e+01 -2.382254e+01 -4.448936e-02
      vertex   -3.683846e+01 -2.397304e+01 -8.932718e-02
    endloop
  endfacet
  facet normal -3.736762e-01 -3.783487e-02 -9.267873e-01
    outer loop
      vertex   -3.683846e+01 -2.397304e+01 -8.932718e-02
      vertex   -3.696491e+01 -2.382254e+01 -4.448936e-02
      vertex   -3.652067e+01 -2.382113e+01 -2.236609e-01
    endloop
  endfacet
  facet normal -3.306243e-01 -1.344055e-01 -9.341428e-01
    outer loop
      vertex   -3.683846e+01 -2.397304e+01 -8.932718e-02
      vertex   -3.652067e+01 -2.382113e+01 -2.236609e-01
      vertex   -3.641134e+01 -2.393949e+01 -2.453271e-01
    endloop
  endfacet
  facet normal -2.629398e-01 -6.669118e-02 -9.625045e-01
    outer loop
      vertex   -3.641134e+01 -2.393949e+01 -2.453271e-01
      vertex   -3.652067e+01 -2.382113e+01 -2.236609e-01
      vertex   -3.611178e+01 -2.375550e+01 -3.399097e-01
    endloop
  endfacet
  facet normal -2.231373e-01 -1.331156e-01 -9.656552e-01
    outer loop
      vertex   -3.641134e+01 -2.393949e+01 -2.453271e-01
      vertex   -3.611178e+01 -2.375550e+01 -3.399097e-01
      vertex   -3.602639e+01 -2.384322e+01 -3.475497e-01
    endloop
  endfacet
  facet normal -1.657197e-01 -7.568552e-02 -9.832643e-01
    outer loop
      vertex   -3.602639e+01 -2.384322e+01 -3.475497e-01
      vertex   -3.611178e+01 -2.375550e+01 -3.399097e-01
      vertex   -3.575175e+01 -2.362911e+01 -4.103189e-01
    endloop
  endfacet
  facet normal -1.353469e-01 -1.148948e-01 -9.841140e-01
    outer loop
      vertex   -3.602639e+01 -2.384322e+01 -3.475497e-01
      vertex   -3.575175e+01 -2.362911e+01 -4.103189e-01
      vertex   -3.569055e+01 -2.369055e+01 -4.115618e-01
    endloop
  endfacet
  facet normal -8.407892e-02 -6.362454e-02 -9.944258e-01
    outer loop
      vertex   -3.569055e+01 -2.369055e+01 -4.115618e-01
      vertex   -3.575175e+01 -2.362911e+01 -4.103189e-01
      vertex   -3.544540e+01 -2.344540e+01 -4.479746e-01
    endloop
  endfacet
  facet normal -3.063168e-01 -2.465974e-01 -9.194345e-01
    outer loop
      vertex   -3.666189e+01 -2.466189e+01 -4.108840e-03
      vertex   -3.683736e+01 -2.447995e+01 5.555895e-03
      vertex   -3.642163e+01 -2.442163e+01 -1.485874e-01
    endloop
  endfacet
  facet normal -1.048320e-01 -4.378364e-01 -8.929219e-01
    outer loop
      vertex   -3.605993e+01 -2.519737e+01 9.531923e-02
      vertex   -3.621429e+01 -2.507200e+01 5.196583e-02
      vertex   -3.592155e+01 -2.488245e+01 -7.534315e-02
    endloop
  endfacet
  facet normal -1.276127e-01 -4.096156e-01 -9.032885e-01
    outer loop
      vertex   -3.592155e+01 -2.488245e+01 -7.534315e-02
      vertex   -3.621429e+01 -2.507200e+01 5.196583e-02
      vertex   -3.604884e+01 -2.477231e+01 -1.073096e-01
    endloop
  endfacet
  facet normal -8.026499e-02 -3.622507e-01 -9.286183e-01
    outer loop
      vertex   -3.592155e+01 -2.488245e+01 -7.534315e-02
      vertex   -3.604884e+01 -2.477231e+01 -1.073096e-01
      vertex   -3.578036e+01 -2.455754e+01 -2.142957e-01
    endloop
  endfacet
  facet normal -1.059078e-01 -3.341475e-01 -9.365517e-01
    outer loop
      vertex   -3.578036e+01 -2.455754e+01 -2.142957e-01
      vertex   -3.604884e+01 -2.477231e+01 -1.073096e-01
      vertex   -3.588123e+01 -2.446559e+01 -2.356960e-01
    endloop
  endfacet
  facet normal -5.686779e-02 -2.850681e-01 -9.568188e-01
    outer loop
      vertex   -3.578036e+01 -2.455754e+01 -2.142957e-01
      vertex   -3.588123e+01 -2.446559e+01 -2.356960e-01
      vertex   -3.563703e+01 -2.422479e+01 -3.219514e-01
    endloop
  endfacet
  facet normal -8.585696e-02 -2.576722e-01 -9.624103e-01
    outer loop
      vertex   -3.563703e+01 -2.422479e+01 -3.219514e-01
      vertex   -3.588123e+01 -2.446559e+01 -2.356960e-01
      vertex   -3.571207e+01 -2.415352e+01 -3.343389e-01
    endloop
  endfacet
  facet normal -3.496984e-02 -2.067626e-01 -9.777660e-01
    outer loop
      vertex   -3.563703e+01 -2.422479e+01 -3.219514e-01
      vertex   -3.571207e+01 -2.415352e+01 -3.343389e-01
      vertex   -3.549220e+01 -2.388635e+01 -3.986990e-01
    endloop
  endfacet
  facet normal -6.653508e-02 -1.815926e-01 -9.811204e-01
    outer loop
      vertex   -3.549220e+01 -2.388635e+01 -3.986990e-01
      vertex   -3.571207e+01 -2.415352e+01 -3.343389e-01
      vertex   -3.554193e+01 -2.383773e+01 -4.043244e-01
    endloop
  endfacet
  facet normal -3.685023e-02 -3.967440e-01 -9.171893e-01
    outer loop
      vertex   -3.568161e+01 -2.464517e+01 -1.876253e-01
      vertex   -3.579665e+01 -2.498601e+01 -3.556584e-02
      vertex   -3.592155e+01 -2.488245e+01 -7.534315e-02
    endloop
  endfacet
  facet normal -8.547971e-02 -4.454234e-01 -8.912302e-01
    outer loop
      vertex   -3.592155e+01 -2.488245e+01 -7.534315e-02
      vertex   -3.579665e+01 -2.498601e+01 -3.556584e-02
      vertex   -3.605993e+01 -2.519737e+01 9.531923e-02
    endloop
  endfacet
  facet normal -7.328988e-02 -3.650580e-01 -9.280955e-01
    outer loop
      vertex   -3.568161e+01 -2.464517e+01 -1.876253e-01
      vertex   -3.592155e+01 -2.488245e+01 -7.534315e-02
      vertex   -3.578036e+01 -2.455754e+01 -2.142957e-01
    endloop
  endfacet
  facet normal -2.946275e-01 -2.251794e-02 -9.553468e-01
    outer loop
      vertex   -3.662720e+01 -2.370207e+01 -1.936125e-01
      vertex   -3.619613e+01 -2.366734e+01 -3.273741e-01
      vertex   -3.652067e+01 -2.382113e+01 -2.236609e-01
    endloop
  endfacet
  facet normal -2.557716e-01 -1.081075e-01 -9.606735e-01
    outer loop
      vertex   -3.652067e+01 -2.382113e+01 -2.236609e-01
      vertex   -3.619613e+01 -2.366734e+01 -3.273741e-01
      vertex   -3.611178e+01 -2.375550e+01 -3.399097e-01
    endloop
  endfacet
  facet normal -1.578825e-01 -9.764979e-02 -9.826177e-01
    outer loop
      vertex   -3.575175e+01 -2.362911e+01 -4.103189e-01
      vertex   -3.611178e+01 -2.375550e+01 -3.399097e-01
      vertex   -3.580941e+01 -2.357076e+01 -4.068528e-01
    endloop
  endfacet
  facet normal -1.907890e-01 -4.309097e-02 -9.806848e-01
    outer loop
      vertex   -3.580941e+01 -2.357076e+01 -4.068528e-01
      vertex   -3.611178e+01 -2.375550e+01 -3.399097e-01
      vertex   -3.619613e+01 -2.366734e+01 -3.273741e-01
    endloop
  endfacet
  facet normal -2.180306e-02 -3.135011e-01 -9.493375e-01
    outer loop
      vertex   -3.568161e+01 -2.464517e+01 -1.876253e-01
      vertex   -3.578036e+01 -2.455754e+01 -2.142957e-01
      vertex   -3.556370e+01 -2.429342e+01 -3.064925e-01
    endloop
  endfacet
  facet normal -6.274286e-02 -2.826507e-01 -9.571687e-01
    outer loop
      vertex   -3.556370e+01 -2.429342e+01 -3.064925e-01
      vertex   -3.578036e+01 -2.455754e+01 -2.142957e-01
      vertex   -3.563703e+01 -2.422479e+01 -3.219514e-01
    endloop
  endfacet
  facet normal -7.920860e-03 -2.277885e-01 -9.736784e-01
    outer loop
      vertex   -3.556370e+01 -2.429342e+01 -3.064925e-01
      vertex   -3.563703e+01 -2.422479e+01 -3.219514e-01
      vertex   -3.544366e+01 -2.393349e+01 -3.916718e-01
    endloop
  endfacet
  facet normal -5.216718e-02 -1.995681e-01 -9.784943e-01
    outer loop
      vertex   -3.544366e+01 -2.393349e+01 -3.916718e-01
      vertex   -3.563703e+01 -2.422479e+01 -3.219514e-01
      vertex   -3.549220e+01 -2.388635e+01 -3.986990e-01
    endloop
  endfacet
  facet normal -3.719050e-01 -9.985661e-02 -9.228843e-01
    outer loop
      vertex   -3.696491e+01 -2.382254e+01 -4.448936e-02
      vertex   -3.662720e+01 -2.370207e+01 -1.936125e-01
      vertex   -3.652067e+01 -2.382113e+01 -2.236609e-01
    endloop
  endfacet
  facet normal -1.199366e-01 -5.034749e-02 -9.915041e-01
    outer loop
      vertex   -3.556315e+01 -2.332719e+01 -4.432960e-01
      vertex   -3.553419e+01 -2.335635e+01 -4.453188e-01
      vertex   -3.592376e+01 -2.345370e+01 -3.932509e-01
    endloop
  endfacet
  facet normal -1.020848e-01 -4.184137e-02 -9.938954e-01
    outer loop
      vertex   -3.575175e+01 -2.362911e+01 -4.103189e-01
      vertex   -3.580941e+01 -2.357076e+01 -4.068528e-01
      vertex   -3.547612e+01 -2.341465e+01 -4.476574e-01
    endloop
  endfacet
  facet normal -8.027746e-02 -6.994120e-02 -9.943157e-01
    outer loop
      vertex   -3.547612e+01 -2.341465e+01 -4.476574e-01
      vertex   -3.544540e+01 -2.344540e+01 -4.479746e-01
      vertex   -3.575175e+01 -2.362911e+01 -4.103189e-01
    endloop
  endfacet
  facet normal 4.397789e-01 -1.868004e-01 -8.784646e-01
    outer loop
      vertex   -3.520000e+01 -2.320000e+01 -4.600000e-01
      vertex   -3.537365e+01 -2.389459e+01 -3.992310e-01
      vertex   -3.532219e+01 -2.356811e+01 -4.428920e-01
    endloop
  endfacet
  facet normal -9.957990e-01 2.633560e-02 -8.769714e-02
    outer loop
      vertex   -3.913923e+01 4.248481e+01 2.845407e+00
      vertex   -3.920000e+01 4.250000e+01 3.540000e+00
      vertex   -3.915247e+01 4.287599e+01 3.113242e+00
    endloop
  endfacet
  facet normal -9.948868e-01 9.798780e-02 -2.446798e-02
    outer loop
      vertex   -3.915247e+01 4.287599e+01 3.113242e+00
      vertex   -3.920000e+01 4.250000e+01 3.540000e+00
      vertex   -3.914236e+01 4.308527e+01 3.540000e+00
    endloop
  endfacet
  facet normal -9.783666e-01 1.939710e-01 -7.193066e-02
    outer loop
      vertex   -3.915247e+01 4.287599e+01 3.113242e+00
      vertex   -3.914236e+01 4.308527e+01 3.540000e+00
      vertex   -3.907605e+01 4.325059e+01 3.083904e+00
    endloop
  endfacet
  facet normal -9.563908e-01 2.901180e-01 -3.388554e-02
    outer loop
      vertex   -3.907605e+01 4.325059e+01 3.083904e+00
      vertex   -3.914236e+01 4.308527e+01 3.540000e+00
      vertex   -3.897164e+01 4.364805e+01 3.540000e+00
    endloop
  endfacet
  facet normal -9.455163e-01 3.196034e-01 -6.206961e-02
    outer loop
      vertex   -3.907605e+01 4.325059e+01 3.083904e+00
      vertex   -3.897164e+01 4.364805e+01 3.540000e+00
      vertex   -3.894895e+01 4.362194e+01 3.059872e+00
    endloop
  endfacet
  facet normal -8.950364e-01 4.410393e-01 -6.628852e-02
    outer loop
      vertex   -3.894895e+01 4.362194e+01 3.059872e+00
      vertex   -3.897164e+01 4.364805e+01 3.540000e+00
      vertex   -3.877426e+01 4.397382e+01 3.042438e+00
    endloop
  endfacet
  facet normal -8.829591e-01 4.288683e-01 -1.909323e-01
    outer loop
      vertex   -3.894895e+01 4.362194e+01 3.059872e+00
      vertex   -3.877426e+01 4.397382e+01 3.042438e+00
      vertex   -3.887172e+01 4.357283e+01 2.592434e+00
    endloop
  endfacet
  facet normal -8.796526e-01 4.334679e-01 -1.957470e-01
    outer loop
      vertex   -3.887172e+01 4.357283e+01 2.592434e+00
      vertex   -3.877426e+01 4.397382e+01 3.042438e+00
      vertex   -3.869579e+01 4.391493e+01 2.559383e+00
    endloop
  endfacet
  facet normal -8.567049e-01 4.103896e-01 -3.124694e-01
    outer loop
      vertex   -3.887172e+01 4.357283e+01 2.592434e+00
      vertex   -3.869579e+01 4.391493e+01 2.559383e+00
      vertex   -3.874762e+01 4.349475e+01 2.149643e+00
    endloop
  endfacet
  facet normal -8.504888e-01 4.172398e-01 -3.202807e-01
    outer loop
      vertex   -3.874762e+01 4.349475e+01 2.149643e+00
      vertex   -3.869579e+01 4.391493e+01 2.559383e+00
      vertex   -3.857033e+01 4.382145e+01 2.104449e+00
    endloop
  endfacet
  facet normal -8.191958e-01 3.858696e-01 -4.242911e-01
    outer loop
      vertex   -3.874762e+01 4.349475e+01 2.149643e+00
      vertex   -3.857033e+01 4.382145e+01 2.104449e+00
      vertex   -3.858290e+01 4.339255e+01 1.738663e+00
    endloop
  endfacet
  facet normal -8.098427e-01 3.942414e-01 -4.344289e-01
    outer loop
      vertex   -3.858290e+01 4.339255e+01 1.738663e+00
      vertex   -3.857033e+01 4.382145e+01 2.104449e+00
      vertex   -3.840498e+01 4.369943e+01 1.685487e+00
    endloop
  endfacet
  facet normal -7.727886e-01 3.571245e-01 -5.246522e-01
    outer loop
      vertex   -3.858290e+01 4.339255e+01 1.738663e+00
      vertex   -3.840498e+01 4.369943e+01 1.685487e+00
      vertex   -3.838407e+01 4.327117e+01 1.363170e+00
    endloop
  endfacet
  facet normal -7.603447e-01 3.664696e-01 -5.362611e-01
    outer loop
      vertex   -3.838407e+01 4.327117e+01 1.363170e+00
      vertex   -3.840498e+01 4.369943e+01 1.685487e+00
      vertex   -3.820707e+01 4.355498e+01 1.306163e+00
    endloop
  endfacet
  facet normal -7.188746e-01 3.248819e-01 -6.145494e-01
    outer loop
      vertex   -3.838407e+01 4.327117e+01 1.363170e+00
      vertex   -3.820707e+01 4.355498e+01 1.306163e+00
      vertex   -3.815764e+01 4.313554e+01 1.026604e+00
    endloop
  endfacet
  facet normal -7.034321e-01 3.349331e-01 -6.268996e-01
    outer loop
      vertex   -3.815764e+01 4.313554e+01 1.026604e+00
      vertex   -3.820707e+01 4.355498e+01 1.306163e+00
      vertex   -3.798390e+01 4.339423e+01 9.698627e-01
    endloop
  endfacet
  facet normal -6.597377e-01 2.911295e-01 -6.928130e-01
    outer loop
      vertex   -3.815764e+01 4.313554e+01 1.026604e+00
      vertex   -3.798390e+01 4.339423e+01 9.698627e-01
      vertex   -3.790939e+01 4.298972e+01 7.289317e-01
    endloop
  endfacet
  facet normal -6.417814e-01 3.017198e-01 -7.050403e-01
    outer loop
      vertex   -3.790939e+01 4.298972e+01 7.289317e-01
      vertex   -3.798390e+01 4.339423e+01 9.698627e-01
      vertex   -3.774177e+01 4.322220e+01 6.758374e-01
    endloop
  endfacet
  facet normal -5.965745e-01 2.564633e-01 -7.604771e-01
    outer loop
      vertex   -3.790939e+01 4.298972e+01 7.289317e-01
      vertex   -3.774177e+01 4.322220e+01 6.758374e-01
      vertex   -3.764326e+01 4.283612e+01 4.683621e-01
    endloop
  endfacet
  facet normal -5.763692e-01 2.678379e-01 -7.720501e-01
    outer loop
      vertex   -3.764326e+01 4.283612e+01 4.683621e-01
      vertex   -3.774177e+01 4.322220e+01 6.758374e-01
      vertex   -3.748471e+01 4.304181e+01 4.213534e-01
    endloop
  endfacet
  facet normal -5.306931e-01 2.221429e-01 -8.179348e-01
    outer loop
      vertex   -3.764326e+01 4.283612e+01 4.683621e-01
      vertex   -3.748471e+01 4.304181e+01 4.213534e-01
      vertex   -3.736299e+01 4.267698e+01 2.432915e-01
    endloop
  endfacet
  facet normal -5.088557e-01 2.344879e-01 -8.283002e-01
    outer loop
      vertex   -3.736299e+01 4.267698e+01 2.432915e-01
      vertex   -3.748471e+01 4.304181e+01 4.213534e-01
      vertex   -3.721650e+01 4.285580e+01 2.039177e-01
    endloop
  endfacet
  facet normal -4.634808e-01 1.890797e-01 -8.656988e-01
    outer loop
      vertex   -3.736299e+01 4.267698e+01 2.432915e-01
      vertex   -3.721650e+01 4.285580e+01 2.039177e-01
      vertex   -3.707200e+01 4.251429e+01 5.196583e-02
    endloop
  endfacet
  facet normal -4.411695e-01 2.023527e-01 -8.743128e-01
    outer loop
      vertex   -3.707200e+01 4.251429e+01 5.196583e-02
      vertex   -3.721650e+01 4.285580e+01 2.039177e-01
      vertex   -3.694054e+01 4.266653e+01 2.087074e-02
    endloop
  endfacet
  facet normal -3.949644e-01 1.561207e-01 -9.053339e-01
    outer loop
      vertex   -3.707200e+01 4.251429e+01 5.196583e-02
      vertex   -3.694054e+01 4.266653e+01 2.087074e-02
      vertex   -3.677231e+01 4.234884e+01 -1.073096e-01
    endloop
  endfacet
  facet normal -3.726796e-01 1.706645e-01 -9.121313e-01
    outer loop
      vertex   -3.677231e+01 4.234884e+01 -1.073096e-01
      vertex   -3.694054e+01 4.266653e+01 2.087074e-02
      vertex   -3.665853e+01 4.247489e+01 -1.302112e-01
    endloop
  endfacet
  facet normal -3.251659e-01 1.231503e-01 -9.376039e-01
    outer loop
      vertex   -3.677231e+01 4.234884e+01 -1.073096e-01
      vertex   -3.665853e+01 4.247489e+01 -1.302112e-01
      vertex   -3.646559e+01 4.218123e+01 -2.356960e-01
    endloop
  endfacet
  facet normal -3.029367e-01 1.395975e-01 -9.427311e-01
    outer loop
      vertex   -3.646559e+01 4.218123e+01 -2.356960e-01
      vertex   -3.665853e+01 4.247489e+01 -1.302112e-01
      vertex   -3.637173e+01 4.228146e+01 -2.510123e-01
    endloop
  endfacet
  facet normal -2.547408e-01 9.142110e-02 -9.626782e-01
    outer loop
      vertex   -3.646559e+01 4.218123e+01 -2.356960e-01
      vertex   -3.637173e+01 4.228146e+01 -2.510123e-01
      vertex   -3.615352e+01 4.201207e+01 -3.343389e-01
    endloop
  endfacet
  facet normal -2.329945e-01 1.101325e-01 -9.662217e-01
    outer loop
      vertex   -3.615352e+01 4.201207e+01 -3.343389e-01
      vertex   -3.637173e+01 4.228146e+01 -2.510123e-01
      vertex   -3.608144e+01 4.208685e+01 -3.431968e-01
    endloop
  endfacet
  facet normal -1.842968e-01 6.144535e-02 -9.809481e-01
    outer loop
      vertex   -3.615352e+01 4.201207e+01 -3.343389e-01
      vertex   -3.608144e+01 4.208685e+01 -3.431968e-01
      vertex   -3.583773e+01 4.184193e+01 -4.043244e-01
    endloop
  endfacet
  facet normal -1.641927e-01 8.196661e-02 -9.830169e-01
    outer loop
      vertex   -3.583773e+01 4.184193e+01 -4.043244e-01
      vertex   -3.608144e+01 4.208685e+01 -3.431968e-01
      vertex   -3.578888e+01 4.189159e+01 -4.083444e-01
    endloop
  endfacet
  facet normal -1.135974e-01 3.137520e-02 -9.930313e-01
    outer loop
      vertex   -3.583773e+01 4.184193e+01 -4.043244e-01
      vertex   -3.578888e+01 4.189159e+01 -4.083444e-01
      vertex   -3.551949e+01 4.167113e+01 -4.461267e-01
    endloop
  endfacet
  facet normal -9.538377e-02 5.379558e-02 -9.939859e-01
    outer loop
      vertex   -3.551949e+01 4.167113e+01 -4.461267e-01
      vertex   -3.578888e+01 4.189159e+01 -4.083444e-01
      vertex   -3.549482e+01 4.169590e+01 -4.471533e-01
    endloop
  endfacet
  facet normal -4.275610e-02 1.172353e-03 -9.990849e-01
    outer loop
      vertex   -3.551949e+01 4.167113e+01 -4.461267e-01
      vertex   -3.549482e+01 4.169590e+01 -4.471533e-01
      vertex   -3.520000e+01 4.150000e+01 -4.600000e-01
    endloop
  endfacet
  facet normal -8.811734e-01 4.709970e-01 -4.117496e-02
    outer loop
      vertex   -3.897164e+01 4.364805e+01 3.540000e+00
      vertex   -3.869441e+01 4.416671e+01 3.540000e+00
      vertex   -3.877426e+01 4.397382e+01 3.042438e+00
    endloop
  endfacet
  facet normal -8.291269e-01 5.531085e-01 -8.136018e-02
    outer loop
      vertex   -3.877426e+01 4.397382e+01 3.042438e+00
      vertex   -3.869441e+01 4.416671e+01 3.540000e+00
      vertex   -3.855536e+01 4.430041e+01 3.031844e+00
    endloop
  endfacet
  facet normal -8.170658e-01 5.412172e-01 -1.987144e-01
    outer loop
      vertex   -3.877426e+01 4.397382e+01 3.042438e+00
      vertex   -3.855536e+01 4.430041e+01 3.031844e+00
      vertex   -3.869579e+01 4.391493e+01 2.559383e+00
    endloop
  endfacet
  facet normal -8.146895e-01 5.437641e-01 -2.014986e-01
    outer loop
      vertex   -3.869579e+01 4.391493e+01 2.559383e+00
      vertex   -3.855536e+01 4.430041e+01 3.031844e+00
      vertex   -3.847828e+01 4.423337e+01 2.539307e+00
    endloop
  endfacet
  facet normal -7.904207e-01 5.194195e-01 -3.247129e-01
    outer loop
      vertex   -3.869579e+01 4.391493e+01 2.559383e+00
      vertex   -3.847828e+01 4.423337e+01 2.539307e+00
      vertex   -3.857033e+01 4.382145e+01 2.104449e+00
    endloop
  endfacet
  facet normal -7.860668e-01 5.231867e-01 -3.292031e-01
    outer loop
      vertex   -3.857033e+01 4.382145e+01 2.104449e+00
      vertex   -3.847828e+01 4.423337e+01 2.539307e+00
      vertex   -3.835549e+01 4.412697e+01 2.077019e+00
    endloop
  endfacet
  facet normal -7.527722e-01 4.898495e-01 -4.397516e-01
    outer loop
      vertex   -3.857033e+01 4.382145e+01 2.104449e+00
      vertex   -3.835549e+01 4.412697e+01 2.077019e+00
      vertex   -3.840498e+01 4.369943e+01 1.685487e+00
    endloop
  endfacet
  facet normal -7.463497e-01 4.944161e-01 -4.455500e-01
    outer loop
      vertex   -3.840498e+01 4.369943e+01 1.685487e+00
      vertex   -3.835549e+01 4.412697e+01 2.077019e+00
      vertex   -3.819449e+01 4.398812e+01 1.653243e+00
    endloop
  endfacet
  facet normal -7.067493e-01 4.547787e-01 -5.419242e-01
    outer loop
      vertex   -3.840498e+01 4.369943e+01 1.685487e+00
      vertex   -3.819449e+01 4.398812e+01 1.653243e+00
      vertex   -3.820707e+01 4.355498e+01 1.306163e+00
    endloop
  endfacet
  facet normal -6.983310e-01 4.598308e-01 -5.485339e-01
    outer loop
      vertex   -3.820707e+01 4.355498e+01 1.306163e+00
      vertex   -3.819449e+01 4.398812e+01 1.653243e+00
      vertex   -3.800292e+01 4.382383e+01 1.271635e+00
    endloop
  endfacet
  facet normal -6.538779e-01 4.153002e-01 -6.324314e-01
    outer loop
      vertex   -3.820707e+01 4.355498e+01 1.306163e+00
      vertex   -3.800292e+01 4.382383e+01 1.271635e+00
      vertex   -3.798390e+01 4.339423e+01 9.698627e-01
    endloop
  endfacet
  facet normal -6.435484e-01 4.206768e-01 -6.394345e-01
    outer loop
      vertex   -3.798390e+01 4.339423e+01 9.698627e-01
      vertex   -3.800292e+01 4.382383e+01 1.271635e+00
      vertex   -3.778842e+01 4.364110e+01 9.355369e-01
    endloop
  endfacet
  facet normal -5.967175e-01 3.737706e-01 -7.100872e-01
    outer loop
      vertex   -3.798390e+01 4.339423e+01 9.698627e-01
      vertex   -3.778842e+01 4.364110e+01 9.355369e-01
      vertex   -3.774177e+01 4.322220e+01 6.758374e-01
    endloop
  endfacet
  facet normal -5.848047e-01 3.793773e-01 -7.169912e-01
    outer loop
      vertex   -3.774177e+01 4.322220e+01 6.758374e-01
      vertex   -3.778842e+01 4.364110e+01 9.355369e-01
      vertex   -3.755744e+01 4.344571e+01 6.437576e-01
    endloop
  endfacet
  facet normal -5.363904e-01 3.309262e-01 -7.763847e-01
    outer loop
      vertex   -3.774177e+01 4.322220e+01 6.758374e-01
      vertex   -3.755744e+01 4.344571e+01 6.437576e-01
      vertex   -3.748471e+01 4.304181e+01 4.213534e-01
    endloop
  endfacet
  facet normal -5.230583e-01 3.369049e-01 -7.828826e-01
    outer loop
      vertex   -3.748471e+01 4.304181e+01 4.213534e-01
      vertex   -3.755744e+01 4.344571e+01 6.437576e-01
      vertex   -3.731393e+01 4.324104e+01 3.929863e-01
    endloop
  endfacet
  facet normal -4.744035e-01 2.882343e-01 -8.317826e-01
    outer loop
      vertex   -3.748471e+01 4.304181e+01 4.213534e-01
      vertex   -3.731393e+01 4.324104e+01 3.929863e-01
      vertex   -3.721650e+01 4.285580e+01 2.039177e-01
    endloop
  endfacet
  facet normal -4.600435e-01 2.947026e-01 -8.375622e-01
    outer loop
      vertex   -3.721650e+01 4.285580e+01 2.039177e-01
      vertex   -3.731393e+01 4.324104e+01 3.929863e-01
      vertex   -3.706157e+01 4.303021e+01 1.801875e-01
    endloop
  endfacet
  facet normal -4.123181e-01 2.469510e-01 -8.769316e-01
    outer loop
      vertex   -3.721650e+01 4.285580e+01 2.039177e-01
      vertex   -3.706157e+01 4.303021e+01 1.801875e-01
      vertex   -3.694054e+01 4.266653e+01 2.087074e-02
    endloop
  endfacet
  facet normal -3.976727e-01 2.539112e-01 -8.816947e-01
    outer loop
      vertex   -3.694054e+01 4.266653e+01 2.087074e-02
      vertex   -3.706157e+01 4.303021e+01 1.801875e-01
      vertex   -3.680363e+01 4.281596e+01 2.150431e-03
    endloop
  endfacet
  facet normal -3.497006e-01 2.059155e-01 -9.139520e-01
    outer loop
      vertex   -3.694054e+01 4.266653e+01 2.087074e-02
      vertex   -3.680363e+01 4.281596e+01 2.150431e-03
      vertex   -3.665853e+01 4.247489e+01 -1.302112e-01
    endloop
  endfacet
  facet normal -3.350724e-01 2.135798e-01 -9.176656e-01
    outer loop
      vertex   -3.665853e+01 4.247489e+01 -1.302112e-01
      vertex   -3.680363e+01 4.281596e+01 2.150431e-03
      vertex   -3.654151e+01 4.259929e+01 -1.439857e-01
    endloop
  endfacet
  facet normal -2.863611e-01 1.648617e-01 -9.438315e-01
    outer loop
      vertex   -3.665853e+01 4.247489e+01 -1.302112e-01
      vertex   -3.654151e+01 4.259929e+01 -1.439857e-01
      vertex   -3.637173e+01 4.228146e+01 -2.510123e-01
    endloop
  endfacet
  facet normal -2.717478e-01 1.735942e-01 -9.465824e-01
    outer loop
      vertex   -3.637173e+01 4.228146e+01 -2.510123e-01
      vertex   -3.654151e+01 4.259929e+01 -1.439857e-01
      vertex   -3.627619e+01 4.238084e+01 -2.602169e-01
    endloop
  endfacet
  facet normal -2.231712e-01 1.250250e-01 -9.667282e-01
    outer loop
      vertex   -3.637173e+01 4.228146e+01 -2.510123e-01
      vertex   -3.627619e+01 4.238084e+01 -2.602169e-01
      vertex   -3.608144e+01 4.208685e+01 -3.431968e-01
    endloop
  endfacet
  facet normal -2.088302e-01 1.350480e-01 -9.685825e-01
    outer loop
      vertex   -3.608144e+01 4.208685e+01 -3.431968e-01
      vertex   -3.627619e+01 4.238084e+01 -2.602169e-01
      vertex   -3.600865e+01 4.216126e+01 -3.485164e-01
    endloop
  endfacet
  facet normal -1.608275e-01 8.704871e-02 -9.831363e-01
    outer loop
      vertex   -3.608144e+01 4.208685e+01 -3.431968e-01
      vertex   -3.600865e+01 4.216126e+01 -3.485164e-01
      vertex   -3.578888e+01 4.189159e+01 -4.083444e-01
    endloop
  endfacet
  facet normal -1.474980e-01 9.814321e-02 -9.841810e-01
    outer loop
      vertex   -3.578888e+01 4.189159e+01 -4.083444e-01
      vertex   -3.600865e+01 4.216126e+01 -3.485164e-01
      vertex   -3.573981e+01 4.194114e+01 -4.107573e-01
    endloop
  endfacet
  facet normal -9.848218e-02 4.912751e-02 -9.939254e-01
    outer loop
      vertex   -3.578888e+01 4.189159e+01 -4.083444e-01
      vertex   -3.573981e+01 4.194114e+01 -4.107573e-01
      vertex   -3.549482e+01 4.169590e+01 -4.471533e-01
    endloop
  endfacet
  facet normal -8.630798e-02 6.135678e-02 -9.943773e-01
    outer loop
      vertex   -3.549482e+01 4.169590e+01 -4.471533e-01
      vertex   -3.573981e+01 4.194114e+01 -4.107573e-01
      vertex   -3.547012e+01 4.172066e+01 -4.477693e-01
    endloop
  endfacet
  facet normal -3.612084e-02 1.117094e-02 -9.992850e-01
    outer loop
      vertex   -3.549482e+01 4.169590e+01 -4.471533e-01
      vertex   -3.547012e+01 4.172066e+01 -4.477693e-01
      vertex   -3.520000e+01 4.150000e+01 -4.600000e-01
    endloop
  endfacet
  facet normal -7.722421e-01 6.337627e-01 -4.457422e-02
    outer loop
      vertex   -3.869441e+01 4.416671e+01 3.540000e+00
      vertex   -3.832132e+01 4.462132e+01 3.540000e+00
      vertex   -3.855536e+01 4.430041e+01 3.031844e+00
    endloop
  endfacet
  facet normal -7.503569e-01 6.573631e-01 -6.955799e-02
    outer loop
      vertex   -3.855536e+01 4.430041e+01 3.031844e+00
      vertex   -3.832132e+01 4.462132e+01 3.540000e+00
      vertex   -3.829603e+01 4.459603e+01 3.028272e+00
    endloop
  endfacet
  facet normal -7.373123e-01 6.443073e-01 -2.030733e-01
    outer loop
      vertex   -3.855536e+01 4.430041e+01 3.031844e+00
      vertex   -3.829603e+01 4.459603e+01 3.028272e+00
      vertex   -3.847828e+01 4.423337e+01 2.539307e+00
    endloop
  endfacet
  facet normal -7.363849e-01 6.450776e-01 -2.039903e-01
    outer loop
      vertex   -3.847828e+01 4.423337e+01 2.539307e+00
      vertex   -3.829603e+01 4.459603e+01 3.028272e+00
      vertex   -3.822283e+01 4.452283e+01 2.532541e+00
    endloop
  endfacet
  facet normal -7.112054e-01 6.198749e-01 -3.315750e-01
    outer loop
      vertex   -3.847828e+01 4.423337e+01 2.539307e+00
      vertex   -3.822283e+01 4.452283e+01 2.532541e+00
      vertex   -3.835549e+01 4.412697e+01 2.077019e+00
    endloop
  endfacet
  facet normal -7.095364e-01 6.210012e-01 -3.330399e-01
    outer loop
      vertex   -3.835549e+01 4.412697e+01 2.077019e+00
      vertex   -3.822283e+01 4.452283e+01 2.532541e+00
      vertex   -3.810650e+01 4.440650e+01 2.067781e+00
    endloop
  endfacet
  facet normal -6.747491e-01 5.862017e-01 -4.484207e-01
    outer loop
      vertex   -3.835549e+01 4.412697e+01 2.077019e+00
      vertex   -3.810650e+01 4.440650e+01 2.067781e+00
      vertex   -3.819449e+01 4.398812e+01 1.653243e+00
    endloop
  endfacet
  facet normal -6.723233e-01 5.875497e-01 -4.502962e-01
    outer loop
      vertex   -3.819449e+01 4.398812e+01 1.653243e+00
      vertex   -3.810650e+01 4.440650e+01 2.067781e+00
      vertex   -3.795446e+01 4.425446e+01 1.642393e+00
    endloop
  endfacet
  facet normal -6.306660e-01 5.458811e-01 -5.516106e-01
    outer loop
      vertex   -3.819449e+01 4.398812e+01 1.653243e+00
      vertex   -3.795446e+01 4.425446e+01 1.642393e+00
      vertex   -3.800292e+01 4.382383e+01 1.271635e+00
    endloop
  endfacet
  facet normal -6.275237e-01 5.473533e-01 -5.537312e-01
    outer loop
      vertex   -3.800292e+01 4.382383e+01 1.271635e+00
      vertex   -3.795446e+01 4.425446e+01 1.642393e+00
      vertex   -3.777425e+01 4.407425e+01 1.260027e+00
    endloop
  endfacet
  facet normal -5.804804e-01 5.002829e-01 -6.424636e-01
    outer loop
      vertex   -3.800292e+01 4.382383e+01 1.271635e+00
      vertex   -3.777425e+01 4.407425e+01 1.260027e+00
      vertex   -3.778842e+01 4.364110e+01 9.355369e-01
    endloop
  endfacet
  facet normal -5.766624e-01 5.018281e-01 -6.446929e-01
    outer loop
      vertex   -3.778842e+01 4.364110e+01 9.355369e-01
      vertex   -3.777425e+01 4.407425e+01 1.260027e+00
      vertex   -3.757339e+01 4.387339e+01 9.240099e-01
    endloop
  endfacet
  facet normal -5.268783e-01 4.520166e-01 -7.197779e-01
    outer loop
      vertex   -3.778842e+01 4.364110e+01 9.355369e-01
      vertex   -3.757339e+01 4.387339e+01 9.240099e-01
      vertex   -3.755744e+01 4.344571e+01 6.437576e-01
    endloop
  endfacet
  facet normal -5.225090e-01 4.536083e-01 -7.219583e-01
    outer loop
      vertex   -3.755744e+01 4.344571e+01 6.437576e-01
      vertex   -3.757339e+01 4.387339e+01 9.240099e-01
      vertex   -3.735815e+01 4.365815e+01 6.329966e-01
    endloop
  endfacet
  facet normal -4.708745e-01 4.019597e-01 -7.853061e-01
    outer loop
      vertex   -3.755744e+01 4.344571e+01 6.437576e-01
      vertex   -3.735815e+01 4.365815e+01 6.329966e-01
      vertex   -3.731393e+01 4.324104e+01 3.929863e-01
    endloop
  endfacet
  facet normal -4.660114e-01 4.036454e-01 -7.873397e-01
    outer loop
      vertex   -3.731393e+01 4.324104e+01 3.929863e-01
      vertex   -3.735815e+01 4.365815e+01 6.329966e-01
      vertex   -3.713225e+01 4.343225e+01 3.834816e-01
    endloop
  endfacet
  facet normal -4.140852e-01 3.517125e-01 -8.395426e-01
    outer loop
      vertex   -3.731393e+01 4.324104e+01 3.929863e-01
      vertex   -3.713225e+01 4.343225e+01 3.834816e-01
      vertex   -3.706157e+01 4.303021e+01 1.801875e-01
    endloop
  endfacet
  facet normal -4.088669e-01 3.535352e-01 -8.413327e-01
    outer loop
      vertex   -3.706157e+01 4.303021e+01 1.801875e-01
      vertex   -3.713225e+01 4.343225e+01 3.834816e-01
      vertex   -3.689915e+01 4.319915e+01 1.722452e-01
    endloop
  endfacet
  facet normal -3.581266e-01 3.027841e-01 -8.832141e-01
    outer loop
      vertex   -3.706157e+01 4.303021e+01 1.801875e-01
      vertex   -3.689915e+01 4.319915e+01 1.722452e-01
      vertex   -3.680363e+01 4.281596e+01 2.150431e-03
    endloop
  endfacet
  facet normal -3.528173e-01 3.047548e-01 -8.846720e-01
    outer loop
      vertex   -3.680363e+01 4.281596e+01 2.150431e-03
      vertex   -3.689915e+01 4.319915e+01 1.722452e-01
      vertex   -3.666189e+01 4.296189e+01 -4.108840e-03
    endloop
  endfacet
  facet normal -3.021806e-01 2.541080e-01 -9.187579e-01
    outer loop
      vertex   -3.680363e+01 4.281596e+01 2.150431e-03
      vertex   -3.666189e+01 4.296189e+01 -4.108840e-03
      vertex   -3.654151e+01 4.259929e+01 -1.439857e-01
    endloop
  endfacet
  facet normal -2.968813e-01 2.562987e-01 -9.198763e-01
    outer loop
      vertex   -3.654151e+01 4.259929e+01 -1.439857e-01
      vertex   -3.666189e+01 4.296189e+01 -4.108840e-03
      vertex   -3.642163e+01 4.272163e+01 -1.485874e-01
    endloop
  endfacet
  facet normal -2.459233e-01 2.053365e-01 -9.472902e-01
    outer loop
      vertex   -3.654151e+01 4.259929e+01 -1.439857e-01
      vertex   -3.642163e+01 4.272163e+01 -1.485874e-01
      vertex   -3.627619e+01 4.238084e+01 -2.602169e-01
    endloop
  endfacet
  facet normal -2.406253e-01 2.078627e-01 -9.480994e-01
    outer loop
      vertex   -3.627619e+01 4.238084e+01 -2.602169e-01
      vertex   -3.642163e+01 4.272163e+01 -1.485874e-01
      vertex   -3.617915e+01 4.247915e+01 -2.632896e-01
    endloop
  endfacet
  facet normal -1.904084e-01 1.576469e-01 -9.689644e-01
    outer loop
      vertex   -3.627619e+01 4.238084e+01 -2.602169e-01
      vertex   -3.617915e+01 4.247915e+01 -2.632896e-01
      vertex   -3.600865e+01 4.216126e+01 -3.485164e-01
    endloop
  endfacet
  facet normal -1.851967e-01 1.605838e-01 -9.694922e-01
    outer loop
      vertex   -3.600865e+01 4.216126e+01 -3.485164e-01
      vertex   -3.617915e+01 4.247915e+01 -2.632896e-01
      vertex   -3.593522e+01 4.223522e+01 -3.502910e-01
    endloop
  endfacet
  facet normal -1.363787e-01 1.117660e-01 -9.843319e-01
    outer loop
      vertex   -3.600865e+01 4.216126e+01 -3.485164e-01
      vertex   -3.593522e+01 4.223522e+01 -3.502910e-01
      vertex   -3.573981e+01 4.194114e+01 -4.107573e-01
    endloop
  endfacet
  facet normal -1.315137e-01 1.150569e-01 -9.846147e-01
    outer loop
      vertex   -3.573981e+01 4.194114e+01 -4.107573e-01
      vertex   -3.593522e+01 4.223522e+01 -3.502910e-01
      vertex   -3.569055e+01 4.199055e+01 -4.115618e-01
    endloop
  endfacet
  facet normal -8.248934e-02 6.603191e-02 -9.944020e-01
    outer loop
      vertex   -3.573981e+01 4.194114e+01 -4.107573e-01
      vertex   -3.569055e+01 4.199055e+01 -4.115618e-01
      vertex   -3.547012e+01 4.172066e+01 -4.477693e-01
    endloop
  endfacet
  facet normal -7.801631e-02 6.970005e-02 -9.945126e-01
    outer loop
      vertex   -3.547012e+01 4.172066e+01 -4.477693e-01
      vertex   -3.569055e+01 4.199055e+01 -4.115618e-01
      vertex   -3.544540e+01 4.174540e+01 -4.479746e-01
    endloop
  endfacet
  facet normal -2.864460e-02 2.032838e-02 -9.993829e-01
    outer loop
      vertex   -3.547012e+01 4.172066e+01 -4.477693e-01
      vertex   -3.544540e+01 4.174540e+01 -4.479746e-01
      vertex   -3.520000e+01 4.150000e+01 -4.600000e-01
    endloop
  endfacet
  facet normal -6.453394e-01 7.607300e-01 -6.947643e-02
    outer loop
      vertex   -3.829603e+01 4.459603e+01 3.028272e+00
      vertex   -3.832132e+01 4.462132e+01 3.540000e+00
      vertex   -3.792369e+01 4.491240e+01 3.033779e+00
    endloop
  endfacet
  facet normal -6.334766e-01 7.718935e-01 -5.373929e-02
    outer loop
      vertex   -3.792369e+01 4.491240e+01 3.033779e+00
      vertex   -3.832132e+01 4.462132e+01 3.540000e+00
      vertex   -3.786671e+01 4.499441e+01 3.540000e+00
    endloop
  endfacet
  facet normal -5.167752e-01 8.523831e-01 -7.991467e-02
    outer loop
      vertex   -3.792369e+01 4.491240e+01 3.033779e+00
      vertex   -3.786671e+01 4.499441e+01 3.540000e+00
      vertex   -3.752889e+01 4.515318e+01 3.048933e+00
    endloop
  endfacet
  facet normal -4.710359e-01 8.812463e-01 -3.911700e-02
    outer loop
      vertex   -3.752889e+01 4.515318e+01 3.048933e+00
      vertex   -3.786671e+01 4.499441e+01 3.540000e+00
      vertex   -3.734805e+01 4.527164e+01 3.540000e+00
    endloop
  endfacet
  facet normal -3.787217e-01 9.217910e-01 -8.289273e-02
    outer loop
      vertex   -3.752889e+01 4.515318e+01 3.048933e+00
      vertex   -3.734805e+01 4.527164e+01 3.540000e+00
      vertex   -3.710238e+01 4.533062e+01 3.073439e+00
    endloop
  endfacet
  facet normal -2.901372e-01 9.564543e-01 -3.186723e-02
    outer loop
      vertex   -3.710238e+01 4.533062e+01 3.073439e+00
      vertex   -3.734805e+01 4.527164e+01 3.540000e+00
      vertex   -3.678527e+01 4.544236e+01 3.540000e+00
    endloop
  endfacet
  facet normal -2.324095e-01 9.697764e-01 -7.429433e-02
    outer loop
      vertex   -3.710238e+01 4.533062e+01 3.073439e+00
      vertex   -3.678527e+01 4.544236e+01 3.540000e+00
      vertex   -3.665422e+01 4.544057e+01 3.106716e+00
    endloop
  endfacet
  facet normal -9.796136e-02 9.946184e-01 -3.373284e-02
    outer loop
      vertex   -3.665422e+01 4.544057e+01 3.106716e+00
      vertex   -3.678527e+01 4.544236e+01 3.540000e+00
      vertex   -3.620000e+01 4.550000e+01 3.540000e+00
    endloop
  endfacet
  facet normal -4.618919e-02 9.950432e-01 -8.806526e-02
    outer loop
      vertex   -3.665422e+01 4.544057e+01 3.106716e+00
      vertex   -3.620000e+01 4.550000e+01 3.540000e+00
      vertex   -3.618481e+01 4.543923e+01 2.845407e+00
    endloop
  endfacet
  facet normal -8.827653e-02 9.825680e-01 -1.636074e-01
    outer loop
      vertex   -3.665422e+01 4.544057e+01 3.106716e+00
      vertex   -3.618481e+01 4.543923e+01 2.845407e+00
      vertex   -3.662535e+01 4.537233e+01 2.681319e+00
    endloop
  endfacet
  facet normal -4.896102e-02 9.639426e-01 -2.615674e-01
    outer loop
      vertex   -3.662535e+01 4.537233e+01 2.681319e+00
      vertex   -3.618481e+01 4.543923e+01 2.845407e+00
      vertex   -3.613969e+01 4.525877e+01 2.171919e+00
    endloop
  endfacet
  facet normal -5.547980e-02 9.620011e-01 -2.673496e-01
    outer loop
      vertex   -3.662535e+01 4.537233e+01 2.681319e+00
      vertex   -3.613969e+01 4.525877e+01 2.171919e+00
      vertex   -3.657890e+01 4.526108e+01 2.271371e+00
    endloop
  endfacet
  facet normal -7.911511e-02 9.253049e-01 -3.708795e-01
    outer loop
      vertex   -3.657890e+01 4.526108e+01 2.271371e+00
      vertex   -3.613969e+01 4.525877e+01 2.171919e+00
      vertex   -3.651710e+01 4.511037e+01 1.882173e+00
    endloop
  endfacet
  facet normal -2.201080e-01 8.973757e-01 -3.824518e-01
    outer loop
      vertex   -3.657890e+01 4.526108e+01 2.271371e+00
      vertex   -3.651710e+01 4.511037e+01 1.882173e+00
      vertex   -3.690259e+01 4.497232e+01 1.780123e+00
    endloop
  endfacet
  facet normal -1.725096e-01 8.498594e-01 -4.979753e-01
    outer loop
      vertex   -3.690259e+01 4.497232e+01 1.780123e+00
      vertex   -3.651710e+01 4.511037e+01 1.882173e+00
      vertex   -3.679621e+01 4.477567e+01 1.407659e+00
    endloop
  endfacet
  facet normal -3.241626e-01 7.951965e-01 -5.124267e-01
    outer loop
      vertex   -3.690259e+01 4.497232e+01 1.780123e+00
      vertex   -3.679621e+01 4.477567e+01 1.407659e+00
      vertex   -3.713749e+01 4.458481e+01 1.327377e+00
    endloop
  endfacet
  facet normal -2.690914e-01 7.403129e-01 -6.160574e-01
    outer loop
      vertex   -3.713749e+01 4.458481e+01 1.327377e+00
      vertex   -3.679621e+01 4.477567e+01 1.407659e+00
      vertex   -3.698694e+01 4.435959e+01 9.909695e-01
    endloop
  endfacet
  facet normal -3.984827e-01 6.696878e-01 -6.266816e-01
    outer loop
      vertex   -3.713749e+01 4.458481e+01 1.327377e+00
      vertex   -3.698694e+01 4.435959e+01 9.909695e-01
      vertex   -3.728236e+01 4.413779e+01 9.417944e-01
    endloop
  endfacet
  facet normal -3.413140e-01 6.126495e-01 -7.128572e-01
    outer loop
      vertex   -3.728236e+01 4.413779e+01 9.417944e-01
      vertex   -3.698694e+01 4.435959e+01 9.909695e-01
      vertex   -3.709235e+01 4.390366e+01 6.496025e-01
    endloop
  endfacet
  facet normal -4.474802e-01 5.330181e-01 -7.180900e-01
    outer loop
      vertex   -3.728236e+01 4.413779e+01 9.417944e-01
      vertex   -3.709235e+01 4.390366e+01 6.496025e-01
      vertex   -3.735815e+01 4.365815e+01 6.329966e-01
    endloop
  endfacet
  facet normal -3.916718e-01 4.772371e-01 -7.866626e-01
    outer loop
      vertex   -3.735815e+01 4.365815e+01 6.329966e-01
      vertex   -3.709235e+01 4.390366e+01 6.496025e-01
      vertex   -3.713225e+01 4.343225e+01 3.834816e-01
    endloop
  endfacet
  facet normal -2.924679e-02 9.046098e-01 -4.252360e-01
    outer loop
      vertex   -3.613969e+01 4.525877e+01 2.171919e+00
      vertex   -3.606603e+01 4.496410e+01 1.540000e+00
      vertex   -3.651710e+01 4.511037e+01 1.882173e+00
    endloop
  endfacet
  facet normal -6.593330e-02 8.831535e-01 -4.644273e-01
    outer loop
      vertex   -3.651710e+01 4.511037e+01 1.882173e+00
      vertex   -3.606603e+01 4.496410e+01 1.540000e+00
      vertex   -3.644225e+01 4.492411e+01 1.517357e+00
    endloop
  endfacet
  facet normal -2.093839e-01 8.528262e-01 -4.783783e-01
    outer loop
      vertex   -3.651710e+01 4.511037e+01 1.882173e+00
      vertex   -3.644225e+01 4.492411e+01 1.517357e+00
      vertex   -3.679621e+01 4.477567e+01 1.407659e+00
    endloop
  endfacet
  facet normal -1.517093e-01 7.954067e-01 -5.867815e-01
    outer loop
      vertex   -3.679621e+01 4.477567e+01 1.407659e+00
      vertex   -3.644225e+01 4.492411e+01 1.517357e+00
      vertex   -3.667677e+01 4.455004e+01 1.070933e+00
    endloop
  endfacet
  facet normal -2.992672e-01 7.401922e-01 -6.021251e-01
    outer loop
      vertex   -3.679621e+01 4.477567e+01 1.407659e+00
      vertex   -3.667677e+01 4.455004e+01 1.070933e+00
      vertex   -3.698694e+01 4.435959e+01 9.909695e-01
    endloop
  endfacet
  facet normal -2.381084e-01 6.792515e-01 -6.942059e-01
    outer loop
      vertex   -3.698694e+01 4.435959e+01 9.909695e-01
      vertex   -3.667677e+01 4.455004e+01 1.070933e+00
      vertex   -3.682560e+01 4.411426e+01 6.955796e-01
    endloop
  endfacet
  facet normal -3.609120e-01 6.109861e-01 -7.045840e-01
    outer loop
      vertex   -3.698694e+01 4.435959e+01 9.909695e-01
      vertex   -3.682560e+01 4.411426e+01 6.955796e-01
      vertex   -3.709235e+01 4.390366e+01 6.496025e-01
    endloop
  endfacet
  facet normal -3.003555e-01 5.505109e-01 -7.789251e-01
    outer loop
      vertex   -3.709235e+01 4.390366e+01 6.496025e-01
      vertex   -3.682560e+01 4.411426e+01 6.955796e-01
      vertex   -3.689332e+01 4.365647e+01 3.981520e-01
    endloop
  endfacet
  facet normal -3.987470e-01 4.761859e-01 -7.837396e-01
    outer loop
      vertex   -3.709235e+01 4.390366e+01 6.496025e-01
      vertex   -3.689332e+01 4.365647e+01 3.981520e-01
      vertex   -3.713225e+01 4.343225e+01 3.834816e-01
    endloop
  endfacet
  facet normal -3.421924e-01 4.196486e-01 -8.407136e-01
    outer loop
      vertex   -3.713225e+01 4.343225e+01 3.834816e-01
      vertex   -3.689332e+01 4.365647e+01 3.981520e-01
      vertex   -3.689915e+01 4.319915e+01 1.722452e-01
    endloop
  endfacet
  facet normal -5.521939e-02 8.319788e-01 -5.520525e-01
    outer loop
      vertex   -3.644225e+01 4.492411e+01 1.517357e+00
      vertex   -3.606603e+01 4.496410e+01 1.540000e+00
      vertex   -3.635662e+01 4.470624e+01 1.180447e+00
    endloop
  endfacet
  facet normal -1.412158e-02 8.179072e-01 -5.751768e-01
    outer loop
      vertex   -3.635662e+01 4.470624e+01 1.180447e+00
      vertex   -3.606603e+01 4.496410e+01 1.540000e+00
      vertex   -3.596604e+01 4.456418e+01 9.688496e-01
    endloop
  endfacet
  facet normal -6.413398e-02 7.697255e-01 -6.351453e-01
    outer loop
      vertex   -3.635662e+01 4.470624e+01 1.180447e+00
      vertex   -3.596604e+01 4.456418e+01 9.688496e-01
      vertex   -3.626222e+01 4.446061e+01 8.732445e-01
    endloop
  endfacet
  facet normal -2.207147e-02 7.114817e-01 -7.023579e-01
    outer loop
      vertex   -3.626222e+01 4.446061e+01 8.732445e-01
      vertex   -3.596604e+01 4.456418e+01 9.688496e-01
      vertex   -3.616040e+01 4.419053e+01 5.964585e-01
    endloop
  endfacet
  facet normal -1.661054e-01 6.745463e-01 -7.193027e-01
    outer loop
      vertex   -3.626222e+01 4.446061e+01 8.732445e-01
      vertex   -3.616040e+01 4.419053e+01 5.964585e-01
      vertex   -3.641100e+01 4.403147e+01 5.051676e-01
    endloop
  endfacet
  facet normal -9.022523e-02 5.988697e-01 -7.957477e-01
    outer loop
      vertex   -3.641100e+01 4.403147e+01 5.051676e-01
      vertex   -3.616040e+01 4.419053e+01 5.964585e-01
      vertex   -3.626868e+01 4.374596e+01 2.741531e-01
    endloop
  endfacet
  facet normal -2.172750e-01 5.462313e-01 -8.089641e-01
    outer loop
      vertex   -3.641100e+01 4.403147e+01 5.051676e-01
      vertex   -3.626868e+01 4.374596e+01 2.741531e-01
      vertex   -3.648122e+01 4.357906e+01 2.185463e-01
    endloop
  endfacet
  facet normal -1.480024e-01 4.771125e-01 -8.662903e-01
    outer loop
      vertex   -3.648122e+01 4.357906e+01 2.185463e-01
      vertex   -3.626868e+01 4.374596e+01 2.741531e-01
      vertex   -3.630294e+01 4.329642e+01 3.241938e-02
    endloop
  endfacet
  facet normal -2.452804e-01 4.205034e-01 -8.735070e-01
    outer loop
      vertex   -3.648122e+01 4.357906e+01 2.185463e-01
      vertex   -3.630294e+01 4.329642e+01 3.241938e-02
      vertex   -3.647995e+01 4.313736e+01 5.555895e-03
    endloop
  endfacet
  facet normal -1.835981e-01 3.588892e-01 -9.151449e-01
    outer loop
      vertex   -3.647995e+01 4.313736e+01 5.555895e-03
      vertex   -3.630294e+01 4.329642e+01 3.241938e-02
      vertex   -3.626924e+01 4.287022e+01 -1.414810e-01
    endloop
  endfacet
  facet normal -2.542552e-01 3.046715e-01 -9.178941e-01
    outer loop
      vertex   -3.647995e+01 4.313736e+01 5.555895e-03
      vertex   -3.626924e+01 4.287022e+01 -1.414810e-01
      vertex   -3.642163e+01 4.272163e+01 -1.485874e-01
    endloop
  endfacet
  facet normal -1.989481e-01 2.493750e-01 -9.477509e-01
    outer loop
      vertex   -3.642163e+01 4.272163e+01 -1.485874e-01
      vertex   -3.626924e+01 4.287022e+01 -1.414810e-01
      vertex   -3.617915e+01 4.247915e+01 -2.632896e-01
    endloop
  endfacet
  facet normal -3.082825e-03 7.067180e-01 -7.074887e-01
    outer loop
      vertex   -3.596604e+01 4.456418e+01 9.688496e-01
      vertex   -3.584279e+01 4.407115e+01 4.758222e-01
      vertex   -3.616040e+01 4.419053e+01 5.964585e-01
    endloop
  endfacet
  facet normal -5.655261e-02 6.312127e-01 -7.735453e-01
    outer loop
      vertex   -3.616040e+01 4.419053e+01 5.964585e-01
      vertex   -3.584279e+01 4.407115e+01 4.758222e-01
      vertex   -3.605246e+01 4.389922e+01 3.508535e-01
    endloop
  endfacet
  facet normal -1.505301e-01 6.040346e-01 -7.826129e-01
    outer loop
      vertex   -3.616040e+01 4.419053e+01 5.964585e-01
      vertex   -3.605246e+01 4.389922e+01 3.508535e-01
      vertex   -3.626868e+01 4.374596e+01 2.741531e-01
    endloop
  endfacet
  facet normal -7.236779e-02 5.261414e-01 -8.473123e-01
    outer loop
      vertex   -3.626868e+01 4.374596e+01 2.741531e-01
      vertex   -3.605246e+01 4.389922e+01 3.508535e-01
      vertex   -3.612243e+01 4.344754e+01 7.636181e-02
    endloop
  endfacet
  facet normal -1.896490e-01 4.761796e-01 -8.586537e-01
    outer loop
      vertex   -3.626868e+01 4.374596e+01 2.741531e-01
      vertex   -3.612243e+01 4.344754e+01 7.636181e-02
      vertex   -3.630294e+01 4.329642e+01 3.241938e-02
    endloop
  endfacet
  facet normal -1.201387e-01 4.068019e-01 -9.055821e-01
    outer loop
      vertex   -3.630294e+01 4.329642e+01 3.241938e-02
      vertex   -3.612243e+01 4.344754e+01 7.636181e-02
      vertex   -3.612216e+01 4.300670e+01 -1.217082e-01
    endloop
  endfacet
  facet normal -2.073435e-01 3.554820e-01 -9.113952e-01
    outer loop
      vertex   -3.630294e+01 4.329642e+01 3.241938e-02
      vertex   -3.612216e+01 4.300670e+01 -1.217082e-01
      vertex   -3.626924e+01 4.287022e+01 -1.414810e-01
    endloop
  endfacet
  facet normal -1.458632e-01 2.940382e-01 -9.445981e-01
    outer loop
      vertex   -3.626924e+01 4.287022e+01 -1.414810e-01
      vertex   -3.612216e+01 4.300670e+01 -1.217082e-01
      vertex   -3.605679e+01 4.259955e+01 -2.585438e-01
    endloop
  endfacet
  facet normal -2.065737e-01 2.472809e-01 -9.466676e-01
    outer loop
      vertex   -3.626924e+01 4.287022e+01 -1.414810e-01
      vertex   -3.605679e+01 4.259955e+01 -2.585438e-01
      vertex   -3.617915e+01 4.247915e+01 -2.632896e-01
    endloop
  endfacet
  facet normal -1.524900e-01 1.931996e-01 -9.692372e-01
    outer loop
      vertex   -3.617915e+01 4.247915e+01 -2.632896e-01
      vertex   -3.605679e+01 4.259955e+01 -2.585438e-01
      vertex   -3.593522e+01 4.223522e+01 -3.502910e-01
    endloop
  endfacet
  facet normal 1.481575e-02 5.759962e-01 -8.173181e-01
    outer loop
      vertex   -3.584279e+01 4.407115e+01 4.758222e-01
      vertex   -3.570000e+01 4.350000e+01 7.589838e-02
      vertex   -3.605246e+01 4.389922e+01 3.508535e-01
    endloop
  endfacet
  facet normal 3.255388e-03 5.691643e-01 -8.222174e-01
    outer loop
      vertex   -3.605246e+01 4.389922e+01 3.508535e-01
      vertex   -3.570000e+01 4.350000e+01 7.589838e-02
      vertex   -3.593958e+01 4.358978e+01 1.370996e-01
    endloop
  endfacet
  facet normal -1.338641e-01 5.297278e-01 -8.375374e-01
    outer loop
      vertex   -3.605246e+01 4.389922e+01 3.508535e-01
      vertex   -3.593958e+01 4.358978e+01 1.370996e-01
      vertex   -3.612243e+01 4.344754e+01 7.636181e-02
    endloop
  endfacet
  facet normal -5.492130e-02 4.510025e-01 -8.908313e-01
    outer loop
      vertex   -3.612243e+01 4.344754e+01 7.636181e-02
      vertex   -3.593958e+01 4.358978e+01 1.370996e-01
      vertex   -3.597304e+01 4.313846e+01 -8.932718e-02
    endloop
  endfacet
  facet normal -1.618114e-01 4.043485e-01 -9.001774e-01
    outer loop
      vertex   -3.612243e+01 4.344754e+01 7.636181e-02
      vertex   -3.597304e+01 4.313846e+01 -8.932718e-02
      vertex   -3.612216e+01 4.300670e+01 -1.217082e-01
    endloop
  endfacet
  facet normal -9.256340e-02 3.351731e-01 -9.375985e-01
    outer loop
      vertex   -3.612216e+01 4.300670e+01 -1.217082e-01
      vertex   -3.597304e+01 4.313846e+01 -8.932718e-02
      vertex   -3.593949e+01 4.271134e+01 -2.453271e-01
    endloop
  endfacet
  facet normal -1.696455e-01 2.893682e-01 -9.420650e-01
    outer loop
      vertex   -3.612216e+01 4.300670e+01 -1.217082e-01
      vertex   -3.593949e+01 4.271134e+01 -2.453271e-01
      vertex   -3.605679e+01 4.259955e+01 -2.585438e-01
    endloop
  endfacet
  facet normal -1.096621e-01 2.293959e-01 -9.671358e-01
    outer loop
      vertex   -3.605679e+01 4.259955e+01 -2.585438e-01
      vertex   -3.593949e+01 4.271134e+01 -2.453271e-01
      vertex   -3.584322e+01 4.232639e+01 -3.475497e-01
    endloop
  endfacet
  facet normal -1.599537e-01 1.905388e-01 -9.685607e-01
    outer loop
      vertex   -3.605679e+01 4.259955e+01 -2.585438e-01
      vertex   -3.584322e+01 4.232639e+01 -3.475497e-01
      vertex   -3.593522e+01 4.223522e+01 -3.502910e-01
    endloop
  endfacet
  facet normal -1.079710e-01 1.385585e-01 -9.844510e-01
    outer loop
      vertex   -3.593522e+01 4.223522e+01 -3.502910e-01
      vertex   -3.584322e+01 4.232639e+01 -3.475497e-01
      vertex   -3.569055e+01 4.199055e+01 -4.115618e-01
    endloop
  endfacet
  facet normal -4.673234e-02 4.744929e-01 -8.790179e-01
    outer loop
      vertex   -3.593958e+01 4.358978e+01 1.370996e-01
      vertex   -3.570000e+01 4.350000e+01 7.589838e-02
      vertex   -3.582254e+01 4.326491e+01 -4.448936e-02
    endloop
  endfacet
  facet normal 5.341094e-02 4.329519e-01 -8.998333e-01
    outer loop
      vertex   -3.582254e+01 4.326491e+01 -4.448936e-02
      vertex   -3.570000e+01 4.350000e+01 7.589838e-02
      vertex   -3.554202e+01 4.286808e+01 -2.187705e-01
    endloop
  endfacet
  facet normal 6.248864e-03 4.058067e-01 -9.139376e-01
    outer loop
      vertex   -3.582254e+01 4.326491e+01 -4.448936e-02
      vertex   -3.554202e+01 4.286808e+01 -2.187705e-01
      vertex   -3.570207e+01 4.292720e+01 -1.936125e-01
    endloop
  endfacet
  facet normal -3.683699e-02 3.051894e-01 -9.515789e-01
    outer loop
      vertex   -3.570207e+01 4.292720e+01 -1.936125e-01
      vertex   -3.554202e+01 4.286808e+01 -2.187705e-01
      vertex   -3.557888e+01 4.257929e+01 -3.099649e-01
    endloop
  endfacet
  facet normal -8.412390e-02 2.891192e-01 -9.535897e-01
    outer loop
      vertex   -3.570207e+01 4.292720e+01 -1.936125e-01
      vertex   -3.557888e+01 4.257929e+01 -3.099649e-01
      vertex   -3.566734e+01 4.249613e+01 -3.273741e-01
    endloop
  endfacet
  facet normal -9.342684e-03 2.144108e-01 -9.766989e-01
    outer loop
      vertex   -3.566734e+01 4.249613e+01 -3.273741e-01
      vertex   -3.557888e+01 4.257929e+01 -3.099649e-01
      vertex   -3.551228e+01 4.216676e+01 -4.011622e-01
    endloop
  endfacet
  facet normal -8.206218e-02 1.809288e-01 -9.800666e-01
    outer loop
      vertex   -3.566734e+01 4.249613e+01 -3.273741e-01
      vertex   -3.551228e+01 4.216676e+01 -4.011622e-01
      vertex   -3.557076e+01 4.210941e+01 -4.068528e-01
    endloop
  endfacet
  facet normal -1.949888e-02 1.183919e-01 -9.927755e-01
    outer loop
      vertex   -3.557076e+01 4.210941e+01 -4.068528e-01
      vertex   -3.551228e+01 4.216676e+01 -4.011622e-01
      vertex   -3.538551e+01 4.180517e+01 -4.467725e-01
    endloop
  endfacet
  facet normal -6.211495e-02 9.257297e-02 -9.937666e-01
    outer loop
      vertex   -3.557076e+01 4.210941e+01 -4.068528e-01
      vertex   -3.538551e+01 4.180517e+01 -4.467725e-01
      vertex   -3.541465e+01 4.177612e+01 -4.476574e-01
    endloop
  endfacet
  facet normal -7.991459e-03 3.845288e-02 -9.992285e-01
    outer loop
      vertex   -3.541465e+01 4.177612e+01 -4.476574e-01
      vertex   -3.538551e+01 4.180517e+01 -4.467725e-01
      vertex   -3.520000e+01 4.150000e+01 -4.600000e-01
    endloop
  endfacet
  facet normal 1.204352e-01 2.849168e-01 -9.509563e-01
    outer loop
      vertex   -3.554202e+01 4.286808e+01 -2.187705e-01
      vertex   -3.537365e+01 4.219459e+01 -3.992310e-01
      vertex   -3.557888e+01 4.257929e+01 -3.099649e-01
    endloop
  endfacet
  facet normal 1.187977e-02 2.320323e-01 -9.726355e-01
    outer loop
      vertex   -3.557888e+01 4.257929e+01 -3.099649e-01
      vertex   -3.537365e+01 4.219459e+01 -3.992310e-01
      vertex   -3.545370e+01 4.222376e+01 -3.932509e-01
    endloop
  endfacet
  facet normal -6.755840e-02 2.049530e-01 -9.764375e-01
    outer loop
      vertex   -3.557888e+01 4.257929e+01 -3.099649e-01
      vertex   -3.545370e+01 4.222376e+01 -3.932509e-01
      vertex   -3.551228e+01 4.216676e+01 -4.011622e-01
    endloop
  endfacet
  facet normal 3.992490e-03 1.334545e-01 -9.910469e-01
    outer loop
      vertex   -3.551228e+01 4.216676e+01 -4.011622e-01
      vertex   -3.545370e+01 4.222376e+01 -3.932509e-01
      vertex   -3.535635e+01 4.183419e+01 -4.453188e-01
    endloop
  endfacet
  facet normal -5.568681e-02 1.057126e-01 -9.928362e-01
    outer loop
      vertex   -3.551228e+01 4.216676e+01 -4.011622e-01
      vertex   -3.535635e+01 4.183419e+01 -4.453188e-01
      vertex   -3.538551e+01 4.180517e+01 -4.467725e-01
    endloop
  endfacet
  facet normal 4.189671e-03 4.584501e-02 -9.989398e-01
    outer loop
      vertex   -3.538551e+01 4.180517e+01 -4.467725e-01
      vertex   -3.535635e+01 4.183419e+01 -4.453188e-01
      vertex   -3.520000e+01 4.150000e+01 -4.600000e-01
    endloop
  endfacet
  facet normal -2.743754e-02 1.279599e-01 -9.913997e-01
    outer loop
      vertex   -3.545370e+01 4.222376e+01 -3.932509e-01
      vertex   -3.537365e+01 4.219459e+01 -3.992310e-01
      vertex   -3.532719e+01 4.186315e+01 -4.432960e-01
    endloop
  endfacet
  facet normal 3.766529e-01 1.737701e-01 -9.099102e-01
    outer loop
      vertex   -3.532719e+01 4.186315e+01 -4.432960e-01
      vertex   -3.537365e+01 4.219459e+01 -3.992310e-01
      vertex   -3.520000e+01 4.150000e+01 -4.600000e-01
    endloop
  endfacet
  facet normal -2.902903e-01 -1.478296e-01 -9.454512e-01
    outer loop
      vertex   -3.656808e+01 4.184202e+01 -2.187705e-01
      vertex   -3.629342e+01 4.186370e+01 -3.064925e-01
      vertex   -3.589459e+01 4.167365e+01 -3.992310e-01
    endloop
  endfacet
  facet normal -2.390508e-01 -2.802936e-02 -9.706024e-01
    outer loop
      vertex   -3.589459e+01 4.167365e+01 -3.992310e-01
      vertex   -3.629342e+01 4.186370e+01 -3.064925e-01
      vertex   -3.593349e+01 4.174366e+01 -3.916718e-01
    endloop
  endfacet
  facet normal -1.267974e-01 3.657559e-02 -9.912541e-01
    outer loop
      vertex   -3.589459e+01 4.167365e+01 -3.992310e-01
      vertex   -3.593349e+01 4.174366e+01 -3.916718e-01
      vertex   -3.556811e+01 4.162219e+01 -4.428920e-01
    endloop
  endfacet
  facet normal -1.409259e-01 -6.451857e-03 -9.899991e-01
    outer loop
      vertex   -3.556811e+01 4.162219e+01 -4.428920e-01
      vertex   -3.593349e+01 4.174366e+01 -3.916718e-01
      vertex   -3.588635e+01 4.179220e+01 -3.986990e-01
    endloop
  endfacet
  facet normal -1.158237e-01 4.116446e-02 -9.924164e-01
    outer loop
      vertex   -3.556811e+01 4.162219e+01 -4.428920e-01
      vertex   -3.588635e+01 4.179220e+01 -3.986990e-01
      vertex   -3.554412e+01 4.164635e+01 -4.446892e-01
    endloop
  endfacet
  facet normal -1.278259e-01 1.277963e-02 -9.917143e-01
    outer loop
      vertex   -3.554412e+01 4.164635e+01 -4.446892e-01
      vertex   -3.588635e+01 4.179220e+01 -3.986990e-01
      vertex   -3.583773e+01 4.184193e+01 -4.043244e-01
    endloop
  endfacet
  facet normal -1.052428e-01 4.701643e-02 -9.933345e-01
    outer loop
      vertex   -3.554412e+01 4.164635e+01 -4.446892e-01
      vertex   -3.583773e+01 4.184193e+01 -4.043244e-01
      vertex   -3.551949e+01 4.167113e+01 -4.461267e-01
    endloop
  endfacet
  facet normal -3.070122e-01 4.258692e-02 -9.507523e-01
    outer loop
      vertex   -3.629342e+01 4.186370e+01 -3.064925e-01
      vertex   -3.656808e+01 4.184202e+01 -2.187705e-01
      vertex   -3.664517e+01 4.198161e+01 -1.876253e-01
    endloop
  endfacet
  facet normal -4.297233e-01 -3.600283e-02 -9.022426e-01
    outer loop
      vertex   -3.664517e+01 4.198161e+01 -1.876253e-01
      vertex   -3.656808e+01 4.184202e+01 -2.187705e-01
      vertex   -3.720000e+01 4.200000e+01 7.589838e-02
    endloop
  endfacet
  facet normal -4.297712e-01 -8.516082e-02 -8.989129e-01
    outer loop
      vertex   -3.664517e+01 4.198161e+01 -1.876253e-01
      vertex   -3.720000e+01 4.200000e+01 7.589838e-02
      vertex   -3.698601e+01 4.209665e+01 -3.556584e-02
    endloop
  endfacet
  facet normal -4.785321e-01 4.837290e-02 -8.767366e-01
    outer loop
      vertex   -3.698601e+01 4.209665e+01 -3.556584e-02
      vertex   -3.720000e+01 4.200000e+01 7.589838e-02
      vertex   -3.731321e+01 4.220808e+01 1.491715e-01
    endloop
  endfacet
  facet normal -4.772197e-01 5.297196e-02 -8.771861e-01
    outer loop
      vertex   -3.698601e+01 4.209665e+01 -3.556584e-02
      vertex   -3.731321e+01 4.220808e+01 1.491715e-01
      vertex   -3.719737e+01 4.235993e+01 9.531923e-02
    endloop
  endfacet
  facet normal -5.230430e-01 9.878951e-02 -8.465617e-01
    outer loop
      vertex   -3.719737e+01 4.235993e+01 9.531923e-02
      vertex   -3.731321e+01 4.220808e+01 1.491715e-01
      vertex   -3.750012e+01 4.249485e+01 2.981140e-01
    endloop
  endfacet
  facet normal -5.114214e-01 1.293433e-01 -8.495401e-01
    outer loop
      vertex   -3.719737e+01 4.235993e+01 9.531923e-02
      vertex   -3.750012e+01 4.249485e+01 2.981140e-01
      vertex   -3.736299e+01 4.267698e+01 2.432915e-01
    endloop
  endfacet
  facet normal -5.550874e-01 1.730399e-01 -8.135940e-01
    outer loop
      vertex   -3.736299e+01 4.267698e+01 2.432915e-01
      vertex   -3.750012e+01 4.249485e+01 2.981140e-01
      vertex   -3.764326e+01 4.283612e+01 4.683621e-01
    endloop
  endfacet
  facet normal -5.779211e-01 -2.721932e-02 -8.156386e-01
    outer loop
      vertex   -3.720000e+01 4.200000e+01 7.589838e-02
      vertex   -3.777115e+01 4.214279e+01 4.758222e-01
      vertex   -3.731321e+01 4.220808e+01 1.491715e-01
    endloop
  endfacet
  facet normal -5.780656e-01 -2.590767e-02 -8.155789e-01
    outer loop
      vertex   -3.731321e+01 4.220808e+01 1.491715e-01
      vertex   -3.777115e+01 4.214279e+01 4.758222e-01
      vertex   -3.762403e+01 4.231515e+01 3.660744e-01
    endloop
  endfacet
  facet normal -5.548073e-01 6.902372e-02 -8.291107e-01
    outer loop
      vertex   -3.731321e+01 4.220808e+01 1.491715e-01
      vertex   -3.762403e+01 4.231515e+01 3.660744e-01
      vertex   -3.750012e+01 4.249485e+01 2.981140e-01
    endloop
  endfacet
  facet normal -5.979414e-01 1.121774e-01 -7.936512e-01
    outer loop
      vertex   -3.750012e+01 4.249485e+01 2.981140e-01
      vertex   -3.762403e+01 4.231515e+01 3.660744e-01
      vertex   -3.778831e+01 4.262554e+01 5.337154e-01
    endloop
  endfacet
  facet normal -5.826919e-01 1.536956e-01 -7.980275e-01
    outer loop
      vertex   -3.750012e+01 4.249485e+01 2.981140e-01
      vertex   -3.778831e+01 4.262554e+01 5.337154e-01
      vertex   -3.764326e+01 4.283612e+01 4.683621e-01
    endloop
  endfacet
  facet normal -6.256434e-01 1.966605e-01 -7.549139e-01
    outer loop
      vertex   -3.764326e+01 4.283612e+01 4.683621e-01
      vertex   -3.778831e+01 4.262554e+01 5.337154e-01
      vertex   -3.790939e+01 4.298972e+01 7.289317e-01
    endloop
  endfacet
  facet normal -6.366255e-01 5.353580e-02 -7.693126e-01
    outer loop
      vertex   -3.762403e+01 4.231515e+01 3.660744e-01
      vertex   -3.777115e+01 4.214279e+01 4.758222e-01
      vertex   -3.791572e+01 4.241708e+01 6.145427e-01
    endloop
  endfacet
  facet normal -7.091603e-01 -1.730177e-02 -7.048349e-01
    outer loop
      vertex   -3.791572e+01 4.241708e+01 6.145427e-01
      vertex   -3.777115e+01 4.214279e+01 4.758222e-01
      vertex   -3.826418e+01 4.226604e+01 9.688496e-01
    endloop
  endfacet
  facet normal -7.163627e-01 1.643989e-02 -6.975344e-01
    outer loop
      vertex   -3.791572e+01 4.241708e+01 6.145427e-01
      vertex   -3.826418e+01 4.226604e+01 9.688496e-01
      vertex   -3.818521e+01 4.251279e+01 8.935700e-01
    endloop
  endfacet
  facet normal -7.749970e-01 5.596605e-02 -6.294818e-01
    outer loop
      vertex   -3.818521e+01 4.251279e+01 8.935700e-01
      vertex   -3.826418e+01 4.226604e+01 9.688496e-01
      vertex   -3.842941e+01 4.260109e+01 1.202065e+00
    endloop
  endfacet
  facet normal -7.621413e-01 1.169496e-01 -6.367601e-01
    outer loop
      vertex   -3.818521e+01 4.251279e+01 8.935700e-01
      vertex   -3.842941e+01 4.260109e+01 1.202065e+00
      vertex   -3.830758e+01 4.286786e+01 1.105249e+00
    endloop
  endfacet
  facet normal -7.992963e-01 1.542222e-01 -5.808105e-01
    outer loop
      vertex   -3.830758e+01 4.286786e+01 1.105249e+00
      vertex   -3.842941e+01 4.260109e+01 1.202065e+00
      vertex   -3.853148e+01 4.297594e+01 1.442066e+00
    endloop
  endfacet
  facet normal -7.749656e-01 2.295970e-01 -5.888238e-01
    outer loop
      vertex   -3.830758e+01 4.286786e+01 1.105249e+00
      vertex   -3.853148e+01 4.297594e+01 1.442066e+00
      vertex   -3.838407e+01 4.327117e+01 1.363170e+00
    endloop
  endfacet
  facet normal -8.129922e-01 2.677626e-01 -5.170559e-01
    outer loop
      vertex   -3.838407e+01 4.327117e+01 1.363170e+00
      vertex   -3.853148e+01 4.297594e+01 1.442066e+00
      vertex   -3.858290e+01 4.339255e+01 1.738663e+00
    endloop
  endfacet
  facet normal -8.195826e-01 -5.382504e-03 -5.729357e-01
    outer loop
      vertex   -3.826418e+01 4.226604e+01 9.688496e-01
      vertex   -3.866410e+01 4.236603e+01 1.540000e+00
      vertex   -3.842941e+01 4.260109e+01 1.202065e+00
    endloop
  endfacet
  facet normal -8.359145e-01 4.864119e-02 -5.467001e-01
    outer loop
      vertex   -3.842941e+01 4.260109e+01 1.202065e+00
      vertex   -3.866410e+01 4.236603e+01 1.540000e+00
      vertex   -3.864512e+01 4.268074e+01 1.538974e+00
    endloop
  endfacet
  facet normal -8.201129e-01 1.330072e-01 -5.565284e-01
    outer loop
      vertex   -3.842941e+01 4.260109e+01 1.202065e+00
      vertex   -3.864512e+01 4.268074e+01 1.538974e+00
      vertex   -3.853148e+01 4.297594e+01 1.442066e+00
    endloop
  endfacet
  facet normal -8.546389e-01 1.676774e-01 -4.914028e-01
    outer loop
      vertex   -3.853148e+01 4.297594e+01 1.442066e+00
      vertex   -3.864512e+01 4.268074e+01 1.538974e+00
      vertex   -3.872548e+01 4.307175e+01 1.812159e+00
    endloop
  endfacet
  facet normal -8.281966e-01 2.535888e-01 -4.997830e-01
    outer loop
      vertex   -3.853148e+01 4.297594e+01 1.442066e+00
      vertex   -3.872548e+01 4.307175e+01 1.812159e+00
      vertex   -3.858290e+01 4.339255e+01 1.738663e+00
    endloop
  endfacet
  facet normal -8.621561e-01 2.876292e-01 -4.170808e-01
    outer loop
      vertex   -3.858290e+01 4.339255e+01 1.738663e+00
      vertex   -3.872548e+01 4.307175e+01 1.812159e+00
      vertex   -3.874762e+01 4.349475e+01 2.149643e+00
    endloop
  endfacet
  facet normal -8.871919e-01 5.202207e-02 -4.584585e-01
    outer loop
      vertex   -3.864512e+01 4.268074e+01 1.538974e+00
      vertex   -3.866410e+01 4.236603e+01 1.540000e+00
      vertex   -3.882878e+01 4.275001e+01 1.902251e+00
    endloop
  endfacet
  facet normal -9.057479e-01 1.124251e-02 -4.236678e-01
    outer loop
      vertex   -3.882878e+01 4.275001e+01 1.902251e+00
      vertex   -3.866410e+01 4.236603e+01 1.540000e+00
      vertex   -3.895877e+01 4.243969e+01 2.171919e+00
    endloop
  endfacet
  facet normal -9.278631e-01 7.043917e-02 -3.662082e-01
    outer loop
      vertex   -3.882878e+01 4.275001e+01 1.902251e+00
      vertex   -3.895877e+01 4.243969e+01 2.171919e+00
      vertex   -3.897685e+01 4.280694e+01 2.288370e+00
    endloop
  endfacet
  facet normal -9.647343e-01 3.521881e-02 -2.608590e-01
    outer loop
      vertex   -3.897685e+01 4.280694e+01 2.288370e+00
      vertex   -3.895877e+01 4.243969e+01 2.171919e+00
      vertex   -3.913923e+01 4.248481e+01 2.845407e+00
    endloop
  endfacet
  facet normal -9.643777e-01 3.206572e-02 -2.625785e-01
    outer loop
      vertex   -3.897685e+01 4.280694e+01 2.288370e+00
      vertex   -3.913923e+01 4.248481e+01 2.845407e+00
      vertex   -3.908580e+01 4.284956e+01 2.693714e+00
    endloop
  endfacet
  facet normal -9.839040e-01 7.707860e-02 -1.612200e-01
    outer loop
      vertex   -3.908580e+01 4.284956e+01 2.693714e+00
      vertex   -3.913923e+01 4.248481e+01 2.845407e+00
      vertex   -3.915247e+01 4.287599e+01 3.113242e+00
    endloop
  endfacet
  facet normal -9.687498e-01 1.846739e-01 -1.655879e-01
    outer loop
      vertex   -3.908580e+01 4.284956e+01 2.693714e+00
      vertex   -3.915247e+01 4.287599e+01 3.113242e+00
      vertex   -3.907605e+01 4.325059e+01 3.083904e+00
    endloop
  endfacet
  facet normal 1.753676e-02 5.206986e-02 -9.984895e-01
    outer loop
      vertex   -3.532719e+01 4.186315e+01 -4.432960e-01
      vertex   -3.520000e+01 4.150000e+01 -4.600000e-01
      vertex   -3.535635e+01 4.183419e+01 -4.453188e-01
    endloop
  endfacet
  facet normal -1.931782e-02 2.965470e-02 -9.993735e-01
    outer loop
      vertex   -3.541465e+01 4.177612e+01 -4.476574e-01
      vertex   -3.520000e+01 4.150000e+01 -4.600000e-01
      vertex   -3.544540e+01 4.174540e+01 -4.479746e-01
    endloop
  endfacet
  facet normal -4.854886e-02 -9.667289e-03 -9.987740e-01
    outer loop
      vertex   -3.551949e+01 4.167113e+01 -4.461267e-01
      vertex   -3.520000e+01 4.150000e+01 -4.600000e-01
      vertex   -3.554412e+01 4.164635e+01 -4.446892e-01
    endloop
  endfacet
  facet normal -5.343608e-02 -2.120355e-02 -9.983461e-01
    outer loop
      vertex   -3.554412e+01 4.164635e+01 -4.446892e-01
      vertex   -3.520000e+01 4.150000e+01 -4.600000e-01
      vertex   -3.556811e+01 4.162219e+01 -4.428920e-01
    endloop
  endfacet
  facet normal -2.218658e-01 9.585001e-01 -1.790337e-01
    outer loop
      vertex   -3.710238e+01 4.533062e+01 3.073439e+00
      vertex   -3.665422e+01 4.544057e+01 3.106716e+00
      vertex   -3.705975e+01 4.525544e+01 2.618163e+00
    endloop
  endfacet
  facet normal -2.330278e-01 9.575974e-01 -1.694264e-01
    outer loop
      vertex   -3.705975e+01 4.525544e+01 2.618163e+00
      vertex   -3.665422e+01 4.544057e+01 3.106716e+00
      vertex   -3.662535e+01 4.537233e+01 2.681319e+00
    endloop
  endfacet
  facet normal -2.083123e-01 9.329113e-01 -2.937387e-01
    outer loop
      vertex   -3.705975e+01 4.525544e+01 2.618163e+00
      vertex   -3.662535e+01 4.537233e+01 2.681319e+00
      vertex   -3.699180e+01 4.513418e+01 2.184848e+00
    endloop
  endfacet
  facet normal -2.282092e-01 9.327832e-01 -2.789910e-01
    outer loop
      vertex   -3.699180e+01 4.513418e+01 2.184848e+00
      vertex   -3.662535e+01 4.537233e+01 2.681319e+00
      vertex   -3.657890e+01 4.526108e+01 2.271371e+00
    endloop
  endfacet
  facet normal -1.914457e-01 8.960482e-01 -4.005574e-01
    outer loop
      vertex   -3.699180e+01 4.513418e+01 2.184848e+00
      vertex   -3.657890e+01 4.526108e+01 2.271371e+00
      vertex   -3.690259e+01 4.497232e+01 1.780123e+00
    endloop
  endfacet
  facet normal -3.675852e-01 9.100368e-01 -1.916093e-01
    outer loop
      vertex   -3.752889e+01 4.515318e+01 3.048933e+00
      vertex   -3.710238e+01 4.533062e+01 3.073439e+00
      vertex   -3.747393e+01 4.507490e+01 2.571693e+00
    endloop
  endfacet
  facet normal -3.751732e-01 9.082861e-01 -1.850981e-01
    outer loop
      vertex   -3.747393e+01 4.507490e+01 2.571693e+00
      vertex   -3.710238e+01 4.533062e+01 3.073439e+00
      vertex   -3.705975e+01 4.525544e+01 2.618163e+00
    endloop
  endfacet
  facet normal -3.496717e-01 8.828462e-01 -3.135478e-01
    outer loop
      vertex   -3.747393e+01 4.507490e+01 2.571693e+00
      vertex   -3.705975e+01 4.525544e+01 2.618163e+00
      vertex   -3.738663e+01 4.494950e+01 2.121279e+00
    endloop
  endfacet
  facet normal -3.631783e-01 8.809123e-01 -3.034716e-01
    outer loop
      vertex   -3.738663e+01 4.494950e+01 2.121279e+00
      vertex   -3.705975e+01 4.525544e+01 2.618163e+00
      vertex   -3.699180e+01 4.513418e+01 2.184848e+00
    endloop
  endfacet
  facet normal -3.262565e-01 8.440294e-01 -4.256420e-01
    outer loop
      vertex   -3.738663e+01 4.494950e+01 2.121279e+00
      vertex   -3.699180e+01 4.513418e+01 2.184848e+00
      vertex   -3.727260e+01 4.478380e+01 1.705283e+00
    endloop
  endfacet
  facet normal -3.456947e-01 8.425008e-01 -4.131436e-01
    outer loop
      vertex   -3.727260e+01 4.478380e+01 1.705283e+00
      vertex   -3.699180e+01 4.513418e+01 2.184848e+00
      vertex   -3.690259e+01 4.497232e+01 1.780123e+00
    endloop
  endfacet
  facet normal -2.991758e-01 7.960479e-01 -5.261194e-01
    outer loop
      vertex   -3.727260e+01 4.478380e+01 1.705283e+00
      vertex   -3.690259e+01 4.497232e+01 1.780123e+00
      vertex   -3.713749e+01 4.458481e+01 1.327377e+00
    endloop
  endfacet
  facet normal -6.321686e-01 7.475659e-01 -2.037351e-01
    outer loop
      vertex   -3.822283e+01 4.452283e+01 2.532541e+00
      vertex   -3.829603e+01 4.459603e+01 3.028272e+00
      vertex   -3.792369e+01 4.491240e+01 3.033779e+00
    endloop
  endfacet
  facet normal -5.045600e-01 8.399076e-01 -1.999360e-01
    outer loop
      vertex   -3.792369e+01 4.491240e+01 3.033779e+00
      vertex   -3.752889e+01 4.515318e+01 3.048933e+00
      vertex   -3.785847e+01 4.483475e+01 2.542973e+00
    endloop
  endfacet
  facet normal -5.088342e-01 8.382324e-01 -1.960975e-01
    outer loop
      vertex   -3.785847e+01 4.483475e+01 2.542973e+00
      vertex   -3.752889e+01 4.515318e+01 3.048933e+00
      vertex   -3.747393e+01 4.507490e+01 2.571693e+00
    endloop
  endfacet
  facet normal -4.829685e-01 8.124281e-01 -3.266526e-01
    outer loop
      vertex   -3.785847e+01 4.483475e+01 2.542973e+00
      vertex   -3.747393e+01 4.507490e+01 2.571693e+00
      vertex   -3.775495e+01 4.471096e+01 2.082027e+00
    endloop
  endfacet
  facet normal -4.906003e-01 8.102440e-01 -3.206494e-01
    outer loop
      vertex   -3.775495e+01 4.471096e+01 2.082027e+00
      vertex   -3.747393e+01 4.507490e+01 2.571693e+00
      vertex   -3.738663e+01 4.494950e+01 2.121279e+00
    endloop
  endfacet
  facet normal -4.538981e-01 7.735790e-01 -4.422126e-01
    outer loop
      vertex   -3.775495e+01 4.471096e+01 2.082027e+00
      vertex   -3.738663e+01 4.494950e+01 2.121279e+00
      vertex   -3.761987e+01 4.454846e+01 1.659127e+00
    endloop
  endfacet
  facet normal -4.649121e-01 7.713042e-01 -4.346799e-01
    outer loop
      vertex   -3.761987e+01 4.454846e+01 1.659127e+00
      vertex   -3.738663e+01 4.494950e+01 2.121279e+00
      vertex   -3.727260e+01 4.478380e+01 1.705283e+00
    endloop
  endfacet
  facet normal -4.196583e-01 7.260978e-01 -5.446732e-01
    outer loop
      vertex   -3.761987e+01 4.454846e+01 1.659127e+00
      vertex   -3.727260e+01 4.478380e+01 1.705283e+00
      vertex   -3.746008e+01 4.435487e+01 1.277932e+00
    endloop
  endfacet
  facet normal -4.338466e-01 7.239750e-01 -5.363184e-01
    outer loop
      vertex   -3.746008e+01 4.435487e+01 1.277932e+00
      vertex   -3.727260e+01 4.478380e+01 1.705283e+00
      vertex   -3.713749e+01 4.458481e+01 1.327377e+00
    endloop
  endfacet
  facet normal -3.813126e-01 6.715592e-01 -6.353022e-01
    outer loop
      vertex   -3.746008e+01 4.435487e+01 1.277932e+00
      vertex   -3.713749e+01 4.458481e+01 1.327377e+00
      vertex   -3.728236e+01 4.413779e+01 9.417944e-01
    endloop
  endfacet
  facet normal -9.342207e-01 3.081253e-01 -1.796958e-01
    outer loop
      vertex   -3.907605e+01 4.325059e+01 3.083904e+00
      vertex   -3.894895e+01 4.362194e+01 3.059872e+00
      vertex   -3.900283e+01 4.321255e+01 2.638017e+00
    endloop
  endfacet
  facet normal -9.305251e-01 3.149890e-01 -1.868286e-01
    outer loop
      vertex   -3.900283e+01 4.321255e+01 2.638017e+00
      vertex   -3.894895e+01 4.362194e+01 3.059872e+00
      vertex   -3.887172e+01 4.357283e+01 2.592434e+00
    endloop
  endfacet
  facet normal -9.093284e-01 2.936134e-01 -2.948101e-01
    outer loop
      vertex   -3.900283e+01 4.321255e+01 2.638017e+00
      vertex   -3.887172e+01 4.357283e+01 2.592434e+00
      vertex   -3.888434e+01 4.315179e+01 2.212031e+00
    endloop
  endfacet
  facet normal -9.020961e-01 3.038725e-01 -3.064053e-01
    outer loop
      vertex   -3.888434e+01 4.315179e+01 2.212031e+00
      vertex   -3.887172e+01 4.357283e+01 2.592434e+00
      vertex   -3.874762e+01 4.349475e+01 2.149643e+00
    endloop
  endfacet
  facet normal -8.733541e-01 2.750222e-01 -4.020141e-01
    outer loop
      vertex   -3.888434e+01 4.315179e+01 2.212031e+00
      vertex   -3.874762e+01 4.349475e+01 2.149643e+00
      vertex   -3.872548e+01 4.307175e+01 1.812159e+00
    endloop
  endfacet
  facet normal -6.077716e-01 7.210941e-01 -3.326214e-01
    outer loop
      vertex   -3.810650e+01 4.440650e+01 2.067781e+00
      vertex   -3.822283e+01 4.452283e+01 2.532541e+00
      vertex   -3.785847e+01 4.483475e+01 2.542973e+00
    endloop
  endfacet
  facet normal -6.335126e-01 7.468061e-01 -2.023425e-01
    outer loop
      vertex   -3.785847e+01 4.483475e+01 2.542973e+00
      vertex   -3.822283e+01 4.452283e+01 2.532541e+00
      vertex   -3.792369e+01 4.491240e+01 3.033779e+00
    endloop
  endfacet
  facet normal -6.101980e-01 7.200564e-01 -3.304197e-01
    outer loop
      vertex   -3.810650e+01 4.440650e+01 2.067781e+00
      vertex   -3.785847e+01 4.483475e+01 2.542973e+00
      vertex   -3.775495e+01 4.471096e+01 2.082027e+00
    endloop
  endfacet
  facet normal -9.461658e-01 1.744414e-01 -2.726544e-01
    outer loop
      vertex   -3.897685e+01 4.280694e+01 2.288370e+00
      vertex   -3.908580e+01 4.284956e+01 2.693714e+00
      vertex   -3.900283e+01 4.321255e+01 2.638017e+00
    endloop
  endfacet
  facet normal -9.652998e-01 1.937921e-01 -1.750456e-01
    outer loop
      vertex   -3.900283e+01 4.321255e+01 2.638017e+00
      vertex   -3.908580e+01 4.284956e+01 2.693714e+00
      vertex   -3.907605e+01 4.325059e+01 3.083904e+00
    endloop
  endfacet
  facet normal -9.389651e-01 1.881379e-01 -2.880081e-01
    outer loop
      vertex   -3.897685e+01 4.280694e+01 2.288370e+00
      vertex   -3.900283e+01 4.321255e+01 2.638017e+00
      vertex   -3.888434e+01 4.315179e+01 2.212031e+00
    endloop
  endfacet
  facet normal -5.742254e-01 6.841022e-01 -4.497438e-01
    outer loop
      vertex   -3.810650e+01 4.440650e+01 2.067781e+00
      vertex   -3.775495e+01 4.471096e+01 2.082027e+00
      vertex   -3.795446e+01 4.425446e+01 1.642393e+00
    endloop
  endfacet
  facet normal -5.777575e-01 6.829571e-01 -4.469518e-01
    outer loop
      vertex   -3.795446e+01 4.425446e+01 1.642393e+00
      vertex   -3.775495e+01 4.471096e+01 2.082027e+00
      vertex   -3.761987e+01 4.454846e+01 1.659127e+00
    endloop
  endfacet
  facet normal -5.341441e-01 6.393638e-01 -5.530859e-01
    outer loop
      vertex   -3.795446e+01 4.425446e+01 1.642393e+00
      vertex   -3.761987e+01 4.454846e+01 1.659127e+00
      vertex   -3.777425e+01 4.407425e+01 1.260027e+00
    endloop
  endfacet
  facet normal -5.387223e-01 6.382208e-01 -5.499568e-01
    outer loop
      vertex   -3.777425e+01 4.407425e+01 1.260027e+00
      vertex   -3.761987e+01 4.454846e+01 1.659127e+00
      vertex   -3.746008e+01 4.435487e+01 1.277932e+00
    endloop
  endfacet
  facet normal -4.888920e-01 5.884331e-01 -6.439962e-01
    outer loop
      vertex   -3.777425e+01 4.407425e+01 1.260027e+00
      vertex   -3.746008e+01 4.435487e+01 1.277932e+00
      vertex   -3.757339e+01 4.387339e+01 9.240099e-01
    endloop
  endfacet
  facet normal -4.944555e-01 5.873445e-01 -6.407341e-01
    outer loop
      vertex   -3.757339e+01 4.387339e+01 9.240099e-01
      vertex   -3.746008e+01 4.435487e+01 1.277932e+00
      vertex   -3.728236e+01 4.413779e+01 9.417944e-01
    endloop
  endfacet
  facet normal -4.411159e-01 5.340497e-01 -7.212543e-01
    outer loop
      vertex   -3.757339e+01 4.387339e+01 9.240099e-01
      vertex   -3.728236e+01 4.413779e+01 9.417944e-01
      vertex   -3.735815e+01 4.365815e+01 6.329966e-01
    endloop
  endfacet
  facet normal -9.131132e-01 1.621504e-01 -3.740742e-01
    outer loop
      vertex   -3.897685e+01 4.280694e+01 2.288370e+00
      vertex   -3.888434e+01 4.315179e+01 2.212031e+00
      vertex   -3.882878e+01 4.275001e+01 1.902251e+00
    endloop
  endfacet
  facet normal -9.014904e-01 1.791171e-01 -3.939951e-01
    outer loop
      vertex   -3.882878e+01 4.275001e+01 1.902251e+00
      vertex   -3.888434e+01 4.315179e+01 2.212031e+00
      vertex   -3.872548e+01 4.307175e+01 1.812159e+00
    endloop
  endfacet
  facet normal -8.708662e-01 1.483988e-01 -4.685827e-01
    outer loop
      vertex   -3.882878e+01 4.275001e+01 1.902251e+00
      vertex   -3.872548e+01 4.307175e+01 1.812159e+00
      vertex   -3.864512e+01 4.268074e+01 1.538974e+00
    endloop
  endfacet
  facet normal -7.558274e-01 2.449858e-01 -6.072124e-01
    outer loop
      vertex   -3.830758e+01 4.286786e+01 1.105249e+00
      vertex   -3.838407e+01 4.327117e+01 1.363170e+00
      vertex   -3.815764e+01 4.313554e+01 1.026604e+00
    endloop
  endfacet
  facet normal -1.962456e-01 7.998957e-01 -5.671459e-01
    outer loop
      vertex   -3.644225e+01 4.492411e+01 1.517357e+00
      vertex   -3.635662e+01 4.470624e+01 1.180447e+00
      vertex   -3.667677e+01 4.455004e+01 1.070933e+00
    endloop
  endfacet
  facet normal -1.306834e-01 7.346460e-01 -6.657455e-01
    outer loop
      vertex   -3.667677e+01 4.455004e+01 1.070933e+00
      vertex   -3.635662e+01 4.470624e+01 1.180447e+00
      vertex   -3.654768e+01 4.430071e+01 7.704560e-01
    endloop
  endfacet
  facet normal -2.724944e-01 6.796547e-01 -6.810406e-01
    outer loop
      vertex   -3.667677e+01 4.455004e+01 1.070933e+00
      vertex   -3.654768e+01 4.430071e+01 7.704560e-01
      vertex   -3.682560e+01 4.411426e+01 6.955796e-01
    endloop
  endfacet
  facet normal -2.067626e-01 6.140667e-01 -7.616897e-01
    outer loop
      vertex   -3.682560e+01 4.411426e+01 6.955796e-01
      vertex   -3.654768e+01 4.430071e+01 7.704560e-01
      vertex   -3.665618e+01 4.385282e+01 4.388256e-01
    endloop
  endfacet
  facet normal -3.221228e-01 5.488278e-01 -7.713786e-01
    outer loop
      vertex   -3.682560e+01 4.411426e+01 6.955796e-01
      vertex   -3.665618e+01 4.385282e+01 4.388256e-01
      vertex   -3.689332e+01 4.365647e+01 3.981520e-01
    endloop
  endfacet
  facet normal -2.599811e-01 4.867421e-01 -8.339616e-01
    outer loop
      vertex   -3.689332e+01 4.365647e+01 3.981520e-01
      vertex   -3.665618e+01 4.385282e+01 4.388256e-01
      vertex   -3.668829e+01 4.339993e+01 1.845064e-01
    endloop
  endfacet
  facet normal -3.497716e-01 4.184883e-01 -8.381691e-01
    outer loop
      vertex   -3.689332e+01 4.365647e+01 3.981520e-01
      vertex   -3.668829e+01 4.339993e+01 1.845064e-01
      vertex   -3.689915e+01 4.319915e+01 1.722452e-01
    endloop
  endfacet
  facet normal -2.942177e-01 3.629567e-01 -8.841371e-01
    outer loop
      vertex   -3.689915e+01 4.319915e+01 1.722452e-01
      vertex   -3.668829e+01 4.339993e+01 1.845064e-01
      vertex   -3.666189e+01 4.296189e+01 -4.108840e-03
    endloop
  endfacet
  facet normal -7.155180e-01 2.045542e-01 -6.679757e-01
    outer loop
      vertex   -3.830758e+01 4.286786e+01 1.105249e+00
      vertex   -3.815764e+01 4.313554e+01 1.026604e+00
      vertex   -3.805864e+01 4.275045e+01 8.026321e-01
    endloop
  endfacet
  facet normal -6.930461e-01 2.209327e-01 -6.862039e-01
    outer loop
      vertex   -3.805864e+01 4.275045e+01 8.026321e-01
      vertex   -3.815764e+01 4.313554e+01 1.026604e+00
      vertex   -3.790939e+01 4.298972e+01 7.289317e-01
    endloop
  endfacet
  facet normal -6.510875e-01 1.789264e-01 -7.376113e-01
    outer loop
      vertex   -3.805864e+01 4.275045e+01 8.026321e-01
      vertex   -3.790939e+01 4.298972e+01 7.289317e-01
      vertex   -3.778831e+01 4.262554e+01 5.337154e-01
    endloop
  endfacet
  facet normal -1.098412e-01 6.687698e-01 -7.353108e-01
    outer loop
      vertex   -3.626222e+01 4.446061e+01 8.732445e-01
      vertex   -3.641100e+01 4.403147e+01 5.051676e-01
      vertex   -3.654768e+01 4.430071e+01 7.704560e-01
    endloop
  endfacet
  facet normal -2.449052e-01 6.145670e-01 -7.498859e-01
    outer loop
      vertex   -3.654768e+01 4.430071e+01 7.704560e-01
      vertex   -3.641100e+01 4.403147e+01 5.051676e-01
      vertex   -3.665618e+01 4.385282e+01 4.388256e-01
    endloop
  endfacet
  facet normal -2.833188e-01 4.847616e-01 -8.274881e-01
    outer loop
      vertex   -3.668829e+01 4.339993e+01 1.845064e-01
      vertex   -3.665618e+01 4.385282e+01 4.388256e-01
      vertex   -3.648122e+01 4.357906e+01 2.185463e-01
    endloop
  endfacet
  facet normal -1.763986e-01 5.461741e-01 -8.188879e-01
    outer loop
      vertex   -3.648122e+01 4.357906e+01 2.185463e-01
      vertex   -3.665618e+01 4.385282e+01 4.388256e-01
      vertex   -3.641100e+01 4.403147e+01 5.051676e-01
    endloop
  endfacet
  facet normal -6.698736e-01 1.256756e-01 -7.317616e-01
    outer loop
      vertex   -3.778831e+01 4.262554e+01 5.337154e-01
      vertex   -3.791572e+01 4.241708e+01 6.145427e-01
      vertex   -3.805864e+01 4.275045e+01 8.026321e-01
    endloop
  endfacet
  facet normal -6.981676e-01 1.006066e-01 -7.088302e-01
    outer loop
      vertex   -3.805864e+01 4.275045e+01 8.026321e-01
      vertex   -3.791572e+01 4.241708e+01 6.145427e-01
      vertex   -3.818521e+01 4.251279e+01 8.935700e-01
    endloop
  endfacet
  facet normal -7.373739e-01 1.398471e-01 -6.608499e-01
    outer loop
      vertex   -3.805864e+01 4.275045e+01 8.026321e-01
      vertex   -3.818521e+01 4.251279e+01 8.935700e-01
      vertex   -3.830758e+01 4.286786e+01 1.105249e+00
    endloop
  endfacet
  facet normal -6.288320e-01 8.463220e-02 -7.729215e-01
    outer loop
      vertex   -3.791572e+01 4.241708e+01 6.145427e-01
      vertex   -3.778831e+01 4.262554e+01 5.337154e-01
      vertex   -3.762403e+01 4.231515e+01 3.660744e-01
    endloop
  endfacet
  facet normal -1.814246e-01 7.401318e-01 -6.475261e-01
    outer loop
      vertex   -3.635662e+01 4.470624e+01 1.180447e+00
      vertex   -3.626222e+01 4.446061e+01 8.732445e-01
      vertex   -3.654768e+01 4.430071e+01 7.704560e-01
    endloop
  endfacet
  facet normal -3.019128e-01 3.616120e-01 -8.820915e-01
    outer loop
      vertex   -3.666189e+01 4.296189e+01 -4.108840e-03
      vertex   -3.668829e+01 4.339993e+01 1.845064e-01
      vertex   -3.647995e+01 4.313736e+01 5.555895e-03
    endloop
  endfacet
  facet normal -2.215179e-01 4.230365e-01 -8.786182e-01
    outer loop
      vertex   -3.647995e+01 4.313736e+01 5.555895e-03
      vertex   -3.668829e+01 4.339993e+01 1.845064e-01
      vertex   -3.648122e+01 4.357906e+01 2.185463e-01
    endloop
  endfacet
  facet normal -4.831641e-01 1.501772e-01 -8.625539e-01
    outer loop
      vertex   -3.719737e+01 4.235993e+01 9.531923e-02
      vertex   -3.736299e+01 4.267698e+01 2.432915e-01
      vertex   -3.707200e+01 4.251429e+01 5.196583e-02
    endloop
  endfacet
  facet normal -1.165393e-01 4.522628e-01 -8.842381e-01
    outer loop
      vertex   -3.593958e+01 4.358978e+01 1.370996e-01
      vertex   -3.582254e+01 4.326491e+01 -4.448936e-02
      vertex   -3.597304e+01 4.313846e+01 -8.932718e-02
    endloop
  endfacet
  facet normal -3.783487e-02 3.736762e-01 -9.267873e-01
    outer loop
      vertex   -3.597304e+01 4.313846e+01 -8.932718e-02
      vertex   -3.582254e+01 4.326491e+01 -4.448936e-02
      vertex   -3.582113e+01 4.282067e+01 -2.236609e-01
    endloop
  endfacet
  facet normal -1.344055e-01 3.306243e-01 -9.341428e-01
    outer loop
      vertex   -3.597304e+01 4.313846e+01 -8.932718e-02
      vertex   -3.582113e+01 4.282067e+01 -2.236609e-01
      vertex   -3.593949e+01 4.271134e+01 -2.453271e-01
    endloop
  endfacet
  facet normal -6.669118e-02 2.629398e-01 -9.625045e-01
    outer loop
      vertex   -3.593949e+01 4.271134e+01 -2.453271e-01
      vertex   -3.582113e+01 4.282067e+01 -2.236609e-01
      vertex   -3.575550e+01 4.241178e+01 -3.399097e-01
    endloop
  endfacet
  facet normal -1.331156e-01 2.231373e-01 -9.656552e-01
    outer loop
      vertex   -3.593949e+01 4.271134e+01 -2.453271e-01
      vertex   -3.575550e+01 4.241178e+01 -3.399097e-01
      vertex   -3.584322e+01 4.232639e+01 -3.475497e-01
    endloop
  endfacet
  facet normal -7.568552e-02 1.657197e-01 -9.832643e-01
    outer loop
      vertex   -3.584322e+01 4.232639e+01 -3.475497e-01
      vertex   -3.575550e+01 4.241178e+01 -3.399097e-01
      vertex   -3.562911e+01 4.205175e+01 -4.103189e-01
    endloop
  endfacet
  facet normal -1.148948e-01 1.353469e-01 -9.841140e-01
    outer loop
      vertex   -3.584322e+01 4.232639e+01 -3.475497e-01
      vertex   -3.562911e+01 4.205175e+01 -4.103189e-01
      vertex   -3.569055e+01 4.199055e+01 -4.115618e-01
    endloop
  endfacet
  facet normal -6.362454e-02 8.407892e-02 -9.944258e-01
    outer loop
      vertex   -3.569055e+01 4.199055e+01 -4.115618e-01
      vertex   -3.562911e+01 4.205175e+01 -4.103189e-01
      vertex   -3.544540e+01 4.174540e+01 -4.479746e-01
    endloop
  endfacet
  facet normal -2.465974e-01 3.063168e-01 -9.194345e-01
    outer loop
      vertex   -3.666189e+01 4.296189e+01 -4.108840e-03
      vertex   -3.647995e+01 4.313736e+01 5.555895e-03
      vertex   -3.642163e+01 4.272163e+01 -1.485874e-01
    endloop
  endfacet
  facet normal -4.378364e-01 1.048320e-01 -8.929219e-01
    outer loop
      vertex   -3.719737e+01 4.235993e+01 9.531923e-02
      vertex   -3.707200e+01 4.251429e+01 5.196583e-02
      vertex   -3.688245e+01 4.222155e+01 -7.534315e-02
    endloop
  endfacet
  facet normal -4.096156e-01 1.276127e-01 -9.032885e-01
    outer loop
      vertex   -3.688245e+01 4.222155e+01 -7.534315e-02
      vertex   -3.707200e+01 4.251429e+01 5.196583e-02
      vertex   -3.677231e+01 4.234884e+01 -1.073096e-01
    endloop
  endfacet
  facet normal -3.622507e-01 8.026499e-02 -9.286183e-01
    outer loop
      vertex   -3.688245e+01 4.222155e+01 -7.534315e-02
      vertex   -3.677231e+01 4.234884e+01 -1.073096e-01
      vertex   -3.655754e+01 4.208036e+01 -2.142957e-01
    endloop
  endfacet
  facet normal -3.341475e-01 1.059078e-01 -9.365517e-01
    outer loop
      vertex   -3.655754e+01 4.208036e+01 -2.142957e-01
      vertex   -3.677231e+01 4.234884e+01 -1.073096e-01
      vertex   -3.646559e+01 4.218123e+01 -2.356960e-01
    endloop
  endfacet
  facet normal -2.850681e-01 5.686779e-02 -9.568188e-01
    outer loop
      vertex   -3.655754e+01 4.208036e+01 -2.142957e-01
      vertex   -3.646559e+01 4.218123e+01 -2.356960e-01
      vertex   -3.622479e+01 4.193703e+01 -3.219514e-01
    endloop
  endfacet
  facet normal -2.576722e-01 8.585696e-02 -9.624103e-01
    outer loop
      vertex   -3.622479e+01 4.193703e+01 -3.219514e-01
      vertex   -3.646559e+01 4.218123e+01 -2.356960e-01
      vertex   -3.615352e+01 4.201207e+01 -3.343389e-01
    endloop
  endfacet
  facet normal -2.067626e-01 3.496984e-02 -9.777660e-01
    outer loop
      vertex   -3.622479e+01 4.193703e+01 -3.219514e-01
      vertex   -3.615352e+01 4.201207e+01 -3.343389e-01
      vertex   -3.588635e+01 4.179220e+01 -3.986990e-01
    endloop
  endfacet
  facet normal -1.815926e-01 6.653508e-02 -9.811204e-01
    outer loop
      vertex   -3.588635e+01 4.179220e+01 -3.986990e-01
      vertex   -3.615352e+01 4.201207e+01 -3.343389e-01
      vertex   -3.583773e+01 4.184193e+01 -4.043244e-01
    endloop
  endfacet
  facet normal -3.967440e-01 3.685023e-02 -9.171893e-01
    outer loop
      vertex   -3.664517e+01 4.198161e+01 -1.876253e-01
      vertex   -3.698601e+01 4.209665e+01 -3.556584e-02
      vertex   -3.688245e+01 4.222155e+01 -7.534315e-02
    endloop
  endfacet
  facet normal -4.454234e-01 8.547971e-02 -8.912302e-01
    outer loop
      vertex   -3.688245e+01 4.222155e+01 -7.534315e-02
      vertex   -3.698601e+01 4.209665e+01 -3.556584e-02
      vertex   -3.719737e+01 4.235993e+01 9.531923e-02
    endloop
  endfacet
  facet normal -3.650580e-01 7.328988e-02 -9.280955e-01
    outer loop
      vertex   -3.664517e+01 4.198161e+01 -1.876253e-01
      vertex   -3.688245e+01 4.222155e+01 -7.534315e-02
      vertex   -3.655754e+01 4.208036e+01 -2.142957e-01
    endloop
  endfacet
  facet normal -2.251794e-02 2.946275e-01 -9.553468e-01
    outer loop
      vertex   -3.570207e+01 4.292720e+01 -1.936125e-01
      vertex   -3.566734e+01 4.249613e+01 -3.273741e-01
      vertex   -3.582113e+01 4.282067e+01 -2.236609e-01
    endloop
  endfacet
  facet normal -1.081075e-01 2.557716e-01 -9.606735e-01
    outer loop
      vertex   -3.582113e+01 4.282067e+01 -2.236609e-01
      vertex   -3.566734e+01 4.249613e+01 -3.273741e-01
      vertex   -3.575550e+01 4.241178e+01 -3.399097e-01
    endloop
  endfacet
  facet normal -9.764979e-02 1.578825e-01 -9.826177e-01
    outer loop
      vertex   -3.562911e+01 4.205175e+01 -4.103189e-01
      vertex   -3.575550e+01 4.241178e+01 -3.399097e-01
      vertex   -3.557076e+01 4.210941e+01 -4.068528e-01
    endloop
  endfacet
  facet normal -4.309097e-02 1.907890e-01 -9.806848e-01
    outer loop
      vertex   -3.557076e+01 4.210941e+01 -4.068528e-01
      vertex   -3.575550e+01 4.241178e+01 -3.399097e-01
      vertex   -3.566734e+01 4.249613e+01 -3.273741e-01
    endloop
  endfacet
  facet normal -3.135011e-01 2.180306e-02 -9.493375e-01
    outer loop
      vertex   -3.664517e+01 4.198161e+01 -1.876253e-01
      vertex   -3.655754e+01 4.208036e+01 -2.142957e-01
      vertex   -3.629342e+01 4.186370e+01 -3.064925e-01
    endloop
  endfacet
  facet normal -2.826507e-01 6.274286e-02 -9.571687e-01
    outer loop
      vertex   -3.629342e+01 4.186370e+01 -3.064925e-01
      vertex   -3.655754e+01 4.208036e+01 -2.142957e-01
      vertex   -3.622479e+01 4.193703e+01 -3.219514e-01
    endloop
  endfacet
  facet normal -2.277885e-01 7.920860e-03 -9.736784e-01
    outer loop
      vertex   -3.629342e+01 4.186370e+01 -3.064925e-01
      vertex   -3.622479e+01 4.193703e+01 -3.219514e-01
      vertex   -3.593349e+01 4.174366e+01 -3.916718e-01
    endloop
  endfacet
  facet normal -1.995681e-01 5.216718e-02 -9.784943e-01
    outer loop
      vertex   -3.593349e+01 4.174366e+01 -3.916718e-01
      vertex   -3.622479e+01 4.193703e+01 -3.219514e-01
      vertex   -3.588635e+01 4.179220e+01 -3.986990e-01
    endloop
  endfacet
  facet normal -9.985661e-02 3.719050e-01 -9.228843e-01
    outer loop
      vertex   -3.582254e+01 4.326491e+01 -4.448936e-02
      vertex   -3.570207e+01 4.292720e+01 -1.936125e-01
      vertex   -3.582113e+01 4.282067e+01 -2.236609e-01
    endloop
  endfacet
  facet normal -5.034749e-02 1.199366e-01 -9.915041e-01
    outer loop
      vertex   -3.532719e+01 4.186315e+01 -4.432960e-01
      vertex   -3.535635e+01 4.183419e+01 -4.453188e-01
      vertex   -3.545370e+01 4.222376e+01 -3.932509e-01
    endloop
  endfacet
  facet normal -4.184137e-02 1.020848e-01 -9.938954e-01
    outer loop
      vertex   -3.562911e+01 4.205175e+01 -4.103189e-01
      vertex   -3.557076e+01 4.210941e+01 -4.068528e-01
      vertex   -3.541465e+01 4.177612e+01 -4.476574e-01
    endloop
  endfacet
  facet normal -6.994120e-02 8.027746e-02 -9.943157e-01
    outer loop
      vertex   -3.541465e+01 4.177612e+01 -4.476574e-01
      vertex   -3.544540e+01 4.174540e+01 -4.479746e-01
      vertex   -3.562911e+01 4.205175e+01 -4.103189e-01
    endloop
  endfacet
  facet normal -1.868004e-01 -4.397789e-01 -8.784646e-01
    outer loop
      vertex   -3.520000e+01 4.150000e+01 -4.600000e-01
      vertex   -3.589459e+01 4.167365e+01 -3.992310e-01
      vertex   -3.556811e+01 4.162219e+01 -4.428920e-01
    endloop
  endfacet
  facet normal 2.633560e-02 9.957990e-01 -8.769714e-02
    outer loop
      vertex   3.568481e+01 4.543923e+01 2.845407e+00
      vertex   3.570000e+01 4.550000e+01 3.540000e+00
      vertex   3.607599e+01 4.545247e+01 3.113242e+00
    endloop
  endfacet
  facet normal 9.798780e-02 9.948868e-01 -2.446798e-02
    outer loop
      vertex   3.607599e+01 4.545247e+01 3.113242e+00
      vertex   3.570000e+01 4.550000e+01 3.540000e+00
      vertex   3.628527e+01 4.544236e+01 3.540000e+00
    endloop
  endfacet
  facet normal 1.939710e-01 9.783666e-01 -7.193066e-02
    outer loop
      vertex   3.607599e+01 4.545247e+01 3.113242e+00
      vertex   3.628527e+01 4.544236e+01 3.540000e+00
      vertex   3.645059e+01 4.537605e+01 3.083904e+00
    endloop
  endfacet
  facet normal 2.901180e-01 9.563908e-01 -3.388554e-02
    outer loop
      vertex   3.645059e+01 4.537605e+01 3.083904e+00
      vertex   3.628527e+01 4.544236e+01 3.540000e+00
      vertex   3.684805e+01 4.527164e+01 3.540000e+00
    endloop
  endfacet
  facet normal 3.196034e-01 9.455163e-01 -6.206961e-02
    outer loop
      vertex   3.645059e+01 4.537605e+01 3.083904e+00
      vertex   3.684805e+01 4.527164e+01 3.540000e+00
      vertex   3.682194e+01 4.524895e+01 3.059872e+00
    endloop
  endfacet
  facet normal 4.410393e-01 8.950364e-01 -6.628852e-02
    outer loop
      vertex   3.682194e+01 4.524895e+01 3.059872e+00
      vertex   3.684805e+01 4.527164e+01 3.540000e+00
      vertex   3.717382e+01 4.507426e+01 3.042438e+00
    endloop
  endfacet
  facet normal 4.288683e-01 8.829591e-01 -1.909323e-01
    outer loop
      vertex   3.682194e+01 4.524895e+01 3.059872e+00
      vertex   3.717382e+01 4.507426e+01 3.042438e+00
      vertex   3.677283e+01 4.517172e+01 2.592434e+00
    endloop
  endfacet
  facet normal 4.334679e-01 8.796526e-01 -1.957470e-01
    outer loop
      vertex   3.677283e+01 4.517172e+01 2.592434e+00
      vertex   3.717382e+01 4.507426e+01 3.042438e+00
      vertex   3.711493e+01 4.499579e+01 2.559383e+00
    endloop
  endfacet
  facet normal 4.103896e-01 8.567049e-01 -3.124694e-01
    outer loop
      vertex   3.677283e+01 4.517172e+01 2.592434e+00
      vertex   3.711493e+01 4.499579e+01 2.559383e+00
      vertex   3.669475e+01 4.504762e+01 2.149643e+00
    endloop
  endfacet
  facet normal 4.172398e-01 8.504888e-01 -3.202807e-01
    outer loop
      vertex   3.669475e+01 4.504762e+01 2.149643e+00
      vertex   3.711493e+01 4.499579e+01 2.559383e+00
      vertex   3.702145e+01 4.487033e+01 2.104449e+00
    endloop
  endfacet
  facet normal 3.858696e-01 8.191958e-01 -4.242911e-01
    outer loop
      vertex   3.669475e+01 4.504762e+01 2.149643e+00
      vertex   3.702145e+01 4.487033e+01 2.104449e+00
      vertex   3.659255e+01 4.488290e+01 1.738663e+00
    endloop
  endfacet
  facet normal 3.942414e-01 8.098427e-01 -4.344289e-01
    outer loop
      vertex   3.659255e+01 4.488290e+01 1.738663e+00
      vertex   3.702145e+01 4.487033e+01 2.104449e+00
      vertex   3.689943e+01 4.470498e+01 1.685487e+00
    endloop
  endfacet
  facet normal 3.571245e-01 7.727886e-01 -5.246522e-01
    outer loop
      vertex   3.659255e+01 4.488290e+01 1.738663e+00
      vertex   3.689943e+01 4.470498e+01 1.685487e+00
      vertex   3.647117e+01 4.468407e+01 1.363170e+00
    endloop
  endfacet
  facet normal 3.664696e-01 7.603447e-01 -5.362611e-01
    outer loop
      vertex   3.647117e+01 4.468407e+01 1.363170e+00
      vertex   3.689943e+01 4.470498e+01 1.685487e+00
      vertex   3.675498e+01 4.450707e+01 1.306163e+00
    endloop
  endfacet
  facet normal 3.248819e-01 7.188746e-01 -6.145494e-01
    outer loop
      vertex   3.647117e+01 4.468407e+01 1.363170e+00
      vertex   3.675498e+01 4.450707e+01 1.306163e+00
      vertex   3.633554e+01 4.445764e+01 1.026604e+00
    endloop
  endfacet
  facet normal 3.349331e-01 7.034321e-01 -6.268996e-01
    outer loop
      vertex   3.633554e+01 4.445764e+01 1.026604e+00
      vertex   3.675498e+01 4.450707e+01 1.306163e+00
      vertex   3.659423e+01 4.428390e+01 9.698627e-01
    endloop
  endfacet
  facet normal 2.911295e-01 6.597377e-01 -6.928130e-01
    outer loop
      vertex   3.633554e+01 4.445764e+01 1.026604e+00
      vertex   3.659423e+01 4.428390e+01 9.698627e-01
      vertex   3.618972e+01 4.420939e+01 7.289317e-01
    endloop
  endfacet
  facet normal 3.017198e-01 6.417814e-01 -7.050403e-01
    outer loop
      vertex   3.618972e+01 4.420939e+01 7.289317e-01
      vertex   3.659423e+01 4.428390e+01 9.698627e-01
      vertex   3.642220e+01 4.404177e+01 6.758374e-01
    endloop
  endfacet
  facet normal 2.564633e-01 5.965745e-01 -7.604771e-01
    outer loop
      vertex   3.618972e+01 4.420939e+01 7.289317e-01
      vertex   3.642220e+01 4.404177e+01 6.758374e-01
      vertex   3.603612e+01 4.394326e+01 4.683621e-01
    endloop
  endfacet
  facet normal 2.678379e-01 5.763692e-01 -7.720501e-01
    outer loop
      vertex   3.603612e+01 4.394326e+01 4.683621e-01
      vertex   3.642220e+01 4.404177e+01 6.758374e-01
      vertex   3.624181e+01 4.378471e+01 4.213534e-01
    endloop
  endfacet
  facet normal 2.221429e-01 5.306931e-01 -8.179348e-01
    outer loop
      vertex   3.603612e+01 4.394326e+01 4.683621e-01
      vertex   3.624181e+01 4.378471e+01 4.213534e-01
      vertex   3.587698e+01 4.366299e+01 2.432915e-01
    endloop
  endfacet
  facet normal 2.344879e-01 5.088557e-01 -8.283002e-01
    outer loop
      vertex   3.587698e+01 4.366299e+01 2.432915e-01
      vertex   3.624181e+01 4.378471e+01 4.213534e-01
      vertex   3.605580e+01 4.351650e+01 2.039177e-01
    endloop
  endfacet
  facet normal 1.890797e-01 4.634808e-01 -8.656988e-01
    outer loop
      vertex   3.587698e+01 4.366299e+01 2.432915e-01
      vertex   3.605580e+01 4.351650e+01 2.039177e-01
      vertex   3.571429e+01 4.337200e+01 5.196583e-02
    endloop
  endfacet
  facet normal 2.023527e-01 4.411695e-01 -8.743128e-01
    outer loop
      vertex   3.571429e+01 4.337200e+01 5.196583e-02
      vertex   3.605580e+01 4.351650e+01 2.039177e-01
      vertex   3.586653e+01 4.324054e+01 2.087074e-02
    endloop
  endfacet
  facet normal 1.561207e-01 3.949644e-01 -9.053339e-01
    outer loop
      vertex   3.571429e+01 4.337200e+01 5.196583e-02
      vertex   3.586653e+01 4.324054e+01 2.087074e-02
      vertex   3.554884e+01 4.307231e+01 -1.073096e-01
    endloop
  endfacet
  facet normal 1.706645e-01 3.726796e-01 -9.121313e-01
    outer loop
      vertex   3.554884e+01 4.307231e+01 -1.073096e-01
      vertex   3.586653e+01 4.324054e+01 2.087074e-02
      vertex   3.567489e+01 4.295853e+01 -1.302112e-01
    endloop
  endfacet
  facet normal 1.231503e-01 3.251659e-01 -9.376039e-01
    outer loop
      vertex   3.554884e+01 4.307231e+01 -1.073096e-01
      vertex   3.567489e+01 4.295853e+01 -1.302112e-01
      vertex   3.538123e+01 4.276559e+01 -2.356960e-01
    endloop
  endfacet
  facet normal 1.395975e-01 3.029367e-01 -9.427311e-01
    outer loop
      vertex   3.538123e+01 4.276559e+01 -2.356960e-01
      vertex   3.567489e+01 4.295853e+01 -1.302112e-01
      vertex   3.548146e+01 4.267173e+01 -2.510123e-01
    endloop
  endfacet
  facet normal 9.142110e-02 2.547408e-01 -9.626782e-01
    outer loop
      vertex   3.538123e+01 4.276559e+01 -2.356960e-01
      vertex   3.548146e+01 4.267173e+01 -2.510123e-01
      vertex   3.521207e+01 4.245352e+01 -3.343389e-01
    endloop
  endfacet
  facet normal 1.101325e-01 2.329945e-01 -9.662217e-01
    outer loop
      vertex   3.521207e+01 4.245352e+01 -3.343389e-01
      vertex   3.548146e+01 4.267173e+01 -2.510123e-01
      vertex   3.528685e+01 4.238144e+01 -3.431968e-01
    endloop
  endfacet
  facet normal 6.144535e-02 1.842968e-01 -9.809481e-01
    outer loop
      vertex   3.521207e+01 4.245352e+01 -3.343389e-01
      vertex   3.528685e+01 4.238144e+01 -3.431968e-01
      vertex   3.504193e+01 4.213773e+01 -4.043244e-01
    endloop
  endfacet
  facet normal 8.196661e-02 1.641927e-01 -9.830169e-01
    outer loop
      vertex   3.504193e+01 4.213773e+01 -4.043244e-01
      vertex   3.528685e+01 4.238144e+01 -3.431968e-01
      vertex   3.509159e+01 4.208888e+01 -4.083444e-01
    endloop
  endfacet
  facet normal 3.137520e-02 1.135974e-01 -9.930313e-01
    outer loop
      vertex   3.504193e+01 4.213773e+01 -4.043244e-01
      vertex   3.509159e+01 4.208888e+01 -4.083444e-01
      vertex   3.487113e+01 4.181949e+01 -4.461267e-01
    endloop
  endfacet
  facet normal 5.379558e-02 9.538377e-02 -9.939859e-01
    outer loop
      vertex   3.487113e+01 4.181949e+01 -4.461267e-01
      vertex   3.509159e+01 4.208888e+01 -4.083444e-01
      vertex   3.489590e+01 4.179482e+01 -4.471533e-01
    endloop
  endfacet
  facet normal 1.172353e-03 4.275610e-02 -9.990849e-01
    outer loop
      vertex   3.487113e+01 4.181949e+01 -4.461267e-01
      vertex   3.489590e+01 4.179482e+01 -4.471533e-01
      vertex   3.470000e+01 4.150000e+01 -4.600000e-01
    endloop
  endfacet
  facet normal 4.709970e-01 8.811734e-01 -4.117496e-02
    outer loop
      vertex   3.684805e+01 4.527164e+01 3.540000e+00
      vertex   3.736671e+01 4.499441e+01 3.540000e+00
      vertex   3.717382e+01 4.507426e+01 3.042438e+00
    endloop
  endfacet
  facet normal 5.531085e-01 8.291269e-01 -8.136018e-02
    outer loop
      vertex   3.717382e+01 4.507426e+01 3.042438e+00
      vertex   3.736671e+01 4.499441e+01 3.540000e+00
      vertex   3.750041e+01 4.485536e+01 3.031844e+00
    endloop
  endfacet
  facet normal 5.412172e-01 8.170658e-01 -1.987144e-01
    outer loop
      vertex   3.717382e+01 4.507426e+01 3.042438e+00
      vertex   3.750041e+01 4.485536e+01 3.031844e+00
      vertex   3.711493e+01 4.499579e+01 2.559383e+00
    endloop
  endfacet
  facet normal 5.437641e-01 8.146895e-01 -2.014986e-01
    outer loop
      vertex   3.711493e+01 4.499579e+01 2.559383e+00
      vertex   3.750041e+01 4.485536e+01 3.031844e+00
      vertex   3.743337e+01 4.477828e+01 2.539307e+00
    endloop
  endfacet
  facet normal 5.194195e-01 7.904207e-01 -3.247129e-01
    outer loop
      vertex   3.711493e+01 4.499579e+01 2.559383e+00
      vertex   3.743337e+01 4.477828e+01 2.539307e+00
      vertex   3.702145e+01 4.487033e+01 2.104449e+00
    endloop
  endfacet
  facet normal 5.231867e-01 7.860668e-01 -3.292031e-01
    outer loop
      vertex   3.702145e+01 4.487033e+01 2.104449e+00
      vertex   3.743337e+01 4.477828e+01 2.539307e+00
      vertex   3.732697e+01 4.465549e+01 2.077019e+00
    endloop
  endfacet
  facet normal 4.898495e-01 7.527722e-01 -4.397516e-01
    outer loop
      vertex   3.702145e+01 4.487033e+01 2.104449e+00
      vertex   3.732697e+01 4.465549e+01 2.077019e+00
      vertex   3.689943e+01 4.470498e+01 1.685487e+00
    endloop
  endfacet
  facet normal 4.944161e-01 7.463497e-01 -4.455500e-01
    outer loop
      vertex   3.689943e+01 4.470498e+01 1.685487e+00
      vertex   3.732697e+01 4.465549e+01 2.077019e+00
      vertex   3.718812e+01 4.449449e+01 1.653243e+00
    endloop
  endfacet
  facet normal 4.547787e-01 7.067493e-01 -5.419242e-01
    outer loop
      vertex   3.689943e+01 4.470498e+01 1.685487e+00
      vertex   3.718812e+01 4.449449e+01 1.653243e+00
      vertex   3.675498e+01 4.450707e+01 1.306163e+00
    endloop
  endfacet
  facet normal 4.598308e-01 6.983310e-01 -5.485339e-01
    outer loop
      vertex   3.675498e+01 4.450707e+01 1.306163e+00
      vertex   3.718812e+01 4.449449e+01 1.653243e+00
      vertex   3.702383e+01 4.430292e+01 1.271635e+00
    endloop
  endfacet
  facet normal 4.153002e-01 6.538779e-01 -6.324314e-01
    outer loop
      vertex   3.675498e+01 4.450707e+01 1.306163e+00
      vertex   3.702383e+01 4.430292e+01 1.271635e+00
      vertex   3.659423e+01 4.428390e+01 9.698627e-01
    endloop
  endfacet
  facet normal 4.206768e-01 6.435484e-01 -6.394345e-01
    outer loop
      vertex   3.659423e+01 4.428390e+01 9.698627e-01
      vertex   3.702383e+01 4.430292e+01 1.271635e+00
      vertex   3.684110e+01 4.408842e+01 9.355369e-01
    endloop
  endfacet
  facet normal 3.737706e-01 5.967175e-01 -7.100872e-01
    outer loop
      vertex   3.659423e+01 4.428390e+01 9.698627e-01
      vertex   3.684110e+01 4.408842e+01 9.355369e-01
      vertex   3.642220e+01 4.404177e+01 6.758374e-01
    endloop
  endfacet
  facet normal 3.793773e-01 5.848047e-01 -7.169912e-01
    outer loop
      vertex   3.642220e+01 4.404177e+01 6.758374e-01
      vertex   3.684110e+01 4.408842e+01 9.355369e-01
      vertex   3.664571e+01 4.385744e+01 6.437576e-01
    endloop
  endfacet
  facet normal 3.309262e-01 5.363904e-01 -7.763847e-01
    outer loop
      vertex   3.642220e+01 4.404177e+01 6.758374e-01
      vertex   3.664571e+01 4.385744e+01 6.437576e-01
      vertex   3.624181e+01 4.378471e+01 4.213534e-01
    endloop
  endfacet
  facet normal 3.369049e-01 5.230583e-01 -7.828826e-01
    outer loop
      vertex   3.624181e+01 4.378471e+01 4.213534e-01
      vertex   3.664571e+01 4.385744e+01 6.437576e-01
      vertex   3.644104e+01 4.361393e+01 3.929863e-01
    endloop
  endfacet
  facet normal 2.882343e-01 4.744035e-01 -8.317826e-01
    outer loop
      vertex   3.624181e+01 4.378471e+01 4.213534e-01
      vertex   3.644104e+01 4.361393e+01 3.929863e-01
      vertex   3.605580e+01 4.351650e+01 2.039177e-01
    endloop
  endfacet
  facet normal 2.947026e-01 4.600435e-01 -8.375622e-01
    outer loop
      vertex   3.605580e+01 4.351650e+01 2.039177e-01
      vertex   3.644104e+01 4.361393e+01 3.929863e-01
      vertex   3.623021e+01 4.336157e+01 1.801875e-01
    endloop
  endfacet
  facet normal 2.469510e-01 4.123181e-01 -8.769316e-01
    outer loop
      vertex   3.605580e+01 4.351650e+01 2.039177e-01
      vertex   3.623021e+01 4.336157e+01 1.801875e-01
      vertex   3.586653e+01 4.324054e+01 2.087074e-02
    endloop
  endfacet
  facet normal 2.539112e-01 3.976727e-01 -8.816947e-01
    outer loop
      vertex   3.586653e+01 4.324054e+01 2.087074e-02
      vertex   3.623021e+01 4.336157e+01 1.801875e-01
      vertex   3.601596e+01 4.310363e+01 2.150431e-03
    endloop
  endfacet
  facet normal 2.059155e-01 3.497006e-01 -9.139520e-01
    outer loop
      vertex   3.586653e+01 4.324054e+01 2.087074e-02
      vertex   3.601596e+01 4.310363e+01 2.150431e-03
      vertex   3.567489e+01 4.295853e+01 -1.302112e-01
    endloop
  endfacet
  facet normal 2.135798e-01 3.350724e-01 -9.176656e-01
    outer loop
      vertex   3.567489e+01 4.295853e+01 -1.302112e-01
      vertex   3.601596e+01 4.310363e+01 2.150431e-03
      vertex   3.579929e+01 4.284151e+01 -1.439857e-01
    endloop
  endfacet
  facet normal 1.648617e-01 2.863611e-01 -9.438315e-01
    outer loop
      vertex   3.567489e+01 4.295853e+01 -1.302112e-01
      vertex   3.579929e+01 4.284151e+01 -1.439857e-01
      vertex   3.548146e+01 4.267173e+01 -2.510123e-01
    endloop
  endfacet
  facet normal 1.735942e-01 2.717478e-01 -9.465824e-01
    outer loop
      vertex   3.548146e+01 4.267173e+01 -2.510123e-01
      vertex   3.579929e+01 4.284151e+01 -1.439857e-01
      vertex   3.558084e+01 4.257619e+01 -2.602169e-01
    endloop
  endfacet
  facet normal 1.250250e-01 2.231712e-01 -9.667282e-01
    outer loop
      vertex   3.548146e+01 4.267173e+01 -2.510123e-01
      vertex   3.558084e+01 4.257619e+01 -2.602169e-01
      vertex   3.528685e+01 4.238144e+01 -3.431968e-01
    endloop
  endfacet
  facet normal 1.350480e-01 2.088302e-01 -9.685825e-01
    outer loop
      vertex   3.528685e+01 4.238144e+01 -3.431968e-01
      vertex   3.558084e+01 4.257619e+01 -2.602169e-01
      vertex   3.536126e+01 4.230865e+01 -3.485164e-01
    endloop
  endfacet
  facet normal 8.704871e-02 1.608275e-01 -9.831363e-01
    outer loop
      vertex   3.528685e+01 4.238144e+01 -3.431968e-01
      vertex   3.536126e+01 4.230865e+01 -3.485164e-01
      vertex   3.509159e+01 4.208888e+01 -4.083444e-01
    endloop
  endfacet
  facet normal 9.814321e-02 1.474980e-01 -9.841810e-01
    outer loop
      vertex   3.509159e+01 4.208888e+01 -4.083444e-01
      vertex   3.536126e+01 4.230865e+01 -3.485164e-01
      vertex   3.514114e+01 4.203981e+01 -4.107573e-01
    endloop
  endfacet
  facet normal 4.912751e-02 9.848218e-02 -9.939254e-01
    outer loop
      vertex   3.509159e+01 4.208888e+01 -4.083444e-01
      vertex   3.514114e+01 4.203981e+01 -4.107573e-01
      vertex   3.489590e+01 4.179482e+01 -4.471533e-01
    endloop
  endfacet
  facet normal 6.135678e-02 8.630798e-02 -9.943773e-01
    outer loop
      vertex   3.489590e+01 4.179482e+01 -4.471533e-01
      vertex   3.514114e+01 4.203981e+01 -4.107573e-01
      vertex   3.492066e+01 4.177012e+01 -4.477693e-01
    endloop
  endfacet
  facet normal 1.117094e-02 3.612084e-02 -9.992850e-01
    outer loop
      vertex   3.489590e+01 4.179482e+01 -4.471533e-01
      vertex   3.492066e+01 4.177012e+01 -4.477693e-01
      vertex   3.470000e+01 4.150000e+01 -4.600000e-01
    endloop
  endfacet
  facet normal 6.337627e-01 7.722421e-01 -4.457422e-02
    outer loop
      vertex   3.736671e+01 4.499441e+01 3.540000e+00
      vertex   3.782132e+01 4.462132e+01 3.540000e+00
      vertex   3.750041e+01 4.485536e+01 3.031844e+00
    endloop
  endfacet
  facet normal 6.573631e-01 7.503569e-01 -6.955799e-02
    outer loop
      vertex   3.750041e+01 4.485536e+01 3.031844e+00
      vertex   3.782132e+01 4.462132e+01 3.540000e+00
      vertex   3.779603e+01 4.459603e+01 3.028272e+00
    endloop
  endfacet
  facet normal 6.443073e-01 7.373123e-01 -2.030733e-01
    outer loop
      vertex   3.750041e+01 4.485536e+01 3.031844e+00
      vertex   3.779603e+01 4.459603e+01 3.028272e+00
      vertex   3.743337e+01 4.477828e+01 2.539307e+00
    endloop
  endfacet
  facet normal 6.450776e-01 7.363849e-01 -2.039903e-01
    outer loop
      vertex   3.743337e+01 4.477828e+01 2.539307e+00
      vertex   3.779603e+01 4.459603e+01 3.028272e+00
      vertex   3.772283e+01 4.452283e+01 2.532541e+00
    endloop
  endfacet
  facet normal 6.198749e-01 7.112054e-01 -3.315750e-01
    outer loop
      vertex   3.743337e+01 4.477828e+01 2.539307e+00
      vertex   3.772283e+01 4.452283e+01 2.532541e+00
      vertex   3.732697e+01 4.465549e+01 2.077019e+00
    endloop
  endfacet
  facet normal 6.210012e-01 7.095364e-01 -3.330399e-01
    outer loop
      vertex   3.732697e+01 4.465549e+01 2.077019e+00
      vertex   3.772283e+01 4.452283e+01 2.532541e+00
      vertex   3.760650e+01 4.440650e+01 2.067781e+00
    endloop
  endfacet
  facet normal 5.862017e-01 6.747491e-01 -4.484207e-01
    outer loop
      vertex   3.732697e+01 4.465549e+01 2.077019e+00
      vertex   3.760650e+01 4.440650e+01 2.067781e+00
      vertex   3.718812e+01 4.449449e+01 1.653243e+00
    endloop
  endfacet
  facet normal 5.875497e-01 6.723233e-01 -4.502962e-01
    outer loop
      vertex   3.718812e+01 4.449449e+01 1.653243e+00
      vertex   3.760650e+01 4.440650e+01 2.067781e+00
      vertex   3.745446e+01 4.425446e+01 1.642393e+00
    endloop
  endfacet
  facet normal 5.458811e-01 6.306660e-01 -5.516106e-01
    outer loop
      vertex   3.718812e+01 4.449449e+01 1.653243e+00
      vertex   3.745446e+01 4.425446e+01 1.642393e+00
      vertex   3.702383e+01 4.430292e+01 1.271635e+00
    endloop
  endfacet
  facet normal 5.473533e-01 6.275237e-01 -5.537312e-01
    outer loop
      vertex   3.702383e+01 4.430292e+01 1.271635e+00
      vertex   3.745446e+01 4.425446e+01 1.642393e+00
      vertex   3.727425e+01 4.407425e+01 1.260027e+00
    endloop
  endfacet
  facet normal 5.002829e-01 5.804804e-01 -6.424636e-01
    outer loop
      vertex   3.702383e+01 4.430292e+01 1.271635e+00
      vertex   3.727425e+01 4.407425e+01 1.260027e+00
      vertex   3.684110e+01 4.408842e+01 9.355369e-01
    endloop
  endfacet
  facet normal 5.018281e-01 5.766624e-01 -6.446929e-01
    outer loop
      vertex   3.684110e+01 4.408842e+01 9.355369e-01
      vertex   3.727425e+01 4.407425e+01 1.260027e+00
      vertex   3.707339e+01 4.387339e+01 9.240099e-01
    endloop
  endfacet
  facet normal 4.520166e-01 5.268783e-01 -7.197779e-01
    outer loop
      vertex   3.684110e+01 4.408842e+01 9.355369e-01
      vertex   3.707339e+01 4.387339e+01 9.240099e-01
      vertex   3.664571e+01 4.385744e+01 6.437576e-01
    endloop
  endfacet
  facet normal 4.536083e-01 5.225090e-01 -7.219583e-01
    outer loop
      vertex   3.664571e+01 4.385744e+01 6.437576e-01
      vertex   3.707339e+01 4.387339e+01 9.240099e-01
      vertex   3.685815e+01 4.365815e+01 6.329966e-01
    endloop
  endfacet
  facet normal 4.019597e-01 4.708745e-01 -7.853061e-01
    outer loop
      vertex   3.664571e+01 4.385744e+01 6.437576e-01
      vertex   3.685815e+01 4.365815e+01 6.329966e-01
      vertex   3.644104e+01 4.361393e+01 3.929863e-01
    endloop
  endfacet
  facet normal 4.036454e-01 4.660114e-01 -7.873397e-01
    outer loop
      vertex   3.644104e+01 4.361393e+01 3.929863e-01
      vertex   3.685815e+01 4.365815e+01 6.329966e-01
      vertex   3.663225e+01 4.343225e+01 3.834816e-01
    endloop
  endfacet
  facet normal 3.517125e-01 4.140852e-01 -8.395426e-01
    outer loop
      vertex   3.644104e+01 4.361393e+01 3.929863e-01
      vertex   3.663225e+01 4.343225e+01 3.834816e-01
      vertex   3.623021e+01 4.336157e+01 1.801875e-01
    endloop
  endfacet
  facet normal 3.535352e-01 4.088669e-01 -8.413327e-01
    outer loop
      vertex   3.623021e+01 4.336157e+01 1.801875e-01
      vertex   3.663225e+01 4.343225e+01 3.834816e-01
      vertex   3.639915e+01 4.319915e+01 1.722452e-01
    endloop
  endfacet
  facet normal 3.027841e-01 3.581266e-01 -8.832141e-01
    outer loop
      vertex   3.623021e+01 4.336157e+01 1.801875e-01
      vertex   3.639915e+01 4.319915e+01 1.722452e-01
      vertex   3.601596e+01 4.310363e+01 2.150431e-03
    endloop
  endfacet
  facet normal 3.047548e-01 3.528173e-01 -8.846720e-01
    outer loop
      vertex   3.601596e+01 4.310363e+01 2.150431e-03
      vertex   3.639915e+01 4.319915e+01 1.722452e-01
      vertex   3.616189e+01 4.296189e+01 -4.108840e-03
    endloop
  endfacet
  facet normal 2.541080e-01 3.021806e-01 -9.187579e-01
    outer loop
      vertex   3.601596e+01 4.310363e+01 2.150431e-03
      vertex   3.616189e+01 4.296189e+01 -4.108840e-03
      vertex   3.579929e+01 4.284151e+01 -1.439857e-01
    endloop
  endfacet
  facet normal 2.562987e-01 2.968813e-01 -9.198763e-01
    outer loop
      vertex   3.579929e+01 4.284151e+01 -1.439857e-01
      vertex   3.616189e+01 4.296189e+01 -4.108840e-03
      vertex   3.592163e+01 4.272163e+01 -1.485874e-01
    endloop
  endfacet
  facet normal 2.053365e-01 2.459233e-01 -9.472902e-01
    outer loop
      vertex   3.579929e+01 4.284151e+01 -1.439857e-01
      vertex   3.592163e+01 4.272163e+01 -1.485874e-01
      vertex   3.558084e+01 4.257619e+01 -2.602169e-01
    endloop
  endfacet
  facet normal 2.078627e-01 2.406253e-01 -9.480994e-01
    outer loop
      vertex   3.558084e+01 4.257619e+01 -2.602169e-01
      vertex   3.592163e+01 4.272163e+01 -1.485874e-01
      vertex   3.567915e+01 4.247915e+01 -2.632896e-01
    endloop
  endfacet
  facet normal 1.576469e-01 1.904084e-01 -9.689644e-01
    outer loop
      vertex   3.558084e+01 4.257619e+01 -2.602169e-01
      vertex   3.567915e+01 4.247915e+01 -2.632896e-01
      vertex   3.536126e+01 4.230865e+01 -3.485164e-01
    endloop
  endfacet
  facet normal 1.605838e-01 1.851967e-01 -9.694922e-01
    outer loop
      vertex   3.536126e+01 4.230865e+01 -3.485164e-01
      vertex   3.567915e+01 4.247915e+01 -2.632896e-01
      vertex   3.543522e+01 4.223522e+01 -3.502910e-01
    endloop
  endfacet
  facet normal 1.117660e-01 1.363787e-01 -9.843319e-01
    outer loop
      vertex   3.536126e+01 4.230865e+01 -3.485164e-01
      vertex   3.543522e+01 4.223522e+01 -3.502910e-01
      vertex   3.514114e+01 4.203981e+01 -4.107573e-01
    endloop
  endfacet
  facet normal 1.150569e-01 1.315137e-01 -9.846147e-01
    outer loop
      vertex   3.514114e+01 4.203981e+01 -4.107573e-01
      vertex   3.543522e+01 4.223522e+01 -3.502910e-01
      vertex   3.519055e+01 4.199055e+01 -4.115618e-01
    endloop
  endfacet
  facet normal 6.603191e-02 8.248934e-02 -9.944020e-01
    outer loop
      vertex   3.514114e+01 4.203981e+01 -4.107573e-01
      vertex   3.519055e+01 4.199055e+01 -4.115618e-01
      vertex   3.492066e+01 4.177012e+01 -4.477693e-01
    endloop
  endfacet
  facet normal 6.970005e-02 7.801631e-02 -9.945126e-01
    outer loop
      vertex   3.492066e+01 4.177012e+01 -4.477693e-01
      vertex   3.519055e+01 4.199055e+01 -4.115618e-01
      vertex   3.494540e+01 4.174540e+01 -4.479746e-01
    endloop
  endfacet
  facet normal 2.032838e-02 2.864460e-02 -9.993829e-01
    outer loop
      vertex   3.492066e+01 4.177012e+01 -4.477693e-01
      vertex   3.494540e+01 4.174540e+01 -4.479746e-01
      vertex   3.470000e+01 4.150000e+01 -4.600000e-01
    endloop
  endfacet
  facet normal 7.607300e-01 6.453394e-01 -6.947643e-02
    outer loop
      vertex   3.779603e+01 4.459603e+01 3.028272e+00
      vertex   3.782132e+01 4.462132e+01 3.540000e+00
      vertex   3.811240e+01 4.422369e+01 3.033779e+00
    endloop
  endfacet
  facet normal 7.718935e-01 6.334766e-01 -5.373929e-02
    outer loop
      vertex   3.811240e+01 4.422369e+01 3.033779e+00
      vertex   3.782132e+01 4.462132e+01 3.540000e+00
      vertex   3.819441e+01 4.416671e+01 3.540000e+00
    endloop
  endfacet
  facet normal 8.523831e-01 5.167752e-01 -7.991467e-02
    outer loop
      vertex   3.811240e+01 4.422369e+01 3.033779e+00
      vertex   3.819441e+01 4.416671e+01 3.540000e+00
      vertex   3.835318e+01 4.382889e+01 3.048933e+00
    endloop
  endfacet
  facet normal 8.812463e-01 4.710359e-01 -3.911700e-02
    outer loop
      vertex   3.835318e+01 4.382889e+01 3.048933e+00
      vertex   3.819441e+01 4.416671e+01 3.540000e+00
      vertex   3.847164e+01 4.364805e+01 3.540000e+00
    endloop
  endfacet
  facet normal 9.217910e-01 3.787217e-01 -8.289273e-02
    outer loop
      vertex   3.835318e+01 4.382889e+01 3.048933e+00
      vertex   3.847164e+01 4.364805e+01 3.540000e+00
      vertex   3.853062e+01 4.340238e+01 3.073439e+00
    endloop
  endfacet
  facet normal 9.564543e-01 2.901372e-01 -3.186723e-02
    outer loop
      vertex   3.853062e+01 4.340238e+01 3.073439e+00
      vertex   3.847164e+01 4.364805e+01 3.540000e+00
      vertex   3.864236e+01 4.308527e+01 3.540000e+00
    endloop
  endfacet
  facet normal 9.697764e-01 2.324095e-01 -7.429433e-02
    outer loop
      vertex   3.853062e+01 4.340238e+01 3.073439e+00
      vertex   3.864236e+01 4.308527e+01 3.540000e+00
      vertex   3.864057e+01 4.295422e+01 3.106716e+00
    endloop
  endfacet
  facet normal 9.946184e-01 9.796136e-02 -3.373284e-02
    outer loop
      vertex   3.864057e+01 4.295422e+01 3.106716e+00
      vertex   3.864236e+01 4.308527e+01 3.540000e+00
      vertex   3.870000e+01 4.250000e+01 3.540000e+00
    endloop
  endfacet
  facet normal 9.950432e-01 4.618919e-02 -8.806526e-02
    outer loop
      vertex   3.864057e+01 4.295422e+01 3.106716e+00
      vertex   3.870000e+01 4.250000e+01 3.540000e+00
      vertex   3.863923e+01 4.248481e+01 2.845407e+00
    endloop
  endfacet
  facet normal 9.825680e-01 8.827653e-02 -1.636074e-01
    outer loop
      vertex   3.864057e+01 4.295422e+01 3.106716e+00
      vertex   3.863923e+01 4.248481e+01 2.845407e+00
      vertex   3.857233e+01 4.292535e+01 2.681319e+00
    endloop
  endfacet
  facet normal 9.639426e-01 4.896102e-02 -2.615674e-01
    outer loop
      vertex   3.857233e+01 4.292535e+01 2.681319e+00
      vertex   3.863923e+01 4.248481e+01 2.845407e+00
      vertex   3.845877e+01 4.243969e+01 2.171919e+00
    endloop
  endfacet
  facet normal 9.620011e-01 5.547980e-02 -2.673496e-01
    outer loop
      vertex   3.857233e+01 4.292535e+01 2.681319e+00
      vertex   3.845877e+01 4.243969e+01 2.171919e+00
      vertex   3.846108e+01 4.287890e+01 2.271371e+00
    endloop
  endfacet
  facet normal 9.253049e-01 7.911511e-02 -3.708795e-01
    outer loop
      vertex   3.846108e+01 4.287890e+01 2.271371e+00
      vertex   3.845877e+01 4.243969e+01 2.171919e+00
      vertex   3.831037e+01 4.281710e+01 1.882173e+00
    endloop
  endfacet
  facet normal 8.973757e-01 2.201080e-01 -3.824518e-01
    outer loop
      vertex   3.846108e+01 4.287890e+01 2.271371e+00
      vertex   3.831037e+01 4.281710e+01 1.882173e+00
      vertex   3.817232e+01 4.320259e+01 1.780123e+00
    endloop
  endfacet
  facet normal 8.498594e-01 1.725096e-01 -4.979753e-01
    outer loop
      vertex   3.817232e+01 4.320259e+01 1.780123e+00
      vertex   3.831037e+01 4.281710e+01 1.882173e+00
      vertex   3.797567e+01 4.309621e+01 1.407659e+00
    endloop
  endfacet
  facet normal 7.951965e-01 3.241626e-01 -5.124267e-01
    outer loop
      vertex   3.817232e+01 4.320259e+01 1.780123e+00
      vertex   3.797567e+01 4.309621e+01 1.407659e+00
      vertex   3.778481e+01 4.343749e+01 1.327377e+00
    endloop
  endfacet
  facet normal 7.403129e-01 2.690914e-01 -6.160574e-01
    outer loop
      vertex   3.778481e+01 4.343749e+01 1.327377e+00
      vertex   3.797567e+01 4.309621e+01 1.407659e+00
      vertex   3.755959e+01 4.328694e+01 9.909695e-01
    endloop
  endfacet
  facet normal 6.696878e-01 3.984827e-01 -6.266816e-01
    outer loop
      vertex   3.778481e+01 4.343749e+01 1.327377e+00
      vertex   3.755959e+01 4.328694e+01 9.909695e-01
      vertex   3.733779e+01 4.358236e+01 9.417944e-01
    endloop
  endfacet
  facet normal 6.126495e-01 3.413140e-01 -7.128572e-01
    outer loop
      vertex   3.733779e+01 4.358236e+01 9.417944e-01
      vertex   3.755959e+01 4.328694e+01 9.909695e-01
      vertex   3.710366e+01 4.339235e+01 6.496025e-01
    endloop
  endfacet
  facet normal 5.330181e-01 4.474802e-01 -7.180900e-01
    outer loop
      vertex   3.733779e+01 4.358236e+01 9.417944e-01
      vertex   3.710366e+01 4.339235e+01 6.496025e-01
      vertex   3.685815e+01 4.365815e+01 6.329966e-01
    endloop
  endfacet
  facet normal 4.772371e-01 3.916718e-01 -7.866626e-01
    outer loop
      vertex   3.685815e+01 4.365815e+01 6.329966e-01
      vertex   3.710366e+01 4.339235e+01 6.496025e-01
      vertex   3.663225e+01 4.343225e+01 3.834816e-01
    endloop
  endfacet
  facet normal 9.046098e-01 2.924679e-02 -4.252360e-01
    outer loop
      vertex   3.845877e+01 4.243969e+01 2.171919e+00
      vertex   3.816410e+01 4.236603e+01 1.540000e+00
      vertex   3.831037e+01 4.281710e+01 1.882173e+00
    endloop
  endfacet
  facet normal 8.831535e-01 6.593330e-02 -4.644273e-01
    outer loop
      vertex   3.831037e+01 4.281710e+01 1.882173e+00
      vertex   3.816410e+01 4.236603e+01 1.540000e+00
      vertex   3.812411e+01 4.274225e+01 1.517357e+00
    endloop
  endfacet
  facet normal 8.528262e-01 2.093839e-01 -4.783783e-01
    outer loop
      vertex   3.831037e+01 4.281710e+01 1.882173e+00
      vertex   3.812411e+01 4.274225e+01 1.517357e+00
      vertex   3.797567e+01 4.309621e+01 1.407659e+00
    endloop
  endfacet
  facet normal 7.954067e-01 1.517093e-01 -5.867815e-01
    outer loop
      vertex   3.797567e+01 4.309621e+01 1.407659e+00
      vertex   3.812411e+01 4.274225e+01 1.517357e+00
      vertex   3.775004e+01 4.297677e+01 1.070933e+00
    endloop
  endfacet
  facet normal 7.401922e-01 2.992672e-01 -6.021251e-01
    outer loop
      vertex   3.797567e+01 4.309621e+01 1.407659e+00
      vertex   3.775004e+01 4.297677e+01 1.070933e+00
      vertex   3.755959e+01 4.328694e+01 9.909695e-01
    endloop
  endfacet
  facet normal 6.792515e-01 2.381084e-01 -6.942059e-01
    outer loop
      vertex   3.755959e+01 4.328694e+01 9.909695e-01
      vertex   3.775004e+01 4.297677e+01 1.070933e+00
      vertex   3.731426e+01 4.312560e+01 6.955796e-01
    endloop
  endfacet
  facet normal 6.109861e-01 3.609120e-01 -7.045840e-01
    outer loop
      vertex   3.755959e+01 4.328694e+01 9.909695e-01
      vertex   3.731426e+01 4.312560e+01 6.955796e-01
      vertex   3.710366e+01 4.339235e+01 6.496025e-01
    endloop
  endfacet
  facet normal 5.505109e-01 3.003555e-01 -7.789251e-01
    outer loop
      vertex   3.710366e+01 4.339235e+01 6.496025e-01
      vertex   3.731426e+01 4.312560e+01 6.955796e-01
      vertex   3.685647e+01 4.319332e+01 3.981520e-01
    endloop
  endfacet
  facet normal 4.761859e-01 3.987470e-01 -7.837396e-01
    outer loop
      vertex   3.710366e+01 4.339235e+01 6.496025e-01
      vertex   3.685647e+01 4.319332e+01 3.981520e-01
      vertex   3.663225e+01 4.343225e+01 3.834816e-01
    endloop
  endfacet
  facet normal 4.196486e-01 3.421924e-01 -8.407136e-01
    outer loop
      vertex   3.663225e+01 4.343225e+01 3.834816e-01
      vertex   3.685647e+01 4.319332e+01 3.981520e-01
      vertex   3.639915e+01 4.319915e+01 1.722452e-01
    endloop
  endfacet
  facet normal 8.319788e-01 5.521939e-02 -5.520525e-01
    outer loop
      vertex   3.812411e+01 4.274225e+01 1.517357e+00
      vertex   3.816410e+01 4.236603e+01 1.540000e+00
      vertex   3.790624e+01 4.265662e+01 1.180447e+00
    endloop
  endfacet
  facet normal 8.179072e-01 1.412158e-02 -5.751768e-01
    outer loop
      vertex   3.790624e+01 4.265662e+01 1.180447e+00
      vertex   3.816410e+01 4.236603e+01 1.540000e+00
      vertex   3.776418e+01 4.226604e+01 9.688496e-01
    endloop
  endfacet
  facet normal 7.697255e-01 6.413398e-02 -6.351453e-01
    outer loop
      vertex   3.790624e+01 4.265662e+01 1.180447e+00
      vertex   3.776418e+01 4.226604e+01 9.688496e-01
      vertex   3.766061e+01 4.256222e+01 8.732445e-01
    endloop
  endfacet
  facet normal 7.114817e-01 2.207147e-02 -7.023579e-01
    outer loop
      vertex   3.766061e+01 4.256222e+01 8.732445e-01
      vertex   3.776418e+01 4.226604e+01 9.688496e-01
      vertex   3.739053e+01 4.246040e+01 5.964585e-01
    endloop
  endfacet
  facet normal 6.745463e-01 1.661054e-01 -7.193027e-01
    outer loop
      vertex   3.766061e+01 4.256222e+01 8.732445e-01
      vertex   3.739053e+01 4.246040e+01 5.964585e-01
      vertex   3.723147e+01 4.271100e+01 5.051676e-01
    endloop
  endfacet
  facet normal 5.988697e-01 9.022523e-02 -7.957477e-01
    outer loop
      vertex   3.723147e+01 4.271100e+01 5.051676e-01
      vertex   3.739053e+01 4.246040e+01 5.964585e-01
      vertex   3.694596e+01 4.256868e+01 2.741531e-01
    endloop
  endfacet
  facet normal 5.462313e-01 2.172750e-01 -8.089641e-01
    outer loop
      vertex   3.723147e+01 4.271100e+01 5.051676e-01
      vertex   3.694596e+01 4.256868e+01 2.741531e-01
      vertex   3.677906e+01 4.278122e+01 2.185463e-01
    endloop
  endfacet
  facet normal 4.771125e-01 1.480024e-01 -8.662903e-01
    outer loop
      vertex   3.677906e+01 4.278122e+01 2.185463e-01
      vertex   3.694596e+01 4.256868e+01 2.741531e-01
      vertex   3.649642e+01 4.260294e+01 3.241938e-02
    endloop
  endfacet
  facet normal 4.205034e-01 2.452804e-01 -8.735070e-01
    outer loop
      vertex   3.677906e+01 4.278122e+01 2.185463e-01
      vertex   3.649642e+01 4.260294e+01 3.241938e-02
      vertex   3.633736e+01 4.277995e+01 5.555895e-03
    endloop
  endfacet
  facet normal 3.588892e-01 1.835981e-01 -9.151449e-01
    outer loop
      vertex   3.633736e+01 4.277995e+01 5.555895e-03
      vertex   3.649642e+01 4.260294e+01 3.241938e-02
      vertex   3.607022e+01 4.256924e+01 -1.414810e-01
    endloop
  endfacet
  facet normal 3.046715e-01 2.542552e-01 -9.178941e-01
    outer loop
      vertex   3.633736e+01 4.277995e+01 5.555895e-03
      vertex   3.607022e+01 4.256924e+01 -1.414810e-01
      vertex   3.592163e+01 4.272163e+01 -1.485874e-01
    endloop
  endfacet
  facet normal 2.493750e-01 1.989481e-01 -9.477509e-01
    outer loop
      vertex   3.592163e+01 4.272163e+01 -1.485874e-01
      vertex   3.607022e+01 4.256924e+01 -1.414810e-01
      vertex   3.567915e+01 4.247915e+01 -2.632896e-01
    endloop
  endfacet
  facet normal 7.067180e-01 3.082825e-03 -7.074887e-01
    outer loop
      vertex   3.776418e+01 4.226604e+01 9.688496e-01
      vertex   3.727115e+01 4.214279e+01 4.758222e-01
      vertex   3.739053e+01 4.246040e+01 5.964585e-01
    endloop
  endfacet
  facet normal 6.312127e-01 5.655261e-02 -7.735453e-01
    outer loop
      vertex   3.739053e+01 4.246040e+01 5.964585e-01
      vertex   3.727115e+01 4.214279e+01 4.758222e-01
      vertex   3.709922e+01 4.235246e+01 3.508535e-01
    endloop
  endfacet
  facet normal 6.040346e-01 1.505301e-01 -7.826129e-01
    outer loop
      vertex   3.739053e+01 4.246040e+01 5.964585e-01
      vertex   3.709922e+01 4.235246e+01 3.508535e-01
      vertex   3.694596e+01 4.256868e+01 2.741531e-01
    endloop
  endfacet
  facet normal 5.261414e-01 7.236779e-02 -8.473123e-01
    outer loop
      vertex   3.694596e+01 4.256868e+01 2.741531e-01
      vertex   3.709922e+01 4.235246e+01 3.508535e-01
      vertex   3.664754e+01 4.242243e+01 7.636181e-02
    endloop
  endfacet
  facet normal 4.761796e-01 1.896490e-01 -8.586537e-01
    outer loop
      vertex   3.694596e+01 4.256868e+01 2.741531e-01
      vertex   3.664754e+01 4.242243e+01 7.636181e-02
      vertex   3.649642e+01 4.260294e+01 3.241938e-02
    endloop
  endfacet
  facet normal 4.068019e-01 1.201387e-01 -9.055821e-01
    outer loop
      vertex   3.649642e+01 4.260294e+01 3.241938e-02
      vertex   3.664754e+01 4.242243e+01 7.636181e-02
      vertex   3.620670e+01 4.242216e+01 -1.217082e-01
    endloop
  endfacet
  facet normal 3.554820e-01 2.073435e-01 -9.113952e-01
    outer loop
      vertex   3.649642e+01 4.260294e+01 3.241938e-02
      vertex   3.620670e+01 4.242216e+01 -1.217082e-01
      vertex   3.607022e+01 4.256924e+01 -1.414810e-01
    endloop
  endfacet
  facet normal 2.940382e-01 1.458632e-01 -9.445981e-01
    outer loop
      vertex   3.607022e+01 4.256924e+01 -1.414810e-01
      vertex   3.620670e+01 4.242216e+01 -1.217082e-01
      vertex   3.579955e+01 4.235679e+01 -2.585438e-01
    endloop
  endfacet
  facet normal 2.472809e-01 2.065737e-01 -9.466676e-01
    outer loop
      vertex   3.607022e+01 4.256924e+01 -1.414810e-01
      vertex   3.579955e+01 4.235679e+01 -2.585438e-01
      vertex   3.567915e+01 4.247915e+01 -2.632896e-01
    endloop
  endfacet
  facet normal 1.931996e-01 1.524900e-01 -9.692372e-01
    outer loop
      vertex   3.567915e+01 4.247915e+01 -2.632896e-01
      vertex   3.579955e+01 4.235679e+01 -2.585438e-01
      vertex   3.543522e+01 4.223522e+01 -3.502910e-01
    endloop
  endfacet
  facet normal 5.759962e-01 -1.481575e-02 -8.173181e-01
    outer loop
      vertex   3.727115e+01 4.214279e+01 4.758222e-01
      vertex   3.670000e+01 4.200000e+01 7.589838e-02
      vertex   3.709922e+01 4.235246e+01 3.508535e-01
    endloop
  endfacet
  facet normal 5.691643e-01 -3.255388e-03 -8.222174e-01
    outer loop
      vertex   3.709922e+01 4.235246e+01 3.508535e-01
      vertex   3.670000e+01 4.200000e+01 7.589838e-02
      vertex   3.678978e+01 4.223958e+01 1.370996e-01
    endloop
  endfacet
  facet normal 5.297278e-01 1.338641e-01 -8.375374e-01
    outer loop
      vertex   3.709922e+01 4.235246e+01 3.508535e-01
      vertex   3.678978e+01 4.223958e+01 1.370996e-01
      vertex   3.664754e+01 4.242243e+01 7.636181e-02
    endloop
  endfacet
  facet normal 4.510025e-01 5.492130e-02 -8.908313e-01
    outer loop
      vertex   3.664754e+01 4.242243e+01 7.636181e-02
      vertex   3.678978e+01 4.223958e+01 1.370996e-01
      vertex   3.633846e+01 4.227304e+01 -8.932718e-02
    endloop
  endfacet
  facet normal 4.043485e-01 1.618114e-01 -9.001774e-01
    outer loop
      vertex   3.664754e+01 4.242243e+01 7.636181e-02
      vertex   3.633846e+01 4.227304e+01 -8.932718e-02
      vertex   3.620670e+01 4.242216e+01 -1.217082e-01
    endloop
  endfacet
  facet normal 3.351731e-01 9.256340e-02 -9.375985e-01
    outer loop
      vertex   3.620670e+01 4.242216e+01 -1.217082e-01
      vertex   3.633846e+01 4.227304e+01 -8.932718e-02
      vertex   3.591134e+01 4.223949e+01 -2.453271e-01
    endloop
  endfacet
  facet normal 2.893682e-01 1.696455e-01 -9.420650e-01
    outer loop
      vertex   3.620670e+01 4.242216e+01 -1.217082e-01
      vertex   3.591134e+01 4.223949e+01 -2.453271e-01
      vertex   3.579955e+01 4.235679e+01 -2.585438e-01
    endloop
  endfacet
  facet normal 2.293959e-01 1.096621e-01 -9.671358e-01
    outer loop
      vertex   3.579955e+01 4.235679e+01 -2.585438e-01
      vertex   3.591134e+01 4.223949e+01 -2.453271e-01
      vertex   3.552639e+01 4.214322e+01 -3.475497e-01
    endloop
  endfacet
  facet normal 1.905388e-01 1.599537e-01 -9.685607e-01
    outer loop
      vertex   3.579955e+01 4.235679e+01 -2.585438e-01
      vertex   3.552639e+01 4.214322e+01 -3.475497e-01
      vertex   3.543522e+01 4.223522e+01 -3.502910e-01
    endloop
  endfacet
  facet normal 1.385585e-01 1.079710e-01 -9.844510e-01
    outer loop
      vertex   3.543522e+01 4.223522e+01 -3.502910e-01
      vertex   3.552639e+01 4.214322e+01 -3.475497e-01
      vertex   3.519055e+01 4.199055e+01 -4.115618e-01
    endloop
  endfacet
  facet normal 4.744929e-01 4.673234e-02 -8.790179e-01
    outer loop
      vertex   3.678978e+01 4.223958e+01 1.370996e-01
      vertex   3.670000e+01 4.200000e+01 7.589838e-02
      vertex   3.646491e+01 4.212254e+01 -4.448936e-02
    endloop
  endfacet
  facet normal 4.329519e-01 -5.341094e-02 -8.998333e-01
    outer loop
      vertex   3.646491e+01 4.212254e+01 -4.448936e-02
      vertex   3.670000e+01 4.200000e+01 7.589838e-02
      vertex   3.606808e+01 4.184202e+01 -2.187705e-01
    endloop
  endfacet
  facet normal 4.058067e-01 -6.248864e-03 -9.139376e-01
    outer loop
      vertex   3.646491e+01 4.212254e+01 -4.448936e-02
      vertex   3.606808e+01 4.184202e+01 -2.187705e-01
      vertex   3.612720e+01 4.200207e+01 -1.936125e-01
    endloop
  endfacet
  facet normal 3.051894e-01 3.683699e-02 -9.515789e-01
    outer loop
      vertex   3.612720e+01 4.200207e+01 -1.936125e-01
      vertex   3.606808e+01 4.184202e+01 -2.187705e-01
      vertex   3.577929e+01 4.187888e+01 -3.099649e-01
    endloop
  endfacet
  facet normal 2.891192e-01 8.412390e-02 -9.535897e-01
    outer loop
      vertex   3.612720e+01 4.200207e+01 -1.936125e-01
      vertex   3.577929e+01 4.187888e+01 -3.099649e-01
      vertex   3.569613e+01 4.196734e+01 -3.273741e-01
    endloop
  endfacet
  facet normal 2.144108e-01 9.342684e-03 -9.766989e-01
    outer loop
      vertex   3.569613e+01 4.196734e+01 -3.273741e-01
      vertex   3.577929e+01 4.187888e+01 -3.099649e-01
      vertex   3.536676e+01 4.181228e+01 -4.011622e-01
    endloop
  endfacet
  facet normal 1.809288e-01 8.206218e-02 -9.800666e-01
    outer loop
      vertex   3.569613e+01 4.196734e+01 -3.273741e-01
      vertex   3.536676e+01 4.181228e+01 -4.011622e-01
      vertex   3.530941e+01 4.187076e+01 -4.068528e-01
    endloop
  endfacet
  facet normal 1.183919e-01 1.949888e-02 -9.927755e-01
    outer loop
      vertex   3.530941e+01 4.187076e+01 -4.068528e-01
      vertex   3.536676e+01 4.181228e+01 -4.011622e-01
      vertex   3.500517e+01 4.168551e+01 -4.467725e-01
    endloop
  endfacet
  facet normal 9.257297e-02 6.211495e-02 -9.937666e-01
    outer loop
      vertex   3.530941e+01 4.187076e+01 -4.068528e-01
      vertex   3.500517e+01 4.168551e+01 -4.467725e-01
      vertex   3.497612e+01 4.171465e+01 -4.476574e-01
    endloop
  endfacet
  facet normal 3.845288e-02 7.991459e-03 -9.992285e-01
    outer loop
      vertex   3.497612e+01 4.171465e+01 -4.476574e-01
      vertex   3.500517e+01 4.168551e+01 -4.467725e-01
      vertex   3.470000e+01 4.150000e+01 -4.600000e-01
    endloop
  endfacet
  facet normal 2.849168e-01 -1.204352e-01 -9.509563e-01
    outer loop
      vertex   3.606808e+01 4.184202e+01 -2.187705e-01
      vertex   3.539459e+01 4.167365e+01 -3.992310e-01
      vertex   3.577929e+01 4.187888e+01 -3.099649e-01
    endloop
  endfacet
  facet normal 2.320323e-01 -1.187977e-02 -9.726355e-01
    outer loop
      vertex   3.577929e+01 4.187888e+01 -3.099649e-01
      vertex   3.539459e+01 4.167365e+01 -3.992310e-01
      vertex   3.542376e+01 4.175370e+01 -3.932509e-01
    endloop
  endfacet
  facet normal 2.049530e-01 6.755840e-02 -9.764375e-01
    outer loop
      vertex   3.577929e+01 4.187888e+01 -3.099649e-01
      vertex   3.542376e+01 4.175370e+01 -3.932509e-01
      vertex   3.536676e+01 4.181228e+01 -4.011622e-01
    endloop
  endfacet
  facet normal 1.334545e-01 -3.992490e-03 -9.910469e-01
    outer loop
      vertex   3.536676e+01 4.181228e+01 -4.011622e-01
      vertex   3.542376e+01 4.175370e+01 -3.932509e-01
      vertex   3.503419e+01 4.165635e+01 -4.453188e-01
    endloop
  endfacet
  facet normal 1.057126e-01 5.568681e-02 -9.928362e-01
    outer loop
      vertex   3.536676e+01 4.181228e+01 -4.011622e-01
      vertex   3.503419e+01 4.165635e+01 -4.453188e-01
      vertex   3.500517e+01 4.168551e+01 -4.467725e-01
    endloop
  endfacet
  facet normal 4.584501e-02 -4.189671e-03 -9.989398e-01
    outer loop
      vertex   3.500517e+01 4.168551e+01 -4.467725e-01
      vertex   3.503419e+01 4.165635e+01 -4.453188e-01
      vertex   3.470000e+01 4.150000e+01 -4.600000e-01
    endloop
  endfacet
  facet normal 1.279599e-01 2.743754e-02 -9.913997e-01
    outer loop
      vertex   3.542376e+01 4.175370e+01 -3.932509e-01
      vertex   3.539459e+01 4.167365e+01 -3.992310e-01
      vertex   3.506315e+01 4.162719e+01 -4.432960e-01
    endloop
  endfacet
  facet normal 1.737701e-01 -3.766529e-01 -9.099102e-01
    outer loop
      vertex   3.506315e+01 4.162719e+01 -4.432960e-01
      vertex   3.539459e+01 4.167365e+01 -3.992310e-01
      vertex   3.470000e+01 4.150000e+01 -4.600000e-01
    endloop
  endfacet
  facet normal -1.478296e-01 2.902903e-01 -9.454512e-01
    outer loop
      vertex   3.504202e+01 4.286808e+01 -2.187705e-01
      vertex   3.506370e+01 4.259342e+01 -3.064925e-01
      vertex   3.487365e+01 4.219459e+01 -3.992310e-01
    endloop
  endfacet
  facet normal -2.802936e-02 2.390508e-01 -9.706024e-01
    outer loop
      vertex   3.487365e+01 4.219459e+01 -3.992310e-01
      vertex   3.506370e+01 4.259342e+01 -3.064925e-01
      vertex   3.494366e+01 4.223349e+01 -3.916718e-01
    endloop
  endfacet
  facet normal 3.657559e-02 1.267974e-01 -9.912541e-01
    outer loop
      vertex   3.487365e+01 4.219459e+01 -3.992310e-01
      vertex   3.494366e+01 4.223349e+01 -3.916718e-01
      vertex   3.482219e+01 4.186811e+01 -4.428920e-01
    endloop
  endfacet
  facet normal -6.451857e-03 1.409259e-01 -9.899991e-01
    outer loop
      vertex   3.482219e+01 4.186811e+01 -4.428920e-01
      vertex   3.494366e+01 4.223349e+01 -3.916718e-01
      vertex   3.499220e+01 4.218635e+01 -3.986990e-01
    endloop
  endfacet
  facet normal 4.116446e-02 1.158237e-01 -9.924164e-01
    outer loop
      vertex   3.482219e+01 4.186811e+01 -4.428920e-01
      vertex   3.499220e+01 4.218635e+01 -3.986990e-01
      vertex   3.484635e+01 4.184412e+01 -4.446892e-01
    endloop
  endfacet
  facet normal 1.277963e-02 1.278259e-01 -9.917143e-01
    outer loop
      vertex   3.484635e+01 4.184412e+01 -4.446892e-01
      vertex   3.499220e+01 4.218635e+01 -3.986990e-01
      vertex   3.504193e+01 4.213773e+01 -4.043244e-01
    endloop
  endfacet
  facet normal 4.701643e-02 1.052428e-01 -9.933345e-01
    outer loop
      vertex   3.484635e+01 4.184412e+01 -4.446892e-01
      vertex   3.504193e+01 4.213773e+01 -4.043244e-01
      vertex   3.487113e+01 4.181949e+01 -4.461267e-01
    endloop
  endfacet
  facet normal 4.258692e-02 3.070122e-01 -9.507523e-01
    outer loop
      vertex   3.506370e+01 4.259342e+01 -3.064925e-01
      vertex   3.504202e+01 4.286808e+01 -2.187705e-01
      vertex   3.518161e+01 4.294517e+01 -1.876253e-01
    endloop
  endfacet
  facet normal -3.600283e-02 4.297233e-01 -9.022426e-01
    outer loop
      vertex   3.518161e+01 4.294517e+01 -1.876253e-01
      vertex   3.504202e+01 4.286808e+01 -2.187705e-01
      vertex   3.520000e+01 4.350000e+01 7.589838e-02
    endloop
  endfacet
  facet normal -8.516082e-02 4.297712e-01 -8.989129e-01
    outer loop
      vertex   3.518161e+01 4.294517e+01 -1.876253e-01
      vertex   3.520000e+01 4.350000e+01 7.589838e-02
      vertex   3.529665e+01 4.328601e+01 -3.556584e-02
    endloop
  endfacet
  facet normal 4.837290e-02 4.785321e-01 -8.767366e-01
    outer loop
      vertex   3.529665e+01 4.328601e+01 -3.556584e-02
      vertex   3.520000e+01 4.350000e+01 7.589838e-02
      vertex   3.540808e+01 4.361321e+01 1.491715e-01
    endloop
  endfacet
  facet normal 5.297196e-02 4.772197e-01 -8.771861e-01
    outer loop
      vertex   3.529665e+01 4.328601e+01 -3.556584e-02
      vertex   3.540808e+01 4.361321e+01 1.491715e-01
      vertex   3.555993e+01 4.349737e+01 9.531923e-02
    endloop
  endfacet
  facet normal 9.878951e-02 5.230430e-01 -8.465617e-01
    outer loop
      vertex   3.555993e+01 4.349737e+01 9.531923e-02
      vertex   3.540808e+01 4.361321e+01 1.491715e-01
      vertex   3.569485e+01 4.380012e+01 2.981140e-01
    endloop
  endfacet
  facet normal 1.293433e-01 5.114214e-01 -8.495401e-01
    outer loop
      vertex   3.555993e+01 4.349737e+01 9.531923e-02
      vertex   3.569485e+01 4.380012e+01 2.981140e-01
      vertex   3.587698e+01 4.366299e+01 2.432915e-01
    endloop
  endfacet
  facet normal 1.730399e-01 5.550874e-01 -8.135940e-01
    outer loop
      vertex   3.587698e+01 4.366299e+01 2.432915e-01
      vertex   3.569485e+01 4.380012e+01 2.981140e-01
      vertex   3.603612e+01 4.394326e+01 4.683621e-01
    endloop
  endfacet
  facet normal -2.721932e-02 5.779211e-01 -8.156386e-01
    outer loop
      vertex   3.520000e+01 4.350000e+01 7.589838e-02
      vertex   3.534279e+01 4.407115e+01 4.758222e-01
      vertex   3.540808e+01 4.361321e+01 1.491715e-01
    endloop
  endfacet
  facet normal -2.590767e-02 5.780656e-01 -8.155789e-01
    outer loop
      vertex   3.540808e+01 4.361321e+01 1.491715e-01
      vertex   3.534279e+01 4.407115e+01 4.758222e-01
      vertex   3.551515e+01 4.392403e+01 3.660744e-01
    endloop
  endfacet
  facet normal 6.902372e-02 5.548073e-01 -8.291107e-01
    outer loop
      vertex   3.540808e+01 4.361321e+01 1.491715e-01
      vertex   3.551515e+01 4.392403e+01 3.660744e-01
      vertex   3.569485e+01 4.380012e+01 2.981140e-01
    endloop
  endfacet
  facet normal 1.121774e-01 5.979414e-01 -7.936512e-01
    outer loop
      vertex   3.569485e+01 4.380012e+01 2.981140e-01
      vertex   3.551515e+01 4.392403e+01 3.660744e-01
      vertex   3.582554e+01 4.408831e+01 5.337154e-01
    endloop
  endfacet
  facet normal 1.536956e-01 5.826919e-01 -7.980275e-01
    outer loop
      vertex   3.569485e+01 4.380012e+01 2.981140e-01
      vertex   3.582554e+01 4.408831e+01 5.337154e-01
      vertex   3.603612e+01 4.394326e+01 4.683621e-01
    endloop
  endfacet
  facet normal 1.966605e-01 6.256434e-01 -7.549139e-01
    outer loop
      vertex   3.603612e+01 4.394326e+01 4.683621e-01
      vertex   3.582554e+01 4.408831e+01 5.337154e-01
      vertex   3.618972e+01 4.420939e+01 7.289317e-01
    endloop
  endfacet
  facet normal 5.353580e-02 6.366255e-01 -7.693126e-01
    outer loop
      vertex   3.551515e+01 4.392403e+01 3.660744e-01
      vertex   3.534279e+01 4.407115e+01 4.758222e-01
      vertex   3.561708e+01 4.421572e+01 6.145427e-01
    endloop
  endfacet
  facet normal -1.730177e-02 7.091603e-01 -7.048349e-01
    outer loop
      vertex   3.561708e+01 4.421572e+01 6.145427e-01
      vertex   3.534279e+01 4.407115e+01 4.758222e-01
      vertex   3.546604e+01 4.456418e+01 9.688496e-01
    endloop
  endfacet
  facet normal 1.643989e-02 7.163627e-01 -6.975344e-01
    outer loop
      vertex   3.561708e+01 4.421572e+01 6.145427e-01
      vertex   3.546604e+01 4.456418e+01 9.688496e-01
      vertex   3.571279e+01 4.448521e+01 8.935700e-01
    endloop
  endfacet
  facet normal 5.596605e-02 7.749970e-01 -6.294818e-01
    outer loop
      vertex   3.571279e+01 4.448521e+01 8.935700e-01
      vertex   3.546604e+01 4.456418e+01 9.688496e-01
      vertex   3.580109e+01 4.472941e+01 1.202065e+00
    endloop
  endfacet
  facet normal 1.169496e-01 7.621413e-01 -6.367601e-01
    outer loop
      vertex   3.571279e+01 4.448521e+01 8.935700e-01
      vertex   3.580109e+01 4.472941e+01 1.202065e+00
      vertex   3.606786e+01 4.460758e+01 1.105249e+00
    endloop
  endfacet
  facet normal 1.542222e-01 7.992963e-01 -5.808105e-01
    outer loop
      vertex   3.606786e+01 4.460758e+01 1.105249e+00
      vertex   3.580109e+01 4.472941e+01 1.202065e+00
      vertex   3.617594e+01 4.483148e+01 1.442066e+00
    endloop
  endfacet
  facet normal 2.295970e-01 7.749656e-01 -5.888238e-01
    outer loop
      vertex   3.606786e+01 4.460758e+01 1.105249e+00
      vertex   3.617594e+01 4.483148e+01 1.442066e+00
      vertex   3.647117e+01 4.468407e+01 1.363170e+00
    endloop
  endfacet
  facet normal 2.677626e-01 8.129922e-01 -5.170559e-01
    outer loop
      vertex   3.647117e+01 4.468407e+01 1.363170e+00
      vertex   3.617594e+01 4.483148e+01 1.442066e+00
      vertex   3.659255e+01 4.488290e+01 1.738663e+00
    endloop
  endfacet
  facet normal -5.382504e-03 8.195826e-01 -5.729357e-01
    outer loop
      vertex   3.546604e+01 4.456418e+01 9.688496e-01
      vertex   3.556603e+01 4.496410e+01 1.540000e+00
      vertex   3.580109e+01 4.472941e+01 1.202065e+00
    endloop
  endfacet
  facet normal 4.864119e-02 8.359145e-01 -5.467001e-01
    outer loop
      vertex   3.580109e+01 4.472941e+01 1.202065e+00
      vertex   3.556603e+01 4.496410e+01 1.540000e+00
      vertex   3.588074e+01 4.494512e+01 1.538974e+00
    endloop
  endfacet
  facet normal 1.330072e-01 8.201129e-01 -5.565284e-01
    outer loop
      vertex   3.580109e+01 4.472941e+01 1.202065e+00
      vertex   3.588074e+01 4.494512e+01 1.538974e+00
      vertex   3.617594e+01 4.483148e+01 1.442066e+00
    endloop
  endfacet
  facet normal 1.676774e-01 8.546389e-01 -4.914028e-01
    outer loop
      vertex   3.617594e+01 4.483148e+01 1.442066e+00
      vertex   3.588074e+01 4.494512e+01 1.538974e+00
      vertex   3.627175e+01 4.502548e+01 1.812159e+00
    endloop
  endfacet
  facet normal 2.535888e-01 8.281966e-01 -4.997830e-01
    outer loop
      vertex   3.617594e+01 4.483148e+01 1.442066e+00
      vertex   3.627175e+01 4.502548e+01 1.812159e+00
      vertex   3.659255e+01 4.488290e+01 1.738663e+00
    endloop
  endfacet
  facet normal 2.876292e-01 8.621561e-01 -4.170808e-01
    outer loop
      vertex   3.659255e+01 4.488290e+01 1.738663e+00
      vertex   3.627175e+01 4.502548e+01 1.812159e+00
      vertex   3.669475e+01 4.504762e+01 2.149643e+00
    endloop
  endfacet
  facet normal 5.202207e-02 8.871919e-01 -4.584585e-01
    outer loop
      vertex   3.588074e+01 4.494512e+01 1.538974e+00
      vertex   3.556603e+01 4.496410e+01 1.540000e+00
      vertex   3.595001e+01 4.512878e+01 1.902251e+00
    endloop
  endfacet
  facet normal 1.124251e-02 9.057479e-01 -4.236678e-01
    outer loop
      vertex   3.595001e+01 4.512878e+01 1.902251e+00
      vertex   3.556603e+01 4.496410e+01 1.540000e+00
      vertex   3.563969e+01 4.525877e+01 2.171919e+00
    endloop
  endfacet
  facet normal 7.043917e-02 9.278631e-01 -3.662082e-01
    outer loop
      vertex   3.595001e+01 4.512878e+01 1.902251e+00
      vertex   3.563969e+01 4.525877e+01 2.171919e+00
      vertex   3.600694e+01 4.527685e+01 2.288370e+00
    endloop
  endfacet
  facet normal 3.521881e-02 9.647343e-01 -2.608590e-01
    outer loop
      vertex   3.600694e+01 4.527685e+01 2.288370e+00
      vertex   3.563969e+01 4.525877e+01 2.171919e+00
      vertex   3.568481e+01 4.543923e+01 2.845407e+00
    endloop
  endfacet
  facet normal 3.206572e-02 9.643777e-01 -2.625785e-01
    outer loop
      vertex   3.600694e+01 4.527685e+01 2.288370e+00
      vertex   3.568481e+01 4.543923e+01 2.845407e+00
      vertex   3.604956e+01 4.538580e+01 2.693714e+00
    endloop
  endfacet
  facet normal 7.707860e-02 9.839040e-01 -1.612200e-01
    outer loop
      vertex   3.604956e+01 4.538580e+01 2.693714e+00
      vertex   3.568481e+01 4.543923e+01 2.845407e+00
      vertex   3.607599e+01 4.545247e+01 3.113242e+00
    endloop
  endfacet
  facet normal 1.846739e-01 9.687498e-01 -1.655879e-01
    outer loop
      vertex   3.604956e+01 4.538580e+01 2.693714e+00
      vertex   3.607599e+01 4.545247e+01 3.113242e+00
      vertex   3.645059e+01 4.537605e+01 3.083904e+00
    endloop
  endfacet
  facet normal 5.206986e-02 -1.753676e-02 -9.984895e-01
    outer loop
      vertex   3.506315e+01 4.162719e+01 -4.432960e-01
      vertex   3.470000e+01 4.150000e+01 -4.600000e-01
      vertex   3.503419e+01 4.165635e+01 -4.453188e-01
    endloop
  endfacet
  facet normal 2.965470e-02 1.931782e-02 -9.993735e-01
    outer loop
      vertex   3.497612e+01 4.171465e+01 -4.476574e-01
      vertex   3.470000e+01 4.150000e+01 -4.600000e-01
      vertex   3.494540e+01 4.174540e+01 -4.479746e-01
    endloop
  endfacet
  facet normal -9.667289e-03 4.854886e-02 -9.987740e-01
    outer loop
      vertex   3.487113e+01 4.181949e+01 -4.461267e-01
      vertex   3.470000e+01 4.150000e+01 -4.600000e-01
      vertex   3.484635e+01 4.184412e+01 -4.446892e-01
    endloop
  endfacet
  facet normal -2.120355e-02 5.343608e-02 -9.983461e-01
    outer loop
      vertex   3.484635e+01 4.184412e+01 -4.446892e-01
      vertex   3.470000e+01 4.150000e+01 -4.600000e-01
      vertex   3.482219e+01 4.186811e+01 -4.428920e-01
    endloop
  endfacet
  facet normal 9.585001e-01 2.218658e-01 -1.790337e-01
    outer loop
      vertex   3.853062e+01 4.340238e+01 3.073439e+00
      vertex   3.864057e+01 4.295422e+01 3.106716e+00
      vertex   3.845544e+01 4.335975e+01 2.618163e+00
    endloop
  endfacet
  facet normal 9.575974e-01 2.330278e-01 -1.694264e-01
    outer loop
      vertex   3.845544e+01 4.335975e+01 2.618163e+00
      vertex   3.864057e+01 4.295422e+01 3.106716e+00
      vertex   3.857233e+01 4.292535e+01 2.681319e+00
    endloop
  endfacet
  facet normal 9.329113e-01 2.083123e-01 -2.937387e-01
    outer loop
      vertex   3.845544e+01 4.335975e+01 2.618163e+00
      vertex   3.857233e+01 4.292535e+01 2.681319e+00
      vertex   3.833418e+01 4.329180e+01 2.184848e+00
    endloop
  endfacet
  facet normal 9.327832e-01 2.282092e-01 -2.789910e-01
    outer loop
      vertex   3.833418e+01 4.329180e+01 2.184848e+00
      vertex   3.857233e+01 4.292535e+01 2.681319e+00
      vertex   3.846108e+01 4.287890e+01 2.271371e+00
    endloop
  endfacet
  facet normal 8.960482e-01 1.914457e-01 -4.005574e-01
    outer loop
      vertex   3.833418e+01 4.329180e+01 2.184848e+00
      vertex   3.846108e+01 4.287890e+01 2.271371e+00
      vertex   3.817232e+01 4.320259e+01 1.780123e+00
    endloop
  endfacet
  facet normal 9.100368e-01 3.675852e-01 -1.916093e-01
    outer loop
      vertex   3.835318e+01 4.382889e+01 3.048933e+00
      vertex   3.853062e+01 4.340238e+01 3.073439e+00
      vertex   3.827490e+01 4.377393e+01 2.571693e+00
    endloop
  endfacet
  facet normal 9.082861e-01 3.751732e-01 -1.850981e-01
    outer loop
      vertex   3.827490e+01 4.377393e+01 2.571693e+00
      vertex   3.853062e+01 4.340238e+01 3.073439e+00
      vertex   3.845544e+01 4.335975e+01 2.618163e+00
    endloop
  endfacet
  facet normal 8.828462e-01 3.496717e-01 -3.135478e-01
    outer loop
      vertex   3.827490e+01 4.377393e+01 2.571693e+00
      vertex   3.845544e+01 4.335975e+01 2.618163e+00
      vertex   3.814950e+01 4.368663e+01 2.121279e+00
    endloop
  endfacet
  facet normal 8.809123e-01 3.631783e-01 -3.034716e-01
    outer loop
      vertex   3.814950e+01 4.368663e+01 2.121279e+00
      vertex   3.845544e+01 4.335975e+01 2.618163e+00
      vertex   3.833418e+01 4.329180e+01 2.184848e+00
    endloop
  endfacet
  facet normal 8.440294e-01 3.262565e-01 -4.256420e-01
    outer loop
      vertex   3.814950e+01 4.368663e+01 2.121279e+00
      vertex   3.833418e+01 4.329180e+01 2.184848e+00
      vertex   3.798380e+01 4.357260e+01 1.705283e+00
    endloop
  endfacet
  facet normal 8.425008e-01 3.456947e-01 -4.131436e-01
    outer loop
      vertex   3.798380e+01 4.357260e+01 1.705283e+00
      vertex   3.833418e+01 4.329180e+01 2.184848e+00
      vertex   3.817232e+01 4.320259e+01 1.780123e+00
    endloop
  endfacet
  facet normal 7.960479e-01 2.991758e-01 -5.261194e-01
    outer loop
      vertex   3.798380e+01 4.357260e+01 1.705283e+00
      vertex   3.817232e+01 4.320259e+01 1.780123e+00
      vertex   3.778481e+01 4.343749e+01 1.327377e+00
    endloop
  endfacet
  facet normal 7.475659e-01 6.321686e-01 -2.037351e-01
    outer loop
      vertex   3.772283e+01 4.452283e+01 2.532541e+00
      vertex   3.779603e+01 4.459603e+01 3.028272e+00
      vertex   3.811240e+01 4.422369e+01 3.033779e+00
    endloop
  endfacet
  facet normal 8.399076e-01 5.045600e-01 -1.999360e-01
    outer loop
      vertex   3.811240e+01 4.422369e+01 3.033779e+00
      vertex   3.835318e+01 4.382889e+01 3.048933e+00
      vertex   3.803475e+01 4.415847e+01 2.542973e+00
    endloop
  endfacet
  facet normal 8.382324e-01 5.088342e-01 -1.960975e-01
    outer loop
      vertex   3.803475e+01 4.415847e+01 2.542973e+00
      vertex   3.835318e+01 4.382889e+01 3.048933e+00
      vertex   3.827490e+01 4.377393e+01 2.571693e+00
    endloop
  endfacet
  facet normal 8.124281e-01 4.829685e-01 -3.266526e-01
    outer loop
      vertex   3.803475e+01 4.415847e+01 2.542973e+00
      vertex   3.827490e+01 4.377393e+01 2.571693e+00
      vertex   3.791096e+01 4.405495e+01 2.082027e+00
    endloop
  endfacet
  facet normal 8.102440e-01 4.906003e-01 -3.206494e-01
    outer loop
      vertex   3.791096e+01 4.405495e+01 2.082027e+00
      vertex   3.827490e+01 4.377393e+01 2.571693e+00
      vertex   3.814950e+01 4.368663e+01 2.121279e+00
    endloop
  endfacet
  facet normal 7.735790e-01 4.538981e-01 -4.422126e-01
    outer loop
      vertex   3.791096e+01 4.405495e+01 2.082027e+00
      vertex   3.814950e+01 4.368663e+01 2.121279e+00
      vertex   3.774846e+01 4.391987e+01 1.659127e+00
    endloop
  endfacet
  facet normal 7.713042e-01 4.649121e-01 -4.346799e-01
    outer loop
      vertex   3.774846e+01 4.391987e+01 1.659127e+00
      vertex   3.814950e+01 4.368663e+01 2.121279e+00
      vertex   3.798380e+01 4.357260e+01 1.705283e+00
    endloop
  endfacet
  facet normal 7.260978e-01 4.196583e-01 -5.446732e-01
    outer loop
      vertex   3.774846e+01 4.391987e+01 1.659127e+00
      vertex   3.798380e+01 4.357260e+01 1.705283e+00
      vertex   3.755487e+01 4.376008e+01 1.277932e+00
    endloop
  endfacet
  facet normal 7.239750e-01 4.338466e-01 -5.363184e-01
    outer loop
      vertex   3.755487e+01 4.376008e+01 1.277932e+00
      vertex   3.798380e+01 4.357260e+01 1.705283e+00
      vertex   3.778481e+01 4.343749e+01 1.327377e+00
    endloop
  endfacet
  facet normal 6.715592e-01 3.813126e-01 -6.353022e-01
    outer loop
      vertex   3.755487e+01 4.376008e+01 1.277932e+00
      vertex   3.778481e+01 4.343749e+01 1.327377e+00
      vertex   3.733779e+01 4.358236e+01 9.417944e-01
    endloop
  endfacet
  facet normal 3.081253e-01 9.342207e-01 -1.796958e-01
    outer loop
      vertex   3.645059e+01 4.537605e+01 3.083904e+00
      vertex   3.682194e+01 4.524895e+01 3.059872e+00
      vertex   3.641255e+01 4.530283e+01 2.638017e+00
    endloop
  endfacet
  facet normal 3.149890e-01 9.305251e-01 -1.868286e-01
    outer loop
      vertex   3.641255e+01 4.530283e+01 2.638017e+00
      vertex   3.682194e+01 4.524895e+01 3.059872e+00
      vertex   3.677283e+01 4.517172e+01 2.592434e+00
    endloop
  endfacet
  facet normal 2.936134e-01 9.093284e-01 -2.948101e-01
    outer loop
      vertex   3.641255e+01 4.530283e+01 2.638017e+00
      vertex   3.677283e+01 4.517172e+01 2.592434e+00
      vertex   3.635179e+01 4.518434e+01 2.212031e+00
    endloop
  endfacet
  facet normal 3.038725e-01 9.020961e-01 -3.064053e-01
    outer loop
      vertex   3.635179e+01 4.518434e+01 2.212031e+00
      vertex   3.677283e+01 4.517172e+01 2.592434e+00
      vertex   3.669475e+01 4.504762e+01 2.149643e+00
    endloop
  endfacet
  facet normal 2.750222e-01 8.733541e-01 -4.020141e-01
    outer loop
      vertex   3.635179e+01 4.518434e+01 2.212031e+00
      vertex   3.669475e+01 4.504762e+01 2.149643e+00
      vertex   3.627175e+01 4.502548e+01 1.812159e+00
    endloop
  endfacet
  facet normal 7.210941e-01 6.077716e-01 -3.326214e-01
    outer loop
      vertex   3.760650e+01 4.440650e+01 2.067781e+00
      vertex   3.772283e+01 4.452283e+01 2.532541e+00
      vertex   3.803475e+01 4.415847e+01 2.542973e+00
    endloop
  endfacet
  facet normal 7.468061e-01 6.335126e-01 -2.023425e-01
    outer loop
      vertex   3.803475e+01 4.415847e+01 2.542973e+00
      vertex   3.772283e+01 4.452283e+01 2.532541e+00
      vertex   3.811240e+01 4.422369e+01 3.033779e+00
    endloop
  endfacet
  facet normal 7.200564e-01 6.101980e-01 -3.304197e-01
    outer loop
      vertex   3.760650e+01 4.440650e+01 2.067781e+00
      vertex   3.803475e+01 4.415847e+01 2.542973e+00
      vertex   3.791096e+01 4.405495e+01 2.082027e+00
    endloop
  endfacet
  facet normal 1.744414e-01 9.461658e-01 -2.726544e-01
    outer loop
      vertex   3.600694e+01 4.527685e+01 2.288370e+00
      vertex   3.604956e+01 4.538580e+01 2.693714e+00
      vertex   3.641255e+01 4.530283e+01 2.638017e+00
    endloop
  endfacet
  facet normal 1.937921e-01 9.652998e-01 -1.750456e-01
    outer loop
      vertex   3.641255e+01 4.530283e+01 2.638017e+00
      vertex   3.604956e+01 4.538580e+01 2.693714e+00
      vertex   3.645059e+01 4.537605e+01 3.083904e+00
    endloop
  endfacet
  facet normal 1.881379e-01 9.389651e-01 -2.880081e-01
    outer loop
      vertex   3.600694e+01 4.527685e+01 2.288370e+00
      vertex   3.641255e+01 4.530283e+01 2.638017e+00
      vertex   3.635179e+01 4.518434e+01 2.212031e+00
    endloop
  endfacet
  facet normal 6.841022e-01 5.742254e-01 -4.497438e-01
    outer loop
      vertex   3.760650e+01 4.440650e+01 2.067781e+00
      vertex   3.791096e+01 4.405495e+01 2.082027e+00
      vertex   3.745446e+01 4.425446e+01 1.642393e+00
    endloop
  endfacet
  facet normal 6.829571e-01 5.777575e-01 -4.469518e-01
    outer loop
      vertex   3.745446e+01 4.425446e+01 1.642393e+00
      vertex   3.791096e+01 4.405495e+01 2.082027e+00
      vertex   3.774846e+01 4.391987e+01 1.659127e+00
    endloop
  endfacet
  facet normal 6.393638e-01 5.341441e-01 -5.530859e-01
    outer loop
      vertex   3.745446e+01 4.425446e+01 1.642393e+00
      vertex   3.774846e+01 4.391987e+01 1.659127e+00
      vertex   3.727425e+01 4.407425e+01 1.260027e+00
    endloop
  endfacet
  facet normal 6.382208e-01 5.387223e-01 -5.499568e-01
    outer loop
      vertex   3.727425e+01 4.407425e+01 1.260027e+00
      vertex   3.774846e+01 4.391987e+01 1.659127e+00
      vertex   3.755487e+01 4.376008e+01 1.277932e+00
    endloop
  endfacet
  facet normal 5.884331e-01 4.888920e-01 -6.439962e-01
    outer loop
      vertex   3.727425e+01 4.407425e+01 1.260027e+00
      vertex   3.755487e+01 4.376008e+01 1.277932e+00
      vertex   3.707339e+01 4.387339e+01 9.240099e-01
    endloop
  endfacet
  facet normal 5.873445e-01 4.944555e-01 -6.407341e-01
    outer loop
      vertex   3.707339e+01 4.387339e+01 9.240099e-01
      vertex   3.755487e+01 4.376008e+01 1.277932e+00
      vertex   3.733779e+01 4.358236e+01 9.417944e-01
    endloop
  endfacet
  facet normal 5.340497e-01 4.411159e-01 -7.212543e-01
    outer loop
      vertex   3.707339e+01 4.387339e+01 9.240099e-01
      vertex   3.733779e+01 4.358236e+01 9.417944e-01
      vertex   3.685815e+01 4.365815e+01 6.329966e-01
    endloop
  endfacet
  facet normal 1.621504e-01 9.131132e-01 -3.740742e-01
    outer loop
      vertex   3.600694e+01 4.527685e+01 2.288370e+00
      vertex   3.635179e+01 4.518434e+01 2.212031e+00
      vertex   3.595001e+01 4.512878e+01 1.902251e+00
    endloop
  endfacet
  facet normal 1.791171e-01 9.014904e-01 -3.939951e-01
    outer loop
      vertex   3.595001e+01 4.512878e+01 1.902251e+00
      vertex   3.635179e+01 4.518434e+01 2.212031e+00
      vertex   3.627175e+01 4.502548e+01 1.812159e+00
    endloop
  endfacet
  facet normal 1.483988e-01 8.708662e-01 -4.685827e-01
    outer loop
      vertex   3.595001e+01 4.512878e+01 1.902251e+00
      vertex   3.627175e+01 4.502548e+01 1.812159e+00
      vertex   3.588074e+01 4.494512e+01 1.538974e+00
    endloop
  endfacet
  facet normal 2.449858e-01 7.558274e-01 -6.072124e-01
    outer loop
      vertex   3.606786e+01 4.460758e+01 1.105249e+00
      vertex   3.647117e+01 4.468407e+01 1.363170e+00
      vertex   3.633554e+01 4.445764e+01 1.026604e+00
    endloop
  endfacet
  facet normal 7.998957e-01 1.962456e-01 -5.671459e-01
    outer loop
      vertex   3.812411e+01 4.274225e+01 1.517357e+00
      vertex   3.790624e+01 4.265662e+01 1.180447e+00
      vertex   3.775004e+01 4.297677e+01 1.070933e+00
    endloop
  endfacet
  facet normal 7.346460e-01 1.306834e-01 -6.657455e-01
    outer loop
      vertex   3.775004e+01 4.297677e+01 1.070933e+00
      vertex   3.790624e+01 4.265662e+01 1.180447e+00
      vertex   3.750071e+01 4.284768e+01 7.704560e-01
    endloop
  endfacet
  facet normal 6.796547e-01 2.724944e-01 -6.810406e-01
    outer loop
      vertex   3.775004e+01 4.297677e+01 1.070933e+00
      vertex   3.750071e+01 4.284768e+01 7.704560e-01
      vertex   3.731426e+01 4.312560e+01 6.955796e-01
    endloop
  endfacet
  facet normal 6.140667e-01 2.067626e-01 -7.616897e-01
    outer loop
      vertex   3.731426e+01 4.312560e+01 6.955796e-01
      vertex   3.750071e+01 4.284768e+01 7.704560e-01
      vertex   3.705282e+01 4.295618e+01 4.388256e-01
    endloop
  endfacet
  facet normal 5.488278e-01 3.221228e-01 -7.713786e-01
    outer loop
      vertex   3.731426e+01 4.312560e+01 6.955796e-01
      vertex   3.705282e+01 4.295618e+01 4.388256e-01
      vertex   3.685647e+01 4.319332e+01 3.981520e-01
    endloop
  endfacet
  facet normal 4.867421e-01 2.599811e-01 -8.339616e-01
    outer loop
      vertex   3.685647e+01 4.319332e+01 3.981520e-01
      vertex   3.705282e+01 4.295618e+01 4.388256e-01
      vertex   3.659993e+01 4.298829e+01 1.845064e-01
    endloop
  endfacet
  facet normal 4.184883e-01 3.497716e-01 -8.381691e-01
    outer loop
      vertex   3.685647e+01 4.319332e+01 3.981520e-01
      vertex   3.659993e+01 4.298829e+01 1.845064e-01
      vertex   3.639915e+01 4.319915e+01 1.722452e-01
    endloop
  endfacet
  facet normal 3.629567e-01 2.942177e-01 -8.841371e-01
    outer loop
      vertex   3.639915e+01 4.319915e+01 1.722452e-01
      vertex   3.659993e+01 4.298829e+01 1.845064e-01
      vertex   3.616189e+01 4.296189e+01 -4.108840e-03
    endloop
  endfacet
  facet normal 2.045542e-01 7.155180e-01 -6.679757e-01
    outer loop
      vertex   3.606786e+01 4.460758e+01 1.105249e+00
      vertex   3.633554e+01 4.445764e+01 1.026604e+00
      vertex   3.595045e+01 4.435864e+01 8.026321e-01
    endloop
  endfacet
  facet normal 2.209327e-01 6.930461e-01 -6.862039e-01
    outer loop
      vertex   3.595045e+01 4.435864e+01 8.026321e-01
      vertex   3.633554e+01 4.445764e+01 1.026604e+00
      vertex   3.618972e+01 4.420939e+01 7.289317e-01
    endloop
  endfacet
  facet normal 1.789264e-01 6.510875e-01 -7.376113e-01
    outer loop
      vertex   3.595045e+01 4.435864e+01 8.026321e-01
      vertex   3.618972e+01 4.420939e+01 7.289317e-01
      vertex   3.582554e+01 4.408831e+01 5.337154e-01
    endloop
  endfacet
  facet normal 6.687698e-01 1.098412e-01 -7.353108e-01
    outer loop
      vertex   3.766061e+01 4.256222e+01 8.732445e-01
      vertex   3.723147e+01 4.271100e+01 5.051676e-01
      vertex   3.750071e+01 4.284768e+01 7.704560e-01
    endloop
  endfacet
  facet normal 6.145670e-01 2.449052e-01 -7.498859e-01
    outer loop
      vertex   3.750071e+01 4.284768e+01 7.704560e-01
      vertex   3.723147e+01 4.271100e+01 5.051676e-01
      vertex   3.705282e+01 4.295618e+01 4.388256e-01
    endloop
  endfacet
  facet normal 4.847616e-01 2.833188e-01 -8.274881e-01
    outer loop
      vertex   3.659993e+01 4.298829e+01 1.845064e-01
      vertex   3.705282e+01 4.295618e+01 4.388256e-01
      vertex   3.677906e+01 4.278122e+01 2.185463e-01
    endloop
  endfacet
  facet normal 5.461741e-01 1.763986e-01 -8.188879e-01
    outer loop
      vertex   3.677906e+01 4.278122e+01 2.185463e-01
      vertex   3.705282e+01 4.295618e+01 4.388256e-01
      vertex   3.723147e+01 4.271100e+01 5.051676e-01
    endloop
  endfacet
  facet normal 1.256756e-01 6.698736e-01 -7.317616e-01
    outer loop
      vertex   3.582554e+01 4.408831e+01 5.337154e-01
      vertex   3.561708e+01 4.421572e+01 6.145427e-01
      vertex   3.595045e+01 4.435864e+01 8.026321e-01
    endloop
  endfacet
  facet normal 1.006066e-01 6.981676e-01 -7.088302e-01
    outer loop
      vertex   3.595045e+01 4.435864e+01 8.026321e-01
      vertex   3.561708e+01 4.421572e+01 6.145427e-01
      vertex   3.571279e+01 4.448521e+01 8.935700e-01
    endloop
  endfacet
  facet normal 1.398471e-01 7.373739e-01 -6.608499e-01
    outer loop
      vertex   3.595045e+01 4.435864e+01 8.026321e-01
      vertex   3.571279e+01 4.448521e+01 8.935700e-01
      vertex   3.606786e+01 4.460758e+01 1.105249e+00
    endloop
  endfacet
  facet normal 8.463220e-02 6.288320e-01 -7.729215e-01
    outer loop
      vertex   3.561708e+01 4.421572e+01 6.145427e-01
      vertex   3.582554e+01 4.408831e+01 5.337154e-01
      vertex   3.551515e+01 4.392403e+01 3.660744e-01
    endloop
  endfacet
  facet normal 7.401318e-01 1.814246e-01 -6.475261e-01
    outer loop
      vertex   3.790624e+01 4.265662e+01 1.180447e+00
      vertex   3.766061e+01 4.256222e+01 8.732445e-01
      vertex   3.750071e+01 4.284768e+01 7.704560e-01
    endloop
  endfacet
  facet normal 3.616120e-01 3.019128e-01 -8.820915e-01
    outer loop
      vertex   3.616189e+01 4.296189e+01 -4.108840e-03
      vertex   3.659993e+01 4.298829e+01 1.845064e-01
      vertex   3.633736e+01 4.277995e+01 5.555895e-03
    endloop
  endfacet
  facet normal 4.230365e-01 2.215179e-01 -8.786182e-01
    outer loop
      vertex   3.633736e+01 4.277995e+01 5.555895e-03
      vertex   3.659993e+01 4.298829e+01 1.845064e-01
      vertex   3.677906e+01 4.278122e+01 2.185463e-01
    endloop
  endfacet
  facet normal 1.501772e-01 4.831641e-01 -8.625539e-01
    outer loop
      vertex   3.555993e+01 4.349737e+01 9.531923e-02
      vertex   3.587698e+01 4.366299e+01 2.432915e-01
      vertex   3.571429e+01 4.337200e+01 5.196583e-02
    endloop
  endfacet
  facet normal 4.522628e-01 1.165393e-01 -8.842381e-01
    outer loop
      vertex   3.678978e+01 4.223958e+01 1.370996e-01
      vertex   3.646491e+01 4.212254e+01 -4.448936e-02
      vertex   3.633846e+01 4.227304e+01 -8.932718e-02
    endloop
  endfacet
  facet normal 3.736762e-01 3.783487e-02 -9.267873e-01
    outer loop
      vertex   3.633846e+01 4.227304e+01 -8.932718e-02
      vertex   3.646491e+01 4.212254e+01 -4.448936e-02
      vertex   3.602067e+01 4.212113e+01 -2.236609e-01
    endloop
  endfacet
  facet normal 3.306243e-01 1.344055e-01 -9.341428e-01
    outer loop
      vertex   3.633846e+01 4.227304e+01 -8.932718e-02
      vertex   3.602067e+01 4.212113e+01 -2.236609e-01
      vertex   3.591134e+01 4.223949e+01 -2.453271e-01
    endloop
  endfacet
  facet normal 2.629398e-01 6.669118e-02 -9.625045e-01
    outer loop
      vertex   3.591134e+01 4.223949e+01 -2.453271e-01
      vertex   3.602067e+01 4.212113e+01 -2.236609e-01
      vertex   3.561178e+01 4.205550e+01 -3.399097e-01
    endloop
  endfacet
  facet normal 2.231373e-01 1.331156e-01 -9.656552e-01
    outer loop
      vertex   3.591134e+01 4.223949e+01 -2.453271e-01
      vertex   3.561178e+01 4.205550e+01 -3.399097e-01
      vertex   3.552639e+01 4.214322e+01 -3.475497e-01
    endloop
  endfacet
  facet normal 1.657197e-01 7.568552e-02 -9.832643e-01
    outer loop
      vertex   3.552639e+01 4.214322e+01 -3.475497e-01
      vertex   3.561178e+01 4.205550e+01 -3.399097e-01
      vertex   3.525175e+01 4.192911e+01 -4.103189e-01
    endloop
  endfacet
  facet normal 1.353469e-01 1.148948e-01 -9.841140e-01
    outer loop
      vertex   3.552639e+01 4.214322e+01 -3.475497e-01
      vertex   3.525175e+01 4.192911e+01 -4.103189e-01
      vertex   3.519055e+01 4.199055e+01 -4.115618e-01
    endloop
  endfacet
  facet normal 8.407892e-02 6.362454e-02 -9.944258e-01
    outer loop
      vertex   3.519055e+01 4.199055e+01 -4.115618e-01
      vertex   3.525175e+01 4.192911e+01 -4.103189e-01
      vertex   3.494540e+01 4.174540e+01 -4.479746e-01
    endloop
  endfacet
  facet normal 3.063168e-01 2.465974e-01 -9.194345e-01
    outer loop
      vertex   3.616189e+01 4.296189e+01 -4.108840e-03
      vertex   3.633736e+01 4.277995e+01 5.555895e-03
      vertex   3.592163e+01 4.272163e+01 -1.485874e-01
    endloop
  endfacet
  facet normal 1.048320e-01 4.378364e-01 -8.929219e-01
    outer loop
      vertex   3.555993e+01 4.349737e+01 9.531923e-02
      vertex   3.571429e+01 4.337200e+01 5.196583e-02
      vertex   3.542155e+01 4.318245e+01 -7.534315e-02
    endloop
  endfacet
  facet normal 1.276127e-01 4.096156e-01 -9.032885e-01
    outer loop
      vertex   3.542155e+01 4.318245e+01 -7.534315e-02
      vertex   3.571429e+01 4.337200e+01 5.196583e-02
      vertex   3.554884e+01 4.307231e+01 -1.073096e-01
    endloop
  endfacet
  facet normal 8.026499e-02 3.622507e-01 -9.286183e-01
    outer loop
      vertex   3.542155e+01 4.318245e+01 -7.534315e-02
      vertex   3.554884e+01 4.307231e+01 -1.073096e-01
      vertex   3.528036e+01 4.285754e+01 -2.142957e-01
    endloop
  endfacet
  facet normal 1.059078e-01 3.341475e-01 -9.365517e-01
    outer loop
      vertex   3.528036e+01 4.285754e+01 -2.142957e-01
      vertex   3.554884e+01 4.307231e+01 -1.073096e-01
      vertex   3.538123e+01 4.276559e+01 -2.356960e-01
    endloop
  endfacet
  facet normal 5.686779e-02 2.850681e-01 -9.568188e-01
    outer loop
      vertex   3.528036e+01 4.285754e+01 -2.142957e-01
      vertex   3.538123e+01 4.276559e+01 -2.356960e-01
      vertex   3.513703e+01 4.252479e+01 -3.219514e-01
    endloop
  endfacet
  facet normal 8.585696e-02 2.576722e-01 -9.624103e-01
    outer loop
      vertex   3.513703e+01 4.252479e+01 -3.219514e-01
      vertex   3.538123e+01 4.276559e+01 -2.356960e-01
      vertex   3.521207e+01 4.245352e+01 -3.343389e-01
    endloop
  endfacet
  facet normal 3.496984e-02 2.067626e-01 -9.777660e-01
    outer loop
      vertex   3.513703e+01 4.252479e+01 -3.219514e-01
      vertex   3.521207e+01 4.245352e+01 -3.343389e-01
      vertex   3.499220e+01 4.218635e+01 -3.986990e-01
    endloop
  endfacet
  facet normal 6.653508e-02 1.815926e-01 -9.811204e-01
    outer loop
      vertex   3.499220e+01 4.218635e+01 -3.986990e-01
      vertex   3.521207e+01 4.245352e+01 -3.343389e-01
      vertex   3.504193e+01 4.213773e+01 -4.043244e-01
    endloop
  endfacet
  facet normal 3.685023e-02 3.967440e-01 -9.171893e-01
    outer loop
      vertex   3.518161e+01 4.294517e+01 -1.876253e-01
      vertex   3.529665e+01 4.328601e+01 -3.556584e-02
      vertex   3.542155e+01 4.318245e+01 -7.534315e-02
    endloop
  endfacet
  facet normal 8.547971e-02 4.454234e-01 -8.912302e-01
    outer loop
      vertex   3.542155e+01 4.318245e+01 -7.534315e-02
      vertex   3.529665e+01 4.328601e+01 -3.556584e-02
      vertex   3.555993e+01 4.349737e+01 9.531923e-02
    endloop
  endfacet
  facet normal 7.328988e-02 3.650580e-01 -9.280955e-01
    outer loop
      vertex   3.518161e+01 4.294517e+01 -1.876253e-01
      vertex   3.542155e+01 4.318245e+01 -7.534315e-02
      vertex   3.528036e+01 4.285754e+01 -2.142957e-01
    endloop
  endfacet
  facet normal 2.946275e-01 2.251794e-02 -9.553468e-01
    outer loop
      vertex   3.612720e+01 4.200207e+01 -1.936125e-01
      vertex   3.569613e+01 4.196734e+01 -3.273741e-01
      vertex   3.602067e+01 4.212113e+01 -2.236609e-01
    endloop
  endfacet
  facet normal 2.557716e-01 1.081075e-01 -9.606735e-01
    outer loop
      vertex   3.602067e+01 4.212113e+01 -2.236609e-01
      vertex   3.569613e+01 4.196734e+01 -3.273741e-01
      vertex   3.561178e+01 4.205550e+01 -3.399097e-01
    endloop
  endfacet
  facet normal 1.578825e-01 9.764979e-02 -9.826177e-01
    outer loop
      vertex   3.525175e+01 4.192911e+01 -4.103189e-01
      vertex   3.561178e+01 4.205550e+01 -3.399097e-01
      vertex   3.530941e+01 4.187076e+01 -4.068528e-01
    endloop
  endfacet
  facet normal 1.907890e-01 4.309097e-02 -9.806848e-01
    outer loop
      vertex   3.530941e+01 4.187076e+01 -4.068528e-01
      vertex   3.561178e+01 4.205550e+01 -3.399097e-01
      vertex   3.569613e+01 4.196734e+01 -3.273741e-01
    endloop
  endfacet
  facet normal 2.180306e-02 3.135011e-01 -9.493375e-01
    outer loop
      vertex   3.518161e+01 4.294517e+01 -1.876253e-01
      vertex   3.528036e+01 4.285754e+01 -2.142957e-01
      vertex   3.506370e+01 4.259342e+01 -3.064925e-01
    endloop
  endfacet
  facet normal 6.274286e-02 2.826507e-01 -9.571687e-01
    outer loop
      vertex   3.506370e+01 4.259342e+01 -3.064925e-01
      vertex   3.528036e+01 4.285754e+01 -2.142957e-01
      vertex   3.513703e+01 4.252479e+01 -3.219514e-01
    endloop
  endfacet
  facet normal 7.920860e-03 2.277885e-01 -9.736784e-01
    outer loop
      vertex   3.506370e+01 4.259342e+01 -3.064925e-01
      vertex   3.513703e+01 4.252479e+01 -3.219514e-01
      vertex   3.494366e+01 4.223349e+01 -3.916718e-01
    endloop
  endfacet
  facet normal 5.216718e-02 1.995681e-01 -9.784943e-01
    outer loop
      vertex   3.494366e+01 4.223349e+01 -3.916718e-01
      vertex   3.513703e+01 4.252479e+01 -3.219514e-01
      vertex   3.499220e+01 4.218635e+01 -3.986990e-01
    endloop
  endfacet
  facet normal 3.719050e-01 9.985661e-02 -9.228843e-01
    outer loop
      vertex   3.646491e+01 4.212254e+01 -4.448936e-02
      vertex   3.612720e+01 4.200207e+01 -1.936125e-01
      vertex   3.602067e+01 4.212113e+01 -2.236609e-01
    endloop
  endfacet
  facet normal 1.199366e-01 5.034749e-02 -9.915041e-01
    outer loop
      vertex   3.506315e+01 4.162719e+01 -4.432960e-01
      vertex   3.503419e+01 4.165635e+01 -4.453188e-01
      vertex   3.542376e+01 4.175370e+01 -3.932509e-01
    endloop
  endfacet
  facet normal 1.020848e-01 4.184137e-02 -9.938954e-01
    outer loop
      vertex   3.525175e+01 4.192911e+01 -4.103189e-01
      vertex   3.530941e+01 4.187076e+01 -4.068528e-01
      vertex   3.497612e+01 4.171465e+01 -4.476574e-01
    endloop
  endfacet
  facet normal 8.027746e-02 6.994120e-02 -9.943157e-01
    outer loop
      vertex   3.497612e+01 4.171465e+01 -4.476574e-01
      vertex   3.494540e+01 4.174540e+01 -4.479746e-01
      vertex   3.525175e+01 4.192911e+01 -4.103189e-01
    endloop
  endfacet
  facet normal -4.397789e-01 1.868004e-01 -8.784646e-01
    outer loop
      vertex   3.470000e+01 4.150000e+01 -4.600000e-01
      vertex   3.487365e+01 4.219459e+01 -3.992310e-01
      vertex   3.482219e+01 4.186811e+01 -4.428920e-01
    endloop
  endfacet
  facet normal 9.957990e-01 -2.633560e-02 -8.769714e-02
    outer loop
      vertex   3.863923e+01 -2.418481e+01 2.845407e+00
      vertex   3.870000e+01 -2.420000e+01 3.540000e+00
      vertex   3.865247e+01 -2.457599e+01 3.113242e+00
    endloop
  endfacet
  facet normal 9.948868e-01 -9.798780e-02 -2.446798e-02
    outer loop
      vertex   3.865247e+01 -2.457599e+01 3.113242e+00
      vertex   3.870000e+01 -2.420000e+01 3.540000e+00
      vertex   3.864236e+01 -2.478527e+01 3.540000e+00
    endloop
  endfacet
  facet normal 9.783666e-01 -1.939710e-01 -7.193066e-02
    outer loop
      vertex   3.865247e+01 -2.457599e+01 3.113242e+00
      vertex   3.864236e+01 -2.478527e+01 3.540000e+00
      vertex   3.857605e+01 -2.495059e+01 3.083904e+00
    endloop
  endfacet
  facet normal 9.563908e-01 -2.901180e-01 -3.388554e-02
    outer loop
      vertex   3.857605e+01 -2.495059e+01 3.083904e+00
      vertex   3.864236e+01 -2.478527e+01 3.540000e+00
      vertex   3.847164e+01 -2.534805e+01 3.540000e+00
    endloop
  endfacet
  facet normal 9.455163e-01 -3.196034e-01 -6.206961e-02
    outer loop
      vertex   3.857605e+01 -2.495059e+01 3.083904e+00
      vertex   3.847164e+01 -2.534805e+01 3.540000e+00
      vertex   3.844895e+01 -2.532194e+01 3.059872e+00
    endloop
  endfacet
  facet normal 8.950364e-01 -4.410393e-01 -6.628852e-02
    outer loop
      vertex   3.844895e+01 -2.532194e+01 3.059872e+00
      vertex   3.847164e+01 -2.534805e+01 3.540000e+00
      vertex   3.827426e+01 -2.567382e+01 3.042438e+00
    endloop
  endfacet
  facet normal 8.829591e-01 -4.288683e-01 -1.909323e-01
    outer loop
      vertex   3.844895e+01 -2.532194e+01 3.059872e+00
      vertex   3.827426e+01 -2.567382e+01 3.042438e+00
      vertex   3.837172e+01 -2.527283e+01 2.592434e+00
    endloop
  endfacet
  facet normal 8.796526e-01 -4.334679e-01 -1.957470e-01
    outer loop
      vertex   3.837172e+01 -2.527283e+01 2.592434e+00
      vertex   3.827426e+01 -2.567382e+01 3.042438e+00
      vertex   3.819579e+01 -2.561493e+01 2.559383e+00
    endloop
  endfacet
  facet normal 8.567049e-01 -4.103896e-01 -3.124694e-01
    outer loop
      vertex   3.837172e+01 -2.527283e+01 2.592434e+00
      vertex   3.819579e+01 -2.561493e+01 2.559383e+00
      vertex   3.824762e+01 -2.519475e+01 2.149643e+00
    endloop
  endfacet
  facet normal 8.504888e-01 -4.172398e-01 -3.202807e-01
    outer loop
      vertex   3.824762e+01 -2.519475e+01 2.149643e+00
      vertex   3.819579e+01 -2.561493e+01 2.559383e+00
      vertex   3.807033e+01 -2.552145e+01 2.104449e+00
    endloop
  endfacet
  facet normal 8.191958e-01 -3.858696e-01 -4.242911e-01
    outer loop
      vertex   3.824762e+01 -2.519475e+01 2.149643e+00
      vertex   3.807033e+01 -2.552145e+01 2.104449e+00
      vertex   3.808290e+01 -2.509255e+01 1.738663e+00
    endloop
  endfacet
  facet normal 8.098427e-01 -3.942414e-01 -4.344289e-01
    outer loop
      vertex   3.808290e+01 -2.509255e+01 1.738663e+00
      vertex   3.807033e+01 -2.552145e+01 2.104449e+00
      vertex   3.790498e+01 -2.539943e+01 1.685487e+00
    endloop
  endfacet
  facet normal 7.727886e-01 -3.571245e-01 -5.246522e-01
    outer loop
      vertex   3.808290e+01 -2.509255e+01 1.738663e+00
      vertex   3.790498e+01 -2.539943e+01 1.685487e+00
      vertex   3.788407e+01 -2.497117e+01 1.363170e+00
    endloop
  endfacet
  facet normal 7.603447e-01 -3.664696e-01 -5.362611e-01
    outer loop
      vertex   3.788407e+01 -2.497117e+01 1.363170e+00
      vertex   3.790498e+01 -2.539943e+01 1.685487e+00
      vertex   3.770707e+01 -2.525498e+01 1.306163e+00
    endloop
  endfacet
  facet normal 7.188746e-01 -3.248819e-01 -6.145494e-01
    outer loop
      vertex   3.788407e+01 -2.497117e+01 1.363170e+00
      vertex   3.770707e+01 -2.525498e+01 1.306163e+00
      vertex   3.765764e+01 -2.483554e+01 1.026604e+00
    endloop
  endfacet
  facet normal 7.034321e-01 -3.349331e-01 -6.268996e-01
    outer loop
      vertex   3.765764e+01 -2.483554e+01 1.026604e+00
      vertex   3.770707e+01 -2.525498e+01 1.306163e+00
      vertex   3.748390e+01 -2.509423e+01 9.698627e-01
    endloop
  endfacet
  facet normal 6.597377e-01 -2.911295e-01 -6.928130e-01
    outer loop
      vertex   3.765764e+01 -2.483554e+01 1.026604e+00
      vertex   3.748390e+01 -2.509423e+01 9.698627e-01
      vertex   3.740939e+01 -2.468972e+01 7.289317e-01
    endloop
  endfacet
  facet normal 6.417814e-01 -3.017198e-01 -7.050403e-01
    outer loop
      vertex   3.740939e+01 -2.468972e+01 7.289317e-01
      vertex   3.748390e+01 -2.509423e+01 9.698627e-01
      vertex   3.724177e+01 -2.492220e+01 6.758374e-01
    endloop
  endfacet
  facet normal 5.965745e-01 -2.564633e-01 -7.604771e-01
    outer loop
      vertex   3.740939e+01 -2.468972e+01 7.289317e-01
      vertex   3.724177e+01 -2.492220e+01 6.758374e-01
      vertex   3.714326e+01 -2.453612e+01 4.683621e-01
    endloop
  endfacet
  facet normal 5.763692e-01 -2.678379e-01 -7.720501e-01
    outer loop
      vertex   3.714326e+01 -2.453612e+01 4.683621e-01
      vertex   3.724177e+01 -2.492220e+01 6.758374e-01
      vertex   3.698471e+01 -2.474181e+01 4.213534e-01
    endloop
  endfacet
  facet normal 5.306931e-01 -2.221429e-01 -8.179348e-01
    outer loop
      vertex   3.714326e+01 -2.453612e+01 4.683621e-01
      vertex   3.698471e+01 -2.474181e+01 4.213534e-01
      vertex   3.686299e+01 -2.437698e+01 2.432915e-01
    endloop
  endfacet
  facet normal 5.088557e-01 -2.344879e-01 -8.283002e-01
    outer loop
      vertex   3.686299e+01 -2.437698e+01 2.432915e-01
      vertex   3.698471e+01 -2.474181e+01 4.213534e-01
      vertex   3.671650e+01 -2.455580e+01 2.039177e-01
    endloop
  endfacet
  facet normal 4.634808e-01 -1.890797e-01 -8.656988e-01
    outer loop
      vertex   3.686299e+01 -2.437698e+01 2.432915e-01
      vertex   3.671650e+01 -2.455580e+01 2.039177e-01
      vertex   3.657200e+01 -2.421429e+01 5.196583e-02
    endloop
  endfacet
  facet normal 4.411695e-01 -2.023527e-01 -8.743128e-01
    outer loop
      vertex   3.657200e+01 -2.421429e+01 5.196583e-02
      vertex   3.671650e+01 -2.455580e+01 2.039177e-01
      vertex   3.644054e+01 -2.436653e+01 2.087074e-02
    endloop
  endfacet
  facet normal 3.949644e-01 -1.561207e-01 -9.053339e-01
    outer loop
      vertex   3.657200e+01 -2.421429e+01 5.196583e-02
      vertex   3.644054e+01 -2.436653e+01 2.087074e-02
      vertex   3.627231e+01 -2.404884e+01 -1.073096e-01
    endloop
  endfacet
  facet normal 3.726796e-01 -1.706645e-01 -9.121313e-01
    outer loop
      vertex   3.627231e+01 -2.404884e+01 -1.073096e-01
      vertex   3.644054e+01 -2.436653e+01 2.087074e-02
      vertex   3.615853e+01 -2.417489e+01 -1.302112e-01
    endloop
  endfacet
  facet normal 3.251659e-01 -1.231503e-01 -9.376039e-01
    outer loop
      vertex   3.627231e+01 -2.404884e+01 -1.073096e-01
      vertex   3.615853e+01 -2.417489e+01 -1.302112e-01
      vertex   3.596559e+01 -2.388123e+01 -2.356960e-01
    endloop
  endfacet
  facet normal 3.029367e-01 -1.395975e-01 -9.427311e-01
    outer loop
      vertex   3.596559e+01 -2.388123e+01 -2.356960e-01
      vertex   3.615853e+01 -2.417489e+01 -1.302112e-01
      vertex   3.587173e+01 -2.398146e+01 -2.510123e-01
    endloop
  endfacet
  facet normal 2.547408e-01 -9.142110e-02 -9.626782e-01
    outer loop
      vertex   3.596559e+01 -2.388123e+01 -2.356960e-01
      vertex   3.587173e+01 -2.398146e+01 -2.510123e-01
      vertex   3.565352e+01 -2.371207e+01 -3.343389e-01
    endloop
  endfacet
  facet normal 2.329945e-01 -1.101325e-01 -9.662217e-01
    outer loop
      vertex   3.565352e+01 -2.371207e+01 -3.343389e-01
      vertex   3.587173e+01 -2.398146e+01 -2.510123e-01
      vertex   3.558144e+01 -2.378685e+01 -3.431968e-01
    endloop
  endfacet
  facet normal 1.842968e-01 -6.144535e-02 -9.809481e-01
    outer loop
      vertex   3.565352e+01 -2.371207e+01 -3.343389e-01
      vertex   3.558144e+01 -2.378685e+01 -3.431968e-01
      vertex   3.533773e+01 -2.354193e+01 -4.043244e-01
    endloop
  endfacet
  facet normal 1.641927e-01 -8.196661e-02 -9.830169e-01
    outer loop
      vertex   3.533773e+01 -2.354193e+01 -4.043244e-01
      vertex   3.558144e+01 -2.378685e+01 -3.431968e-01
      vertex   3.528888e+01 -2.359159e+01 -4.083444e-01
    endloop
  endfacet
  facet normal 1.135974e-01 -3.137520e-02 -9.930313e-01
    outer loop
      vertex   3.533773e+01 -2.354193e+01 -4.043244e-01
      vertex   3.528888e+01 -2.359159e+01 -4.083444e-01
      vertex   3.501949e+01 -2.337113e+01 -4.461267e-01
    endloop
  endfacet
  facet normal 9.538377e-02 -5.379558e-02 -9.939859e-01
    outer loop
      vertex   3.501949e+01 -2.337113e+01 -4.461267e-01
      vertex   3.528888e+01 -2.359159e+01 -4.083444e-01
      vertex   3.499482e+01 -2.339590e+01 -4.471533e-01
    endloop
  endfacet
  facet normal 4.275610e-02 -1.172353e-03 -9.990849e-01
    outer loop
      vertex   3.501949e+01 -2.337113e+01 -4.461267e-01
      vertex   3.499482e+01 -2.339590e+01 -4.471533e-01
      vertex   3.470000e+01 -2.320000e+01 -4.600000e-01
    endloop
  endfacet
  facet normal 8.811734e-01 -4.709970e-01 -4.117496e-02
    outer loop
      vertex   3.847164e+01 -2.534805e+01 3.540000e+00
      vertex   3.819441e+01 -2.586671e+01 3.540000e+00
      vertex   3.827426e+01 -2.567382e+01 3.042438e+00
    endloop
  endfacet
  facet normal 8.291269e-01 -5.531085e-01 -8.136018e-02
    outer loop
      vertex   3.827426e+01 -2.567382e+01 3.042438e+00
      vertex   3.819441e+01 -2.586671e+01 3.540000e+00
      vertex   3.805536e+01 -2.600041e+01 3.031844e+00
    endloop
  endfacet
  facet normal 8.170658e-01 -5.412172e-01 -1.987144e-01
    outer loop
      vertex   3.827426e+01 -2.567382e+01 3.042438e+00
      vertex   3.805536e+01 -2.600041e+01 3.031844e+00
      vertex   3.819579e+01 -2.561493e+01 2.559383e+00
    endloop
  endfacet
  facet normal 8.146895e-01 -5.437641e-01 -2.014986e-01
    outer loop
      vertex   3.819579e+01 -2.561493e+01 2.559383e+00
      vertex   3.805536e+01 -2.600041e+01 3.031844e+00
      vertex   3.797828e+01 -2.593337e+01 2.539307e+00
    endloop
  endfacet
  facet normal 7.904207e-01 -5.194195e-01 -3.247129e-01
    outer loop
      vertex   3.819579e+01 -2.561493e+01 2.559383e+00
      vertex   3.797828e+01 -2.593337e+01 2.539307e+00
      vertex   3.807033e+01 -2.552145e+01 2.104449e+00
    endloop
  endfacet
  facet normal 7.860668e-01 -5.231867e-01 -3.292031e-01
    outer loop
      vertex   3.807033e+01 -2.552145e+01 2.104449e+00
      vertex   3.797828e+01 -2.593337e+01 2.539307e+00
      vertex   3.785549e+01 -2.582697e+01 2.077019e+00
    endloop
  endfacet
  facet normal 7.527722e-01 -4.898495e-01 -4.397516e-01
    outer loop
      vertex   3.807033e+01 -2.552145e+01 2.104449e+00
      vertex   3.785549e+01 -2.582697e+01 2.077019e+00
      vertex   3.790498e+01 -2.539943e+01 1.685487e+00
    endloop
  endfacet
  facet normal 7.463497e-01 -4.944161e-01 -4.455500e-01
    outer loop
      vertex   3.790498e+01 -2.539943e+01 1.685487e+00
      vertex   3.785549e+01 -2.582697e+01 2.077019e+00
      vertex   3.769449e+01 -2.568812e+01 1.653243e+00
    endloop
  endfacet
  facet normal 7.067493e-01 -4.547787e-01 -5.419242e-01
    outer loop
      vertex   3.790498e+01 -2.539943e+01 1.685487e+00
      vertex   3.769449e+01 -2.568812e+01 1.653243e+00
      vertex   3.770707e+01 -2.525498e+01 1.306163e+00
    endloop
  endfacet
  facet normal 6.983310e-01 -4.598308e-01 -5.485339e-01
    outer loop
      vertex   3.770707e+01 -2.525498e+01 1.306163e+00
      vertex   3.769449e+01 -2.568812e+01 1.653243e+00
      vertex   3.750292e+01 -2.552383e+01 1.271635e+00
    endloop
  endfacet
  facet normal 6.538779e-01 -4.153002e-01 -6.324314e-01
    outer loop
      vertex   3.770707e+01 -2.525498e+01 1.306163e+00
      vertex   3.750292e+01 -2.552383e+01 1.271635e+00
      vertex   3.748390e+01 -2.509423e+01 9.698627e-01
    endloop
  endfacet
  facet normal 6.435484e-01 -4.206768e-01 -6.394345e-01
    outer loop
      vertex   3.748390e+01 -2.509423e+01 9.698627e-01
      vertex   3.750292e+01 -2.552383e+01 1.271635e+00
      vertex   3.728842e+01 -2.534110e+01 9.355369e-01
    endloop
  endfacet
  facet normal 5.967175e-01 -3.737706e-01 -7.100872e-01
    outer loop
      vertex   3.748390e+01 -2.509423e+01 9.698627e-01
      vertex   3.728842e+01 -2.534110e+01 9.355369e-01
      vertex   3.724177e+01 -2.492220e+01 6.758374e-01
    endloop
  endfacet
  facet normal 5.848047e-01 -3.793773e-01 -7.169912e-01
    outer loop
      vertex   3.724177e+01 -2.492220e+01 6.758374e-01
      vertex   3.728842e+01 -2.534110e+01 9.355369e-01
      vertex   3.705744e+01 -2.514571e+01 6.437576e-01
    endloop
  endfacet
  facet normal 5.363904e-01 -3.309262e-01 -7.763847e-01
    outer loop
      vertex   3.724177e+01 -2.492220e+01 6.758374e-01
      vertex   3.705744e+01 -2.514571e+01 6.437576e-01
      vertex   3.698471e+01 -2.474181e+01 4.213534e-01
    endloop
  endfacet
  facet normal 5.230583e-01 -3.369049e-01 -7.828826e-01
    outer loop
      vertex   3.698471e+01 -2.474181e+01 4.213534e-01
      vertex   3.705744e+01 -2.514571e+01 6.437576e-01
      vertex   3.681393e+01 -2.494104e+01 3.929863e-01
    endloop
  endfacet
  facet normal 4.744035e-01 -2.882343e-01 -8.317826e-01
    outer loop
      vertex   3.698471e+01 -2.474181e+01 4.213534e-01
      vertex   3.681393e+01 -2.494104e+01 3.929863e-01
      vertex   3.671650e+01 -2.455580e+01 2.039177e-01
    endloop
  endfacet
  facet normal 4.600435e-01 -2.947026e-01 -8.375622e-01
    outer loop
      vertex   3.671650e+01 -2.455580e+01 2.039177e-01
      vertex   3.681393e+01 -2.494104e+01 3.929863e-01
      vertex   3.656157e+01 -2.473021e+01 1.801875e-01
    endloop
  endfacet
  facet normal 4.123181e-01 -2.469510e-01 -8.769316e-01
    outer loop
      vertex   3.671650e+01 -2.455580e+01 2.039177e-01
      vertex   3.656157e+01 -2.473021e+01 1.801875e-01
      vertex   3.644054e+01 -2.436653e+01 2.087074e-02
    endloop
  endfacet
  facet normal 3.976727e-01 -2.539112e-01 -8.816947e-01
    outer loop
      vertex   3.644054e+01 -2.436653e+01 2.087074e-02
      vertex   3.656157e+01 -2.473021e+01 1.801875e-01
      vertex   3.630363e+01 -2.451596e+01 2.150431e-03
    endloop
  endfacet
  facet normal 3.497006e-01 -2.059155e-01 -9.139520e-01
    outer loop
      vertex   3.644054e+01 -2.436653e+01 2.087074e-02
      vertex   3.630363e+01 -2.451596e+01 2.150431e-03
      vertex   3.615853e+01 -2.417489e+01 -1.302112e-01
    endloop
  endfacet
  facet normal 3.350724e-01 -2.135798e-01 -9.176656e-01
    outer loop
      vertex   3.615853e+01 -2.417489e+01 -1.302112e-01
      vertex   3.630363e+01 -2.451596e+01 2.150431e-03
      vertex   3.604151e+01 -2.429929e+01 -1.439857e-01
    endloop
  endfacet
  facet normal 2.863611e-01 -1.648617e-01 -9.438315e-01
    outer loop
      vertex   3.615853e+01 -2.417489e+01 -1.302112e-01
      vertex   3.604151e+01 -2.429929e+01 -1.439857e-01
      vertex   3.587173e+01 -2.398146e+01 -2.510123e-01
    endloop
  endfacet
  facet normal 2.717478e-01 -1.735942e-01 -9.465824e-01
    outer loop
      vertex   3.587173e+01 -2.398146e+01 -2.510123e-01
      vertex   3.604151e+01 -2.429929e+01 -1.439857e-01
      vertex   3.577619e+01 -2.408084e+01 -2.602169e-01
    endloop
  endfacet
  facet normal 2.231712e-01 -1.250250e-01 -9.667282e-01
    outer loop
      vertex   3.587173e+01 -2.398146e+01 -2.510123e-01
      vertex   3.577619e+01 -2.408084e+01 -2.602169e-01
      vertex   3.558144e+01 -2.378685e+01 -3.431968e-01
    endloop
  endfacet
  facet normal 2.088302e-01 -1.350480e-01 -9.685825e-01
    outer loop
      vertex   3.558144e+01 -2.378685e+01 -3.431968e-01
      vertex   3.577619e+01 -2.408084e+01 -2.602169e-01
      vertex   3.550865e+01 -2.386126e+01 -3.485164e-01
    endloop
  endfacet
  facet normal 1.608275e-01 -8.704871e-02 -9.831363e-01
    outer loop
      vertex   3.558144e+01 -2.378685e+01 -3.431968e-01
      vertex   3.550865e+01 -2.386126e+01 -3.485164e-01
      vertex   3.528888e+01 -2.359159e+01 -4.083444e-01
    endloop
  endfacet
  facet normal 1.474980e-01 -9.814321e-02 -9.841810e-01
    outer loop
      vertex   3.528888e+01 -2.359159e+01 -4.083444e-01
      vertex   3.550865e+01 -2.386126e+01 -3.485164e-01
      vertex   3.523981e+01 -2.364114e+01 -4.107573e-01
    endloop
  endfacet
  facet normal 9.848218e-02 -4.912751e-02 -9.939254e-01
    outer loop
      vertex   3.528888e+01 -2.359159e+01 -4.083444e-01
      vertex   3.523981e+01 -2.364114e+01 -4.107573e-01
      vertex   3.499482e+01 -2.339590e+01 -4.471533e-01
    endloop
  endfacet
  facet normal 8.630798e-02 -6.135678e-02 -9.943773e-01
    outer loop
      vertex   3.499482e+01 -2.339590e+01 -4.471533e-01
      vertex   3.523981e+01 -2.364114e+01 -4.107573e-01
      vertex   3.497012e+01 -2.342066e+01 -4.477693e-01
    endloop
  endfacet
  facet normal 3.612084e-02 -1.117094e-02 -9.992850e-01
    outer loop
      vertex   3.499482e+01 -2.339590e+01 -4.471533e-01
      vertex   3.497012e+01 -2.342066e+01 -4.477693e-01
      vertex   3.470000e+01 -2.320000e+01 -4.600000e-01
    endloop
  endfacet
  facet normal 7.722421e-01 -6.337627e-01 -4.457422e-02
    outer loop
      vertex   3.819441e+01 -2.586671e+01 3.540000e+00
      vertex   3.782132e+01 -2.632132e+01 3.540000e+00
      vertex   3.805536e+01 -2.600041e+01 3.031844e+00
    endloop
  endfacet
  facet normal 7.503569e-01 -6.573631e-01 -6.955799e-02
    outer loop
      vertex   3.805536e+01 -2.600041e+01 3.031844e+00
      vertex   3.782132e+01 -2.632132e+01 3.540000e+00
      vertex   3.779603e+01 -2.629603e+01 3.028272e+00
    endloop
  endfacet
  facet normal 7.373123e-01 -6.443073e-01 -2.030733e-01
    outer loop
      vertex   3.805536e+01 -2.600041e+01 3.031844e+00
      vertex   3.779603e+01 -2.629603e+01 3.028272e+00
      vertex   3.797828e+01 -2.593337e+01 2.539307e+00
    endloop
  endfacet
  facet normal 7.363849e-01 -6.450776e-01 -2.039903e-01
    outer loop
      vertex   3.797828e+01 -2.593337e+01 2.539307e+00
      vertex   3.779603e+01 -2.629603e+01 3.028272e+00
      vertex   3.772283e+01 -2.622283e+01 2.532541e+00
    endloop
  endfacet
  facet normal 7.112054e-01 -6.198749e-01 -3.315750e-01
    outer loop
      vertex   3.797828e+01 -2.593337e+01 2.539307e+00
      vertex   3.772283e+01 -2.622283e+01 2.532541e+00
      vertex   3.785549e+01 -2.582697e+01 2.077019e+00
    endloop
  endfacet
  facet normal 7.095364e-01 -6.210012e-01 -3.330399e-01
    outer loop
      vertex   3.785549e+01 -2.582697e+01 2.077019e+00
      vertex   3.772283e+01 -2.622283e+01 2.532541e+00
      vertex   3.760650e+01 -2.610650e+01 2.067781e+00
    endloop
  endfacet
  facet normal 6.747491e-01 -5.862017e-01 -4.484207e-01
    outer loop
      vertex   3.785549e+01 -2.582697e+01 2.077019e+00
      vertex   3.760650e+01 -2.610650e+01 2.067781e+00
      vertex   3.769449e+01 -2.568812e+01 1.653243e+00
    endloop
  endfacet
  facet normal 6.723233e-01 -5.875497e-01 -4.502962e-01
    outer loop
      vertex   3.769449e+01 -2.568812e+01 1.653243e+00
      vertex   3.760650e+01 -2.610650e+01 2.067781e+00
      vertex   3.745446e+01 -2.595446e+01 1.642393e+00
    endloop
  endfacet
  facet normal 6.306660e-01 -5.458811e-01 -5.516106e-01
    outer loop
      vertex   3.769449e+01 -2.568812e+01 1.653243e+00
      vertex   3.745446e+01 -2.595446e+01 1.642393e+00
      vertex   3.750292e+01 -2.552383e+01 1.271635e+00
    endloop
  endfacet
  facet normal 6.275237e-01 -5.473533e-01 -5.537312e-01
    outer loop
      vertex   3.750292e+01 -2.552383e+01 1.271635e+00
      vertex   3.745446e+01 -2.595446e+01 1.642393e+00
      vertex   3.727425e+01 -2.577425e+01 1.260027e+00
    endloop
  endfacet
  facet normal 5.804804e-01 -5.002829e-01 -6.424636e-01
    outer loop
      vertex   3.750292e+01 -2.552383e+01 1.271635e+00
      vertex   3.727425e+01 -2.577425e+01 1.260027e+00
      vertex   3.728842e+01 -2.534110e+01 9.355369e-01
    endloop
  endfacet
  facet normal 5.766624e-01 -5.018281e-01 -6.446929e-01
    outer loop
      vertex   3.728842e+01 -2.534110e+01 9.355369e-01
      vertex   3.727425e+01 -2.577425e+01 1.260027e+00
      vertex   3.707339e+01 -2.557339e+01 9.240099e-01
    endloop
  endfacet
  facet normal 5.268783e-01 -4.520166e-01 -7.197779e-01
    outer loop
      vertex   3.728842e+01 -2.534110e+01 9.355369e-01
      vertex   3.707339e+01 -2.557339e+01 9.240099e-01
      vertex   3.705744e+01 -2.514571e+01 6.437576e-01
    endloop
  endfacet
  facet normal 5.225090e-01 -4.536083e-01 -7.219583e-01
    outer loop
      vertex   3.705744e+01 -2.514571e+01 6.437576e-01
      vertex   3.707339e+01 -2.557339e+01 9.240099e-01
      vertex   3.685815e+01 -2.535815e+01 6.329966e-01
    endloop
  endfacet
  facet normal 4.708745e-01 -4.019597e-01 -7.853061e-01
    outer loop
      vertex   3.705744e+01 -2.514571e+01 6.437576e-01
      vertex   3.685815e+01 -2.535815e+01 6.329966e-01
      vertex   3.681393e+01 -2.494104e+01 3.929863e-01
    endloop
  endfacet
  facet normal 4.660114e-01 -4.036454e-01 -7.873397e-01
    outer loop
      vertex   3.681393e+01 -2.494104e+01 3.929863e-01
      vertex   3.685815e+01 -2.535815e+01 6.329966e-01
      vertex   3.663225e+01 -2.513225e+01 3.834816e-01
    endloop
  endfacet
  facet normal 4.140852e-01 -3.517125e-01 -8.395426e-01
    outer loop
      vertex   3.681393e+01 -2.494104e+01 3.929863e-01
      vertex   3.663225e+01 -2.513225e+01 3.834816e-01
      vertex   3.656157e+01 -2.473021e+01 1.801875e-01
    endloop
  endfacet
  facet normal 4.088669e-01 -3.535352e-01 -8.413327e-01
    outer loop
      vertex   3.656157e+01 -2.473021e+01 1.801875e-01
      vertex   3.663225e+01 -2.513225e+01 3.834816e-01
      vertex   3.639915e+01 -2.489915e+01 1.722452e-01
    endloop
  endfacet
  facet normal 3.581266e-01 -3.027841e-01 -8.832141e-01
    outer loop
      vertex   3.656157e+01 -2.473021e+01 1.801875e-01
      vertex   3.639915e+01 -2.489915e+01 1.722452e-01
      vertex   3.630363e+01 -2.451596e+01 2.150431e-03
    endloop
  endfacet
  facet normal 3.528173e-01 -3.047548e-01 -8.846720e-01
    outer loop
      vertex   3.630363e+01 -2.451596e+01 2.150431e-03
      vertex   3.639915e+01 -2.489915e+01 1.722452e-01
      vertex   3.616189e+01 -2.466189e+01 -4.108840e-03
    endloop
  endfacet
  facet normal 3.021806e-01 -2.541080e-01 -9.187579e-01
    outer loop
      vertex   3.630363e+01 -2.451596e+01 2.150431e-03
      vertex   3.616189e+01 -2.466189e+01 -4.108840e-03
      vertex   3.604151e+01 -2.429929e+01 -1.439857e-01
    endloop
  endfacet
  facet normal 2.968813e-01 -2.562987e-01 -9.198763e-01
    outer loop
      vertex   3.604151e+01 -2.429929e+01 -1.439857e-01
      vertex   3.616189e+01 -2.466189e+01 -4.108840e-03
      vertex   3.592163e+01 -2.442163e+01 -1.485874e-01
    endloop
  endfacet
  facet normal 2.459233e-01 -2.053365e-01 -9.472902e-01
    outer loop
      vertex   3.604151e+01 -2.429929e+01 -1.439857e-01
      vertex   3.592163e+01 -2.442163e+01 -1.485874e-01
      vertex   3.577619e+01 -2.408084e+01 -2.602169e-01
    endloop
  endfacet
  facet normal 2.406253e-01 -2.078627e-01 -9.480994e-01
    outer loop
      vertex   3.577619e+01 -2.408084e+01 -2.602169e-01
      vertex   3.592163e+01 -2.442163e+01 -1.485874e-01
      vertex   3.567915e+01 -2.417915e+01 -2.632896e-01
    endloop
  endfacet
  facet normal 1.904084e-01 -1.576469e-01 -9.689644e-01
    outer loop
      vertex   3.577619e+01 -2.408084e+01 -2.602169e-01
      vertex   3.567915e+01 -2.417915e+01 -2.632896e-01
      vertex   3.550865e+01 -2.386126e+01 -3.485164e-01
    endloop
  endfacet
  facet normal 1.851967e-01 -1.605838e-01 -9.694922e-01
    outer loop
      vertex   3.550865e+01 -2.386126e+01 -3.485164e-01
      vertex   3.567915e+01 -2.417915e+01 -2.632896e-01
      vertex   3.543522e+01 -2.393522e+01 -3.502910e-01
    endloop
  endfacet
  facet normal 1.363787e-01 -1.117660e-01 -9.843319e-01
    outer loop
      vertex   3.550865e+01 -2.386126e+01 -3.485164e-01
      vertex   3.543522e+01 -2.393522e+01 -3.502910e-01
      vertex   3.523981e+01 -2.364114e+01 -4.107573e-01
    endloop
  endfacet
  facet normal 1.315137e-01 -1.150569e-01 -9.846147e-01
    outer loop
      vertex   3.523981e+01 -2.364114e+01 -4.107573e-01
      vertex   3.543522e+01 -2.393522e+01 -3.502910e-01
      vertex   3.519055e+01 -2.369055e+01 -4.115618e-01
    endloop
  endfacet
  facet normal 8.248934e-02 -6.603191e-02 -9.944020e-01
    outer loop
      vertex   3.523981e+01 -2.364114e+01 -4.107573e-01
      vertex   3.519055e+01 -2.369055e+01 -4.115618e-01
      vertex   3.497012e+01 -2.342066e+01 -4.477693e-01
    endloop
  endfacet
  facet normal 7.801631e-02 -6.970005e-02 -9.945126e-01
    outer loop
      vertex   3.497012e+01 -2.342066e+01 -4.477693e-01
      vertex   3.519055e+01 -2.369055e+01 -4.115618e-01
      vertex   3.494540e+01 -2.344540e+01 -4.479746e-01
    endloop
  endfacet
  facet normal 2.864460e-02 -2.032838e-02 -9.993829e-01
    outer loop
      vertex   3.497012e+01 -2.342066e+01 -4.477693e-01
      vertex   3.494540e+01 -2.344540e+01 -4.479746e-01
      vertex   3.470000e+01 -2.320000e+01 -4.600000e-01
    endloop
  endfacet
  facet normal 6.453394e-01 -7.607300e-01 -6.947643e-02
    outer loop
      vertex   3.779603e+01 -2.629603e+01 3.028272e+00
      vertex   3.782132e+01 -2.632132e+01 3.540000e+00
      vertex   3.742369e+01 -2.661240e+01 3.033779e+00
    endloop
  endfacet
  facet normal 6.334766e-01 -7.718935e-01 -5.373929e-02
    outer loop
      vertex   3.742369e+01 -2.661240e+01 3.033779e+00
      vertex   3.782132e+01 -2.632132e+01 3.540000e+00
      vertex   3.736671e+01 -2.669441e+01 3.540000e+00
    endloop
  endfacet
  facet normal 5.167752e-01 -8.523831e-01 -7.991467e-02
    outer loop
      vertex   3.742369e+01 -2.661240e+01 3.033779e+00
      vertex   3.736671e+01 -2.669441e+01 3.540000e+00
      vertex   3.702889e+01 -2.685318e+01 3.048933e+00
    endloop
  endfacet
  facet normal 4.710359e-01 -8.812463e-01 -3.911700e-02
    outer loop
      vertex   3.702889e+01 -2.685318e+01 3.048933e+00
      vertex   3.736671e+01 -2.669441e+01 3.540000e+00
      vertex   3.684805e+01 -2.697164e+01 3.540000e+00
    endloop
  endfacet
  facet normal 3.787217e-01 -9.217910e-01 -8.289273e-02
    outer loop
      vertex   3.702889e+01 -2.685318e+01 3.048933e+00
      vertex   3.684805e+01 -2.697164e+01 3.540000e+00
      vertex   3.660238e+01 -2.703062e+01 3.073439e+00
    endloop
  endfacet
  facet normal 2.901372e-01 -9.564543e-01 -3.186723e-02
    outer loop
      vertex   3.660238e+01 -2.703062e+01 3.073439e+00
      vertex   3.684805e+01 -2.697164e+01 3.540000e+00
      vertex   3.628527e+01 -2.714236e+01 3.540000e+00
    endloop
  endfacet
  facet normal 2.324095e-01 -9.697764e-01 -7.429433e-02
    outer loop
      vertex   3.660238e+01 -2.703062e+01 3.073439e+00
      vertex   3.628527e+01 -2.714236e+01 3.540000e+00
      vertex   3.615422e+01 -2.714057e+01 3.106716e+00
    endloop
  endfacet
  facet normal 9.796136e-02 -9.946184e-01 -3.373284e-02
    outer loop
      vertex   3.615422e+01 -2.714057e+01 3.106716e+00
      vertex   3.628527e+01 -2.714236e+01 3.540000e+00
      vertex   3.570000e+01 -2.720000e+01 3.540000e+00
    endloop
  endfacet
  facet normal 4.618919e-02 -9.950432e-01 -8.806526e-02
    outer loop
      vertex   3.615422e+01 -2.714057e+01 3.106716e+00
      vertex   3.570000e+01 -2.720000e+01 3.540000e+00
      vertex   3.568481e+01 -2.713923e+01 2.845407e+00
    endloop
  endfacet
  facet normal 8.827653e-02 -9.825680e-01 -1.636074e-01
    outer loop
      vertex   3.615422e+01 -2.714057e+01 3.106716e+00
      vertex   3.568481e+01 -2.713923e+01 2.845407e+00
      vertex   3.612535e+01 -2.707233e+01 2.681319e+00
    endloop
  endfacet
  facet normal 4.896102e-02 -9.639426e-01 -2.615674e-01
    outer loop
      vertex   3.612535e+01 -2.707233e+01 2.681319e+00
      vertex   3.568481e+01 -2.713923e+01 2.845407e+00
      vertex   3.563969e+01 -2.695877e+01 2.171919e+00
    endloop
  endfacet
  facet normal 5.547980e-02 -9.620011e-01 -2.673496e-01
    outer loop
      vertex   3.612535e+01 -2.707233e+01 2.681319e+00
      vertex   3.563969e+01 -2.695877e+01 2.171919e+00
      vertex   3.607890e+01 -2.696108e+01 2.271371e+00
    endloop
  endfacet
  facet normal 7.911511e-02 -9.253049e-01 -3.708795e-01
    outer loop
      vertex   3.607890e+01 -2.696108e+01 2.271371e+00
      vertex   3.563969e+01 -2.695877e+01 2.171919e+00
      vertex   3.601710e+01 -2.681037e+01 1.882173e+00
    endloop
  endfacet
  facet normal 2.201080e-01 -8.973757e-01 -3.824518e-01
    outer loop
      vertex   3.607890e+01 -2.696108e+01 2.271371e+00
      vertex   3.601710e+01 -2.681037e+01 1.882173e+00
      vertex   3.640259e+01 -2.667232e+01 1.780123e+00
    endloop
  endfacet
  facet normal 1.725096e-01 -8.498594e-01 -4.979753e-01
    outer loop
      vertex   3.640259e+01 -2.667232e+01 1.780123e+00
      vertex   3.601710e+01 -2.681037e+01 1.882173e+00
      vertex   3.629621e+01 -2.647567e+01 1.407659e+00
    endloop
  endfacet
  facet normal 3.241626e-01 -7.951965e-01 -5.124267e-01
    outer loop
      vertex   3.640259e+01 -2.667232e+01 1.780123e+00
      vertex   3.629621e+01 -2.647567e+01 1.407659e+00
      vertex   3.663749e+01 -2.628481e+01 1.327377e+00
    endloop
  endfacet
  facet normal 2.690914e-01 -7.403129e-01 -6.160574e-01
    outer loop
      vertex   3.663749e+01 -2.628481e+01 1.327377e+00
      vertex   3.629621e+01 -2.647567e+01 1.407659e+00
      vertex   3.648694e+01 -2.605959e+01 9.909695e-01
    endloop
  endfacet
  facet normal 3.984827e-01 -6.696878e-01 -6.266816e-01
    outer loop
      vertex   3.663749e+01 -2.628481e+01 1.327377e+00
      vertex   3.648694e+01 -2.605959e+01 9.909695e-01
      vertex   3.678236e+01 -2.583779e+01 9.417944e-01
    endloop
  endfacet
  facet normal 3.413140e-01 -6.126495e-01 -7.128572e-01
    outer loop
      vertex   3.678236e+01 -2.583779e+01 9.417944e-01
      vertex   3.648694e+01 -2.605959e+01 9.909695e-01
      vertex   3.659235e+01 -2.560366e+01 6.496025e-01
    endloop
  endfacet
  facet normal 4.474802e-01 -5.330181e-01 -7.180900e-01
    outer loop
      vertex   3.678236e+01 -2.583779e+01 9.417944e-01
      vertex   3.659235e+01 -2.560366e+01 6.496025e-01
      vertex   3.685815e+01 -2.535815e+01 6.329966e-01
    endloop
  endfacet
  facet normal 3.916718e-01 -4.772371e-01 -7.866626e-01
    outer loop
      vertex   3.685815e+01 -2.535815e+01 6.329966e-01
      vertex   3.659235e+01 -2.560366e+01 6.496025e-01
      vertex   3.663225e+01 -2.513225e+01 3.834816e-01
    endloop
  endfacet
  facet normal 2.924679e-02 -9.046098e-01 -4.252360e-01
    outer loop
      vertex   3.563969e+01 -2.695877e+01 2.171919e+00
      vertex   3.556603e+01 -2.666410e+01 1.540000e+00
      vertex   3.601710e+01 -2.681037e+01 1.882173e+00
    endloop
  endfacet
  facet normal 6.593330e-02 -8.831535e-01 -4.644273e-01
    outer loop
      vertex   3.601710e+01 -2.681037e+01 1.882173e+00
      vertex   3.556603e+01 -2.666410e+01 1.540000e+00
      vertex   3.594225e+01 -2.662411e+01 1.517357e+00
    endloop
  endfacet
  facet normal 2.093839e-01 -8.528262e-01 -4.783783e-01
    outer loop
      vertex   3.601710e+01 -2.681037e+01 1.882173e+00
      vertex   3.594225e+01 -2.662411e+01 1.517357e+00
      vertex   3.629621e+01 -2.647567e+01 1.407659e+00
    endloop
  endfacet
  facet normal 1.517093e-01 -7.954067e-01 -5.867815e-01
    outer loop
      vertex   3.629621e+01 -2.647567e+01 1.407659e+00
      vertex   3.594225e+01 -2.662411e+01 1.517357e+00
      vertex   3.617677e+01 -2.625004e+01 1.070933e+00
    endloop
  endfacet
  facet normal 2.992672e-01 -7.401922e-01 -6.021251e-01
    outer loop
      vertex   3.629621e+01 -2.647567e+01 1.407659e+00
      vertex   3.617677e+01 -2.625004e+01 1.070933e+00
      vertex   3.648694e+01 -2.605959e+01 9.909695e-01
    endloop
  endfacet
  facet normal 2.381084e-01 -6.792515e-01 -6.942059e-01
    outer loop
      vertex   3.648694e+01 -2.605959e+01 9.909695e-01
      vertex   3.617677e+01 -2.625004e+01 1.070933e+00
      vertex   3.632560e+01 -2.581426e+01 6.955796e-01
    endloop
  endfacet
  facet normal 3.609120e-01 -6.109861e-01 -7.045840e-01
    outer loop
      vertex   3.648694e+01 -2.605959e+01 9.909695e-01
      vertex   3.632560e+01 -2.581426e+01 6.955796e-01
      vertex   3.659235e+01 -2.560366e+01 6.496025e-01
    endloop
  endfacet
  facet normal 3.003555e-01 -5.505109e-01 -7.789251e-01
    outer loop
      vertex   3.659235e+01 -2.560366e+01 6.496025e-01
      vertex   3.632560e+01 -2.581426e+01 6.955796e-01
      vertex   3.639332e+01 -2.535647e+01 3.981520e-01
    endloop
  endfacet
  facet normal 3.987470e-01 -4.761859e-01 -7.837396e-01
    outer loop
      vertex   3.659235e+01 -2.560366e+01 6.496025e-01
      vertex   3.639332e+01 -2.535647e+01 3.981520e-01
      vertex   3.663225e+01 -2.513225e+01 3.834816e-01
    endloop
  endfacet
  facet normal 3.421924e-01 -4.196486e-01 -8.407136e-01
    outer loop
      vertex   3.663225e+01 -2.513225e+01 3.834816e-01
      vertex   3.639332e+01 -2.535647e+01 3.981520e-01
      vertex   3.639915e+01 -2.489915e+01 1.722452e-01
    endloop
  endfacet
  facet normal 5.521939e-02 -8.319788e-01 -5.520525e-01
    outer loop
      vertex   3.594225e+01 -2.662411e+01 1.517357e+00
      vertex   3.556603e+01 -2.666410e+01 1.540000e+00
      vertex   3.585662e+01 -2.640624e+01 1.180447e+00
    endloop
  endfacet
  facet normal 1.412158e-02 -8.179072e-01 -5.751768e-01
    outer loop
      vertex   3.585662e+01 -2.640624e+01 1.180447e+00
      vertex   3.556603e+01 -2.666410e+01 1.540000e+00
      vertex   3.546604e+01 -2.626418e+01 9.688496e-01
    endloop
  endfacet
  facet normal 6.413398e-02 -7.697255e-01 -6.351453e-01
    outer loop
      vertex   3.585662e+01 -2.640624e+01 1.180447e+00
      vertex   3.546604e+01 -2.626418e+01 9.688496e-01
      vertex   3.576222e+01 -2.616061e+01 8.732445e-01
    endloop
  endfacet
  facet normal 2.207147e-02 -7.114817e-01 -7.023579e-01
    outer loop
      vertex   3.576222e+01 -2.616061e+01 8.732445e-01
      vertex   3.546604e+01 -2.626418e+01 9.688496e-01
      vertex   3.566040e+01 -2.589053e+01 5.964585e-01
    endloop
  endfacet
  facet normal 1.661054e-01 -6.745463e-01 -7.193027e-01
    outer loop
      vertex   3.576222e+01 -2.616061e+01 8.732445e-01
      vertex   3.566040e+01 -2.589053e+01 5.964585e-01
      vertex   3.591100e+01 -2.573147e+01 5.051676e-01
    endloop
  endfacet
  facet normal 9.022523e-02 -5.988697e-01 -7.957477e-01
    outer loop
      vertex   3.591100e+01 -2.573147e+01 5.051676e-01
      vertex   3.566040e+01 -2.589053e+01 5.964585e-01
      vertex   3.576868e+01 -2.544596e+01 2.741531e-01
    endloop
  endfacet
  facet normal 2.172750e-01 -5.462313e-01 -8.089641e-01
    outer loop
      vertex   3.591100e+01 -2.573147e+01 5.051676e-01
      vertex   3.576868e+01 -2.544596e+01 2.741531e-01
      vertex   3.598122e+01 -2.527906e+01 2.185463e-01
    endloop
  endfacet
  facet normal 1.480024e-01 -4.771125e-01 -8.662903e-01
    outer loop
      vertex   3.598122e+01 -2.527906e+01 2.185463e-01
      vertex   3.576868e+01 -2.544596e+01 2.741531e-01
      vertex   3.580294e+01 -2.499642e+01 3.241938e-02
    endloop
  endfacet
  facet normal 2.452804e-01 -4.205034e-01 -8.735070e-01
    outer loop
      vertex   3.598122e+01 -2.527906e+01 2.185463e-01
      vertex   3.580294e+01 -2.499642e+01 3.241938e-02
      vertex   3.597995e+01 -2.483736e+01 5.555895e-03
    endloop
  endfacet
  facet normal 1.835981e-01 -3.588892e-01 -9.151449e-01
    outer loop
      vertex   3.597995e+01 -2.483736e+01 5.555895e-03
      vertex   3.580294e+01 -2.499642e+01 3.241938e-02
      vertex   3.576924e+01 -2.457022e+01 -1.414810e-01
    endloop
  endfacet
  facet normal 2.542552e-01 -3.046715e-01 -9.178941e-01
    outer loop
      vertex   3.597995e+01 -2.483736e+01 5.555895e-03
      vertex   3.576924e+01 -2.457022e+01 -1.414810e-01
      vertex   3.592163e+01 -2.442163e+01 -1.485874e-01
    endloop
  endfacet
  facet normal 1.989481e-01 -2.493750e-01 -9.477509e-01
    outer loop
      vertex   3.592163e+01 -2.442163e+01 -1.485874e-01
      vertex   3.576924e+01 -2.457022e+01 -1.414810e-01
      vertex   3.567915e+01 -2.417915e+01 -2.632896e-01
    endloop
  endfacet
  facet normal 3.082825e-03 -7.067180e-01 -7.074887e-01
    outer loop
      vertex   3.546604e+01 -2.626418e+01 9.688496e-01
      vertex   3.534279e+01 -2.577115e+01 4.758222e-01
      vertex   3.566040e+01 -2.589053e+01 5.964585e-01
    endloop
  endfacet
  facet normal 5.655261e-02 -6.312127e-01 -7.735453e-01
    outer loop
      vertex   3.566040e+01 -2.589053e+01 5.964585e-01
      vertex   3.534279e+01 -2.577115e+01 4.758222e-01
      vertex   3.555246e+01 -2.559922e+01 3.508535e-01
    endloop
  endfacet
  facet normal 1.505301e-01 -6.040346e-01 -7.826129e-01
    outer loop
      vertex   3.566040e+01 -2.589053e+01 5.964585e-01
      vertex   3.555246e+01 -2.559922e+01 3.508535e-01
      vertex   3.576868e+01 -2.544596e+01 2.741531e-01
    endloop
  endfacet
  facet normal 7.236779e-02 -5.261414e-01 -8.473123e-01
    outer loop
      vertex   3.576868e+01 -2.544596e+01 2.741531e-01
      vertex   3.555246e+01 -2.559922e+01 3.508535e-01
      vertex   3.562243e+01 -2.514754e+01 7.636181e-02
    endloop
  endfacet
  facet normal 1.896490e-01 -4.761796e-01 -8.586537e-01
    outer loop
      vertex   3.576868e+01 -2.544596e+01 2.741531e-01
      vertex   3.562243e+01 -2.514754e+01 7.636181e-02
      vertex   3.580294e+01 -2.499642e+01 3.241938e-02
    endloop
  endfacet
  facet normal 1.201387e-01 -4.068019e-01 -9.055821e-01
    outer loop
      vertex   3.580294e+01 -2.499642e+01 3.241938e-02
      vertex   3.562243e+01 -2.514754e+01 7.636181e-02
      vertex   3.562216e+01 -2.470670e+01 -1.217082e-01
    endloop
  endfacet
  facet normal 2.073435e-01 -3.554820e-01 -9.113952e-01
    outer loop
      vertex   3.580294e+01 -2.499642e+01 3.241938e-02
      vertex   3.562216e+01 -2.470670e+01 -1.217082e-01
      vertex   3.576924e+01 -2.457022e+01 -1.414810e-01
    endloop
  endfacet
  facet normal 1.458632e-01 -2.940382e-01 -9.445981e-01
    outer loop
      vertex   3.576924e+01 -2.457022e+01 -1.414810e-01
      vertex   3.562216e+01 -2.470670e+01 -1.217082e-01
      vertex   3.555679e+01 -2.429955e+01 -2.585438e-01
    endloop
  endfacet
  facet normal 2.065737e-01 -2.472809e-01 -9.466676e-01
    outer loop
      vertex   3.576924e+01 -2.457022e+01 -1.414810e-01
      vertex   3.555679e+01 -2.429955e+01 -2.585438e-01
      vertex   3.567915e+01 -2.417915e+01 -2.632896e-01
    endloop
  endfacet
  facet normal 1.524900e-01 -1.931996e-01 -9.692372e-01
    outer loop
      vertex   3.567915e+01 -2.417915e+01 -2.632896e-01
      vertex   3.555679e+01 -2.429955e+01 -2.585438e-01
      vertex   3.543522e+01 -2.393522e+01 -3.502910e-01
    endloop
  endfacet
  facet normal -1.481575e-02 -5.759962e-01 -8.173181e-01
    outer loop
      vertex   3.534279e+01 -2.577115e+01 4.758222e-01
      vertex   3.520000e+01 -2.520000e+01 7.589838e-02
      vertex   3.555246e+01 -2.559922e+01 3.508535e-01
    endloop
  endfacet
  facet normal -3.255388e-03 -5.691643e-01 -8.222174e-01
    outer loop
      vertex   3.555246e+01 -2.559922e+01 3.508535e-01
      vertex   3.520000e+01 -2.520000e+01 7.589838e-02
      vertex   3.543958e+01 -2.528978e+01 1.370996e-01
    endloop
  endfacet
  facet normal 1.338641e-01 -5.297278e-01 -8.375374e-01
    outer loop
      vertex   3.555246e+01 -2.559922e+01 3.508535e-01
      vertex   3.543958e+01 -2.528978e+01 1.370996e-01
      vertex   3.562243e+01 -2.514754e+01 7.636181e-02
    endloop
  endfacet
  facet normal 5.492130e-02 -4.510025e-01 -8.908313e-01
    outer loop
      vertex   3.562243e+01 -2.514754e+01 7.636181e-02
      vertex   3.543958e+01 -2.528978e+01 1.370996e-01
      vertex   3.547304e+01 -2.483846e+01 -8.932718e-02
    endloop
  endfacet
  facet normal 1.618114e-01 -4.043485e-01 -9.001774e-01
    outer loop
      vertex   3.562243e+01 -2.514754e+01 7.636181e-02
      vertex   3.547304e+01 -2.483846e+01 -8.932718e-02
      vertex   3.562216e+01 -2.470670e+01 -1.217082e-01
    endloop
  endfacet
  facet normal 9.256340e-02 -3.351731e-01 -9.375985e-01
    outer loop
      vertex   3.562216e+01 -2.470670e+01 -1.217082e-01
      vertex   3.547304e+01 -2.483846e+01 -8.932718e-02
      vertex   3.543949e+01 -2.441134e+01 -2.453271e-01
    endloop
  endfacet
  facet normal 1.696455e-01 -2.893682e-01 -9.420650e-01
    outer loop
      vertex   3.562216e+01 -2.470670e+01 -1.217082e-01
      vertex   3.543949e+01 -2.441134e+01 -2.453271e-01
      vertex   3.555679e+01 -2.429955e+01 -2.585438e-01
    endloop
  endfacet
  facet normal 1.096621e-01 -2.293959e-01 -9.671358e-01
    outer loop
      vertex   3.555679e+01 -2.429955e+01 -2.585438e-01
      vertex   3.543949e+01 -2.441134e+01 -2.453271e-01
      vertex   3.534322e+01 -2.402639e+01 -3.475497e-01
    endloop
  endfacet
  facet normal 1.599537e-01 -1.905388e-01 -9.685607e-01
    outer loop
      vertex   3.555679e+01 -2.429955e+01 -2.585438e-01
      vertex   3.534322e+01 -2.402639e+01 -3.475497e-01
      vertex   3.543522e+01 -2.393522e+01 -3.502910e-01
    endloop
  endfacet
  facet normal 1.079710e-01 -1.385585e-01 -9.844510e-01
    outer loop
      vertex   3.543522e+01 -2.393522e+01 -3.502910e-01
      vertex   3.534322e+01 -2.402639e+01 -3.475497e-01
      vertex   3.519055e+01 -2.369055e+01 -4.115618e-01
    endloop
  endfacet
  facet normal 4.673234e-02 -4.744929e-01 -8.790179e-01
    outer loop
      vertex   3.543958e+01 -2.528978e+01 1.370996e-01
      vertex   3.520000e+01 -2.520000e+01 7.589838e-02
      vertex   3.532254e+01 -2.496491e+01 -4.448936e-02
    endloop
  endfacet
  facet normal -5.341094e-02 -4.329519e-01 -8.998333e-01
    outer loop
      vertex   3.532254e+01 -2.496491e+01 -4.448936e-02
      vertex   3.520000e+01 -2.520000e+01 7.589838e-02
      vertex   3.504202e+01 -2.456808e+01 -2.187705e-01
    endloop
  endfacet
  facet normal -6.248864e-03 -4.058067e-01 -9.139376e-01
    outer loop
      vertex   3.532254e+01 -2.496491e+01 -4.448936e-02
      vertex   3.504202e+01 -2.456808e+01 -2.187705e-01
      vertex   3.520207e+01 -2.462720e+01 -1.936125e-01
    endloop
  endfacet
  facet normal 3.683699e-02 -3.051894e-01 -9.515789e-01
    outer loop
      vertex   3.520207e+01 -2.462720e+01 -1.936125e-01
      vertex   3.504202e+01 -2.456808e+01 -2.187705e-01
      vertex   3.507888e+01 -2.427929e+01 -3.099649e-01
    endloop
  endfacet
  facet normal 8.412390e-02 -2.891192e-01 -9.535897e-01
    outer loop
      vertex   3.520207e+01 -2.462720e+01 -1.936125e-01
      vertex   3.507888e+01 -2.427929e+01 -3.099649e-01
      vertex   3.516734e+01 -2.419613e+01 -3.273741e-01
    endloop
  endfacet
  facet normal 9.342684e-03 -2.144108e-01 -9.766989e-01
    outer loop
      vertex   3.516734e+01 -2.419613e+01 -3.273741e-01
      vertex   3.507888e+01 -2.427929e+01 -3.099649e-01
      vertex   3.501228e+01 -2.386676e+01 -4.011622e-01
    endloop
  endfacet
  facet normal 8.206218e-02 -1.809288e-01 -9.800666e-01
    outer loop
      vertex   3.516734e+01 -2.419613e+01 -3.273741e-01
      vertex   3.501228e+01 -2.386676e+01 -4.011622e-01
      vertex   3.507076e+01 -2.380941e+01 -4.068528e-01
    endloop
  endfacet
  facet normal 1.949888e-02 -1.183919e-01 -9.927755e-01
    outer loop
      vertex   3.507076e+01 -2.380941e+01 -4.068528e-01
      vertex   3.501228e+01 -2.386676e+01 -4.011622e-01
      vertex   3.488551e+01 -2.350517e+01 -4.467725e-01
    endloop
  endfacet
  facet normal 6.211495e-02 -9.257297e-02 -9.937666e-01
    outer loop
      vertex   3.507076e+01 -2.380941e+01 -4.068528e-01
      vertex   3.488551e+01 -2.350517e+01 -4.467725e-01
      vertex   3.491465e+01 -2.347612e+01 -4.476574e-01
    endloop
  endfacet
  facet normal 7.991459e-03 -3.845288e-02 -9.992285e-01
    outer loop
      vertex   3.491465e+01 -2.347612e+01 -4.476574e-01
      vertex   3.488551e+01 -2.350517e+01 -4.467725e-01
      vertex   3.470000e+01 -2.320000e+01 -4.600000e-01
    endloop
  endfacet
  facet normal -1.204352e-01 -2.849168e-01 -9.509563e-01
    outer loop
      vertex   3.504202e+01 -2.456808e+01 -2.187705e-01
      vertex   3.487365e+01 -2.389459e+01 -3.992310e-01
      vertex   3.507888e+01 -2.427929e+01 -3.099649e-01
    endloop
  endfacet
  facet normal -1.187977e-02 -2.320323e-01 -9.726355e-01
    outer loop
      vertex   3.507888e+01 -2.427929e+01 -3.099649e-01
      vertex   3.487365e+01 -2.389459e+01 -3.992310e-01
      vertex   3.495370e+01 -2.392376e+01 -3.932509e-01
    endloop
  endfacet
  facet normal 6.755840e-02 -2.049530e-01 -9.764375e-01
    outer loop
      vertex   3.507888e+01 -2.427929e+01 -3.099649e-01
      vertex   3.495370e+01 -2.392376e+01 -3.932509e-01
      vertex   3.501228e+01 -2.386676e+01 -4.011622e-01
    endloop
  endfacet
  facet normal -3.992490e-03 -1.334545e-01 -9.910469e-01
    outer loop
      vertex   3.501228e+01 -2.386676e+01 -4.011622e-01
      vertex   3.495370e+01 -2.392376e+01 -3.932509e-01
      vertex   3.485635e+01 -2.353419e+01 -4.453188e-01
    endloop
  endfacet
  facet normal 5.568681e-02 -1.057126e-01 -9.928362e-01
    outer loop
      vertex   3.501228e+01 -2.386676e+01 -4.011622e-01
      vertex   3.485635e+01 -2.353419e+01 -4.453188e-01
      vertex   3.488551e+01 -2.350517e+01 -4.467725e-01
    endloop
  endfacet
  facet normal -4.189671e-03 -4.584501e-02 -9.989398e-01
    outer loop
      vertex   3.488551e+01 -2.350517e+01 -4.467725e-01
      vertex   3.485635e+01 -2.353419e+01 -4.453188e-01
      vertex   3.470000e+01 -2.320000e+01 -4.600000e-01
    endloop
  endfacet
  facet normal 2.743754e-02 -1.279599e-01 -9.913997e-01
    outer loop
      vertex   3.495370e+01 -2.392376e+01 -3.932509e-01
      vertex   3.487365e+01 -2.389459e+01 -3.992310e-01
      vertex   3.482719e+01 -2.356315e+01 -4.432960e-01
    endloop
  endfacet
  facet normal -3.766529e-01 -1.737701e-01 -9.099102e-01
    outer loop
      vertex   3.482719e+01 -2.356315e+01 -4.432960e-01
      vertex   3.487365e+01 -2.389459e+01 -3.992310e-01
      vertex   3.470000e+01 -2.320000e+01 -4.600000e-01
    endloop
  endfacet
  facet normal 2.902903e-01 1.478296e-01 -9.454512e-01
    outer loop
      vertex   3.606808e+01 -2.354202e+01 -2.187705e-01
      vertex   3.579342e+01 -2.356370e+01 -3.064925e-01
      vertex   3.539459e+01 -2.337365e+01 -3.992310e-01
    endloop
  endfacet
  facet normal 2.390508e-01 2.802936e-02 -9.706024e-01
    outer loop
      vertex   3.539459e+01 -2.337365e+01 -3.992310e-01
      vertex   3.579342e+01 -2.356370e+01 -3.064925e-01
      vertex   3.543349e+01 -2.344366e+01 -3.916718e-01
    endloop
  endfacet
  facet normal 1.267974e-01 -3.657559e-02 -9.912541e-01
    outer loop
      vertex   3.539459e+01 -2.337365e+01 -3.992310e-01
      vertex   3.543349e+01 -2.344366e+01 -3.916718e-01
      vertex   3.506811e+01 -2.332219e+01 -4.428920e-01
    endloop
  endfacet
  facet normal 1.409259e-01 6.451857e-03 -9.899991e-01
    outer loop
      vertex   3.506811e+01 -2.332219e+01 -4.428920e-01
      vertex   3.543349e+01 -2.344366e+01 -3.916718e-01
      vertex   3.538635e+01 -2.349220e+01 -3.986990e-01
    endloop
  endfacet
  facet normal 1.158237e-01 -4.116446e-02 -9.924164e-01
    outer loop
      vertex   3.506811e+01 -2.332219e+01 -4.428920e-01
      vertex   3.538635e+01 -2.349220e+01 -3.986990e-01
      vertex   3.504412e+01 -2.334635e+01 -4.446892e-01
    endloop
  endfacet
  facet normal 1.278259e-01 -1.277963e-02 -9.917143e-01
    outer loop
      vertex   3.504412e+01 -2.334635e+01 -4.446892e-01
      vertex   3.538635e+01 -2.349220e+01 -3.986990e-01
      vertex   3.533773e+01 -2.354193e+01 -4.043244e-01
    endloop
  endfacet
  facet normal 1.052428e-01 -4.701643e-02 -9.933345e-01
    outer loop
      vertex   3.504412e+01 -2.334635e+01 -4.446892e-01
      vertex   3.533773e+01 -2.354193e+01 -4.043244e-01
      vertex   3.501949e+01 -2.337113e+01 -4.461267e-01
    endloop
  endfacet
  facet normal 3.070122e-01 -4.258692e-02 -9.507523e-01
    outer loop
      vertex   3.579342e+01 -2.356370e+01 -3.064925e-01
      vertex   3.606808e+01 -2.354202e+01 -2.187705e-01
      vertex   3.614517e+01 -2.368161e+01 -1.876253e-01
    endloop
  endfacet
  facet normal 4.297233e-01 3.600283e-02 -9.022426e-01
    outer loop
      vertex   3.614517e+01 -2.368161e+01 -1.876253e-01
      vertex   3.606808e+01 -2.354202e+01 -2.187705e-01
      vertex   3.670000e+01 -2.370000e+01 7.589838e-02
    endloop
  endfacet
  facet normal 4.297712e-01 8.516082e-02 -8.989129e-01
    outer loop
      vertex   3.614517e+01 -2.368161e+01 -1.876253e-01
      vertex   3.670000e+01 -2.370000e+01 7.589838e-02
      vertex   3.648601e+01 -2.379665e+01 -3.556584e-02
    endloop
  endfacet
  facet normal 4.785321e-01 -4.837290e-02 -8.767366e-01
    outer loop
      vertex   3.648601e+01 -2.379665e+01 -3.556584e-02
      vertex   3.670000e+01 -2.370000e+01 7.589838e-02
      vertex   3.681321e+01 -2.390808e+01 1.491715e-01
    endloop
  endfacet
  facet normal 4.772197e-01 -5.297196e-02 -8.771861e-01
    outer loop
      vertex   3.648601e+01 -2.379665e+01 -3.556584e-02
      vertex   3.681321e+01 -2.390808e+01 1.491715e-01
      vertex   3.669737e+01 -2.405993e+01 9.531923e-02
    endloop
  endfacet
  facet normal 5.230430e-01 -9.878951e-02 -8.465617e-01
    outer loop
      vertex   3.669737e+01 -2.405993e+01 9.531923e-02
      vertex   3.681321e+01 -2.390808e+01 1.491715e-01
      vertex   3.700012e+01 -2.419485e+01 2.981140e-01
    endloop
  endfacet
  facet normal 5.114214e-01 -1.293433e-01 -8.495401e-01
    outer loop
      vertex   3.669737e+01 -2.405993e+01 9.531923e-02
      vertex   3.700012e+01 -2.419485e+01 2.981140e-01
      vertex   3.686299e+01 -2.437698e+01 2.432915e-01
    endloop
  endfacet
  facet normal 5.550874e-01 -1.730399e-01 -8.135940e-01
    outer loop
      vertex   3.686299e+01 -2.437698e+01 2.432915e-01
      vertex   3.700012e+01 -2.419485e+01 2.981140e-01
      vertex   3.714326e+01 -2.453612e+01 4.683621e-01
    endloop
  endfacet
  facet normal 5.779211e-01 2.721932e-02 -8.156386e-01
    outer loop
      vertex   3.670000e+01 -2.370000e+01 7.589838e-02
      vertex   3.727115e+01 -2.384279e+01 4.758222e-01
      vertex   3.681321e+01 -2.390808e+01 1.491715e-01
    endloop
  endfacet
  facet normal 5.780656e-01 2.590767e-02 -8.155789e-01
    outer loop
      vertex   3.681321e+01 -2.390808e+01 1.491715e-01
      vertex   3.727115e+01 -2.384279e+01 4.758222e-01
      vertex   3.712403e+01 -2.401515e+01 3.660744e-01
    endloop
  endfacet
  facet normal 5.548073e-01 -6.902372e-02 -8.291107e-01
    outer loop
      vertex   3.681321e+01 -2.390808e+01 1.491715e-01
      vertex   3.712403e+01 -2.401515e+01 3.660744e-01
      vertex   3.700012e+01 -2.419485e+01 2.981140e-01
    endloop
  endfacet
  facet normal 5.979414e-01 -1.121774e-01 -7.936512e-01
    outer loop
      vertex   3.700012e+01 -2.419485e+01 2.981140e-01
      vertex   3.712403e+01 -2.401515e+01 3.660744e-01
      vertex   3.728831e+01 -2.432554e+01 5.337154e-01
    endloop
  endfacet
  facet normal 5.826919e-01 -1.536956e-01 -7.980275e-01
    outer loop
      vertex   3.700012e+01 -2.419485e+01 2.981140e-01
      vertex   3.728831e+01 -2.432554e+01 5.337154e-01
      vertex   3.714326e+01 -2.453612e+01 4.683621e-01
    endloop
  endfacet
  facet normal 6.256434e-01 -1.966605e-01 -7.549139e-01
    outer loop
      vertex   3.714326e+01 -2.453612e+01 4.683621e-01
      vertex   3.728831e+01 -2.432554e+01 5.337154e-01
      vertex   3.740939e+01 -2.468972e+01 7.289317e-01
    endloop
  endfacet
  facet normal 6.366255e-01 -5.353580e-02 -7.693126e-01
    outer loop
      vertex   3.712403e+01 -2.401515e+01 3.660744e-01
      vertex   3.727115e+01 -2.384279e+01 4.758222e-01
      vertex   3.741572e+01 -2.411708e+01 6.145427e-01
    endloop
  endfacet
  facet normal 7.091603e-01 1.730177e-02 -7.048349e-01
    outer loop
      vertex   3.741572e+01 -2.411708e+01 6.145427e-01
      vertex   3.727115e+01 -2.384279e+01 4.758222e-01
      vertex   3.776418e+01 -2.396604e+01 9.688496e-01
    endloop
  endfacet
  facet normal 7.163627e-01 -1.643989e-02 -6.975344e-01
    outer loop
      vertex   3.741572e+01 -2.411708e+01 6.145427e-01
      vertex   3.776418e+01 -2.396604e+01 9.688496e-01
      vertex   3.768521e+01 -2.421279e+01 8.935700e-01
    endloop
  endfacet
  facet normal 7.749970e-01 -5.596605e-02 -6.294818e-01
    outer loop
      vertex   3.768521e+01 -2.421279e+01 8.935700e-01
      vertex   3.776418e+01 -2.396604e+01 9.688496e-01
      vertex   3.792941e+01 -2.430109e+01 1.202065e+00
    endloop
  endfacet
  facet normal 7.621413e-01 -1.169496e-01 -6.367601e-01
    outer loop
      vertex   3.768521e+01 -2.421279e+01 8.935700e-01
      vertex   3.792941e+01 -2.430109e+01 1.202065e+00
      vertex   3.780758e+01 -2.456786e+01 1.105249e+00
    endloop
  endfacet
  facet normal 7.992963e-01 -1.542222e-01 -5.808105e-01
    outer loop
      vertex   3.780758e+01 -2.456786e+01 1.105249e+00
      vertex   3.792941e+01 -2.430109e+01 1.202065e+00
      vertex   3.803148e+01 -2.467594e+01 1.442066e+00
    endloop
  endfacet
  facet normal 7.749656e-01 -2.295970e-01 -5.888238e-01
    outer loop
      vertex   3.780758e+01 -2.456786e+01 1.105249e+00
      vertex   3.803148e+01 -2.467594e+01 1.442066e+00
      vertex   3.788407e+01 -2.497117e+01 1.363170e+00
    endloop
  endfacet
  facet normal 8.129922e-01 -2.677626e-01 -5.170559e-01
    outer loop
      vertex   3.788407e+01 -2.497117e+01 1.363170e+00
      vertex   3.803148e+01 -2.467594e+01 1.442066e+00
      vertex   3.808290e+01 -2.509255e+01 1.738663e+00
    endloop
  endfacet
  facet normal 8.195826e-01 5.382504e-03 -5.729357e-01
    outer loop
      vertex   3.776418e+01 -2.396604e+01 9.688496e-01
      vertex   3.816410e+01 -2.406603e+01 1.540000e+00
      vertex   3.792941e+01 -2.430109e+01 1.202065e+00
    endloop
  endfacet
  facet normal 8.359145e-01 -4.864119e-02 -5.467001e-01
    outer loop
      vertex   3.792941e+01 -2.430109e+01 1.202065e+00
      vertex   3.816410e+01 -2.406603e+01 1.540000e+00
      vertex   3.814512e+01 -2.438074e+01 1.538974e+00
    endloop
  endfacet
  facet normal 8.201129e-01 -1.330072e-01 -5.565284e-01
    outer loop
      vertex   3.792941e+01 -2.430109e+01 1.202065e+00
      vertex   3.814512e+01 -2.438074e+01 1.538974e+00
      vertex   3.803148e+01 -2.467594e+01 1.442066e+00
    endloop
  endfacet
  facet normal 8.546389e-01 -1.676774e-01 -4.914028e-01
    outer loop
      vertex   3.803148e+01 -2.467594e+01 1.442066e+00
      vertex   3.814512e+01 -2.438074e+01 1.538974e+00
      vertex   3.822548e+01 -2.477175e+01 1.812159e+00
    endloop
  endfacet
  facet normal 8.281966e-01 -2.535888e-01 -4.997830e-01
    outer loop
      vertex   3.803148e+01 -2.467594e+01 1.442066e+00
      vertex   3.822548e+01 -2.477175e+01 1.812159e+00
      vertex   3.808290e+01 -2.509255e+01 1.738663e+00
    endloop
  endfacet
  facet normal 8.621561e-01 -2.876292e-01 -4.170808e-01
    outer loop
      vertex   3.808290e+01 -2.509255e+01 1.738663e+00
      vertex   3.822548e+01 -2.477175e+01 1.812159e+00
      vertex   3.824762e+01 -2.519475e+01 2.149643e+00
    endloop
  endfacet
  facet normal 8.871919e-01 -5.202207e-02 -4.584585e-01
    outer loop
      vertex   3.814512e+01 -2.438074e+01 1.538974e+00
      vertex   3.816410e+01 -2.406603e+01 1.540000e+00
      vertex   3.832878e+01 -2.445001e+01 1.902251e+00
    endloop
  endfacet
  facet normal 9.057479e-01 -1.124251e-02 -4.236678e-01
    outer loop
      vertex   3.832878e+01 -2.445001e+01 1.902251e+00
      vertex   3.816410e+01 -2.406603e+01 1.540000e+00
      vertex   3.845877e+01 -2.413969e+01 2.171919e+00
    endloop
  endfacet
  facet normal 9.278631e-01 -7.043917e-02 -3.662082e-01
    outer loop
      vertex   3.832878e+01 -2.445001e+01 1.902251e+00
      vertex   3.845877e+01 -2.413969e+01 2.171919e+00
      vertex   3.847685e+01 -2.450694e+01 2.288370e+00
    endloop
  endfacet
  facet normal 9.647343e-01 -3.521881e-02 -2.608590e-01
    outer loop
      vertex   3.847685e+01 -2.450694e+01 2.288370e+00
      vertex   3.845877e+01 -2.413969e+01 2.171919e+00
      vertex   3.863923e+01 -2.418481e+01 2.845407e+00
    endloop
  endfacet
  facet normal 9.643777e-01 -3.206572e-02 -2.625785e-01
    outer loop
      vertex   3.847685e+01 -2.450694e+01 2.288370e+00
      vertex   3.863923e+01 -2.418481e+01 2.845407e+00
      vertex   3.858580e+01 -2.454956e+01 2.693714e+00
    endloop
  endfacet
  facet normal 9.839040e-01 -7.707860e-02 -1.612200e-01
    outer loop
      vertex   3.858580e+01 -2.454956e+01 2.693714e+00
      vertex   3.863923e+01 -2.418481e+01 2.845407e+00
      vertex   3.865247e+01 -2.457599e+01 3.113242e+00
    endloop
  endfacet
  facet normal 9.687498e-01 -1.846739e-01 -1.655879e-01
    outer loop
      vertex   3.858580e+01 -2.454956e+01 2.693714e+00
      vertex   3.865247e+01 -2.457599e+01 3.113242e+00
      vertex   3.857605e+01 -2.495059e+01 3.083904e+00
    endloop
  endfacet
  facet normal -1.753676e-02 -5.206986e-02 -9.984895e-01
    outer loop
      vertex   3.482719e+01 -2.356315e+01 -4.432960e-01
      vertex   3.470000e+01 -2.320000e+01 -4.600000e-01
      vertex   3.485635e+01 -2.353419e+01 -4.453188e-01
    endloop
  endfacet
  facet normal 1.931782e-02 -2.965470e-02 -9.993735e-01
    outer loop
      vertex   3.491465e+01 -2.347612e+01 -4.476574e-01
      vertex   3.470000e+01 -2.320000e+01 -4.600000e-01
      vertex   3.494540e+01 -2.344540e+01 -4.479746e-01
    endloop
  endfacet
  facet normal 4.854886e-02 9.667289e-03 -9.987740e-01
    outer loop
      vertex   3.501949e+01 -2.337113e+01 -4.461267e-01
      vertex   3.470000e+01 -2.320000e+01 -4.600000e-01
      vertex   3.504412e+01 -2.334635e+01 -4.446892e-01
    endloop
  endfacet
  facet normal 5.343608e-02 2.120355e-02 -9.983461e-01
    outer loop
      vertex   3.504412e+01 -2.334635e+01 -4.446892e-01
      vertex   3.470000e+01 -2.320000e+01 -4.600000e-01
      vertex   3.506811e+01 -2.332219e+01 -4.428920e-01
    endloop
  endfacet
  facet normal 2.218658e-01 -9.585001e-01 -1.790337e-01
    outer loop
      vertex   3.660238e+01 -2.703062e+01 3.073439e+00
      vertex   3.615422e+01 -2.714057e+01 3.106716e+00
      vertex   3.655975e+01 -2.695544e+01 2.618163e+00
    endloop
  endfacet
  facet normal 2.330278e-01 -9.575974e-01 -1.694264e-01
    outer loop
      vertex   3.655975e+01 -2.695544e+01 2.618163e+00
      vertex   3.615422e+01 -2.714057e+01 3.106716e+00
      vertex   3.612535e+01 -2.707233e+01 2.681319e+00
    endloop
  endfacet
  facet normal 2.083123e-01 -9.329113e-01 -2.937387e-01
    outer loop
      vertex   3.655975e+01 -2.695544e+01 2.618163e+00
      vertex   3.612535e+01 -2.707233e+01 2.681319e+00
      vertex   3.649180e+01 -2.683418e+01 2.184848e+00
    endloop
  endfacet
  facet normal 2.282092e-01 -9.327832e-01 -2.789910e-01
    outer loop
      vertex   3.649180e+01 -2.683418e+01 2.184848e+00
      vertex   3.612535e+01 -2.707233e+01 2.681319e+00
      vertex   3.607890e+01 -2.696108e+01 2.271371e+00
    endloop
  endfacet
  facet normal 1.914457e-01 -8.960482e-01 -4.005574e-01
    outer loop
      vertex   3.649180e+01 -2.683418e+01 2.184848e+00
      vertex   3.607890e+01 -2.696108e+01 2.271371e+00
      vertex   3.640259e+01 -2.667232e+01 1.780123e+00
    endloop
  endfacet
  facet normal 3.675852e-01 -9.100368e-01 -1.916093e-01
    outer loop
      vertex   3.702889e+01 -2.685318e+01 3.048933e+00
      vertex   3.660238e+01 -2.703062e+01 3.073439e+00
      vertex   3.697393e+01 -2.677490e+01 2.571693e+00
    endloop
  endfacet
  facet normal 3.751732e-01 -9.082861e-01 -1.850981e-01
    outer loop
      vertex   3.697393e+01 -2.677490e+01 2.571693e+00
      vertex   3.660238e+01 -2.703062e+01 3.073439e+00
      vertex   3.655975e+01 -2.695544e+01 2.618163e+00
    endloop
  endfacet
  facet normal 3.496717e-01 -8.828462e-01 -3.135478e-01
    outer loop
      vertex   3.697393e+01 -2.677490e+01 2.571693e+00
      vertex   3.655975e+01 -2.695544e+01 2.618163e+00
      vertex   3.688663e+01 -2.664950e+01 2.121279e+00
    endloop
  endfacet
  facet normal 3.631783e-01 -8.809123e-01 -3.034716e-01
    outer loop
      vertex   3.688663e+01 -2.664950e+01 2.121279e+00
      vertex   3.655975e+01 -2.695544e+01 2.618163e+00
      vertex   3.649180e+01 -2.683418e+01 2.184848e+00
    endloop
  endfacet
  facet normal 3.262565e-01 -8.440294e-01 -4.256420e-01
    outer loop
      vertex   3.688663e+01 -2.664950e+01 2.121279e+00
      vertex   3.649180e+01 -2.683418e+01 2.184848e+00
      vertex   3.677260e+01 -2.648380e+01 1.705283e+00
    endloop
  endfacet
  facet normal 3.456947e-01 -8.425008e-01 -4.131436e-01
    outer loop
      vertex   3.677260e+01 -2.648380e+01 1.705283e+00
      vertex   3.649180e+01 -2.683418e+01 2.184848e+00
      vertex   3.640259e+01 -2.667232e+01 1.780123e+00
    endloop
  endfacet
  facet normal 2.991758e-01 -7.960479e-01 -5.261194e-01
    outer loop
      vertex   3.677260e+01 -2.648380e+01 1.705283e+00
      vertex   3.640259e+01 -2.667232e+01 1.780123e+00
      vertex   3.663749e+01 -2.628481e+01 1.327377e+00
    endloop
  endfacet
  facet normal 6.321686e-01 -7.475659e-01 -2.037351e-01
    outer loop
      vertex   3.772283e+01 -2.622283e+01 2.532541e+00
      vertex   3.779603e+01 -2.629603e+01 3.028272e+00
      vertex   3.742369e+01 -2.661240e+01 3.033779e+00
    endloop
  endfacet
  facet normal 5.045600e-01 -8.399076e-01 -1.999360e-01
    outer loop
      vertex   3.742369e+01 -2.661240e+01 3.033779e+00
      vertex   3.702889e+01 -2.685318e+01 3.048933e+00
      vertex   3.735847e+01 -2.653475e+01 2.542973e+00
    endloop
  endfacet
  facet normal 5.088342e-01 -8.382324e-01 -1.960975e-01
    outer loop
      vertex   3.735847e+01 -2.653475e+01 2.542973e+00
      vertex   3.702889e+01 -2.685318e+01 3.048933e+00
      vertex   3.697393e+01 -2.677490e+01 2.571693e+00
    endloop
  endfacet
  facet normal 4.829685e-01 -8.124281e-01 -3.266526e-01
    outer loop
      vertex   3.735847e+01 -2.653475e+01 2.542973e+00
      vertex   3.697393e+01 -2.677490e+01 2.571693e+00
      vertex   3.725495e+01 -2.641096e+01 2.082027e+00
    endloop
  endfacet
  facet normal 4.906003e-01 -8.102440e-01 -3.206494e-01
    outer loop
      vertex   3.725495e+01 -2.641096e+01 2.082027e+00
      vertex   3.697393e+01 -2.677490e+01 2.571693e+00
      vertex   3.688663e+01 -2.664950e+01 2.121279e+00
    endloop
  endfacet
  facet normal 4.538981e-01 -7.735790e-01 -4.422126e-01
    outer loop
      vertex   3.725495e+01 -2.641096e+01 2.082027e+00
      vertex   3.688663e+01 -2.664950e+01 2.121279e+00
      vertex   3.711987e+01 -2.624846e+01 1.659127e+00
    endloop
  endfacet
  facet normal 4.649121e-01 -7.713042e-01 -4.346799e-01
    outer loop
      vertex   3.711987e+01 -2.624846e+01 1.659127e+00
      vertex   3.688663e+01 -2.664950e+01 2.121279e+00
      vertex   3.677260e+01 -2.648380e+01 1.705283e+00
    endloop
  endfacet
  facet normal 4.196583e-01 -7.260978e-01 -5.446732e-01
    outer loop
      vertex   3.711987e+01 -2.624846e+01 1.659127e+00
      vertex   3.677260e+01 -2.648380e+01 1.705283e+00
      vertex   3.696008e+01 -2.605487e+01 1.277932e+00
    endloop
  endfacet
  facet normal 4.338466e-01 -7.239750e-01 -5.363184e-01
    outer loop
      vertex   3.696008e+01 -2.605487e+01 1.277932e+00
      vertex   3.677260e+01 -2.648380e+01 1.705283e+00
      vertex   3.663749e+01 -2.628481e+01 1.327377e+00
    endloop
  endfacet
  facet normal 3.813126e-01 -6.715592e-01 -6.353022e-01
    outer loop
      vertex   3.696008e+01 -2.605487e+01 1.277932e+00
      vertex   3.663749e+01 -2.628481e+01 1.327377e+00
      vertex   3.678236e+01 -2.583779e+01 9.417944e-01
    endloop
  endfacet
  facet normal 9.342207e-01 -3.081253e-01 -1.796958e-01
    outer loop
      vertex   3.857605e+01 -2.495059e+01 3.083904e+00
      vertex   3.844895e+01 -2.532194e+01 3.059872e+00
      vertex   3.850283e+01 -2.491255e+01 2.638017e+00
    endloop
  endfacet
  facet normal 9.305251e-01 -3.149890e-01 -1.868286e-01
    outer loop
      vertex   3.850283e+01 -2.491255e+01 2.638017e+00
      vertex   3.844895e+01 -2.532194e+01 3.059872e+00
      vertex   3.837172e+01 -2.527283e+01 2.592434e+00
    endloop
  endfacet
  facet normal 9.093284e-01 -2.936134e-01 -2.948101e-01
    outer loop
      vertex   3.850283e+01 -2.491255e+01 2.638017e+00
      vertex   3.837172e+01 -2.527283e+01 2.592434e+00
      vertex   3.838434e+01 -2.485179e+01 2.212031e+00
    endloop
  endfacet
  facet normal 9.020961e-01 -3.038725e-01 -3.064053e-01
    outer loop
      vertex   3.838434e+01 -2.485179e+01 2.212031e+00
      vertex   3.837172e+01 -2.527283e+01 2.592434e+00
      vertex   3.824762e+01 -2.519475e+01 2.149643e+00
    endloop
  endfacet
  facet normal 8.733541e-01 -2.750222e-01 -4.020141e-01
    outer loop
      vertex   3.838434e+01 -2.485179e+01 2.212031e+00
      vertex   3.824762e+01 -2.519475e+01 2.149643e+00
      vertex   3.822548e+01 -2.477175e+01 1.812159e+00
    endloop
  endfacet
  facet normal 6.077716e-01 -7.210941e-01 -3.326214e-01
    outer loop
      vertex   3.760650e+01 -2.610650e+01 2.067781e+00
      vertex   3.772283e+01 -2.622283e+01 2.532541e+00
      vertex   3.735847e+01 -2.653475e+01 2.542973e+00
    endloop
  endfacet
  facet normal 6.335126e-01 -7.468061e-01 -2.023425e-01
    outer loop
      vertex   3.735847e+01 -2.653475e+01 2.542973e+00
      vertex   3.772283e+01 -2.622283e+01 2.532541e+00
      vertex   3.742369e+01 -2.661240e+01 3.033779e+00
    endloop
  endfacet
  facet normal 6.101980e-01 -7.200564e-01 -3.304197e-01
    outer loop
      vertex   3.760650e+01 -2.610650e+01 2.067781e+00
      vertex   3.735847e+01 -2.653475e+01 2.542973e+00
      vertex   3.725495e+01 -2.641096e+01 2.082027e+00
    endloop
  endfacet
  facet normal 9.461658e-01 -1.744414e-01 -2.726544e-01
    outer loop
      vertex   3.847685e+01 -2.450694e+01 2.288370e+00
      vertex   3.858580e+01 -2.454956e+01 2.693714e+00
      vertex   3.850283e+01 -2.491255e+01 2.638017e+00
    endloop
  endfacet
  facet normal 9.652998e-01 -1.937921e-01 -1.750456e-01
    outer loop
      vertex   3.850283e+01 -2.491255e+01 2.638017e+00
      vertex   3.858580e+01 -2.454956e+01 2.693714e+00
      vertex   3.857605e+01 -2.495059e+01 3.083904e+00
    endloop
  endfacet
  facet normal 9.389651e-01 -1.881379e-01 -2.880081e-01
    outer loop
      vertex   3.847685e+01 -2.450694e+01 2.288370e+00
      vertex   3.850283e+01 -2.491255e+01 2.638017e+00
      vertex   3.838434e+01 -2.485179e+01 2.212031e+00
    endloop
  endfacet
  facet normal 5.742254e-01 -6.841022e-01 -4.497438e-01
    outer loop
      vertex   3.760650e+01 -2.610650e+01 2.067781e+00
      vertex   3.725495e+01 -2.641096e+01 2.082027e+00
      vertex   3.745446e+01 -2.595446e+01 1.642393e+00
    endloop
  endfacet
  facet normal 5.777575e-01 -6.829571e-01 -4.469518e-01
    outer loop
      vertex   3.745446e+01 -2.595446e+01 1.642393e+00
      vertex   3.725495e+01 -2.641096e+01 2.082027e+00
      vertex   3.711987e+01 -2.624846e+01 1.659127e+00
    endloop
  endfacet
  facet normal 5.341441e-01 -6.393638e-01 -5.530859e-01
    outer loop
      vertex   3.745446e+01 -2.595446e+01 1.642393e+00
      vertex   3.711987e+01 -2.624846e+01 1.659127e+00
      vertex   3.727425e+01 -2.577425e+01 1.260027e+00
    endloop
  endfacet
  facet normal 5.387223e-01 -6.382208e-01 -5.499568e-01
    outer loop
      vertex   3.727425e+01 -2.577425e+01 1.260027e+00
      vertex   3.711987e+01 -2.624846e+01 1.659127e+00
      vertex   3.696008e+01 -2.605487e+01 1.277932e+00
    endloop
  endfacet
  facet normal 4.888920e-01 -5.884331e-01 -6.439962e-01
    outer loop
      vertex   3.727425e+01 -2.577425e+01 1.260027e+00
      vertex   3.696008e+01 -2.605487e+01 1.277932e+00
      vertex   3.707339e+01 -2.557339e+01 9.240099e-01
    endloop
  endfacet
  facet normal 4.944555e-01 -5.873445e-01 -6.407341e-01
    outer loop
      vertex   3.707339e+01 -2.557339e+01 9.240099e-01
      vertex   3.696008e+01 -2.605487e+01 1.277932e+00
      vertex   3.678236e+01 -2.583779e+01 9.417944e-01
    endloop
  endfacet
  facet normal 4.411159e-01 -5.340497e-01 -7.212543e-01
    outer loop
      vertex   3.707339e+01 -2.557339e+01 9.240099e-01
      vertex   3.678236e+01 -2.583779e+01 9.417944e-01
      vertex   3.685815e+01 -2.535815e+01 6.329966e-01
    endloop
  endfacet
  facet normal 9.131132e-01 -1.621504e-01 -3.740742e-01
    outer loop
      vertex   3.847685e+01 -2.450694e+01 2.288370e+00
      vertex   3.838434e+01 -2.485179e+01 2.212031e+00
      vertex   3.832878e+01 -2.445001e+01 1.902251e+00
    endloop
  endfacet
  facet normal 9.014904e-01 -1.791171e-01 -3.939951e-01
    outer loop
      vertex   3.832878e+01 -2.445001e+01 1.902251e+00
      vertex   3.838434e+01 -2.485179e+01 2.212031e+00
      vertex   3.822548e+01 -2.477175e+01 1.812159e+00
    endloop
  endfacet
  facet normal 8.708662e-01 -1.483988e-01 -4.685827e-01
    outer loop
      vertex   3.832878e+01 -2.445001e+01 1.902251e+00
      vertex   3.822548e+01 -2.477175e+01 1.812159e+00
      vertex   3.814512e+01 -2.438074e+01 1.538974e+00
    endloop
  endfacet
  facet normal 7.558274e-01 -2.449858e-01 -6.072124e-01
    outer loop
      vertex   3.780758e+01 -2.456786e+01 1.105249e+00
      vertex   3.788407e+01 -2.497117e+01 1.363170e+00
      vertex   3.765764e+01 -2.483554e+01 1.026604e+00
    endloop
  endfacet
  facet normal 1.962456e-01 -7.998957e-01 -5.671459e-01
    outer loop
      vertex   3.594225e+01 -2.662411e+01 1.517357e+00
      vertex   3.585662e+01 -2.640624e+01 1.180447e+00
      vertex   3.617677e+01 -2.625004e+01 1.070933e+00
    endloop
  endfacet
  facet normal 1.306834e-01 -7.346460e-01 -6.657455e-01
    outer loop
      vertex   3.617677e+01 -2.625004e+01 1.070933e+00
      vertex   3.585662e+01 -2.640624e+01 1.180447e+00
      vertex   3.604768e+01 -2.600071e+01 7.704560e-01
    endloop
  endfacet
  facet normal 2.724944e-01 -6.796547e-01 -6.810406e-01
    outer loop
      vertex   3.617677e+01 -2.625004e+01 1.070933e+00
      vertex   3.604768e+01 -2.600071e+01 7.704560e-01
      vertex   3.632560e+01 -2.581426e+01 6.955796e-01
    endloop
  endfacet
  facet normal 2.067626e-01 -6.140667e-01 -7.616897e-01
    outer loop
      vertex   3.632560e+01 -2.581426e+01 6.955796e-01
      vertex   3.604768e+01 -2.600071e+01 7.704560e-01
      vertex   3.615618e+01 -2.555282e+01 4.388256e-01
    endloop
  endfacet
  facet normal 3.221228e-01 -5.488278e-01 -7.713786e-01
    outer loop
      vertex   3.632560e+01 -2.581426e+01 6.955796e-01
      vertex   3.615618e+01 -2.555282e+01 4.388256e-01
      vertex   3.639332e+01 -2.535647e+01 3.981520e-01
    endloop
  endfacet
  facet normal 2.599811e-01 -4.867421e-01 -8.339616e-01
    outer loop
      vertex   3.639332e+01 -2.535647e+01 3.981520e-01
      vertex   3.615618e+01 -2.555282e+01 4.388256e-01
      vertex   3.618829e+01 -2.509993e+01 1.845064e-01
    endloop
  endfacet
  facet normal 3.497716e-01 -4.184883e-01 -8.381691e-01
    outer loop
      vertex   3.639332e+01 -2.535647e+01 3.981520e-01
      vertex   3.618829e+01 -2.509993e+01 1.845064e-01
      vertex   3.639915e+01 -2.489915e+01 1.722452e-01
    endloop
  endfacet
  facet normal 2.942177e-01 -3.629567e-01 -8.841371e-01
    outer loop
      vertex   3.639915e+01 -2.489915e+01 1.722452e-01
      vertex   3.618829e+01 -2.509993e+01 1.845064e-01
      vertex   3.616189e+01 -2.466189e+01 -4.108840e-03
    endloop
  endfacet
  facet normal 7.155180e-01 -2.045542e-01 -6.679757e-01
    outer loop
      vertex   3.780758e+01 -2.456786e+01 1.105249e+00
      vertex   3.765764e+01 -2.483554e+01 1.026604e+00
      vertex   3.755864e+01 -2.445045e+01 8.026321e-01
    endloop
  endfacet
  facet normal 6.930461e-01 -2.209327e-01 -6.862039e-01
    outer loop
      vertex   3.755864e+01 -2.445045e+01 8.026321e-01
      vertex   3.765764e+01 -2.483554e+01 1.026604e+00
      vertex   3.740939e+01 -2.468972e+01 7.289317e-01
    endloop
  endfacet
  facet normal 6.510875e-01 -1.789264e-01 -7.376113e-01
    outer loop
      vertex   3.755864e+01 -2.445045e+01 8.026321e-01
      vertex   3.740939e+01 -2.468972e+01 7.289317e-01
      vertex   3.728831e+01 -2.432554e+01 5.337154e-01
    endloop
  endfacet
  facet normal 1.098412e-01 -6.687698e-01 -7.353108e-01
    outer loop
      vertex   3.576222e+01 -2.616061e+01 8.732445e-01
      vertex   3.591100e+01 -2.573147e+01 5.051676e-01
      vertex   3.604768e+01 -2.600071e+01 7.704560e-01
    endloop
  endfacet
  facet normal 2.449052e-01 -6.145670e-01 -7.498859e-01
    outer loop
      vertex   3.604768e+01 -2.600071e+01 7.704560e-01
      vertex   3.591100e+01 -2.573147e+01 5.051676e-01
      vertex   3.615618e+01 -2.555282e+01 4.388256e-01
    endloop
  endfacet
  facet normal 2.833188e-01 -4.847616e-01 -8.274881e-01
    outer loop
      vertex   3.618829e+01 -2.509993e+01 1.845064e-01
      vertex   3.615618e+01 -2.555282e+01 4.388256e-01
      vertex   3.598122e+01 -2.527906e+01 2.185463e-01
    endloop
  endfacet
  facet normal 1.763986e-01 -5.461741e-01 -8.188879e-01
    outer loop
      vertex   3.598122e+01 -2.527906e+01 2.185463e-01
      vertex   3.615618e+01 -2.555282e+01 4.388256e-01
      vertex   3.591100e+01 -2.573147e+01 5.051676e-01
    endloop
  endfacet
  facet normal 6.698736e-01 -1.256756e-01 -7.317616e-01
    outer loop
      vertex   3.728831e+01 -2.432554e+01 5.337154e-01
      vertex   3.741572e+01 -2.411708e+01 6.145427e-01
      vertex   3.755864e+01 -2.445045e+01 8.026321e-01
    endloop
  endfacet
  facet normal 6.981676e-01 -1.006066e-01 -7.088302e-01
    outer loop
      vertex   3.755864e+01 -2.445045e+01 8.026321e-01
      vertex   3.741572e+01 -2.411708e+01 6.145427e-01
      vertex   3.768521e+01 -2.421279e+01 8.935700e-01
    endloop
  endfacet
  facet normal 7.373739e-01 -1.398471e-01 -6.608499e-01
    outer loop
      vertex   3.755864e+01 -2.445045e+01 8.026321e-01
      vertex   3.768521e+01 -2.421279e+01 8.935700e-01
      vertex   3.780758e+01 -2.456786e+01 1.105249e+00
    endloop
  endfacet
  facet normal 6.288320e-01 -8.463220e-02 -7.729215e-01
    outer loop
      vertex   3.741572e+01 -2.411708e+01 6.145427e-01
      vertex   3.728831e+01 -2.432554e+01 5.337154e-01
      vertex   3.712403e+01 -2.401515e+01 3.660744e-01
    endloop
  endfacet
  facet normal 1.814246e-01 -7.401318e-01 -6.475261e-01
    outer loop
      vertex   3.585662e+01 -2.640624e+01 1.180447e+00
      vertex   3.576222e+01 -2.616061e+01 8.732445e-01
      vertex   3.604768e+01 -2.600071e+01 7.704560e-01
    endloop
  endfacet
  facet normal 3.019128e-01 -3.616120e-01 -8.820915e-01
    outer loop
      vertex   3.616189e+01 -2.466189e+01 -4.108840e-03
      vertex   3.618829e+01 -2.509993e+01 1.845064e-01
      vertex   3.597995e+01 -2.483736e+01 5.555895e-03
    endloop
  endfacet
  facet normal 2.215179e-01 -4.230365e-01 -8.786182e-01
    outer loop
      vertex   3.597995e+01 -2.483736e+01 5.555895e-03
      vertex   3.618829e+01 -2.509993e+01 1.845064e-01
      vertex   3.598122e+01 -2.527906e+01 2.185463e-01
    endloop
  endfacet
  facet normal 4.831641e-01 -1.501772e-01 -8.625539e-01
    outer loop
      vertex   3.669737e+01 -2.405993e+01 9.531923e-02
      vertex   3.686299e+01 -2.437698e+01 2.432915e-01
      vertex   3.657200e+01 -2.421429e+01 5.196583e-02
    endloop
  endfacet
  facet normal 1.165393e-01 -4.522628e-01 -8.842381e-01
    outer loop
      vertex   3.543958e+01 -2.528978e+01 1.370996e-01
      vertex   3.532254e+01 -2.496491e+01 -4.448936e-02
      vertex   3.547304e+01 -2.483846e+01 -8.932718e-02
    endloop
  endfacet
  facet normal 3.783487e-02 -3.736762e-01 -9.267873e-01
    outer loop
      vertex   3.547304e+01 -2.483846e+01 -8.932718e-02
      vertex   3.532254e+01 -2.496491e+01 -4.448936e-02
      vertex   3.532113e+01 -2.452067e+01 -2.236609e-01
    endloop
  endfacet
  facet normal 1.344055e-01 -3.306243e-01 -9.341428e-01
    outer loop
      vertex   3.547304e+01 -2.483846e+01 -8.932718e-02
      vertex   3.532113e+01 -2.452067e+01 -2.236609e-01
      vertex   3.543949e+01 -2.441134e+01 -2.453271e-01
    endloop
  endfacet
  facet normal 6.669118e-02 -2.629398e-01 -9.625045e-01
    outer loop
      vertex   3.543949e+01 -2.441134e+01 -2.453271e-01
      vertex   3.532113e+01 -2.452067e+01 -2.236609e-01
      vertex   3.525550e+01 -2.411178e+01 -3.399097e-01
    endloop
  endfacet
  facet normal 1.331156e-01 -2.231373e-01 -9.656552e-01
    outer loop
      vertex   3.543949e+01 -2.441134e+01 -2.453271e-01
      vertex   3.525550e+01 -2.411178e+01 -3.399097e-01
      vertex   3.534322e+01 -2.402639e+01 -3.475497e-01
    endloop
  endfacet
  facet normal 7.568552e-02 -1.657197e-01 -9.832643e-01
    outer loop
      vertex   3.534322e+01 -2.402639e+01 -3.475497e-01
      vertex   3.525550e+01 -2.411178e+01 -3.399097e-01
      vertex   3.512911e+01 -2.375175e+01 -4.103189e-01
    endloop
  endfacet
  facet normal 1.148948e-01 -1.353469e-01 -9.841140e-01
    outer loop
      vertex   3.534322e+01 -2.402639e+01 -3.475497e-01
      vertex   3.512911e+01 -2.375175e+01 -4.103189e-01
      vertex   3.519055e+01 -2.369055e+01 -4.115618e-01
    endloop
  endfacet
  facet normal 6.362454e-02 -8.407892e-02 -9.944258e-01
    outer loop
      vertex   3.519055e+01 -2.369055e+01 -4.115618e-01
      vertex   3.512911e+01 -2.375175e+01 -4.103189e-01
      vertex   3.494540e+01 -2.344540e+01 -4.479746e-01
    endloop
  endfacet
  facet normal 2.465974e-01 -3.063168e-01 -9.194345e-01
    outer loop
      vertex   3.616189e+01 -2.466189e+01 -4.108840e-03
      vertex   3.597995e+01 -2.483736e+01 5.555895e-03
      vertex   3.592163e+01 -2.442163e+01 -1.485874e-01
    endloop
  endfacet
  facet normal 4.378364e-01 -1.048320e-01 -8.929219e-01
    outer loop
      vertex   3.669737e+01 -2.405993e+01 9.531923e-02
      vertex   3.657200e+01 -2.421429e+01 5.196583e-02
      vertex   3.638245e+01 -2.392155e+01 -7.534315e-02
    endloop
  endfacet
  facet normal 4.096156e-01 -1.276127e-01 -9.032885e-01
    outer loop
      vertex   3.638245e+01 -2.392155e+01 -7.534315e-02
      vertex   3.657200e+01 -2.421429e+01 5.196583e-02
      vertex   3.627231e+01 -2.404884e+01 -1.073096e-01
    endloop
  endfacet
  facet normal 3.622507e-01 -8.026499e-02 -9.286183e-01
    outer loop
      vertex   3.638245e+01 -2.392155e+01 -7.534315e-02
      vertex   3.627231e+01 -2.404884e+01 -1.073096e-01
      vertex   3.605754e+01 -2.378036e+01 -2.142957e-01
    endloop
  endfacet
  facet normal 3.341475e-01 -1.059078e-01 -9.365517e-01
    outer loop
      vertex   3.605754e+01 -2.378036e+01 -2.142957e-01
      vertex   3.627231e+01 -2.404884e+01 -1.073096e-01
      vertex   3.596559e+01 -2.388123e+01 -2.356960e-01
    endloop
  endfacet
  facet normal 2.850681e-01 -5.686779e-02 -9.568188e-01
    outer loop
      vertex   3.605754e+01 -2.378036e+01 -2.142957e-01
      vertex   3.596559e+01 -2.388123e+01 -2.356960e-01
      vertex   3.572479e+01 -2.363703e+01 -3.219514e-01
    endloop
  endfacet
  facet normal 2.576722e-01 -8.585696e-02 -9.624103e-01
    outer loop
      vertex   3.572479e+01 -2.363703e+01 -3.219514e-01
      vertex   3.596559e+01 -2.388123e+01 -2.356960e-01
      vertex   3.565352e+01 -2.371207e+01 -3.343389e-01
    endloop
  endfacet
  facet normal 2.067626e-01 -3.496984e-02 -9.777660e-01
    outer loop
      vertex   3.572479e+01 -2.363703e+01 -3.219514e-01
      vertex   3.565352e+01 -2.371207e+01 -3.343389e-01
      vertex   3.538635e+01 -2.349220e+01 -3.986990e-01
    endloop
  endfacet
  facet normal 1.815926e-01 -6.653508e-02 -9.811204e-01
    outer loop
      vertex   3.538635e+01 -2.349220e+01 -3.986990e-01
      vertex   3.565352e+01 -2.371207e+01 -3.343389e-01
      vertex   3.533773e+01 -2.354193e+01 -4.043244e-01
    endloop
  endfacet
  facet normal 3.967440e-01 -3.685023e-02 -9.171893e-01
    outer loop
      vertex   3.614517e+01 -2.368161e+01 -1.876253e-01
      vertex   3.648601e+01 -2.379665e+01 -3.556584e-02
      vertex   3.638245e+01 -2.392155e+01 -7.534315e-02
    endloop
  endfacet
  facet normal 4.454234e-01 -8.547971e-02 -8.912302e-01
    outer loop
      vertex   3.638245e+01 -2.392155e+01 -7.534315e-02
      vertex   3.648601e+01 -2.379665e+01 -3.556584e-02
      vertex   3.669737e+01 -2.405993e+01 9.531923e-02
    endloop
  endfacet
  facet normal 3.650580e-01 -7.328988e-02 -9.280955e-01
    outer loop
      vertex   3.614517e+01 -2.368161e+01 -1.876253e-01
      vertex   3.638245e+01 -2.392155e+01 -7.534315e-02
      vertex   3.605754e+01 -2.378036e+01 -2.142957e-01
    endloop
  endfacet
  facet normal 2.251794e-02 -2.946275e-01 -9.553468e-01
    outer loop
      vertex   3.520207e+01 -2.462720e+01 -1.936125e-01
      vertex   3.516734e+01 -2.419613e+01 -3.273741e-01
      vertex   3.532113e+01 -2.452067e+01 -2.236609e-01
    endloop
  endfacet
  facet normal 1.081075e-01 -2.557716e-01 -9.606735e-01
    outer loop
      vertex   3.532113e+01 -2.452067e+01 -2.236609e-01
      vertex   3.516734e+01 -2.419613e+01 -3.273741e-01
      vertex   3.525550e+01 -2.411178e+01 -3.399097e-01
    endloop
  endfacet
  facet normal 9.764979e-02 -1.578825e-01 -9.826177e-01
    outer loop
      vertex   3.512911e+01 -2.375175e+01 -4.103189e-01
      vertex   3.525550e+01 -2.411178e+01 -3.399097e-01
      vertex   3.507076e+01 -2.380941e+01 -4.068528e-01
    endloop
  endfacet
  facet normal 4.309097e-02 -1.907890e-01 -9.806848e-01
    outer loop
      vertex   3.507076e+01 -2.380941e+01 -4.068528e-01
      vertex   3.525550e+01 -2.411178e+01 -3.399097e-01
      vertex   3.516734e+01 -2.419613e+01 -3.273741e-01
    endloop
  endfacet
  facet normal 3.135011e-01 -2.180306e-02 -9.493375e-01
    outer loop
      vertex   3.614517e+01 -2.368161e+01 -1.876253e-01
      vertex   3.605754e+01 -2.378036e+01 -2.142957e-01
      vertex   3.579342e+01 -2.356370e+01 -3.064925e-01
    endloop
  endfacet
  facet normal 2.826507e-01 -6.274286e-02 -9.571687e-01
    outer loop
      vertex   3.579342e+01 -2.356370e+01 -3.064925e-01
      vertex   3.605754e+01 -2.378036e+01 -2.142957e-01
      vertex   3.572479e+01 -2.363703e+01 -3.219514e-01
    endloop
  endfacet
  facet normal 2.277885e-01 -7.920860e-03 -9.736784e-01
    outer loop
      vertex   3.579342e+01 -2.356370e+01 -3.064925e-01
      vertex   3.572479e+01 -2.363703e+01 -3.219514e-01
      vertex   3.543349e+01 -2.344366e+01 -3.916718e-01
    endloop
  endfacet
  facet normal 1.995681e-01 -5.216718e-02 -9.784943e-01
    outer loop
      vertex   3.543349e+01 -2.344366e+01 -3.916718e-01
      vertex   3.572479e+01 -2.363703e+01 -3.219514e-01
      vertex   3.538635e+01 -2.349220e+01 -3.986990e-01
    endloop
  endfacet
  facet normal 9.985661e-02 -3.719050e-01 -9.228843e-01
    outer loop
      vertex   3.532254e+01 -2.496491e+01 -4.448936e-02
      vertex   3.520207e+01 -2.462720e+01 -1.936125e-01
      vertex   3.532113e+01 -2.452067e+01 -2.236609e-01
    endloop
  endfacet
  facet normal 5.034749e-02 -1.199366e-01 -9.915041e-01
    outer loop
      vertex   3.482719e+01 -2.356315e+01 -4.432960e-01
      vertex   3.485635e+01 -2.353419e+01 -4.453188e-01
      vertex   3.495370e+01 -2.392376e+01 -3.932509e-01
    endloop
  endfacet
  facet normal 4.184137e-02 -1.020848e-01 -9.938954e-01
    outer loop
      vertex   3.512911e+01 -2.375175e+01 -4.103189e-01
      vertex   3.507076e+01 -2.380941e+01 -4.068528e-01
      vertex   3.491465e+01 -2.347612e+01 -4.476574e-01
    endloop
  endfacet
  facet normal 6.994120e-02 -8.027746e-02 -9.943157e-01
    outer loop
      vertex   3.491465e+01 -2.347612e+01 -4.476574e-01
      vertex   3.494540e+01 -2.344540e+01 -4.479746e-01
      vertex   3.512911e+01 -2.375175e+01 -4.103189e-01
    endloop
  endfacet
  facet normal 1.868004e-01 4.397789e-01 -8.784646e-01
    outer loop
      vertex   3.470000e+01 -2.320000e+01 -4.600000e-01
      vertex   3.539459e+01 -2.337365e+01 -3.992310e-01
      vertex   3.506811e+01 -2.332219e+01 -4.428920e-01
    endloop
  endfacet
  facet normal 0.000000e+00 -9.961947e-01 -8.715574e-02
    outer loop
      vertex   -3.618481e+01 -2.713923e+01 2.845407e+00
      vertex   -2.182000e+01 -2.713923e+01 2.845407e+00
      vertex   -3.620000e+01 -2.720000e+01 3.540000e+00
    endloop
  endfacet
  facet normal 0.000000e+00 -9.961947e-01 -8.715574e-02
    outer loop
      vertex   -3.620000e+01 -2.720000e+01 3.540000e+00
      vertex   -2.182000e+01 -2.713923e+01 2.845407e+00
      vertex   -7.440000e+00 -2.713923e+01 2.845407e+00
    endloop
  endfacet
  facet normal 0.000000e+00 -9.961947e-01 -8.715574e-02
    outer loop
      vertex   -3.620000e+01 -2.720000e+01 3.540000e+00
      vertex   -7.440000e+00 -2.713923e+01 2.845407e+00
      vertex   6.940000e+00 -2.713923e+01 2.845407e+00
    endloop
  endfacet
  facet normal -0.000000e+00 -9.659258e-01 -2.588190e-01
    outer loop
      vertex   6.940000e+00 -2.713923e+01 2.845407e+00
      vertex   -7.440000e+00 -2.713923e+01 2.845407e+00
      vertex   6.940000e+00 -2.695877e+01 2.171919e+00
    endloop
  endfacet
  facet normal 8.304751e-18 -9.659258e-01 -2.588190e-01
    outer loop
      vertex   6.940000e+00 -2.713923e+01 2.845407e+00
      vertex   6.940000e+00 -2.695877e+01 2.171919e+00
      vertex   2.132000e+01 -2.695877e+01 2.171919e+00
    endloop
  endfacet
  facet normal 1.305147e-17 -9.063078e-01 -4.226183e-01
    outer loop
      vertex   2.132000e+01 -2.695877e+01 2.171919e+00
      vertex   6.940000e+00 -2.695877e+01 2.171919e+00
      vertex   2.132000e+01 -2.666410e+01 1.540000e+00
    endloop
  endfacet
  facet normal 1.117714e-17 -9.063078e-01 -4.226183e-01
    outer loop
      vertex   2.132000e+01 -2.695877e+01 2.171919e+00
      vertex   2.132000e+01 -2.666410e+01 1.540000e+00
      vertex   3.556603e+01 -2.666410e+01 1.540000e+00
    endloop
  endfacet
  facet normal 1.788001e-17 -8.191520e-01 -5.735764e-01
    outer loop
      vertex   3.556603e+01 -2.666410e+01 1.540000e+00
      vertex   2.132000e+01 -2.666410e+01 1.540000e+00
      vertex   3.546604e+01 -2.626418e+01 9.688496e-01
    endloop
  endfacet
  facet normal 4.501596e-17 -8.191520e-01 -5.735764e-01
    outer loop
      vertex   3.546604e+01 -2.626418e+01 9.688496e-01
      vertex   2.132000e+01 -2.666410e+01 1.540000e+00
      vertex   2.132000e+01 -2.626418e+01 9.688496e-01
    endloop
  endfacet
  facet normal 5.549581e-17 -7.071068e-01 -7.071068e-01
    outer loop
      vertex   3.546604e+01 -2.626418e+01 9.688496e-01
      vertex   2.132000e+01 -2.626418e+01 9.688496e-01
      vertex   3.534279e+01 -2.577115e+01 4.758222e-01
    endloop
  endfacet
  facet normal -2.799180e-17 -7.071068e-01 -7.071068e-01
    outer loop
      vertex   3.534279e+01 -2.577115e+01 4.758222e-01
      vertex   2.132000e+01 -2.626418e+01 9.688496e-01
      vertex   2.132000e+01 -2.577115e+01 4.758222e-01
    endloop
  endfacet
  facet normal -3.242727e-17 -5.735764e-01 -8.191520e-01
    outer loop
      vertex   3.534279e+01 -2.577115e+01 4.758222e-01
      vertex   2.132000e+01 -2.577115e+01 4.758222e-01
      vertex   3.520000e+01 -2.520000e+01 7.589838e-02
    endloop
  endfacet
  facet normal -6.552172e-17 -5.735764e-01 -8.191520e-01
    outer loop
      vertex   3.520000e+01 -2.520000e+01 7.589838e-02
      vertex   2.132000e+01 -2.577115e+01 4.758222e-01
      vertex   2.132000e+01 -2.520000e+01 7.589838e-02
    endloop
  endfacet
  facet normal -7.249307e-17 -4.226183e-01 -9.063078e-01
    outer loop
      vertex   3.520000e+01 -2.520000e+01 7.589838e-02
      vertex   2.132000e+01 -2.520000e+01 7.589838e-02
      vertex   3.504202e+01 -2.456808e+01 -2.187705e-01
    endloop
  endfacet
  facet normal -3.666384e-17 -4.226183e-01 -9.063078e-01
    outer loop
      vertex   3.504202e+01 -2.456808e+01 -2.187705e-01
      vertex   2.132000e+01 -2.520000e+01 7.589838e-02
      vertex   2.132000e+01 -2.456808e+01 -2.187705e-01
    endloop
  endfacet
  facet normal -3.907563e-17 -2.588190e-01 -9.659258e-01
    outer loop
      vertex   3.504202e+01 -2.456808e+01 -2.187705e-01
      vertex   2.132000e+01 -2.456808e+01 -2.187705e-01
      vertex   3.487365e+01 -2.389459e+01 -3.992310e-01
    endloop
  endfacet
  facet normal -7.912210e-17 -2.588190e-01 -9.659258e-01
    outer loop
      vertex   3.487365e+01 -2.389459e+01 -3.992310e-01
      vertex   2.132000e+01 -2.456808e+01 -2.187705e-01
      vertex   2.132000e+01 -2.389459e+01 -3.992310e-01
    endloop
  endfacet
  facet normal -8.160152e-17 -8.715574e-02 -9.961947e-01
    outer loop
      vertex   3.487365e+01 -2.389459e+01 -3.992310e-01
      vertex   2.132000e+01 -2.389459e+01 -3.992310e-01
      vertex   3.470000e+01 -2.320000e+01 -4.600000e-01
    endloop
  endfacet
  facet normal 0.000000e+00 -8.715574e-02 -9.961947e-01
    outer loop
      vertex   3.470000e+01 -2.320000e+01 -4.600000e-01
      vertex   2.132000e+01 -2.389459e+01 -3.992310e-01
      vertex   6.940000e+00 -2.389459e+01 -3.992310e-01
    endloop
  endfacet
  facet normal 0.000000e+00 -8.715574e-02 -9.961947e-01
    outer loop
      vertex   3.470000e+01 -2.320000e+01 -4.600000e-01
      vertex   6.940000e+00 -2.389459e+01 -3.992310e-01
      vertex   -7.440000e+00 -2.389459e+01 -3.992310e-01
    endloop
  endfacet
  facet normal 0.000000e+00 -2.588190e-01 -9.659258e-01
    outer loop
      vertex   -7.440000e+00 -2.389459e+01 -3.992310e-01
      vertex   6.940000e+00 -2.389459e+01 -3.992310e-01
      vertex   -7.440000e+00 -2.456808e+01 -2.187705e-01
    endloop
  endfacet
  facet normal 0.000000e+00 -2.588190e-01 -9.659258e-01
    outer loop
      vertex   -7.440000e+00 -2.389459e+01 -3.992310e-01
      vertex   -7.440000e+00 -2.456808e+01 -2.187705e-01
      vertex   -2.182000e+01 -2.456808e+01 -2.187705e-01
    endloop
  endfacet
  facet normal 0.000000e+00 -4.226183e-01 -9.063078e-01
    outer loop
      vertex   -2.182000e+01 -2.456808e+01 -2.187705e-01
      vertex   -7.440000e+00 -2.456808e+01 -2.187705e-01
      vertex   -2.182000e+01 -2.520000e+01 7.589838e-02
    endloop
  endfacet
  facet normal 3.666384e-17 -4.226183e-01 -9.063078e-01
    outer loop
      vertex   -2.182000e+01 -2.456808e+01 -2.187705e-01
      vertex   -2.182000e+01 -2.520000e+01 7.589838e-02
      vertex   -3.554202e+01 -2.456808e+01 -2.187705e-01
    endloop
  endfacet
  facet normal 3.728362e-17 -4.226183e-01 -9.063078e-01
    outer loop
      vertex   -3.554202e+01 -2.456808e+01 -2.187705e-01
      vertex   -2.182000e+01 -2.520000e+01 7.589838e-02
      vertex   -3.570000e+01 -2.520000e+01 7.589838e-02
    endloop
  endfacet
  facet normal 3.276086e-17 -5.735764e-01 -8.191520e-01
    outer loop
      vertex   -3.570000e+01 -2.520000e+01 7.589838e-02
      vertex   -2.182000e+01 -2.520000e+01 7.589838e-02
      vertex   -2.182000e+01 -2.577115e+01 4.758222e-01
    endloop
  endfacet
  facet normal 3.406521e-17 -5.735764e-01 -8.191520e-01
    outer loop
      vertex   -3.570000e+01 -2.520000e+01 7.589838e-02
      vertex   -2.182000e+01 -2.577115e+01 4.758222e-01
      vertex   -3.584279e+01 -2.577115e+01 4.758222e-01
    endloop
  endfacet
  facet normal 2.799180e-17 -7.071068e-01 -7.071068e-01
    outer loop
      vertex   -3.584279e+01 -2.577115e+01 4.758222e-01
      vertex   -2.182000e+01 -2.577115e+01 4.758222e-01
      vertex   -2.182000e+01 -2.626418e+01 9.688496e-01
    endloop
  endfacet
  facet normal -5.628067e-17 -7.071068e-01 -7.071068e-01
    outer loop
      vertex   -3.584279e+01 -2.577115e+01 4.758222e-01
      vertex   -2.182000e+01 -2.626418e+01 9.688496e-01
      vertex   -3.596604e+01 -2.626418e+01 9.688496e-01
    endloop
  endfacet
  facet normal -4.501596e-17 -8.191520e-01 -5.735764e-01
    outer loop
      vertex   -3.596604e+01 -2.626418e+01 9.688496e-01
      vertex   -2.182000e+01 -2.626418e+01 9.688496e-01
      vertex   -2.182000e+01 -2.666410e+01 1.540000e+00
    endloop
  endfacet
  facet normal 0.000000e+00 -8.191520e-01 -5.735764e-01
    outer loop
      vertex   -3.596604e+01 -2.626418e+01 9.688496e-01
      vertex   -2.182000e+01 -2.666410e+01 1.540000e+00
      vertex   -3.606603e+01 -2.666410e+01 1.540000e+00
    endloop
  endfacet
  facet normal 0.000000e+00 -9.063078e-01 -4.226183e-01
    outer loop
      vertex   -3.606603e+01 -2.666410e+01 1.540000e+00
      vertex   -2.182000e+01 -2.666410e+01 1.540000e+00
      vertex   -2.182000e+01 -2.695877e+01 2.171919e+00
    endloop
  endfacet
  facet normal 0.000000e+00 -9.063078e-01 -4.226183e-01
    outer loop
      vertex   -3.606603e+01 -2.666410e+01 1.540000e+00
      vertex   -2.182000e+01 -2.695877e+01 2.171919e+00
      vertex   -3.613969e+01 -2.695877e+01 2.171919e+00
    endloop
  endfacet
  facet normal 0.000000e+00 -9.659258e-01 -2.588190e-01
    outer loop
      vertex   -3.613969e+01 -2.695877e+01 2.171919e+00
      vertex   -2.182000e+01 -2.695877e+01 2.171919e+00
      vertex   -2.182000e+01 -2.713923e+01 2.845407e+00
    endloop
  endfacet
  facet normal 0.000000e+00 -9.659258e-01 -2.588190e-01
    outer loop
      vertex   -3.613969e+01 -2.695877e+01 2.171919e+00
      vertex   -2.182000e+01 -2.713923e+01 2.845407e+00
      vertex   -3.618481e+01 -2.713923e+01 2.845407e+00
    endloop
  endfacet
  facet normal 3.907563e-17 -2.588190e-01 -9.659258e-01
    outer loop
      vertex   -3.554202e+01 -2.456808e+01 -2.187705e-01
      vertex   -3.537365e+01 -2.389459e+01 -3.992310e-01
      vertex   -2.182000e+01 -2.456808e+01 -2.187705e-01
    endloop
  endfacet
  facet normal 7.929975e-17 -2.588190e-01 -9.659258e-01
    outer loop
      vertex   -2.182000e+01 -2.456808e+01 -2.187705e-01
      vertex   -3.537365e+01 -2.389459e+01 -3.992310e-01
      vertex   -2.182000e+01 -2.389459e+01 -3.992310e-01
    endloop
  endfacet
  facet normal 0.000000e+00 -2.588190e-01 -9.659258e-01
    outer loop
      vertex   -2.182000e+01 -2.456808e+01 -2.187705e-01
      vertex   -2.182000e+01 -2.389459e+01 -3.992310e-01
      vertex   -7.440000e+00 -2.389459e+01 -3.992310e-01
    endloop
  endfacet
  facet normal -0.000000e+00 -8.715574e-02 -9.961947e-01
    outer loop
      vertex   -7.440000e+00 -2.389459e+01 -3.992310e-01
      vertex   -2.182000e+01 -2.389459e+01 -3.992310e-01
      vertex   -3.520000e+01 -2.320000e+01 -4.600000e-01
    endloop
  endfacet
  facet normal -7.972878e-18 -8.715574e-02 -9.961947e-01
    outer loop
      vertex   -7.440000e+00 -2.389459e+01 -3.992310e-01
      vertex   -3.520000e+01 -2.320000e+01 -4.600000e-01
      vertex   3.470000e+01 -2.320000e+01 -4.600000e-01
    endloop
  endfacet
  facet normal 8.160152e-17 -8.715574e-02 -9.961947e-01
    outer loop
      vertex   -3.537365e+01 -2.389459e+01 -3.992310e-01
      vertex   -3.520000e+01 -2.320000e+01 -4.600000e-01
      vertex   -2.182000e+01 -2.389459e+01 -3.992310e-01
    endloop
  endfacet
  facet normal 1.111964e-17 -9.063078e-01 -4.226183e-01
    outer loop
      vertex   3.556603e+01 -2.666410e+01 1.540000e+00
      vertex   3.563969e+01 -2.695877e+01 2.171919e+00
      vertex   2.132000e+01 -2.695877e+01 2.171919e+00
    endloop
  endfacet
  facet normal 8.026621e-18 -9.659258e-01 -2.588190e-01
    outer loop
      vertex   2.132000e+01 -2.695877e+01 2.171919e+00
      vertex   3.563969e+01 -2.695877e+01 2.171919e+00
      vertex   2.132000e+01 -2.713923e+01 2.845407e+00
    endloop
  endfacet
  facet normal 8.304751e-18 -9.659258e-01 -2.588190e-01
    outer loop
      vertex   2.132000e+01 -2.695877e+01 2.171919e+00
      vertex   2.132000e+01 -2.713923e+01 2.845407e+00
      vertex   6.940000e+00 -2.713923e+01 2.845407e+00
    endloop
  endfacet
  facet normal 2.691580e-18 -9.961947e-01 -8.715574e-02
    outer loop
      vertex   6.940000e+00 -2.713923e+01 2.845407e+00
      vertex   2.132000e+01 -2.713923e+01 2.845407e+00
      vertex   3.570000e+01 -2.720000e+01 3.540000e+00
    endloop
  endfacet
  facet normal 0.000000e+00 -9.961947e-01 -8.715574e-02
    outer loop
      vertex   6.940000e+00 -2.713923e+01 2.845407e+00
      vertex   3.570000e+01 -2.720000e+01 3.540000e+00
      vertex   -3.620000e+01 -2.720000e+01 3.540000e+00
    endloop
  endfacet
  facet normal 0.000000e+00 -9.659258e-01 -2.588190e-01
    outer loop
      vertex   3.563969e+01 -2.695877e+01 2.171919e+00
      vertex   3.568481e+01 -2.713923e+01 2.845407e+00
      vertex   2.132000e+01 -2.713923e+01 2.845407e+00
    endloop
  endfacet
  facet normal 0.000000e+00 -9.961947e-01 -8.715574e-02
    outer loop
      vertex   2.132000e+01 -2.713923e+01 2.845407e+00
      vertex   3.568481e+01 -2.713923e+01 2.845407e+00
      vertex   3.570000e+01 -2.720000e+01 3.540000e+00
    endloop
  endfacet
  facet normal -0.000000e+00 -9.659258e-01 -2.588190e-01
    outer loop
      vertex   -7.440000e+00 -2.713923e+01 2.845407e+00
      vertex   -2.182000e+01 -2.713923e+01 2.845407e+00
      vertex   -7.440000e+00 -2.695877e+01 2.171919e+00
    endloop
  endfacet
  facet normal -0.000000e+00 -9.659258e-01 -2.588190e-01
    outer loop
      vertex   -7.440000e+00 -2.695877e+01 2.171919e+00
      vertex   -2.182000e+01 -2.713923e+01 2.845407e+00
      vertex   -2.182000e+01 -2.695877e+01 2.171919e+00
    endloop
  endfacet
  facet normal -0.000000e+00 -9.063078e-01 -4.226183e-01
    outer loop
      vertex   -7.440000e+00 -2.695877e+01 2.171919e+00
      vertex   -2.182000e+01 -2.695877e+01 2.171919e+00
      vertex   -7.440000e+00 -2.666410e+01 1.540000e+00
    endloop
  endfacet
  facet normal -0.000000e+00 -9.063078e-01 -4.226183e-01
    outer loop
      vertex   -7.440000e+00 -2.666410e+01 1.540000e+00
      vertex   -2.182000e+01 -2.695877e+01 2.171919e+00
      vertex   -2.182000e+01 -2.666410e+01 1.540000e+00
    endloop
  endfacet
  facet normal -0.000000e+00 -8.191520e-01 -5.735764e-01
    outer loop
      vertex   -7.440000e+00 -2.666410e+01 1.540000e+00
      vertex   -2.182000e+01 -2.666410e+01 1.540000e+00
      vertex   -7.440000e+00 -2.626418e+01 9.688496e-01
    endloop
  endfacet
  facet normal -0.000000e+00 -8.191520e-01 -5.735764e-01
    outer loop
      vertex   -7.440000e+00 -2.626418e+01 9.688496e-01
      vertex   -2.182000e+01 -2.666410e+01 1.540000e+00
      vertex   -2.182000e+01 -2.626418e+01 9.688496e-01
    endloop
  endfacet
  facet normal -0.000000e+00 -7.071068e-01 -7.071068e-01
    outer loop
      vertex   -7.440000e+00 -2.626418e+01 9.688496e-01
      vertex   -2.182000e+01 -2.626418e+01 9.688496e-01
      vertex   -7.440000e+00 -2.577115e+01 4.758222e-01
    endloop
  endfacet
  facet normal -0.000000e+00 -7.071068e-01 -7.071068e-01
    outer loop
      vertex   -7.440000e+00 -2.577115e+01 4.758222e-01
      vertex   -2.182000e+01 -2.626418e+01 9.688496e-01
      vertex   -2.182000e+01 -2.577115e+01 4.758222e-01
    endloop
  endfacet
  facet normal -0.000000e+00 -5.735764e-01 -8.191520e-01
    outer loop
      vertex   -7.440000e+00 -2.577115e+01 4.758222e-01
      vertex   -2.182000e+01 -2.577115e+01 4.758222e-01
      vertex   -7.440000e+00 -2.520000e+01 7.589838e-02
    endloop
  endfacet
  facet normal -0.000000e+00 -5.735764e-01 -8.191520e-01
    outer loop
      vertex   -7.440000e+00 -2.520000e+01 7.589838e-02
      vertex   -2.182000e+01 -2.577115e+01 4.758222e-01
      vertex   -2.182000e+01 -2.520000e+01 7.589838e-02
    endloop
  endfacet
  facet normal -0.000000e+00 -4.226183e-01 -9.063078e-01
    outer loop
      vertex   -7.440000e+00 -2.520000e+01 7.589838e-02
      vertex   -2.182000e+01 -2.520000e+01 7.589838e-02
      vertex   -7.440000e+00 -2.456808e+01 -2.187705e-01
    endloop
  endfacet
  facet normal 0.000000e+00 -9.659258e-01 -2.588190e-01
    outer loop
      vertex   -7.440000e+00 -2.713923e+01 2.845407e+00
      vertex   -7.440000e+00 -2.695877e+01 2.171919e+00
      vertex   6.940000e+00 -2.695877e+01 2.171919e+00
    endloop
  endfacet
  facet normal -0.000000e+00 -9.063078e-01 -4.226183e-01
    outer loop
      vertex   6.940000e+00 -2.695877e+01 2.171919e+00
      vertex   -7.440000e+00 -2.695877e+01 2.171919e+00
      vertex   6.940000e+00 -2.666410e+01 1.540000e+00
    endloop
  endfacet
  facet normal 0.000000e+00 -9.063078e-01 -4.226183e-01
    outer loop
      vertex   6.940000e+00 -2.695877e+01 2.171919e+00
      vertex   6.940000e+00 -2.666410e+01 1.540000e+00
      vertex   2.132000e+01 -2.666410e+01 1.540000e+00
    endloop
  endfacet
  facet normal -0.000000e+00 -8.191520e-01 -5.735764e-01
    outer loop
      vertex   2.132000e+01 -2.666410e+01 1.540000e+00
      vertex   6.940000e+00 -2.666410e+01 1.540000e+00
      vertex   2.132000e+01 -2.626418e+01 9.688496e-01
    endloop
  endfacet
  facet normal 1.305147e-17 -9.063078e-01 -4.226183e-01
    outer loop
      vertex   6.940000e+00 -2.666410e+01 1.540000e+00
      vertex   -7.440000e+00 -2.695877e+01 2.171919e+00
      vertex   -7.440000e+00 -2.666410e+01 1.540000e+00
    endloop
  endfacet
  facet normal 1.771343e-17 -8.191520e-01 -5.735764e-01
    outer loop
      vertex   6.940000e+00 -2.666410e+01 1.540000e+00
      vertex   -7.440000e+00 -2.666410e+01 1.540000e+00
      vertex   6.940000e+00 -2.626418e+01 9.688496e-01
    endloop
  endfacet
  facet normal -0.000000e+00 -8.191520e-01 -5.735764e-01
    outer loop
      vertex   6.940000e+00 -2.626418e+01 9.688496e-01
      vertex   -7.440000e+00 -2.666410e+01 1.540000e+00
      vertex   -7.440000e+00 -2.626418e+01 9.688496e-01
    endloop
  endfacet
  facet normal -0.000000e+00 -7.071068e-01 -7.071068e-01
    outer loop
      vertex   6.940000e+00 -2.626418e+01 9.688496e-01
      vertex   -7.440000e+00 -2.626418e+01 9.688496e-01
      vertex   6.940000e+00 -2.577115e+01 4.758222e-01
    endloop
  endfacet
  facet normal -0.000000e+00 -7.071068e-01 -7.071068e-01
    outer loop
      vertex   6.940000e+00 -2.577115e+01 4.758222e-01
      vertex   -7.440000e+00 -2.626418e+01 9.688496e-01
      vertex   -7.440000e+00 -2.577115e+01 4.758222e-01
    endloop
  endfacet
  facet normal -0.000000e+00 -5.735764e-01 -8.191520e-01
    outer loop
      vertex   6.940000e+00 -2.577115e+01 4.758222e-01
      vertex   -7.440000e+00 -2.577115e+01 4.758222e-01
      vertex   6.940000e+00 -2.520000e+01 7.589838e-02
    endloop
  endfacet
  facet normal 3.162175e-17 -5.735764e-01 -8.191520e-01
    outer loop
      vertex   6.940000e+00 -2.520000e+01 7.589838e-02
      vertex   -7.440000e+00 -2.577115e+01 4.758222e-01
      vertex   -7.440000e+00 -2.520000e+01 7.589838e-02
    endloop
  endfacet
  facet normal 3.498622e-17 -4.226183e-01 -9.063078e-01
    outer loop
      vertex   6.940000e+00 -2.520000e+01 7.589838e-02
      vertex   -7.440000e+00 -2.520000e+01 7.589838e-02
      vertex   6.940000e+00 -2.456808e+01 -2.187705e-01
    endloop
  endfacet
  facet normal -0.000000e+00 -4.226183e-01 -9.063078e-01
    outer loop
      vertex   6.940000e+00 -2.456808e+01 -2.187705e-01
      vertex   -7.440000e+00 -2.520000e+01 7.589838e-02
      vertex   -7.440000e+00 -2.456808e+01 -2.187705e-01
    endloop
  endfacet
  facet normal -0.000000e+00 -2.588190e-01 -9.659258e-01
    outer loop
      vertex   6.940000e+00 -2.456808e+01 -2.187705e-01
      vertex   -7.440000e+00 -2.456808e+01 -2.187705e-01
      vertex   6.940000e+00 -2.389459e+01 -3.992310e-01
    endloop
  endfacet
  facet normal 2.768250e-17 -7.071068e-01 -7.071068e-01
    outer loop
      vertex   2.132000e+01 -2.577115e+01 4.758222e-01
      vertex   2.132000e+01 -2.626418e+01 9.688496e-01
      vertex   6.940000e+00 -2.626418e+01 9.688496e-01
    endloop
  endfacet
  facet normal 2.214179e-17 -8.191520e-01 -5.735764e-01
    outer loop
      vertex   6.940000e+00 -2.626418e+01 9.688496e-01
      vertex   2.132000e+01 -2.626418e+01 9.688496e-01
      vertex   6.940000e+00 -2.666410e+01 1.540000e+00
    endloop
  endfacet
  facet normal -0.000000e+00 -7.071068e-01 -7.071068e-01
    outer loop
      vertex   2.132000e+01 -2.577115e+01 4.758222e-01
      vertex   6.940000e+00 -2.626418e+01 9.688496e-01
      vertex   6.940000e+00 -2.577115e+01 4.758222e-01
    endloop
  endfacet
  facet normal 0.000000e+00 -5.735764e-01 -8.191520e-01
    outer loop
      vertex   2.132000e+01 -2.520000e+01 7.589838e-02
      vertex   2.132000e+01 -2.577115e+01 4.758222e-01
      vertex   6.940000e+00 -2.577115e+01 4.758222e-01
    endloop
  endfacet
  facet normal -1.100857e-16 -5.735764e-01 -8.191520e-01
    outer loop
      vertex   2.132000e+01 -2.520000e+01 7.589838e-02
      vertex   6.940000e+00 -2.577115e+01 4.758222e-01
      vertex   6.940000e+00 -2.520000e+01 7.589838e-02
    endloop
  endfacet
  facet normal -6.920626e-17 -4.226183e-01 -9.063078e-01
    outer loop
      vertex   2.132000e+01 -2.456808e+01 -2.187705e-01
      vertex   2.132000e+01 -2.520000e+01 7.589838e-02
      vertex   6.940000e+00 -2.520000e+01 7.589838e-02
    endloop
  endfacet
  facet normal -0.000000e+00 -4.226183e-01 -9.063078e-01
    outer loop
      vertex   2.132000e+01 -2.456808e+01 -2.187705e-01
      vertex   6.940000e+00 -2.520000e+01 7.589838e-02
      vertex   6.940000e+00 -2.456808e+01 -2.187705e-01
    endloop
  endfacet
  facet normal 0.000000e+00 -2.588190e-01 -9.659258e-01
    outer loop
      vertex   2.132000e+01 -2.389459e+01 -3.992310e-01
      vertex   2.132000e+01 -2.456808e+01 -2.187705e-01
      vertex   6.940000e+00 -2.456808e+01 -2.187705e-01
    endloop
  endfacet
  facet normal -0.000000e+00 -2.588190e-01 -9.659258e-01
    outer loop
      vertex   2.132000e+01 -2.389459e+01 -3.992310e-01
      vertex   6.940000e+00 -2.456808e+01 -2.187705e-01
      vertex   6.940000e+00 -2.389459e+01 -3.992310e-01
    endloop
  endfacet
  facet normal 8.805506e-01 2.440671e-16 -4.739522e-01
    outer loop
      vertex   3.827717e+01 3.785107e+01 1.750069e+00
      vertex   3.827717e+01 3.091107e+01 1.750069e+00
      vertex   3.816410e+01 2.916000e+01 1.540000e+00
    endloop
  endfacet
  facet normal 8.863941e-01 -1.699821e-03 -4.629283e-01
    outer loop
      vertex   3.816410e+01 2.916000e+01 1.540000e+00
      vertex   3.827717e+01 3.091107e+01 1.750069e+00
      vertex   3.829395e+01 3.054966e+01 1.783533e+00
    endloop
  endfacet
  facet normal 8.824007e-01 7.831460e-18 -4.704986e-01
    outer loop
      vertex   3.816410e+01 2.916000e+01 1.540000e+00
      vertex   3.829395e+01 3.054966e+01 1.783533e+00
      vertex   3.816410e+01 1.582000e+01 1.540000e+00
    endloop
  endfacet
  facet normal 9.039357e-01 -8.979969e-04 -4.276674e-01
    outer loop
      vertex   3.816410e+01 1.582000e+01 1.540000e+00
      vertex   3.829395e+01 3.054966e+01 1.783533e+00
      vertex   3.834092e+01 3.019277e+01 1.883548e+00
    endloop
  endfacet
  facet normal 9.063073e-01 -1.047866e-03 -4.226180e-01
    outer loop
      vertex   3.816410e+01 1.582000e+01 1.540000e+00
      vertex   3.834092e+01 3.019277e+01 1.883548e+00
      vertex   3.845877e+01 1.582000e+01 2.171919e+00
    endloop
  endfacet
  facet normal 9.193159e-01 -3.573890e-04 -3.935202e-01
    outer loop
      vertex   3.845877e+01 1.582000e+01 2.171919e+00
      vertex   3.834092e+01 3.019277e+01 1.883548e+00
      vertex   3.841113e+01 2.986189e+01 2.047875e+00
    endloop
  endfacet
  facet normal 9.335222e-01 1.193514e-17 -3.585197e-01
    outer loop
      vertex   3.845877e+01 1.582000e+01 2.171919e+00
      vertex   3.841113e+01 2.986189e+01 2.047875e+00
      vertex   3.845877e+01 2.916000e+01 2.171919e+00
    endloop
  endfacet
  facet normal 9.393971e-01 3.174014e-03 -3.428163e-01
    outer loop
      vertex   3.845877e+01 2.916000e+01 2.171919e+00
      vertex   3.841113e+01 2.986189e+01 2.047875e+00
      vertex   3.849093e+01 2.957289e+01 2.263861e+00
    endloop
  endfacet
  facet normal 9.557331e-01 -8.946466e-03 -2.940990e-01
    outer loop
      vertex   3.845877e+01 2.916000e+01 2.171919e+00
      vertex   3.849093e+01 2.957289e+01 2.263861e+00
      vertex   3.856829e+01 2.933256e+01 2.522579e+00
    endloop
  endfacet
  facet normal 9.618646e-01 -7.730421e-02 -2.623749e-01
    outer loop
      vertex   3.856829e+01 2.933256e+01 2.522579e+00
      vertex   3.863667e+01 2.913472e+01 2.831545e+00
      vertex   3.845877e+01 2.916000e+01 2.171919e+00
    endloop
  endfacet
  facet normal 9.655027e-01 8.668498e-18 -2.603931e-01
    outer loop
      vertex   3.845877e+01 2.916000e+01 2.171919e+00
      vertex   3.863667e+01 2.913472e+01 2.831545e+00
      vertex   3.845877e+01 1.582000e+01 2.171919e+00
    endloop
  endfacet
  facet normal 9.659258e-01 -8.363300e-05 -2.588190e-01
    outer loop
      vertex   3.845877e+01 1.582000e+01 2.171919e+00
      vertex   3.863667e+01 2.913472e+01 2.831545e+00
      vertex   3.863923e+01 1.582000e+01 2.845407e+00
    endloop
  endfacet
  facet normal 9.909816e-01 5.114437e-05 -1.339982e-01
    outer loop
      vertex   3.863923e+01 1.582000e+01 2.845407e+00
      vertex   3.863667e+01 2.913472e+01 2.831545e+00
      vertex   3.868341e+01 2.899501e+01 3.177185e+00
    endloop
  endfacet
  facet normal 9.912493e-01 0.000000e+00 -1.320029e-01
    outer loop
      vertex   3.863923e+01 1.582000e+01 2.845407e+00
      vertex   3.868341e+01 2.899501e+01 3.177185e+00
      vertex   3.863923e+01 2.480000e+00 2.845407e+00
    endloop
  endfacet
  facet normal 9.948063e-01 -3.840342e-04 -1.017854e-01
    outer loop
      vertex   3.863923e+01 2.480000e+00 2.845407e+00
      vertex   3.868341e+01 2.899501e+01 3.177185e+00
      vertex   3.870000e+01 -2.420000e+01 3.540000e+00
    endloop
  endfacet
  facet normal 9.961947e-01 2.901419e-18 -8.715574e-02
    outer loop
      vertex   3.863923e+01 2.480000e+00 2.845407e+00
      vertex   3.870000e+01 -2.420000e+01 3.540000e+00
      vertex   3.863923e+01 -1.086000e+01 2.845407e+00
    endloop
  endfacet
  facet normal 9.961947e-01 0.000000e+00 -8.715574e-02
    outer loop
      vertex   3.863923e+01 -1.086000e+01 2.845407e+00
      vertex   3.870000e+01 -2.420000e+01 3.540000e+00
      vertex   3.863923e+01 -2.418481e+01 2.845407e+00
    endloop
  endfacet
  facet normal 9.659258e-01 0.000000e+00 -2.588190e-01
    outer loop
      vertex   3.863923e+01 -1.086000e+01 2.845407e+00
      vertex   3.863923e+01 -2.418481e+01 2.845407e+00
      vertex   3.845877e+01 -2.413969e+01 2.171919e+00
    endloop
  endfacet
  facet normal 9.989566e-01 7.642504e-19 -4.566896e-02
    outer loop
      vertex   3.868341e+01 2.899501e+01 3.177185e+00
      vertex   3.870000e+01 2.892213e+01 3.540000e+00
      vertex   3.870000e+01 -2.420000e+01 3.540000e+00
    endloop
  endfacet
  facet normal 9.659258e-01 -1.798571e-17 -2.588190e-01
    outer loop
      vertex   3.863923e+01 -1.086000e+01 2.845407e+00
      vertex   3.845877e+01 -2.413969e+01 2.171919e+00
      vertex   3.845877e+01 -1.086000e+01 2.171919e+00
    endloop
  endfacet
  facet normal 9.063078e-01 -2.826575e-17 -4.226183e-01
    outer loop
      vertex   3.845877e+01 -1.086000e+01 2.171919e+00
      vertex   3.845877e+01 -2.413969e+01 2.171919e+00
      vertex   3.816410e+01 -2.406603e+01 1.540000e+00
    endloop
  endfacet
  facet normal 9.063078e-01 -2.110037e-17 -4.226183e-01
    outer loop
      vertex   3.845877e+01 -1.086000e+01 2.171919e+00
      vertex   3.816410e+01 -2.406603e+01 1.540000e+00
      vertex   3.816410e+01 -1.086000e+01 1.540000e+00
    endloop
  endfacet
  facet normal 8.191520e-01 -2.893215e-17 -5.735764e-01
    outer loop
      vertex   3.816410e+01 -1.086000e+01 1.540000e+00
      vertex   3.816410e+01 -2.406603e+01 1.540000e+00
      vertex   3.776418e+01 -2.396604e+01 9.688496e-01
    endloop
  endfacet
  facet normal 8.191520e-01 4.859735e-17 -5.735764e-01
    outer loop
      vertex   3.816410e+01 -1.086000e+01 1.540000e+00
      vertex   3.776418e+01 -2.396604e+01 9.688496e-01
      vertex   3.776418e+01 -1.086000e+01 9.688496e-01
    endloop
  endfacet
  facet normal 7.071068e-01 5.989955e-17 -7.071068e-01
    outer loop
      vertex   3.776418e+01 -1.086000e+01 9.688496e-01
      vertex   3.776418e+01 -2.396604e+01 9.688496e-01
      vertex   3.727115e+01 -2.384279e+01 4.758222e-01
    endloop
  endfacet
  facet normal 7.071068e-01 0.000000e+00 -7.071068e-01
    outer loop
      vertex   3.776418e+01 -1.086000e+01 9.688496e-01
      vertex   3.727115e+01 -2.384279e+01 4.758222e-01
      vertex   3.727115e+01 -1.086000e+01 4.758222e-01
    endloop
  endfacet
  facet normal 5.735764e-01 0.000000e+00 -8.191520e-01
    outer loop
      vertex   3.727115e+01 -1.086000e+01 4.758222e-01
      vertex   3.727115e+01 -2.384279e+01 4.758222e-01
      vertex   3.670000e+01 -2.370000e+01 7.589838e-02
    endloop
  endfacet
  facet normal 5.735764e-01 0.000000e+00 -8.191520e-01
    outer loop
      vertex   3.727115e+01 -1.086000e+01 4.758222e-01
      vertex   3.670000e+01 -2.370000e+01 7.589838e-02
      vertex   3.670000e+01 -1.086000e+01 7.589838e-02
    endloop
  endfacet
  facet normal 4.226183e-01 0.000000e+00 -9.063078e-01
    outer loop
      vertex   3.670000e+01 -1.086000e+01 7.589838e-02
      vertex   3.670000e+01 -2.370000e+01 7.589838e-02
      vertex   3.606808e+01 -2.354202e+01 -2.187705e-01
    endloop
  endfacet
  facet normal 4.226183e-01 0.000000e+00 -9.063078e-01
    outer loop
      vertex   3.670000e+01 -1.086000e+01 7.589838e-02
      vertex   3.606808e+01 -2.354202e+01 -2.187705e-01
      vertex   3.606808e+01 -1.086000e+01 -2.187705e-01
    endloop
  endfacet
  facet normal 2.588190e-01 0.000000e+00 -9.659258e-01
    outer loop
      vertex   3.606808e+01 -1.086000e+01 -2.187705e-01
      vertex   3.606808e+01 -2.354202e+01 -2.187705e-01
      vertex   3.539459e+01 -2.337365e+01 -3.992310e-01
    endloop
  endfacet
  facet normal 2.588190e-01 0.000000e+00 -9.659258e-01
    outer loop
      vertex   3.606808e+01 -1.086000e+01 -2.187705e-01
      vertex   3.539459e+01 -2.337365e+01 -3.992310e-01
      vertex   3.539459e+01 -1.086000e+01 -3.992310e-01
    endloop
  endfacet
  facet normal 8.715574e-02 0.000000e+00 -9.961947e-01
    outer loop
      vertex   3.539459e+01 -1.086000e+01 -3.992310e-01
      vertex   3.539459e+01 -2.337365e+01 -3.992310e-01
      vertex   3.470000e+01 -2.320000e+01 -4.600000e-01
    endloop
  endfacet
  facet normal 8.715574e-02 0.000000e+00 -9.961947e-01
    outer loop
      vertex   3.539459e+01 -1.086000e+01 -3.992310e-01
      vertex   3.470000e+01 -2.320000e+01 -4.600000e-01
      vertex   3.539459e+01 2.480000e+00 -3.992310e-01
    endloop
  endfacet
  facet normal 8.715574e-02 8.613665e-18 -9.961947e-01
    outer loop
      vertex   3.539459e+01 2.480000e+00 -3.992310e-01
      vertex   3.470000e+01 -2.320000e+01 -4.600000e-01
      vertex   3.470000e+01 4.150000e+01 -4.600000e-01
    endloop
  endfacet
  facet normal 8.715574e-02 0.000000e+00 -9.961947e-01
    outer loop
      vertex   3.539459e+01 2.480000e+00 -3.992310e-01
      vertex   3.470000e+01 4.150000e+01 -4.600000e-01
      vertex   3.539459e+01 1.582000e+01 -3.992310e-01
    endloop
  endfacet
  facet normal 8.715574e-02 0.000000e+00 -9.961947e-01
    outer loop
      vertex   3.539459e+01 1.582000e+01 -3.992310e-01
      vertex   3.470000e+01 4.150000e+01 -4.600000e-01
      vertex   3.539459e+01 2.916000e+01 -3.992310e-01
    endloop
  endfacet
  facet normal 2.588190e-01 0.000000e+00 -9.659258e-01
    outer loop
      vertex   3.539459e+01 1.582000e+01 -3.992310e-01
      vertex   3.539459e+01 2.916000e+01 -3.992310e-01
      vertex   3.606808e+01 1.582000e+01 -2.187705e-01
    endloop
  endfacet
  facet normal 2.588190e-01 0.000000e+00 -9.659258e-01
    outer loop
      vertex   3.606808e+01 1.582000e+01 -2.187705e-01
      vertex   3.539459e+01 2.916000e+01 -3.992310e-01
      vertex   3.606808e+01 2.916000e+01 -2.187705e-01
    endloop
  endfacet
  facet normal 4.226183e-01 0.000000e+00 -9.063078e-01
    outer loop
      vertex   3.606808e+01 1.582000e+01 -2.187705e-01
      vertex   3.606808e+01 2.916000e+01 -2.187705e-01
      vertex   3.670000e+01 1.582000e+01 7.589838e-02
    endloop
  endfacet
  facet normal 4.226183e-01 3.771378e-17 -9.063078e-01
    outer loop
      vertex   3.670000e+01 1.582000e+01 7.589838e-02
      vertex   3.606808e+01 2.916000e+01 -2.187705e-01
      vertex   3.670000e+01 2.916000e+01 7.589838e-02
    endloop
  endfacet
  facet normal 5.735764e-01 3.408701e-17 -8.191520e-01
    outer loop
      vertex   3.670000e+01 1.582000e+01 7.589838e-02
      vertex   3.670000e+01 2.916000e+01 7.589838e-02
      vertex   3.727115e+01 1.582000e+01 4.758222e-01
    endloop
  endfacet
  facet normal 5.735764e-01 0.000000e+00 -8.191520e-01
    outer loop
      vertex   3.727115e+01 1.582000e+01 4.758222e-01
      vertex   3.670000e+01 2.916000e+01 7.589838e-02
      vertex   3.727115e+01 2.916000e+01 4.758222e-01
    endloop
  endfacet
  facet normal 7.071068e-01 0.000000e+00 -7.071068e-01
    outer loop
      vertex   3.727115e+01 1.582000e+01 4.758222e-01
      vertex   3.727115e+01 2.916000e+01 4.758222e-01
      vertex   3.776418e+01 1.582000e+01 9.688496e-01
    endloop
  endfacet
  facet normal 7.071068e-01 0.000000e+00 -7.071068e-01
    outer loop
      vertex   3.776418e+01 1.582000e+01 9.688496e-01
      vertex   3.727115e+01 2.916000e+01 4.758222e-01
      vertex   3.776418e+01 2.916000e+01 9.688496e-01
    endloop
  endfacet
  facet normal 8.191520e-01 0.000000e+00 -5.735764e-01
    outer loop
      vertex   3.776418e+01 1.582000e+01 9.688496e-01
      vertex   3.776418e+01 2.916000e+01 9.688496e-01
      vertex   3.816410e+01 1.582000e+01 1.540000e+00
    endloop
  endfacet
  facet normal 8.191520e-01 9.547193e-18 -5.735764e-01
    outer loop
      vertex   3.816410e+01 1.582000e+01 1.540000e+00
      vertex   3.776418e+01 2.916000e+01 9.688496e-01
      vertex   3.816410e+01 2.916000e+01 1.540000e+00
    endloop
  endfacet
  facet normal 8.715574e-02 4.453571e-17 -9.961947e-01
    outer loop
      vertex   3.470000e+01 4.150000e+01 -4.600000e-01
      vertex   3.539459e+01 4.167365e+01 -3.992310e-01
      vertex   3.539459e+01 2.916000e+01 -3.992310e-01
    endloop
  endfacet
  facet normal 2.588190e-01 4.284894e-17 -9.659258e-01
    outer loop
      vertex   3.539459e+01 2.916000e+01 -3.992310e-01
      vertex   3.539459e+01 4.167365e+01 -3.992310e-01
      vertex   3.606808e+01 2.916000e+01 -2.187705e-01
    endloop
  endfacet
  facet normal 2.588190e-01 4.237499e-17 -9.659258e-01
    outer loop
      vertex   3.539459e+01 4.167365e+01 -3.992310e-01
      vertex   3.606808e+01 4.184202e+01 -2.187705e-01
      vertex   3.606808e+01 2.916000e+01 -2.187705e-01
    endloop
  endfacet
  facet normal 4.226183e-01 3.967048e-17 -9.063078e-01
    outer loop
      vertex   3.606808e+01 2.916000e+01 -2.187705e-01
      vertex   3.606808e+01 4.184202e+01 -2.187705e-01
      vertex   3.670000e+01 2.916000e+01 7.589838e-02
    endloop
  endfacet
  facet normal 4.226183e-01 4.030348e-17 -9.063078e-01
    outer loop
      vertex   3.606808e+01 4.184202e+01 -2.187705e-01
      vertex   3.670000e+01 4.200000e+01 7.589838e-02
      vertex   3.670000e+01 2.916000e+01 7.589838e-02
    endloop
  endfacet
  facet normal 5.735764e-01 3.541439e-17 -8.191520e-01
    outer loop
      vertex   3.670000e+01 2.916000e+01 7.589838e-02
      vertex   3.670000e+01 4.200000e+01 7.589838e-02
      vertex   3.727115e+01 2.916000e+01 4.758222e-01
    endloop
  endfacet
  facet normal 5.735764e-01 6.745575e-17 -8.191520e-01
    outer loop
      vertex   3.670000e+01 4.200000e+01 7.589838e-02
      vertex   3.727115e+01 4.214279e+01 4.758222e-01
      vertex   3.727115e+01 2.916000e+01 4.758222e-01
    endloop
  endfacet
  facet normal 7.071068e-01 6.046823e-17 -7.071068e-01
    outer loop
      vertex   3.727115e+01 2.916000e+01 4.758222e-01
      vertex   3.727115e+01 4.214279e+01 4.758222e-01
      vertex   3.776418e+01 2.916000e+01 9.688496e-01
    endloop
  endfacet
  facet normal 7.071068e-01 0.000000e+00 -7.071068e-01
    outer loop
      vertex   3.727115e+01 4.214279e+01 4.758222e-01
      vertex   3.776418e+01 4.226604e+01 9.688496e-01
      vertex   3.776418e+01 2.916000e+01 9.688496e-01
    endloop
  endfacet
  facet normal 8.191520e-01 0.000000e+00 -5.735764e-01
    outer loop
      vertex   3.776418e+01 2.916000e+01 9.688496e-01
      vertex   3.776418e+01 4.226604e+01 9.688496e-01
      vertex   3.816410e+01 2.916000e+01 1.540000e+00
    endloop
  endfacet
  facet normal 8.191520e-01 3.617207e-17 -5.735764e-01
    outer loop
      vertex   3.776418e+01 4.226604e+01 9.688496e-01
      vertex   3.816410e+01 4.236603e+01 1.540000e+00
      vertex   3.816410e+01 2.916000e+01 1.540000e+00
    endloop
  endfacet
  facet normal 8.805506e-01 3.187591e-17 -4.739522e-01
    outer loop
      vertex   3.816410e+01 2.916000e+01 1.540000e+00
      vertex   3.816410e+01 4.236603e+01 1.540000e+00
      vertex   3.827717e+01 3.785107e+01 1.750069e+00
    endloop
  endfacet
  facet normal 9.061255e-01 3.924639e-03 -4.229908e-01
    outer loop
      vertex   3.845877e+01 4.243969e+01 2.171919e+00
      vertex   3.834092e+01 3.856936e+01 1.883548e+00
      vertex   3.816410e+01 4.236603e+01 1.540000e+00
    endloop
  endfacet
  facet normal 9.013149e-01 2.780836e-03 -4.331554e-01
    outer loop
      vertex   3.816410e+01 4.236603e+01 1.540000e+00
      vertex   3.834092e+01 3.856936e+01 1.883548e+00
      vertex   3.829395e+01 3.821247e+01 1.783533e+00
    endloop
  endfacet
  facet normal 8.894550e-01 1.010732e-03 -4.570216e-01
    outer loop
      vertex   3.816410e+01 4.236603e+01 1.540000e+00
      vertex   3.829395e+01 3.821247e+01 1.783533e+00
      vertex   3.827717e+01 3.785107e+01 1.750069e+00
    endloop
  endfacet
  facet normal 9.658310e-01 4.954457e-03 -2.591255e-01
    outer loop
      vertex   3.863923e+01 4.248481e+01 2.845407e+00
      vertex   3.856829e+01 3.942957e+01 2.522579e+00
      vertex   3.845877e+01 4.243969e+01 2.171919e+00
    endloop
  endfacet
  facet normal 9.577399e-01 1.339206e-03 -2.876324e-01
    outer loop
      vertex   3.845877e+01 4.243969e+01 2.171919e+00
      vertex   3.856829e+01 3.942957e+01 2.522579e+00
      vertex   3.849093e+01 3.918924e+01 2.263861e+00
    endloop
  endfacet
  facet normal 9.382474e-01 -5.036100e-04 -3.459646e-01
    outer loop
      vertex   3.845877e+01 4.243969e+01 2.171919e+00
      vertex   3.849093e+01 3.918924e+01 2.263861e+00
      vertex   3.841113e+01 3.890025e+01 2.047875e+00
    endloop
  endfacet
  facet normal 9.961689e-01 5.540462e-03 -8.727467e-02
    outer loop
      vertex   3.870000e+01 4.250000e+01 3.540000e+00
      vertex   3.868341e+01 3.976712e+01 3.177185e+00
      vertex   3.863923e+01 4.248481e+01 2.845407e+00
    endloop
  endfacet
  facet normal 9.909916e-01 -2.386899e-04 -1.339238e-01
    outer loop
      vertex   3.863923e+01 4.248481e+01 2.845407e+00
      vertex   3.868341e+01 3.976712e+01 3.177185e+00
      vertex   3.863667e+01 3.962742e+01 2.831545e+00
    endloop
  endfacet
  facet normal 9.763511e-01 1.735531e-04 -2.161910e-01
    outer loop
      vertex   3.863923e+01 4.248481e+01 2.845407e+00
      vertex   3.863667e+01 3.962742e+01 2.831545e+00
      vertex   3.856829e+01 3.942957e+01 2.522579e+00
    endloop
  endfacet
  facet normal 9.989566e-01 -1.524896e-17 -4.566896e-02
    outer loop
      vertex   3.870000e+01 4.250000e+01 3.540000e+00
      vertex   3.870000e+01 3.984000e+01 3.540000e+00
      vertex   3.868341e+01 3.976712e+01 3.177185e+00
    endloop
  endfacet
  facet normal 9.184825e-01 1.497012e-03 -3.954589e-01
    outer loop
      vertex   3.841113e+01 3.890025e+01 2.047875e+00
      vertex   3.834092e+01 3.856936e+01 1.883548e+00
      vertex   3.845877e+01 4.243969e+01 2.171919e+00
    endloop
  endfacet
  facet normal 9.063078e-01 7.034491e-18 -4.226183e-01
    outer loop
      vertex   3.816410e+01 -1.086000e+01 1.540000e+00
      vertex   3.816410e+01 2.480000e+00 1.540000e+00
      vertex   3.845877e+01 -1.086000e+01 2.171919e+00
    endloop
  endfacet
  facet normal 9.063078e-01 4.220694e-17 -4.226183e-01
    outer loop
      vertex   3.845877e+01 -1.086000e+01 2.171919e+00
      vertex   3.816410e+01 2.480000e+00 1.540000e+00
      vertex   3.845877e+01 2.480000e+00 2.171919e+00
    endloop
  endfacet
  facet normal 9.659258e-01 2.584829e-17 -2.588190e-01
    outer loop
      vertex   3.845877e+01 -1.086000e+01 2.171919e+00
      vertex   3.845877e+01 2.480000e+00 2.171919e+00
      vertex   3.863923e+01 -1.086000e+01 2.845407e+00
    endloop
  endfacet
  facet normal 9.659258e-01 8.616098e-18 -2.588190e-01
    outer loop
      vertex   3.863923e+01 -1.086000e+01 2.845407e+00
      vertex   3.845877e+01 2.480000e+00 2.171919e+00
      vertex   3.863923e+01 2.480000e+00 2.845407e+00
    endloop
  endfacet
  facet normal 9.063078e-01 2.813796e-17 -4.226183e-01
    outer loop
      vertex   3.816410e+01 2.480000e+00 1.540000e+00
      vertex   3.816410e+01 1.582000e+01 1.540000e+00
      vertex   3.845877e+01 2.480000e+00 2.171919e+00
    endloop
  endfacet
  facet normal 9.063078e-01 0.000000e+00 -4.226183e-01
    outer loop
      vertex   3.845877e+01 2.480000e+00 2.171919e+00
      vertex   3.816410e+01 1.582000e+01 1.540000e+00
      vertex   3.845877e+01 1.582000e+01 2.171919e+00
    endloop
  endfacet
  facet normal 9.659258e-01 0.000000e+00 -2.588190e-01
    outer loop
      vertex   3.845877e+01 2.480000e+00 2.171919e+00
      vertex   3.845877e+01 1.582000e+01 2.171919e+00
      vertex   3.863923e+01 2.480000e+00 2.845407e+00
    endloop
  endfacet
  facet normal 9.659258e-01 0.000000e+00 -2.588190e-01
    outer loop
      vertex   3.863923e+01 2.480000e+00 2.845407e+00
      vertex   3.845877e+01 1.582000e+01 2.171919e+00
      vertex   3.863923e+01 1.582000e+01 2.845407e+00
    endloop
  endfacet
  facet normal 8.191520e-01 9.547193e-18 -5.735764e-01
    outer loop
      vertex   3.816410e+01 2.480000e+00 1.540000e+00
      vertex   3.816410e+01 -1.086000e+01 1.540000e+00
      vertex   3.776418e+01 2.480000e+00 9.688496e-01
    endloop
  endfacet
  facet normal 8.191520e-01 0.000000e+00 -5.735764e-01
    outer loop
      vertex   3.776418e+01 2.480000e+00 9.688496e-01
      vertex   3.816410e+01 -1.086000e+01 1.540000e+00
      vertex   3.776418e+01 -1.086000e+01 9.688496e-01
    endloop
  endfacet
  facet normal 7.071068e-01 0.000000e+00 -7.071068e-01
    outer loop
      vertex   3.776418e+01 2.480000e+00 9.688496e-01
      vertex   3.776418e+01 -1.086000e+01 9.688496e-01
      vertex   3.727115e+01 2.480000e+00 4.758222e-01
    endloop
  endfacet
  facet normal 7.071068e-01 0.000000e+00 -7.071068e-01
    outer loop
      vertex   3.727115e+01 2.480000e+00 4.758222e-01
      vertex   3.776418e+01 -1.086000e+01 9.688496e-01
      vertex   3.727115e+01 -1.086000e+01 4.758222e-01
    endloop
  endfacet
  facet normal 5.735764e-01 0.000000e+00 -8.191520e-01
    outer loop
      vertex   3.727115e+01 2.480000e+00 4.758222e-01
      vertex   3.727115e+01 -1.086000e+01 4.758222e-01
      vertex   3.670000e+01 2.480000e+00 7.589838e-02
    endloop
  endfacet
  facet normal 5.735764e-01 3.408701e-17 -8.191520e-01
    outer loop
      vertex   3.670000e+01 2.480000e+00 7.589838e-02
      vertex   3.727115e+01 -1.086000e+01 4.758222e-01
      vertex   3.670000e+01 -1.086000e+01 7.589838e-02
    endloop
  endfacet
  facet normal 4.226183e-01 3.771378e-17 -9.063078e-01
    outer loop
      vertex   3.670000e+01 2.480000e+00 7.589838e-02
      vertex   3.670000e+01 -1.086000e+01 7.589838e-02
      vertex   3.606808e+01 2.480000e+00 -2.187705e-01
    endloop
  endfacet
  facet normal 4.226183e-01 0.000000e+00 -9.063078e-01
    outer loop
      vertex   3.606808e+01 2.480000e+00 -2.187705e-01
      vertex   3.670000e+01 -1.086000e+01 7.589838e-02
      vertex   3.606808e+01 -1.086000e+01 -2.187705e-01
    endloop
  endfacet
  facet normal 2.588190e-01 0.000000e+00 -9.659258e-01
    outer loop
      vertex   3.606808e+01 2.480000e+00 -2.187705e-01
      vertex   3.606808e+01 -1.086000e+01 -2.187705e-01
      vertex   3.539459e+01 2.480000e+00 -3.992310e-01
    endloop
  endfacet
  facet normal 2.588190e-01 0.000000e+00 -9.659258e-01
    outer loop
      vertex   3.539459e+01 2.480000e+00 -3.992310e-01
      vertex   3.606808e+01 -1.086000e+01 -2.187705e-01
      vertex   3.539459e+01 -1.086000e+01 -3.992310e-01
    endloop
  endfacet
  facet normal 8.191520e-01 3.818877e-17 -5.735764e-01
    outer loop
      vertex   3.816410e+01 1.582000e+01 1.540000e+00
      vertex   3.816410e+01 2.480000e+00 1.540000e+00
      vertex   3.776418e+01 1.582000e+01 9.688496e-01
    endloop
  endfacet
  facet normal 8.191520e-01 2.386798e-17 -5.735764e-01
    outer loop
      vertex   3.776418e+01 1.582000e+01 9.688496e-01
      vertex   3.816410e+01 2.480000e+00 1.540000e+00
      vertex   3.776418e+01 2.480000e+00 9.688496e-01
    endloop
  endfacet
  facet normal 7.071068e-01 2.942452e-17 -7.071068e-01
    outer loop
      vertex   3.776418e+01 1.582000e+01 9.688496e-01
      vertex   3.776418e+01 2.480000e+00 9.688496e-01
      vertex   3.727115e+01 1.582000e+01 4.758222e-01
    endloop
  endfacet
  facet normal 7.071068e-01 2.942452e-17 -7.071068e-01
    outer loop
      vertex   3.727115e+01 1.582000e+01 4.758222e-01
      vertex   3.776418e+01 2.480000e+00 9.688496e-01
      vertex   3.727115e+01 2.480000e+00 4.758222e-01
    endloop
  endfacet
  facet normal 5.735764e-01 3.408701e-17 -8.191520e-01
    outer loop
      vertex   3.727115e+01 1.582000e+01 4.758222e-01
      vertex   3.727115e+01 2.480000e+00 4.758222e-01
      vertex   3.670000e+01 1.582000e+01 7.589838e-02
    endloop
  endfacet
  facet normal 5.735764e-01 -3.055102e-16 -8.191520e-01
    outer loop
      vertex   3.670000e+01 1.582000e+01 7.589838e-02
      vertex   3.727115e+01 2.480000e+00 4.758222e-01
      vertex   3.670000e+01 2.480000e+00 7.589838e-02
    endloop
  endfacet
  facet normal 4.226183e-01 -2.251037e-16 -9.063078e-01
    outer loop
      vertex   3.670000e+01 1.582000e+01 7.589838e-02
      vertex   3.670000e+01 2.480000e+00 7.589838e-02
      vertex   3.606808e+01 1.582000e+01 -2.187705e-01
    endloop
  endfacet
  facet normal 4.226183e-01 0.000000e+00 -9.063078e-01
    outer loop
      vertex   3.606808e+01 1.582000e+01 -2.187705e-01
      vertex   3.670000e+01 2.480000e+00 7.589838e-02
      vertex   3.606808e+01 2.480000e+00 -2.187705e-01
    endloop
  endfacet
  facet normal 2.588190e-01 0.000000e+00 -9.659258e-01
    outer loop
      vertex   3.606808e+01 1.582000e+01 -2.187705e-01
      vertex   3.606808e+01 2.480000e+00 -2.187705e-01
      vertex   3.539459e+01 1.582000e+01 -3.992310e-01
    endloop
  endfacet
  facet normal 2.588190e-01 0.000000e+00 -9.659258e-01
    outer loop
      vertex   3.539459e+01 1.582000e+01 -3.992310e-01
      vertex   3.606808e+01 2.480000e+00 -2.187705e-01
      vertex   3.539459e+01 2.480000e+00 -3.992310e-01
    endloop
  endfacet
  facet normal -4.569093e-17 8.715574e-02 -9.961947e-01
    outer loop
      vertex   -3.537365e+01 4.219459e+01 -3.992310e-01
      vertex   -2.182000e+01 4.219459e+01 -3.992310e-01
      vertex   -3.520000e+01 4.150000e+01 -4.600000e-01
    endloop
  endfacet
  facet normal 7.681895e-17 8.715574e-02 -9.961947e-01
    outer loop
      vertex   -3.520000e+01 4.150000e+01 -4.600000e-01
      vertex   -2.182000e+01 4.219459e+01 -3.992310e-01
      vertex   -7.440000e+00 4.219459e+01 -3.992310e-01
    endloop
  endfacet
  facet normal -4.152375e-18 8.715574e-02 -9.961947e-01
    outer loop
      vertex   -3.520000e+01 4.150000e+01 -4.600000e-01
      vertex   -7.440000e+00 4.219459e+01 -3.992310e-01
      vertex   6.940000e+00 4.219459e+01 -3.992310e-01
    endloop
  endfacet
  facet normal -9.059968e-17 2.588190e-01 -9.659258e-01
    outer loop
      vertex   6.940000e+00 4.219459e+01 -3.992310e-01
      vertex   -7.440000e+00 4.219459e+01 -3.992310e-01
      vertex   6.940000e+00 4.286808e+01 -2.187705e-01
    endloop
  endfacet
  facet normal -5.398088e-17 2.588190e-01 -9.659258e-01
    outer loop
      vertex   6.940000e+00 4.219459e+01 -3.992310e-01
      vertex   6.940000e+00 4.286808e+01 -2.187705e-01
      vertex   2.132000e+01 4.286808e+01 -2.187705e-01
    endloop
  endfacet
  facet normal -1.388512e-16 4.226183e-01 -9.063078e-01
    outer loop
      vertex   2.132000e+01 4.286808e+01 -2.187705e-01
      vertex   6.940000e+00 4.286808e+01 -2.187705e-01
      vertex   2.132000e+01 4.350000e+01 7.589838e-02
    endloop
  endfacet
  facet normal 7.332767e-17 4.226183e-01 -9.063078e-01
    outer loop
      vertex   2.132000e+01 4.286808e+01 -2.187705e-01
      vertex   2.132000e+01 4.350000e+01 7.589838e-02
      vertex   3.504202e+01 4.286808e+01 -2.187705e-01
    endloop
  endfacet
  facet normal 3.441565e-17 4.226183e-01 -9.063078e-01
    outer loop
      vertex   3.504202e+01 4.286808e+01 -2.187705e-01
      vertex   2.132000e+01 4.350000e+01 7.589838e-02
      vertex   3.520000e+01 4.350000e+01 7.589838e-02
    endloop
  endfacet
  facet normal 3.276086e-17 5.735764e-01 -8.191520e-01
    outer loop
      vertex   3.520000e+01 4.350000e+01 7.589838e-02
      vertex   2.132000e+01 4.350000e+01 7.589838e-02
      vertex   2.132000e+01 4.407115e+01 4.758222e-01
    endloop
  endfacet
  facet normal -2.895543e-16 5.735764e-01 -8.191520e-01
    outer loop
      vertex   3.520000e+01 4.350000e+01 7.589838e-02
      vertex   2.132000e+01 4.407115e+01 4.758222e-01
      vertex   3.534279e+01 4.407115e+01 4.758222e-01
    endloop
  endfacet
  facet normal -3.582951e-16 7.071068e-01 -7.071068e-01
    outer loop
      vertex   3.534279e+01 4.407115e+01 4.758222e-01
      vertex   2.132000e+01 4.407115e+01 4.758222e-01
      vertex   2.132000e+01 4.456418e+01 9.688496e-01
    endloop
  endfacet
  facet normal 5.628067e-17 7.071068e-01 -7.071068e-01
    outer loop
      vertex   3.534279e+01 4.407115e+01 4.758222e-01
      vertex   2.132000e+01 4.456418e+01 9.688496e-01
      vertex   3.546604e+01 4.456418e+01 9.688496e-01
    endloop
  endfacet
  facet normal 4.501596e-17 8.191520e-01 -5.735764e-01
    outer loop
      vertex   3.546604e+01 4.456418e+01 9.688496e-01
      vertex   2.132000e+01 4.456418e+01 9.688496e-01
      vertex   2.132000e+01 4.496410e+01 1.540000e+00
    endloop
  endfacet
  facet normal -2.514856e-17 8.191520e-01 -5.735764e-01
    outer loop
      vertex   3.546604e+01 4.456418e+01 9.688496e-01
      vertex   2.132000e+01 4.496410e+01 1.540000e+00
      vertex   3.556603e+01 4.496410e+01 1.540000e+00
    endloop
  endfacet
  facet normal -1.976132e-17 9.063078e-01 -4.226183e-01
    outer loop
      vertex   3.556603e+01 4.496410e+01 1.540000e+00
      vertex   2.132000e+01 4.496410e+01 1.540000e+00
      vertex   2.132000e+01 4.525877e+01 2.171919e+00
    endloop
  endfacet
  facet normal -2.501918e-17 9.063078e-01 -4.226183e-01
    outer loop
      vertex   3.556603e+01 4.496410e+01 1.540000e+00
      vertex   2.132000e+01 4.525877e+01 2.171919e+00
      vertex   3.563969e+01 4.525877e+01 2.171919e+00
    endloop
  endfacet
  facet normal -1.605324e-17 9.659258e-01 -2.588190e-01
    outer loop
      vertex   3.563969e+01 4.525877e+01 2.171919e+00
      vertex   2.132000e+01 4.525877e+01 2.171919e+00
      vertex   2.132000e+01 4.543923e+01 2.845407e+00
    endloop
  endfacet
  facet normal 6.927945e-18 9.659258e-01 -2.588190e-01
    outer loop
      vertex   3.563969e+01 4.525877e+01 2.171919e+00
      vertex   2.132000e+01 4.543923e+01 2.845407e+00
      vertex   3.568481e+01 4.543923e+01 2.845407e+00
    endloop
  endfacet
  facet normal 2.694427e-18 9.961947e-01 -8.715574e-02
    outer loop
      vertex   3.568481e+01 4.543923e+01 2.845407e+00
      vertex   2.132000e+01 4.543923e+01 2.845407e+00
      vertex   3.570000e+01 4.550000e+01 3.540000e+00
    endloop
  endfacet
  facet normal 2.768250e-18 9.961947e-01 -8.715574e-02
    outer loop
      vertex   3.570000e+01 4.550000e+01 3.540000e+00
      vertex   2.132000e+01 4.543923e+01 2.845407e+00
      vertex   6.940000e+00 4.543923e+01 2.845407e+00
    endloop
  endfacet
  facet normal 5.536501e-18 9.961947e-01 -8.715574e-02
    outer loop
      vertex   3.570000e+01 4.550000e+01 3.540000e+00
      vertex   6.940000e+00 4.543923e+01 2.845407e+00
      vertex   -7.440000e+00 4.543923e+01 2.845407e+00
    endloop
  endfacet
  facet normal 1.598592e-17 9.659258e-01 -2.588190e-01
    outer loop
      vertex   -7.440000e+00 4.543923e+01 2.845407e+00
      vertex   6.940000e+00 4.543923e+01 2.845407e+00
      vertex   -7.440000e+00 4.525877e+01 2.171919e+00
    endloop
  endfacet
  facet normal 1.660950e-17 9.659258e-01 -2.588190e-01
    outer loop
      vertex   -7.440000e+00 4.543923e+01 2.845407e+00
      vertex   -7.440000e+00 4.525877e+01 2.171919e+00
      vertex   -2.182000e+01 4.525877e+01 2.171919e+00
    endloop
  endfacet
  facet normal 2.610295e-17 9.063078e-01 -4.226183e-01
    outer loop
      vertex   -2.182000e+01 4.525877e+01 2.171919e+00
      vertex   -7.440000e+00 4.525877e+01 2.171919e+00
      vertex   -2.182000e+01 4.496410e+01 1.540000e+00
    endloop
  endfacet
  facet normal 1.397142e-16 9.063078e-01 -4.226183e-01
    outer loop
      vertex   -2.182000e+01 4.525877e+01 2.171919e+00
      vertex   -2.182000e+01 4.496410e+01 1.540000e+00
      vertex   -3.606603e+01 4.496410e+01 1.540000e+00
    endloop
  endfacet
  facet normal 1.877401e-16 8.191520e-01 -5.735764e-01
    outer loop
      vertex   -3.606603e+01 4.496410e+01 1.540000e+00
      vertex   -2.182000e+01 4.496410e+01 1.540000e+00
      vertex   -3.596604e+01 4.456418e+01 9.688496e-01
    endloop
  endfacet
  facet normal 9.003192e-17 8.191520e-01 -5.735764e-01
    outer loop
      vertex   -3.596604e+01 4.456418e+01 9.688496e-01
      vertex   -2.182000e+01 4.496410e+01 1.540000e+00
      vertex   -2.182000e+01 4.456418e+01 9.688496e-01
    endloop
  endfacet
  facet normal 1.109916e-16 7.071068e-01 -7.071068e-01
    outer loop
      vertex   -3.596604e+01 4.456418e+01 9.688496e-01
      vertex   -2.182000e+01 4.456418e+01 9.688496e-01
      vertex   -3.584279e+01 4.407115e+01 4.758222e-01
    endloop
  endfacet
  facet normal 1.119672e-16 7.071068e-01 -7.071068e-01
    outer loop
      vertex   -3.584279e+01 4.407115e+01 4.758222e-01
      vertex   -2.182000e+01 4.456418e+01 9.688496e-01
      vertex   -2.182000e+01 4.407115e+01 4.758222e-01
    endloop
  endfacet
  facet normal 1.297091e-16 5.735764e-01 -8.191520e-01
    outer loop
      vertex   -3.584279e+01 4.407115e+01 4.758222e-01
      vertex   -2.182000e+01 4.407115e+01 4.758222e-01
      vertex   -3.570000e+01 4.350000e+01 7.589838e-02
    endloop
  endfacet
  facet normal 1.310434e-16 5.735764e-01 -8.191520e-01
    outer loop
      vertex   -3.570000e+01 4.350000e+01 7.589838e-02
      vertex   -2.182000e+01 4.407115e+01 4.758222e-01
      vertex   -2.182000e+01 4.350000e+01 7.589838e-02
    endloop
  endfacet
  facet normal 1.449861e-16 4.226183e-01 -9.063078e-01
    outer loop
      vertex   -3.570000e+01 4.350000e+01 7.589838e-02
      vertex   -2.182000e+01 4.350000e+01 7.589838e-02
      vertex   -3.554202e+01 4.286808e+01 -2.187705e-01
    endloop
  endfacet
  facet normal 1.466553e-16 4.226183e-01 -9.063078e-01
    outer loop
      vertex   -3.554202e+01 4.286808e+01 -2.187705e-01
      vertex   -2.182000e+01 4.350000e+01 7.589838e-02
      vertex   -2.182000e+01 4.286808e+01 -2.187705e-01
    endloop
  endfacet
  facet normal 1.563025e-16 2.588190e-01 -9.659258e-01
    outer loop
      vertex   -3.554202e+01 4.286808e+01 -2.187705e-01
      vertex   -2.182000e+01 4.286808e+01 -2.187705e-01
      vertex   -3.537365e+01 4.219459e+01 -3.992310e-01
    endloop
  endfacet
  facet normal -1.356845e-16 2.588190e-01 -9.659258e-01
    outer loop
      vertex   -3.537365e+01 4.219459e+01 -3.992310e-01
      vertex   -2.182000e+01 4.286808e+01 -2.187705e-01
      vertex   -2.182000e+01 4.219459e+01 -3.992310e-01
    endloop
  endfacet
  facet normal 5.532019e-16 9.063078e-01 -4.226183e-01
    outer loop
      vertex   -3.606603e+01 4.496410e+01 1.540000e+00
      vertex   -3.613969e+01 4.525877e+01 2.171919e+00
      vertex   -2.182000e+01 4.525877e+01 2.171919e+00
    endloop
  endfacet
  facet normal 5.435051e-16 9.659258e-01 -2.588190e-01
    outer loop
      vertex   -2.182000e+01 4.525877e+01 2.171919e+00
      vertex   -3.613969e+01 4.525877e+01 2.171919e+00
      vertex   -2.182000e+01 4.543923e+01 2.845407e+00
    endloop
  endfacet
  facet normal 0.000000e+00 9.659258e-01 -2.588190e-01
    outer loop
      vertex   -2.182000e+01 4.525877e+01 2.171919e+00
      vertex   -2.182000e+01 4.543923e+01 2.845407e+00
      vertex   -7.440000e+00 4.543923e+01 2.845407e+00
    endloop
  endfacet
  facet normal 0.000000e+00 9.961947e-01 -8.715574e-02
    outer loop
      vertex   -7.440000e+00 4.543923e+01 2.845407e+00
      vertex   -2.182000e+01 4.543923e+01 2.845407e+00
      vertex   -3.620000e+01 4.550000e+01 3.540000e+00
    endloop
  endfacet
  facet normal 0.000000e+00 9.961947e-01 -8.715574e-02
    outer loop
      vertex   -7.440000e+00 4.543923e+01 2.845407e+00
      vertex   -3.620000e+01 4.550000e+01 3.540000e+00
      vertex   3.570000e+01 4.550000e+01 3.540000e+00
    endloop
  endfacet
  facet normal 1.524148e-17 9.659258e-01 -2.588190e-01
    outer loop
      vertex   -3.613969e+01 4.525877e+01 2.171919e+00
      vertex   -3.618481e+01 4.543923e+01 2.845407e+00
      vertex   -2.182000e+01 4.543923e+01 2.845407e+00
    endloop
  endfacet
  facet normal 5.388854e-18 9.961947e-01 -8.715574e-02
    outer loop
      vertex   -2.182000e+01 4.543923e+01 2.845407e+00
      vertex   -3.618481e+01 4.543923e+01 2.845407e+00
      vertex   -3.620000e+01 4.550000e+01 3.540000e+00
    endloop
  endfacet
  facet normal 7.815125e-17 2.588190e-01 -9.659258e-01
    outer loop
      vertex   3.504202e+01 4.286808e+01 -2.187705e-01
      vertex   3.487365e+01 4.219459e+01 -3.992310e-01
      vertex   2.132000e+01 4.286808e+01 -2.187705e-01
    endloop
  endfacet
  facet normal -1.923753e-16 2.588190e-01 -9.659258e-01
    outer loop
      vertex   2.132000e+01 4.286808e+01 -2.187705e-01
      vertex   3.487365e+01 4.219459e+01 -3.992310e-01
      vertex   2.132000e+01 4.219459e+01 -3.992310e-01
    endloop
  endfacet
  facet normal 7.474276e-17 2.588190e-01 -9.659258e-01
    outer loop
      vertex   2.132000e+01 4.286808e+01 -2.187705e-01
      vertex   2.132000e+01 4.219459e+01 -3.992310e-01
      vertex   6.940000e+00 4.219459e+01 -3.992310e-01
    endloop
  endfacet
  facet normal 7.691226e-17 8.715574e-02 -9.961947e-01
    outer loop
      vertex   6.940000e+00 4.219459e+01 -3.992310e-01
      vertex   2.132000e+01 4.219459e+01 -3.992310e-01
      vertex   3.470000e+01 4.150000e+01 -4.600000e-01
    endloop
  endfacet
  facet normal -3.545083e-17 8.715574e-02 -9.961947e-01
    outer loop
      vertex   6.940000e+00 4.219459e+01 -3.992310e-01
      vertex   3.470000e+01 4.150000e+01 -4.600000e-01
      vertex   -3.520000e+01 4.150000e+01 -4.600000e-01
    endloop
  endfacet
  facet normal -9.780341e-18 8.715574e-02 -9.961947e-01
    outer loop
      vertex   3.487365e+01 4.219459e+01 -3.992310e-01
      vertex   3.470000e+01 4.150000e+01 -4.600000e-01
      vertex   2.132000e+01 4.219459e+01 -3.992310e-01
    endloop
  endfacet
  facet normal 7.457532e-17 2.588190e-01 -9.659258e-01
    outer loop
      vertex   -7.440000e+00 4.219459e+01 -3.992310e-01
      vertex   -2.182000e+01 4.219459e+01 -3.992310e-01
      vertex   -7.440000e+00 4.286808e+01 -2.187705e-01
    endloop
  endfacet
  facet normal -1.811994e-16 2.588190e-01 -9.659258e-01
    outer loop
      vertex   -7.440000e+00 4.286808e+01 -2.187705e-01
      vertex   -2.182000e+01 4.219459e+01 -3.992310e-01
      vertex   -2.182000e+01 4.286808e+01 -2.187705e-01
    endloop
  endfacet
  facet normal -3.476748e-16 4.226183e-01 -9.063078e-01
    outer loop
      vertex   -7.440000e+00 4.286808e+01 -2.187705e-01
      vertex   -2.182000e+01 4.286808e+01 -2.187705e-01
      vertex   -7.440000e+00 4.350000e+01 7.589838e-02
    endloop
  endfacet
  facet normal -2.777023e-16 4.226183e-01 -9.063078e-01
    outer loop
      vertex   -7.440000e+00 4.350000e+01 7.589838e-02
      vertex   -2.182000e+01 4.286808e+01 -2.187705e-01
      vertex   -2.182000e+01 4.350000e+01 7.589838e-02
    endloop
  endfacet
  facet normal -4.403427e-16 5.735764e-01 -8.191520e-01
    outer loop
      vertex   -7.440000e+00 4.350000e+01 7.589838e-02
      vertex   -2.182000e+01 4.350000e+01 7.589838e-02
      vertex   -7.440000e+00 4.407115e+01 4.758222e-01
    endloop
  endfacet
  facet normal -1.569279e-16 5.735764e-01 -8.191520e-01
    outer loop
      vertex   -7.440000e+00 4.407115e+01 4.758222e-01
      vertex   -2.182000e+01 4.350000e+01 7.589838e-02
      vertex   -2.182000e+01 4.407115e+01 4.758222e-01
    endloop
  endfacet
  facet normal -2.402089e-16 7.071068e-01 -7.071068e-01
    outer loop
      vertex   -7.440000e+00 4.407115e+01 4.758222e-01
      vertex   -2.182000e+01 4.407115e+01 4.758222e-01
      vertex   -7.440000e+00 4.456418e+01 9.688496e-01
    endloop
  endfacet
  facet normal 8.188938e-17 7.071068e-01 -7.071068e-01
    outer loop
      vertex   -7.440000e+00 4.456418e+01 9.688496e-01
      vertex   -2.182000e+01 4.407115e+01 4.758222e-01
      vertex   -2.182000e+01 4.456418e+01 9.688496e-01
    endloop
  endfacet
  facet normal 6.642536e-17 8.191520e-01 -5.735764e-01
    outer loop
      vertex   -7.440000e+00 4.456418e+01 9.688496e-01
      vertex   -2.182000e+01 4.456418e+01 9.688496e-01
      vertex   -7.440000e+00 4.496410e+01 1.540000e+00
    endloop
  endfacet
  facet normal 3.542686e-17 8.191520e-01 -5.735764e-01
    outer loop
      vertex   -7.440000e+00 4.496410e+01 1.540000e+00
      vertex   -2.182000e+01 4.456418e+01 9.688496e-01
      vertex   -2.182000e+01 4.496410e+01 1.540000e+00
    endloop
  endfacet
  facet normal 2.610295e-17 9.063078e-01 -4.226183e-01
    outer loop
      vertex   -7.440000e+00 4.496410e+01 1.540000e+00
      vertex   -2.182000e+01 4.496410e+01 1.540000e+00
      vertex   -7.440000e+00 4.525877e+01 2.171919e+00
    endloop
  endfacet
  facet normal 1.121141e-16 2.588190e-01 -9.659258e-01
    outer loop
      vertex   -7.440000e+00 4.219459e+01 -3.992310e-01
      vertex   -7.440000e+00 4.286808e+01 -2.187705e-01
      vertex   6.940000e+00 4.286808e+01 -2.187705e-01
    endloop
  endfacet
  facet normal 1.049587e-16 4.226183e-01 -9.063078e-01
    outer loop
      vertex   6.940000e+00 4.286808e+01 -2.187705e-01
      vertex   -7.440000e+00 4.286808e+01 -2.187705e-01
      vertex   6.940000e+00 4.350000e+01 7.589838e-02
    endloop
  endfacet
  facet normal -1.051935e-16 4.226183e-01 -9.063078e-01
    outer loop
      vertex   6.940000e+00 4.286808e+01 -2.187705e-01
      vertex   6.940000e+00 4.350000e+01 7.589838e-02
      vertex   2.132000e+01 4.350000e+01 7.589838e-02
    endloop
  endfacet
  facet normal -1.885496e-16 5.735764e-01 -8.191520e-01
    outer loop
      vertex   2.132000e+01 4.350000e+01 7.589838e-02
      vertex   6.940000e+00 4.350000e+01 7.589838e-02
      vertex   2.132000e+01 4.407115e+01 4.758222e-01
    endloop
  endfacet
  facet normal 1.399449e-16 4.226183e-01 -9.063078e-01
    outer loop
      vertex   6.940000e+00 4.350000e+01 7.589838e-02
      vertex   -7.440000e+00 4.286808e+01 -2.187705e-01
      vertex   -7.440000e+00 4.350000e+01 7.589838e-02
    endloop
  endfacet
  facet normal 1.264870e-16 5.735764e-01 -8.191520e-01
    outer loop
      vertex   6.940000e+00 4.350000e+01 7.589838e-02
      vertex   -7.440000e+00 4.350000e+01 7.589838e-02
      vertex   6.940000e+00 4.407115e+01 4.758222e-01
    endloop
  endfacet
  facet normal 1.897305e-16 5.735764e-01 -8.191520e-01
    outer loop
      vertex   6.940000e+00 4.407115e+01 4.758222e-01
      vertex   -7.440000e+00 4.350000e+01 7.589838e-02
      vertex   -7.440000e+00 4.407115e+01 4.758222e-01
    endloop
  endfacet
  facet normal 1.637788e-16 7.071068e-01 -7.071068e-01
    outer loop
      vertex   6.940000e+00 4.407115e+01 4.758222e-01
      vertex   -7.440000e+00 4.407115e+01 4.758222e-01
      vertex   6.940000e+00 4.456418e+01 9.688496e-01
    endloop
  endfacet
  facet normal -2.675053e-16 7.071068e-01 -7.071068e-01
    outer loop
      vertex   6.940000e+00 4.456418e+01 9.688496e-01
      vertex   -7.440000e+00 4.407115e+01 4.758222e-01
      vertex   -7.440000e+00 4.456418e+01 9.688496e-01
    endloop
  endfacet
  facet normal -3.383330e-16 8.191520e-01 -5.735764e-01
    outer loop
      vertex   6.940000e+00 4.456418e+01 9.688496e-01
      vertex   -7.440000e+00 4.456418e+01 9.688496e-01
      vertex   6.940000e+00 4.496410e+01 1.540000e+00
    endloop
  endfacet
  facet normal 5.314029e-17 8.191520e-01 -5.735764e-01
    outer loop
      vertex   6.940000e+00 4.496410e+01 1.540000e+00
      vertex   -7.440000e+00 4.456418e+01 9.688496e-01
      vertex   -7.440000e+00 4.496410e+01 1.540000e+00
    endloop
  endfacet
  facet normal 3.915442e-17 9.063078e-01 -4.226183e-01
    outer loop
      vertex   6.940000e+00 4.496410e+01 1.540000e+00
      vertex   -7.440000e+00 4.496410e+01 1.540000e+00
      vertex   6.940000e+00 4.525877e+01 2.171919e+00
    endloop
  endfacet
  facet normal 2.610295e-17 9.063078e-01 -4.226183e-01
    outer loop
      vertex   6.940000e+00 4.525877e+01 2.171919e+00
      vertex   -7.440000e+00 4.496410e+01 1.540000e+00
      vertex   -7.440000e+00 4.525877e+01 2.171919e+00
    endloop
  endfacet
  facet normal 1.598592e-17 9.659258e-01 -2.588190e-01
    outer loop
      vertex   6.940000e+00 4.525877e+01 2.171919e+00
      vertex   -7.440000e+00 4.525877e+01 2.171919e+00
      vertex   6.940000e+00 4.543923e+01 2.845407e+00
    endloop
  endfacet
  facet normal 1.107300e-16 7.071068e-01 -7.071068e-01
    outer loop
      vertex   2.132000e+01 4.456418e+01 9.688496e-01
      vertex   2.132000e+01 4.407115e+01 4.758222e-01
      vertex   6.940000e+00 4.407115e+01 4.758222e-01
    endloop
  endfacet
  facet normal 1.264870e-16 5.735764e-01 -8.191520e-01
    outer loop
      vertex   6.940000e+00 4.407115e+01 4.758222e-01
      vertex   2.132000e+01 4.407115e+01 4.758222e-01
      vertex   6.940000e+00 4.350000e+01 7.589838e-02
    endloop
  endfacet
  facet normal 1.091858e-16 7.071068e-01 -7.071068e-01
    outer loop
      vertex   2.132000e+01 4.456418e+01 9.688496e-01
      vertex   6.940000e+00 4.407115e+01 4.758222e-01
      vertex   6.940000e+00 4.456418e+01 9.688496e-01
    endloop
  endfacet
  facet normal 8.858401e-17 8.191520e-01 -5.735764e-01
    outer loop
      vertex   2.132000e+01 4.496410e+01 1.540000e+00
      vertex   2.132000e+01 4.456418e+01 9.688496e-01
      vertex   6.940000e+00 4.456418e+01 9.688496e-01
    endloop
  endfacet
  facet normal 3.542686e-17 8.191520e-01 -5.735764e-01
    outer loop
      vertex   2.132000e+01 4.496410e+01 1.540000e+00
      vertex   6.940000e+00 4.456418e+01 9.688496e-01
      vertex   6.940000e+00 4.496410e+01 1.540000e+00
    endloop
  endfacet
  facet normal 2.491425e-17 9.063078e-01 -4.226183e-01
    outer loop
      vertex   2.132000e+01 4.525877e+01 2.171919e+00
      vertex   2.132000e+01 4.496410e+01 1.540000e+00
      vertex   6.940000e+00 4.496410e+01 1.540000e+00
    endloop
  endfacet
  facet normal -4.086692e-16 9.063078e-01 -4.226183e-01
    outer loop
      vertex   2.132000e+01 4.525877e+01 2.171919e+00
      vertex   6.940000e+00 4.496410e+01 1.540000e+00
      vertex   6.940000e+00 4.525877e+01 2.171919e+00
    endloop
  endfacet
  facet normal -4.539931e-16 9.659258e-01 -2.588190e-01
    outer loop
      vertex   2.132000e+01 4.543923e+01 2.845407e+00
      vertex   2.132000e+01 4.525877e+01 2.171919e+00
      vertex   6.940000e+00 4.525877e+01 2.171919e+00
    endloop
  endfacet
  facet normal 7.992959e-18 9.659258e-01 -2.588190e-01
    outer loop
      vertex   2.132000e+01 4.543923e+01 2.845407e+00
      vertex   6.940000e+00 4.525877e+01 2.171919e+00
      vertex   6.940000e+00 4.543923e+01 2.845407e+00
    endloop
  endfacet
  facet normal -8.715574e-02 8.838336e-17 -9.961947e-01
    outer loop
      vertex   -3.589459e+01 -2.337365e+01 -3.992310e-01
      vertex   -3.589459e+01 -1.086000e+01 -3.992310e-01
      vertex   -3.520000e+01 -2.320000e+01 -4.600000e-01
    endloop
  endfacet
  facet normal -8.715574e-02 0.000000e+00 -9.961947e-01
    outer loop
      vertex   -3.520000e+01 -2.320000e+01 -4.600000e-01
      vertex   -3.589459e+01 -1.086000e+01 -3.992310e-01
      vertex   -3.589459e+01 2.480000e+00 -3.992310e-01
    endloop
  endfacet
  facet normal -8.715574e-02 0.000000e+00 -9.961947e-01
    outer loop
      vertex   -3.520000e+01 -2.320000e+01 -4.600000e-01
      vertex   -3.589459e+01 2.480000e+00 -3.992310e-01
      vertex   -3.589459e+01 1.582000e+01 -3.992310e-01
    endloop
  endfacet
  facet normal -2.588190e-01 -0.000000e+00 -9.659258e-01
    outer loop
      vertex   -3.589459e+01 1.582000e+01 -3.992310e-01
      vertex   -3.589459e+01 2.480000e+00 -3.992310e-01
      vertex   -3.656808e+01 1.582000e+01 -2.187705e-01
    endloop
  endfacet
  facet normal -2.588190e-01 0.000000e+00 -9.659258e-01
    outer loop
      vertex   -3.589459e+01 1.582000e+01 -3.992310e-01
      vertex   -3.656808e+01 1.582000e+01 -2.187705e-01
      vertex   -3.656808e+01 2.916000e+01 -2.187705e-01
    endloop
  endfacet
  facet normal -4.226183e-01 -0.000000e+00 -9.063078e-01
    outer loop
      vertex   -3.656808e+01 2.916000e+01 -2.187705e-01
      vertex   -3.656808e+01 1.582000e+01 -2.187705e-01
      vertex   -3.720000e+01 2.916000e+01 7.589838e-02
    endloop
  endfacet
  facet normal -4.226183e-01 0.000000e+00 -9.063078e-01
    outer loop
      vertex   -3.656808e+01 2.916000e+01 -2.187705e-01
      vertex   -3.720000e+01 2.916000e+01 7.589838e-02
      vertex   -3.656808e+01 4.184202e+01 -2.187705e-01
    endloop
  endfacet
  facet normal -4.226183e-01 -3.720321e-17 -9.063078e-01
    outer loop
      vertex   -3.656808e+01 4.184202e+01 -2.187705e-01
      vertex   -3.720000e+01 2.916000e+01 7.589838e-02
      vertex   -3.720000e+01 4.200000e+01 7.589838e-02
    endloop
  endfacet
  facet normal -5.735764e-01 -3.541439e-17 -8.191520e-01
    outer loop
      vertex   -3.720000e+01 4.200000e+01 7.589838e-02
      vertex   -3.720000e+01 2.916000e+01 7.589838e-02
      vertex   -3.777115e+01 2.916000e+01 4.758222e-01
    endloop
  endfacet
  facet normal -5.735764e-01 3.372787e-17 -8.191520e-01
    outer loop
      vertex   -3.720000e+01 4.200000e+01 7.589838e-02
      vertex   -3.777115e+01 2.916000e+01 4.758222e-01
      vertex   -3.777115e+01 4.214279e+01 4.758222e-01
    endloop
  endfacet
  facet normal -7.071068e-01 3.023412e-17 -7.071068e-01
    outer loop
      vertex   -3.777115e+01 4.214279e+01 4.758222e-01
      vertex   -3.777115e+01 2.916000e+01 4.758222e-01
      vertex   -3.826418e+01 2.916000e+01 9.688496e-01
    endloop
  endfacet
  facet normal -7.071068e-01 3.037334e-17 -7.071068e-01
    outer loop
      vertex   -3.777115e+01 4.214279e+01 4.758222e-01
      vertex   -3.826418e+01 2.916000e+01 9.688496e-01
      vertex   -3.826418e+01 4.226604e+01 9.688496e-01
    endloop
  endfacet
  facet normal -8.191520e-01 2.429405e-17 -5.735764e-01
    outer loop
      vertex   -3.826418e+01 4.226604e+01 9.688496e-01
      vertex   -3.826418e+01 2.916000e+01 9.688496e-01
      vertex   -3.866410e+01 2.916000e+01 1.540000e+00
    endloop
  endfacet
  facet normal -8.191520e-01 2.712905e-17 -5.735764e-01
    outer loop
      vertex   -3.826418e+01 4.226604e+01 9.688496e-01
      vertex   -3.866410e+01 2.916000e+01 1.540000e+00
      vertex   -3.866410e+01 4.236603e+01 1.540000e+00
    endloop
  endfacet
  facet normal -9.063078e-01 2.131757e-17 -4.226183e-01
    outer loop
      vertex   -3.866410e+01 4.236603e+01 1.540000e+00
      vertex   -3.866410e+01 2.916000e+01 1.540000e+00
      vertex   -3.895877e+01 2.916000e+01 2.171919e+00
    endloop
  endfacet
  facet normal -9.063078e-01 0.000000e+00 -4.226183e-01
    outer loop
      vertex   -3.866410e+01 4.236603e+01 1.540000e+00
      vertex   -3.895877e+01 2.916000e+01 2.171919e+00
      vertex   -3.895877e+01 4.243969e+01 2.171919e+00
    endloop
  endfacet
  facet normal -9.659258e-01 -0.000000e+00 -2.588190e-01
    outer loop
      vertex   -3.895877e+01 4.243969e+01 2.171919e+00
      vertex   -3.895877e+01 2.916000e+01 2.171919e+00
      vertex   -3.913923e+01 2.916000e+01 2.845407e+00
    endloop
  endfacet
  facet normal -9.659258e-01 0.000000e+00 -2.588190e-01
    outer loop
      vertex   -3.895877e+01 4.243969e+01 2.171919e+00
      vertex   -3.913923e+01 2.916000e+01 2.845407e+00
      vertex   -3.913923e+01 4.248481e+01 2.845407e+00
    endloop
  endfacet
  facet normal -9.961947e-01 -0.000000e+00 -8.715574e-02
    outer loop
      vertex   -3.913923e+01 4.248481e+01 2.845407e+00
      vertex   -3.913923e+01 2.916000e+01 2.845407e+00
      vertex   -3.920000e+01 4.250000e+01 3.540000e+00
    endloop
  endfacet
  facet normal -9.961947e-01 0.000000e+00 -8.715574e-02
    outer loop
      vertex   -3.920000e+01 4.250000e+01 3.540000e+00
      vertex   -3.913923e+01 2.916000e+01 2.845407e+00
      vertex   -3.913923e+01 1.582000e+01 2.845407e+00
    endloop
  endfacet
  facet normal -9.961947e-01 0.000000e+00 -8.715574e-02
    outer loop
      vertex   -3.920000e+01 4.250000e+01 3.540000e+00
      vertex   -3.913923e+01 1.582000e+01 2.845407e+00
      vertex   -3.913923e+01 2.480000e+00 2.845407e+00
    endloop
  endfacet
  facet normal -9.659258e-01 0.000000e+00 -2.588190e-01
    outer loop
      vertex   -3.913923e+01 2.480000e+00 2.845407e+00
      vertex   -3.913923e+01 1.582000e+01 2.845407e+00
      vertex   -3.895877e+01 2.480000e+00 2.171919e+00
    endloop
  endfacet
  facet normal -9.659258e-01 8.952198e-18 -2.588190e-01
    outer loop
      vertex   -3.913923e+01 2.480000e+00 2.845407e+00
      vertex   -3.895877e+01 2.480000e+00 2.171919e+00
      vertex   -3.895877e+01 -1.086000e+01 2.171919e+00
    endloop
  endfacet
  facet normal -9.063078e-01 1.406898e-17 -4.226183e-01
    outer loop
      vertex   -3.895877e+01 -1.086000e+01 2.171919e+00
      vertex   -3.895877e+01 2.480000e+00 2.171919e+00
      vertex   -3.866410e+01 -1.086000e+01 1.540000e+00
    endloop
  endfacet
  facet normal -9.063078e-01 -1.507170e-17 -4.226183e-01
    outer loop
      vertex   -3.895877e+01 -1.086000e+01 2.171919e+00
      vertex   -3.866410e+01 -1.086000e+01 1.540000e+00
      vertex   -3.866410e+01 -2.406603e+01 1.540000e+00
    endloop
  endfacet
  facet normal -8.191520e-01 -1.928810e-17 -5.735764e-01
    outer loop
      vertex   -3.866410e+01 -2.406603e+01 1.540000e+00
      vertex   -3.866410e+01 -1.086000e+01 1.540000e+00
      vertex   -3.826418e+01 -2.396604e+01 9.688496e-01
    endloop
  endfacet
  facet normal -8.191520e-01 -2.429405e-17 -5.735764e-01
    outer loop
      vertex   -3.826418e+01 -2.396604e+01 9.688496e-01
      vertex   -3.866410e+01 -1.086000e+01 1.540000e+00
      vertex   -3.826418e+01 -1.086000e+01 9.688496e-01
    endloop
  endfacet
  facet normal -7.071068e-01 -2.994978e-17 -7.071068e-01
    outer loop
      vertex   -3.826418e+01 -2.396604e+01 9.688496e-01
      vertex   -3.826418e+01 -1.086000e+01 9.688496e-01
      vertex   -3.777115e+01 -2.384279e+01 4.758222e-01
    endloop
  endfacet
  facet normal -7.071068e-01 3.023412e-17 -7.071068e-01
    outer loop
      vertex   -3.777115e+01 -2.384279e+01 4.758222e-01
      vertex   -3.826418e+01 -1.086000e+01 9.688496e-01
      vertex   -3.777115e+01 -1.086000e+01 4.758222e-01
    endloop
  endfacet
  facet normal -5.735764e-01 3.502489e-17 -8.191520e-01
    outer loop
      vertex   -3.777115e+01 -2.384279e+01 4.758222e-01
      vertex   -3.777115e+01 -1.086000e+01 4.758222e-01
      vertex   -3.720000e+01 -2.370000e+01 7.589838e-02
    endloop
  endfacet
  facet normal -5.735764e-01 1.062432e-16 -8.191520e-01
    outer loop
      vertex   -3.720000e+01 -2.370000e+01 7.589838e-02
      vertex   -3.777115e+01 -1.086000e+01 4.758222e-01
      vertex   -3.720000e+01 -1.086000e+01 7.589838e-02
    endloop
  endfacet
  facet normal -4.226183e-01 1.175472e-16 -9.063078e-01
    outer loop
      vertex   -3.720000e+01 -2.370000e+01 7.589838e-02
      vertex   -3.720000e+01 -1.086000e+01 7.589838e-02
      vertex   -3.656808e+01 -2.354202e+01 -2.187705e-01
    endloop
  endfacet
  facet normal -4.226183e-01 7.934097e-17 -9.063078e-01
    outer loop
      vertex   -3.656808e+01 -2.354202e+01 -2.187705e-01
      vertex   -3.720000e+01 -1.086000e+01 7.589838e-02
      vertex   -3.656808e+01 -1.086000e+01 -2.187705e-01
    endloop
  endfacet
  facet normal -2.588190e-01 8.456012e-17 -9.659258e-01
    outer loop
      vertex   -3.656808e+01 -2.354202e+01 -2.187705e-01
      vertex   -3.656808e+01 -1.086000e+01 -2.187705e-01
      vertex   -3.589459e+01 -2.337365e+01 -3.992310e-01
    endloop
  endfacet
  facet normal -2.588190e-01 8.569788e-17 -9.659258e-01
    outer loop
      vertex   -3.589459e+01 -2.337365e+01 -3.992310e-01
      vertex   -3.656808e+01 -1.086000e+01 -2.187705e-01
      vertex   -3.589459e+01 -1.086000e+01 -3.992310e-01
    endloop
  endfacet
  facet normal -9.063078e-01 0.000000e+00 -4.226183e-01
    outer loop
      vertex   -3.866410e+01 -2.406603e+01 1.540000e+00
      vertex   -3.895877e+01 -2.413969e+01 2.171919e+00
      vertex   -3.895877e+01 -1.086000e+01 2.171919e+00
    endloop
  endfacet
  facet normal -9.659258e-01 -0.000000e+00 -2.588190e-01
    outer loop
      vertex   -3.895877e+01 -1.086000e+01 2.171919e+00
      vertex   -3.895877e+01 -2.413969e+01 2.171919e+00
      vertex   -3.913923e+01 -1.086000e+01 2.845407e+00
    endloop
  endfacet
  facet normal -9.659258e-01 0.000000e+00 -2.588190e-01
    outer loop
      vertex   -3.895877e+01 -1.086000e+01 2.171919e+00
      vertex   -3.913923e+01 -1.086000e+01 2.845407e+00
      vertex   -3.913923e+01 2.480000e+00 2.845407e+00
    endloop
  endfacet
  facet normal -9.961947e-01 -0.000000e+00 -8.715574e-02
    outer loop
      vertex   -3.913923e+01 2.480000e+00 2.845407e+00
      vertex   -3.913923e+01 -1.086000e+01 2.845407e+00
      vertex   -3.920000e+01 -2.420000e+01 3.540000e+00
    endloop
  endfacet
  facet normal -9.961947e-01 0.000000e+00 -8.715574e-02
    outer loop
      vertex   -3.913923e+01 2.480000e+00 2.845407e+00
      vertex   -3.920000e+01 -2.420000e+01 3.540000e+00
      vertex   -3.920000e+01 4.250000e+01 3.540000e+00
    endloop
  endfacet
  facet normal -9.659258e-01 0.000000e+00 -2.588190e-01
    outer loop
      vertex   -3.895877e+01 -2.413969e+01 2.171919e+00
      vertex   -3.913923e+01 -2.418481e+01 2.845407e+00
      vertex   -3.913923e+01 -1.086000e+01 2.845407e+00
    endloop
  endfacet
  facet normal -9.961947e-01 -0.000000e+00 -8.715574e-02
    outer loop
      vertex   -3.913923e+01 -1.086000e+01 2.845407e+00
      vertex   -3.913923e+01 -2.418481e+01 2.845407e+00
      vertex   -3.920000e+01 -2.420000e+01 3.540000e+00
    endloop
  endfacet
  facet normal -2.588190e-01 -0.000000e+00 -9.659258e-01
    outer loop
      vertex   -3.656808e+01 4.184202e+01 -2.187705e-01
      vertex   -3.589459e+01 4.167365e+01 -3.992310e-01
      vertex   -3.656808e+01 2.916000e+01 -2.187705e-01
    endloop
  endfacet
  facet normal -2.588190e-01 -4.294514e-17 -9.659258e-01
    outer loop
      vertex   -3.656808e+01 2.916000e+01 -2.187705e-01
      vertex   -3.589459e+01 4.167365e+01 -3.992310e-01
      vertex   -3.589459e+01 2.916000e+01 -3.992310e-01
    endloop
  endfacet
  facet normal -2.588190e-01 0.000000e+00 -9.659258e-01
    outer loop
      vertex   -3.656808e+01 2.916000e+01 -2.187705e-01
      vertex   -3.589459e+01 2.916000e+01 -3.992310e-01
      vertex   -3.589459e+01 1.582000e+01 -3.992310e-01
    endloop
  endfacet
  facet normal -8.715574e-02 0.000000e+00 -9.961947e-01
    outer loop
      vertex   -3.589459e+01 1.582000e+01 -3.992310e-01
      vertex   -3.589459e+01 2.916000e+01 -3.992310e-01
      vertex   -3.520000e+01 4.150000e+01 -4.600000e-01
    endloop
  endfacet
  facet normal -8.715574e-02 -9.536558e-18 -9.961947e-01
    outer loop
      vertex   -3.589459e+01 1.582000e+01 -3.992310e-01
      vertex   -3.520000e+01 4.150000e+01 -4.600000e-01
      vertex   -3.520000e+01 -2.320000e+01 -4.600000e-01
    endloop
  endfacet
  facet normal -8.715574e-02 -4.419168e-17 -9.961947e-01
    outer loop
      vertex   -3.589459e+01 4.167365e+01 -3.992310e-01
      vertex   -3.520000e+01 4.150000e+01 -4.600000e-01
      vertex   -3.589459e+01 2.916000e+01 -3.992310e-01
    endloop
  endfacet
  facet normal -2.588190e-01 -0.000000e+00 -9.659258e-01
    outer loop
      vertex   -3.589459e+01 2.480000e+00 -3.992310e-01
      vertex   -3.589459e+01 -1.086000e+01 -3.992310e-01
      vertex   -3.656808e+01 2.480000e+00 -2.187705e-01
    endloop
  endfacet
  facet normal -2.588190e-01 -0.000000e+00 -9.659258e-01
    outer loop
      vertex   -3.656808e+01 2.480000e+00 -2.187705e-01
      vertex   -3.589459e+01 -1.086000e+01 -3.992310e-01
      vertex   -3.656808e+01 -1.086000e+01 -2.187705e-01
    endloop
  endfacet
  facet normal -4.226183e-01 -0.000000e+00 -9.063078e-01
    outer loop
      vertex   -3.656808e+01 2.480000e+00 -2.187705e-01
      vertex   -3.656808e+01 -1.086000e+01 -2.187705e-01
      vertex   -3.720000e+01 2.480000e+00 7.589838e-02
    endloop
  endfacet
  facet normal -4.226183e-01 -0.000000e+00 -9.063078e-01
    outer loop
      vertex   -3.720000e+01 2.480000e+00 7.589838e-02
      vertex   -3.656808e+01 -1.086000e+01 -2.187705e-01
      vertex   -3.720000e+01 -1.086000e+01 7.589838e-02
    endloop
  endfacet
  facet normal -5.735764e-01 -0.000000e+00 -8.191520e-01
    outer loop
      vertex   -3.720000e+01 2.480000e+00 7.589838e-02
      vertex   -3.720000e+01 -1.086000e+01 7.589838e-02
      vertex   -3.777115e+01 2.480000e+00 4.758222e-01
    endloop
  endfacet
  facet normal -5.735764e-01 3.408701e-17 -8.191520e-01
    outer loop
      vertex   -3.777115e+01 2.480000e+00 4.758222e-01
      vertex   -3.720000e+01 -1.086000e+01 7.589838e-02
      vertex   -3.777115e+01 -1.086000e+01 4.758222e-01
    endloop
  endfacet
  facet normal -7.071068e-01 2.942452e-17 -7.071068e-01
    outer loop
      vertex   -3.777115e+01 2.480000e+00 4.758222e-01
      vertex   -3.777115e+01 -1.086000e+01 4.758222e-01
      vertex   -3.826418e+01 2.480000e+00 9.688496e-01
    endloop
  endfacet
  facet normal -7.071068e-01 -3.766339e-16 -7.071068e-01
    outer loop
      vertex   -3.826418e+01 2.480000e+00 9.688496e-01
      vertex   -3.777115e+01 -1.086000e+01 4.758222e-01
      vertex   -3.826418e+01 -1.086000e+01 9.688496e-01
    endloop
  endfacet
  facet normal -8.191520e-01 -4.363137e-16 -5.735764e-01
    outer loop
      vertex   -3.826418e+01 2.480000e+00 9.688496e-01
      vertex   -3.826418e+01 -1.086000e+01 9.688496e-01
      vertex   -3.866410e+01 2.480000e+00 1.540000e+00
    endloop
  endfacet
  facet normal -8.191520e-01 -0.000000e+00 -5.735764e-01
    outer loop
      vertex   -3.866410e+01 2.480000e+00 1.540000e+00
      vertex   -3.826418e+01 -1.086000e+01 9.688496e-01
      vertex   -3.866410e+01 -1.086000e+01 1.540000e+00
    endloop
  endfacet
  facet normal -9.063078e-01 -0.000000e+00 -4.226183e-01
    outer loop
      vertex   -3.866410e+01 2.480000e+00 1.540000e+00
      vertex   -3.866410e+01 -1.086000e+01 1.540000e+00
      vertex   -3.895877e+01 2.480000e+00 2.171919e+00
    endloop
  endfacet
  facet normal -2.588190e-01 0.000000e+00 -9.659258e-01
    outer loop
      vertex   -3.589459e+01 2.480000e+00 -3.992310e-01
      vertex   -3.656808e+01 2.480000e+00 -2.187705e-01
      vertex   -3.656808e+01 1.582000e+01 -2.187705e-01
    endloop
  endfacet
  facet normal -4.226183e-01 -0.000000e+00 -9.063078e-01
    outer loop
      vertex   -3.656808e+01 1.582000e+01 -2.187705e-01
      vertex   -3.656808e+01 2.480000e+00 -2.187705e-01
      vertex   -3.720000e+01 1.582000e+01 7.589838e-02
    endloop
  endfacet
  facet normal -4.226183e-01 0.000000e+00 -9.063078e-01
    outer loop
      vertex   -3.656808e+01 1.582000e+01 -2.187705e-01
      vertex   -3.720000e+01 1.582000e+01 7.589838e-02
      vertex   -3.720000e+01 2.916000e+01 7.589838e-02
    endloop
  endfacet
  facet normal -5.735764e-01 -0.000000e+00 -8.191520e-01
    outer loop
      vertex   -3.720000e+01 2.916000e+01 7.589838e-02
      vertex   -3.720000e+01 1.582000e+01 7.589838e-02
      vertex   -3.777115e+01 2.916000e+01 4.758222e-01
    endloop
  endfacet
  facet normal -4.226183e-01 -0.000000e+00 -9.063078e-01
    outer loop
      vertex   -3.720000e+01 1.582000e+01 7.589838e-02
      vertex   -3.656808e+01 2.480000e+00 -2.187705e-01
      vertex   -3.720000e+01 2.480000e+00 7.589838e-02
    endloop
  endfacet
  facet normal -5.735764e-01 -0.000000e+00 -8.191520e-01
    outer loop
      vertex   -3.720000e+01 1.582000e+01 7.589838e-02
      vertex   -3.720000e+01 2.480000e+00 7.589838e-02
      vertex   -3.777115e+01 1.582000e+01 4.758222e-01
    endloop
  endfacet
  facet normal -5.735764e-01 -0.000000e+00 -8.191520e-01
    outer loop
      vertex   -3.777115e+01 1.582000e+01 4.758222e-01
      vertex   -3.720000e+01 2.480000e+00 7.589838e-02
      vertex   -3.777115e+01 2.480000e+00 4.758222e-01
    endloop
  endfacet
  facet normal -7.071068e-01 -0.000000e+00 -7.071068e-01
    outer loop
      vertex   -3.777115e+01 1.582000e+01 4.758222e-01
      vertex   -3.777115e+01 2.480000e+00 4.758222e-01
      vertex   -3.826418e+01 1.582000e+01 9.688496e-01
    endloop
  endfacet
  facet normal -7.071068e-01 2.942452e-17 -7.071068e-01
    outer loop
      vertex   -3.826418e+01 1.582000e+01 9.688496e-01
      vertex   -3.777115e+01 2.480000e+00 4.758222e-01
      vertex   -3.826418e+01 2.480000e+00 9.688496e-01
    endloop
  endfacet
  facet normal -8.191520e-01 2.386798e-17 -5.735764e-01
    outer loop
      vertex   -3.826418e+01 1.582000e+01 9.688496e-01
      vertex   -3.826418e+01 2.480000e+00 9.688496e-01
      vertex   -3.866410e+01 1.582000e+01 1.540000e+00
    endloop
  endfacet
  facet normal -8.191520e-01 -0.000000e+00 -5.735764e-01
    outer loop
      vertex   -3.866410e+01 1.582000e+01 1.540000e+00
      vertex   -3.826418e+01 2.480000e+00 9.688496e-01
      vertex   -3.866410e+01 2.480000e+00 1.540000e+00
    endloop
  endfacet
  facet normal -9.063078e-01 -0.000000e+00 -4.226183e-01
    outer loop
      vertex   -3.866410e+01 1.582000e+01 1.540000e+00
      vertex   -3.866410e+01 2.480000e+00 1.540000e+00
      vertex   -3.895877e+01 1.582000e+01 2.171919e+00
    endloop
  endfacet
  facet normal -9.063078e-01 1.406898e-17 -4.226183e-01
    outer loop
      vertex   -3.895877e+01 1.582000e+01 2.171919e+00
      vertex   -3.866410e+01 2.480000e+00 1.540000e+00
      vertex   -3.895877e+01 2.480000e+00 2.171919e+00
    endloop
  endfacet
  facet normal -9.659258e-01 8.616098e-18 -2.588190e-01
    outer loop
      vertex   -3.895877e+01 1.582000e+01 2.171919e+00
      vertex   -3.895877e+01 2.480000e+00 2.171919e+00
      vertex   -3.913923e+01 1.582000e+01 2.845407e+00
    endloop
  endfacet
  facet normal -7.071068e-01 0.000000e+00 -7.071068e-01
    outer loop
      vertex   -3.826418e+01 2.916000e+01 9.688496e-01
      vertex   -3.777115e+01 2.916000e+01 4.758222e-01
      vertex   -3.777115e+01 1.582000e+01 4.758222e-01
    endloop
  endfacet
  facet normal -5.735764e-01 0.000000e+00 -8.191520e-01
    outer loop
      vertex   -3.777115e+01 1.582000e+01 4.758222e-01
      vertex   -3.777115e+01 2.916000e+01 4.758222e-01
      vertex   -3.720000e+01 1.582000e+01 7.589838e-02
    endloop
  endfacet
  facet normal -7.071068e-01 2.942452e-17 -7.071068e-01
    outer loop
      vertex   -3.826418e+01 2.916000e+01 9.688496e-01
      vertex   -3.777115e+01 1.582000e+01 4.758222e-01
      vertex   -3.826418e+01 1.582000e+01 9.688496e-01
    endloop
  endfacet
  facet normal -8.191520e-01 2.387253e-17 -5.735764e-01
    outer loop
      vertex   -3.866410e+01 2.916000e+01 1.540000e+00
      vertex   -3.826418e+01 2.916000e+01 9.688496e-01
      vertex   -3.826418e+01 1.582000e+01 9.688496e-01
    endloop
  endfacet
  facet normal -8.191520e-01 9.547193e-18 -5.735764e-01
    outer loop
      vertex   -3.866410e+01 2.916000e+01 1.540000e+00
      vertex   -3.826418e+01 1.582000e+01 9.688496e-01
      vertex   -3.866410e+01 1.582000e+01 1.540000e+00
    endloop
  endfacet
  facet normal -9.063078e-01 8.952198e-18 -4.226183e-01
    outer loop
      vertex   -3.895877e+01 2.916000e+01 2.171919e+00
      vertex   -3.866410e+01 2.916000e+01 1.540000e+00
      vertex   -3.866410e+01 1.582000e+01 1.540000e+00
    endloop
  endfacet
  facet normal -9.063078e-01 -0.000000e+00 -4.226183e-01
    outer loop
      vertex   -3.895877e+01 2.916000e+01 2.171919e+00
      vertex   -3.866410e+01 1.582000e+01 1.540000e+00
      vertex   -3.895877e+01 1.582000e+01 2.171919e+00
    endloop
  endfacet
  facet normal -9.659258e-01 0.000000e+00 -2.588190e-01
    outer loop
      vertex   -3.913923e+01 2.916000e+01 2.845407e+00
      vertex   -3.895877e+01 2.916000e+01 2.171919e+00
      vertex   -3.895877e+01 1.582000e+01 2.171919e+00
    endloop
  endfacet
  facet normal -9.659258e-01 -0.000000e+00 -2.588190e-01
    outer loop
      vertex   -3.913923e+01 2.916000e+01 2.845407e+00
      vertex   -3.895877e+01 1.582000e+01 2.171919e+00
      vertex   -3.913923e+01 1.582000e+01 2.845407e+00
    endloop
  endfacet
  facet normal 0.000000e+00 1.000000e+00 0.000000e+00
    outer loop
      vertex   -3.620000e+01 4.550000e+01 3.540000e+00
      vertex   -3.620000e+01 4.550000e+01 3.104000e+01
      vertex   3.570000e+01 4.550000e+01 3.540000e+00
    endloop
  endfacet
  facet normal 0.000000e+00 1.000000e+00 0.000000e+00
    outer loop
      vertex   3.570000e+01 4.550000e+01 3.540000e+00
      vertex   -3.620000e+01 4.550000e+01 3.104000e+01
      vertex   3.570000e+01 4.550000e+01 3.104000e+01
    endloop
  endfacet
  facet normal -9.801714e-02 9.951847e-01 -7.714050e-16
    outer loop
      vertex   -3.678527e+01 4.544236e+01 3.540000e+00
      vertex   -3.678527e+01 4.544236e+01 1.270667e+01
      vertex   -3.620000e+01 4.550000e+01 3.540000e+00
    endloop
  endfacet
  facet normal -9.801714e-02 9.951847e-01 0.000000e+00
    outer loop
      vertex   -3.620000e+01 4.550000e+01 3.540000e+00
      vertex   -3.678527e+01 4.544236e+01 1.270667e+01
      vertex   -3.678527e+01 4.544236e+01 2.187333e+01
    endloop
  endfacet
  facet normal -9.801714e-02 9.951847e-01 0.000000e+00
    outer loop
      vertex   -3.620000e+01 4.550000e+01 3.540000e+00
      vertex   -3.678527e+01 4.544236e+01 2.187333e+01
      vertex   -3.620000e+01 4.550000e+01 3.104000e+01
    endloop
  endfacet
  facet normal -9.801714e-02 9.951847e-01 0.000000e+00
    outer loop
      vertex   -3.620000e+01 4.550000e+01 3.104000e+01
      vertex   -3.678527e+01 4.544236e+01 2.187333e+01
      vertex   -3.678527e+01 4.544236e+01 3.104000e+01
    endloop
  endfacet
  facet normal -2.902847e-01 9.569403e-01 0.000000e+00
    outer loop
      vertex   -3.678527e+01 4.544236e+01 3.104000e+01
      vertex   -3.678527e+01 4.544236e+01 2.187333e+01
      vertex   -3.734805e+01 4.527164e+01 3.104000e+01
    endloop
  endfacet
  facet normal -2.902847e-01 9.569403e-01 0.000000e+00
    outer loop
      vertex   -3.734805e+01 4.527164e+01 3.104000e+01
      vertex   -3.678527e+01 4.544236e+01 2.187333e+01
      vertex   -3.734805e+01 4.527164e+01 2.187333e+01
    endloop
  endfacet
  facet normal -4.713967e-01 8.819213e-01 0.000000e+00
    outer loop
      vertex   -3.734805e+01 4.527164e+01 3.104000e+01
      vertex   -3.734805e+01 4.527164e+01 2.187333e+01
      vertex   -3.786671e+01 4.499441e+01 3.104000e+01
    endloop
  endfacet
  facet normal -4.713967e-01 8.819213e-01 0.000000e+00
    outer loop
      vertex   -3.786671e+01 4.499441e+01 3.104000e+01
      vertex   -3.734805e+01 4.527164e+01 2.187333e+01
      vertex   -3.786671e+01 4.499441e+01 2.187333e+01
    endloop
  endfacet
  facet normal -6.343933e-01 7.730105e-01 0.000000e+00
    outer loop
      vertex   -3.786671e+01 4.499441e+01 3.104000e+01
      vertex   -3.786671e+01 4.499441e+01 2.187333e+01
      vertex   -3.832132e+01 4.462132e+01 3.104000e+01
    endloop
  endfacet
  facet normal -6.343933e-01 7.730105e-01 -5.991894e-16
    outer loop
      vertex   -3.832132e+01 4.462132e+01 3.104000e+01
      vertex   -3.786671e+01 4.499441e+01 2.187333e+01
      vertex   -3.832132e+01 4.462132e+01 2.187333e+01
    endloop
  endfacet
  facet normal -7.730105e-01 6.343933e-01 -4.917420e-16
    outer loop
      vertex   -3.832132e+01 4.462132e+01 3.104000e+01
      vertex   -3.832132e+01 4.462132e+01 2.187333e+01
      vertex   -3.869441e+01 4.416671e+01 3.104000e+01
    endloop
  endfacet
  facet normal -7.730105e-01 6.343933e-01 0.000000e+00
    outer loop
      vertex   -3.869441e+01 4.416671e+01 3.104000e+01
      vertex   -3.832132e+01 4.462132e+01 2.187333e+01
      vertex   -3.869441e+01 4.416671e+01 2.187333e+01
    endloop
  endfacet
  facet normal -8.819213e-01 4.713967e-01 0.000000e+00
    outer loop
      vertex   -3.869441e+01 4.416671e+01 3.104000e+01
      vertex   -3.869441e+01 4.416671e+01 2.187333e+01
      vertex   -3.897164e+01 4.364805e+01 3.104000e+01
    endloop
  endfacet
  facet normal -8.819213e-01 4.713967e-01 0.000000e+00
    outer loop
      vertex   -3.897164e+01 4.364805e+01 3.104000e+01
      vertex   -3.869441e+01 4.416671e+01 2.187333e+01
      vertex   -3.897164e+01 4.364805e+01 2.187333e+01
    endloop
  endfacet
  facet normal -9.569403e-01 2.902847e-01 0.000000e+00
    outer loop
      vertex   -3.897164e+01 4.364805e+01 3.104000e+01
      vertex   -3.897164e+01 4.364805e+01 2.187333e+01
      vertex   -3.914236e+01 4.308527e+01 3.104000e+01
    endloop
  endfacet
  facet normal -9.569403e-01 2.902847e-01 7.417604e-16
    outer loop
      vertex   -3.914236e+01 4.308527e+01 3.104000e+01
      vertex   -3.897164e+01 4.364805e+01 2.187333e+01
      vertex   -3.914236e+01 4.308527e+01 2.187333e+01
    endloop
  endfacet
  facet normal -9.951847e-01 9.801714e-02 7.714050e-16
    outer loop
      vertex   -3.914236e+01 4.308527e+01 3.104000e+01
      vertex   -3.914236e+01 4.308527e+01 2.187333e+01
      vertex   -3.920000e+01 4.250000e+01 3.104000e+01
    endloop
  endfacet
  facet normal -9.951847e-01 9.801714e-02 -7.594122e-17
    outer loop
      vertex   -3.920000e+01 4.250000e+01 3.104000e+01
      vertex   -3.914236e+01 4.308527e+01 2.187333e+01
      vertex   -3.914236e+01 4.308527e+01 1.270667e+01
    endloop
  endfacet
  facet normal -9.951847e-01 9.801714e-02 2.318094e-16
    outer loop
      vertex   -3.920000e+01 4.250000e+01 3.104000e+01
      vertex   -3.914236e+01 4.308527e+01 1.270667e+01
      vertex   -3.920000e+01 4.250000e+01 3.540000e+00
    endloop
  endfacet
  facet normal -9.951847e-01 9.801714e-02 -7.709964e-16
    outer loop
      vertex   -3.920000e+01 4.250000e+01 3.540000e+00
      vertex   -3.914236e+01 4.308527e+01 1.270667e+01
      vertex   -3.914236e+01 4.308527e+01 3.540000e+00
    endloop
  endfacet
  facet normal -9.569403e-01 2.902847e-01 -7.417604e-16
    outer loop
      vertex   -3.914236e+01 4.308527e+01 3.540000e+00
      vertex   -3.914236e+01 4.308527e+01 1.270667e+01
      vertex   -3.897164e+01 4.364805e+01 3.540000e+00
    endloop
  endfacet
  facet normal -9.569403e-01 2.902847e-01 -9.667709e-16
    outer loop
      vertex   -3.897164e+01 4.364805e+01 3.540000e+00
      vertex   -3.914236e+01 4.308527e+01 1.270667e+01
      vertex   -3.897164e+01 4.364805e+01 1.270667e+01
    endloop
  endfacet
  facet normal -8.819213e-01 4.713967e-01 -1.049008e-15
    outer loop
      vertex   -3.897164e+01 4.364805e+01 3.540000e+00
      vertex   -3.897164e+01 4.364805e+01 1.270667e+01
      vertex   -3.869441e+01 4.416671e+01 3.540000e+00
    endloop
  endfacet
  facet normal -8.819213e-01 4.713967e-01 -7.307946e-16
    outer loop
      vertex   -3.869441e+01 4.416671e+01 3.540000e+00
      vertex   -3.897164e+01 4.364805e+01 1.270667e+01
      vertex   -3.869441e+01 4.416671e+01 1.270667e+01
    endloop
  endfacet
  facet normal -7.730105e-01 6.343933e-01 -9.834841e-16
    outer loop
      vertex   -3.869441e+01 4.416671e+01 3.540000e+00
      vertex   -3.869441e+01 4.416671e+01 1.270667e+01
      vertex   -3.832132e+01 4.462132e+01 3.540000e+00
    endloop
  endfacet
  facet normal -7.730105e-01 6.343933e-01 -4.917420e-16
    outer loop
      vertex   -3.832132e+01 4.462132e+01 3.540000e+00
      vertex   -3.869441e+01 4.416671e+01 1.270667e+01
      vertex   -3.832132e+01 4.462132e+01 1.270667e+01
    endloop
  endfacet
  facet normal -6.343933e-01 7.730105e-01 -5.991894e-16
    outer loop
      vertex   -3.832132e+01 4.462132e+01 3.540000e+00
      vertex   -3.832132e+01 4.462132e+01 1.270667e+01
      vertex   -3.786671e+01 4.499441e+01 3.540000e+00
    endloop
  endfacet
  facet normal -6.343933e-01 7.730105e-01 -5.991894e-16
    outer loop
      vertex   -3.786671e+01 4.499441e+01 3.540000e+00
      vertex   -3.832132e+01 4.462132e+01 1.270667e+01
      vertex   -3.786671e+01 4.499441e+01 1.270667e+01
    endloop
  endfacet
  facet normal -4.713967e-01 8.819213e-01 -6.836103e-16
    outer loop
      vertex   -3.786671e+01 4.499441e+01 3.540000e+00
      vertex   -3.786671e+01 4.499441e+01 1.270667e+01
      vertex   -3.734805e+01 4.527164e+01 3.540000e+00
    endloop
  endfacet
  facet normal -4.713967e-01 8.819213e-01 -1.732618e-15
    outer loop
      vertex   -3.734805e+01 4.527164e+01 3.540000e+00
      vertex   -3.786671e+01 4.499441e+01 1.270667e+01
      vertex   -3.734805e+01 4.527164e+01 1.270667e+01
    endloop
  endfacet
  facet normal -2.902847e-01 9.569403e-01 -1.708531e-15
    outer loop
      vertex   -3.734805e+01 4.527164e+01 3.540000e+00
      vertex   -3.734805e+01 4.527164e+01 1.270667e+01
      vertex   -3.678527e+01 4.544236e+01 3.540000e+00
    endloop
  endfacet
  facet normal -2.902847e-01 9.569403e-01 -7.417604e-16
    outer loop
      vertex   -3.678527e+01 4.544236e+01 3.540000e+00
      vertex   -3.734805e+01 4.527164e+01 1.270667e+01
      vertex   -3.678527e+01 4.544236e+01 1.270667e+01
    endloop
  endfacet
  facet normal -2.902847e-01 9.569403e-01 0.000000e+00
    outer loop
      vertex   -3.734805e+01 4.527164e+01 2.187333e+01
      vertex   -3.678527e+01 4.544236e+01 2.187333e+01
      vertex   -3.678527e+01 4.544236e+01 1.270667e+01
    endloop
  endfacet
  facet normal -2.902847e-01 9.569403e-01 -5.167498e-16
    outer loop
      vertex   -3.734805e+01 4.527164e+01 2.187333e+01
      vertex   -3.678527e+01 4.544236e+01 1.270667e+01
      vertex   -3.734805e+01 4.527164e+01 1.270667e+01
    endloop
  endfacet
  facet normal -4.713967e-01 8.819213e-01 -3.140620e-16
    outer loop
      vertex   -3.786671e+01 4.499441e+01 2.187333e+01
      vertex   -3.734805e+01 4.527164e+01 2.187333e+01
      vertex   -3.734805e+01 4.527164e+01 1.270667e+01
    endloop
  endfacet
  facet normal -4.713967e-01 8.819213e-01 0.000000e+00
    outer loop
      vertex   -3.786671e+01 4.499441e+01 2.187333e+01
      vertex   -3.734805e+01 4.527164e+01 1.270667e+01
      vertex   -3.786671e+01 4.499441e+01 1.270667e+01
    endloop
  endfacet
  facet normal -6.343933e-01 7.730105e-01 0.000000e+00
    outer loop
      vertex   -3.832132e+01 4.462132e+01 2.187333e+01
      vertex   -3.786671e+01 4.499441e+01 2.187333e+01
      vertex   -3.786671e+01 4.499441e+01 1.270667e+01
    endloop
  endfacet
  facet normal -6.343933e-01 7.730105e-01 0.000000e+00
    outer loop
      vertex   -3.832132e+01 4.462132e+01 2.187333e+01
      vertex   -3.786671e+01 4.499441e+01 1.270667e+01
      vertex   -3.832132e+01 4.462132e+01 1.270667e+01
    endloop
  endfacet
  facet normal -7.730105e-01 6.343933e-01 0.000000e+00
    outer loop
      vertex   -3.869441e+01 4.416671e+01 2.187333e+01
      vertex   -3.832132e+01 4.462132e+01 2.187333e+01
      vertex   -3.832132e+01 4.462132e+01 1.270667e+01
    endloop
  endfacet
  facet normal -7.730105e-01 6.343933e-01 0.000000e+00
    outer loop
      vertex   -3.869441e+01 4.416671e+01 2.187333e+01
      vertex   -3.832132e+01 4.462132e+01 1.270667e+01
      vertex   -3.869441e+01 4.416671e+01 1.270667e+01
    endloop
  endfacet
  facet normal -8.819213e-01 4.713967e-01 0.000000e+00
    outer loop
      vertex   -3.897164e+01 4.364805e+01 2.187333e+01
      vertex   -3.869441e+01 4.416671e+01 2.187333e+01
      vertex   -3.869441e+01 4.416671e+01 1.270667e+01
    endloop
  endfacet
  facet normal -8.819213e-01 4.713967e-01 0.000000e+00
    outer loop
      vertex   -3.897164e+01 4.364805e+01 2.187333e+01
      vertex   -3.869441e+01 4.416671e+01 1.270667e+01
      vertex   -3.897164e+01 4.364805e+01 1.270667e+01
    endloop
  endfacet
  facet normal -9.569403e-01 2.902847e-01 0.000000e+00
    outer loop
      vertex   -3.914236e+01 4.308527e+01 2.187333e+01
      vertex   -3.897164e+01 4.364805e+01 2.187333e+01
      vertex   -3.897164e+01 4.364805e+01 1.270667e+01
    endloop
  endfacet
  facet normal -9.569403e-01 2.902847e-01 -2.250105e-16
    outer loop
      vertex   -3.914236e+01 4.308527e+01 2.187333e+01
      vertex   -3.897164e+01 4.364805e+01 1.270667e+01
      vertex   -3.914236e+01 4.308527e+01 1.270667e+01
    endloop
  endfacet
  facet normal -1.000000e+00 0.000000e+00 2.583792e-16
    outer loop
      vertex   -3.920000e+01 -2.420000e+01 3.540000e+00
      vertex   -3.920000e+01 -2.420000e+01 3.104000e+01
      vertex   -3.920000e+01 4.250000e+01 3.540000e+00
    endloop
  endfacet
  facet normal -1.000000e+00 0.000000e+00 2.583792e-16
    outer loop
      vertex   -3.920000e+01 4.250000e+01 3.540000e+00
      vertex   -3.920000e+01 -2.420000e+01 3.104000e+01
      vertex   -3.920000e+01 4.250000e+01 3.104000e+01
    endloop
  endfacet
  facet normal -9.951847e-01 -9.801714e-02 0.000000e+00
    outer loop
      vertex   -3.914236e+01 -2.478527e+01 3.540000e+00
      vertex   -3.914236e+01 -2.478527e+01 1.270667e+01
      vertex   -3.920000e+01 -2.420000e+01 3.540000e+00
    endloop
  endfacet
  facet normal -9.951847e-01 -9.801714e-02 0.000000e+00
    outer loop
      vertex   -3.920000e+01 -2.420000e+01 3.540000e+00
      vertex   -3.914236e+01 -2.478527e+01 1.270667e+01
      vertex   -3.914236e+01 -2.478527e+01 2.187333e+01
    endloop
  endfacet
  facet normal -9.951847e-01 -9.801714e-02 2.571350e-16
    outer loop
      vertex   -3.920000e+01 -2.420000e+01 3.540000e+00
      vertex   -3.914236e+01 -2.478527e+01 2.187333e+01
      vertex   -3.920000e+01 -2.420000e+01 3.104000e+01
    endloop
  endfacet
  facet normal -9.951847e-01 -9.801714e-02 0.000000e+00
    outer loop
      vertex   -3.920000e+01 -2.420000e+01 3.104000e+01
      vertex   -3.914236e+01 -2.478527e+01 2.187333e+01
      vertex   -3.914236e+01 -2.478527e+01 3.104000e+01
    endloop
  endfacet
  facet normal -9.569403e-01 -2.902847e-01 -0.000000e+00
    outer loop
      vertex   -3.914236e+01 -2.478527e+01 3.104000e+01
      vertex   -3.914236e+01 -2.478527e+01 2.187333e+01
      vertex   -3.897164e+01 -2.534805e+01 3.104000e+01
    endloop
  endfacet
  facet normal -9.569403e-01 -2.902847e-01 7.417604e-16
    outer loop
      vertex   -3.897164e+01 -2.534805e+01 3.104000e+01
      vertex   -3.914236e+01 -2.478527e+01 2.187333e+01
      vertex   -3.897164e+01 -2.534805e+01 2.187333e+01
    endloop
  endfacet
  facet normal -8.819213e-01 -4.713967e-01 6.836103e-16
    outer loop
      vertex   -3.897164e+01 -2.534805e+01 3.104000e+01
      vertex   -3.897164e+01 -2.534805e+01 2.187333e+01
      vertex   -3.869441e+01 -2.586671e+01 3.104000e+01
    endloop
  endfacet
  facet normal -8.819213e-01 -4.713967e-01 -0.000000e+00
    outer loop
      vertex   -3.869441e+01 -2.586671e+01 3.104000e+01
      vertex   -3.897164e+01 -2.534805e+01 2.187333e+01
      vertex   -3.869441e+01 -2.586671e+01 2.187333e+01
    endloop
  endfacet
  facet normal -7.730105e-01 -6.343933e-01 -0.000000e+00
    outer loop
      vertex   -3.869441e+01 -2.586671e+01 3.104000e+01
      vertex   -3.869441e+01 -2.586671e+01 2.187333e+01
      vertex   -3.832132e+01 -2.632132e+01 3.104000e+01
    endloop
  endfacet
  facet normal -7.730105e-01 -6.343933e-01 -0.000000e+00
    outer loop
      vertex   -3.832132e+01 -2.632132e+01 3.104000e+01
      vertex   -3.869441e+01 -2.586671e+01 2.187333e+01
      vertex   -3.832132e+01 -2.632132e+01 2.187333e+01
    endloop
  endfacet
  facet normal -6.343933e-01 -7.730105e-01 -0.000000e+00
    outer loop
      vertex   -3.832132e+01 -2.632132e+01 3.104000e+01
      vertex   -3.832132e+01 -2.632132e+01 2.187333e+01
      vertex   -3.786671e+01 -2.669441e+01 3.104000e+01
    endloop
  endfacet
  facet normal -6.343933e-01 -7.730105e-01 -0.000000e+00
    outer loop
      vertex   -3.786671e+01 -2.669441e+01 3.104000e+01
      vertex   -3.832132e+01 -2.632132e+01 2.187333e+01
      vertex   -3.786671e+01 -2.669441e+01 2.187333e+01
    endloop
  endfacet
  facet normal -4.713967e-01 -8.819213e-01 -0.000000e+00
    outer loop
      vertex   -3.786671e+01 -2.669441e+01 3.104000e+01
      vertex   -3.786671e+01 -2.669441e+01 2.187333e+01
      vertex   -3.734805e+01 -2.697164e+01 3.104000e+01
    endloop
  endfacet
  facet normal -4.713967e-01 -8.819213e-01 3.418051e-16
    outer loop
      vertex   -3.734805e+01 -2.697164e+01 3.104000e+01
      vertex   -3.786671e+01 -2.669441e+01 2.187333e+01
      vertex   -3.734805e+01 -2.697164e+01 2.187333e+01
    endloop
  endfacet
  facet normal -2.902847e-01 -9.569403e-01 3.708802e-16
    outer loop
      vertex   -3.734805e+01 -2.697164e+01 3.104000e+01
      vertex   -3.734805e+01 -2.697164e+01 2.187333e+01
      vertex   -3.678527e+01 -2.714236e+01 3.104000e+01
    endloop
  endfacet
  facet normal -2.902847e-01 -9.569403e-01 -0.000000e+00
    outer loop
      vertex   -3.678527e+01 -2.714236e+01 3.104000e+01
      vertex   -3.734805e+01 -2.697164e+01 2.187333e+01
      vertex   -3.678527e+01 -2.714236e+01 2.187333e+01
    endloop
  endfacet
  facet normal -9.801714e-02 -9.951847e-01 -0.000000e+00
    outer loop
      vertex   -3.678527e+01 -2.714236e+01 3.104000e+01
      vertex   -3.678527e+01 -2.714236e+01 2.187333e+01
      vertex   -3.620000e+01 -2.720000e+01 3.104000e+01
    endloop
  endfacet
  facet normal -9.801714e-02 -9.951847e-01 0.000000e+00
    outer loop
      vertex   -3.620000e+01 -2.720000e+01 3.104000e+01
      vertex   -3.678527e+01 -2.714236e+01 2.187333e+01
      vertex   -3.678527e+01 -2.714236e+01 1.270667e+01
    endloop
  endfacet
  facet normal -9.801714e-02 -9.951847e-01 2.571350e-16
    outer loop
      vertex   -3.620000e+01 -2.720000e+01 3.104000e+01
      vertex   -3.678527e+01 -2.714236e+01 1.270667e+01
      vertex   -3.620000e+01 -2.720000e+01 3.540000e+00
    endloop
  endfacet
  facet normal -9.801714e-02 -9.951847e-01 0.000000e+00
    outer loop
      vertex   -3.620000e+01 -2.720000e+01 3.540000e+00
      vertex   -3.678527e+01 -2.714236e+01 1.270667e+01
      vertex   -3.678527e+01 -2.714236e+01 3.540000e+00
    endloop
  endfacet
  facet normal -2.902847e-01 -9.569403e-01 0.000000e+00
    outer loop
      vertex   -3.678527e+01 -2.714236e+01 3.540000e+00
      vertex   -3.678527e+01 -2.714236e+01 1.270667e+01
      vertex   -3.734805e+01 -2.697164e+01 3.540000e+00
    endloop
  endfacet
  facet normal -2.902847e-01 -9.569403e-01 -3.708802e-16
    outer loop
      vertex   -3.734805e+01 -2.697164e+01 3.540000e+00
      vertex   -3.678527e+01 -2.714236e+01 1.270667e+01
      vertex   -3.734805e+01 -2.697164e+01 1.270667e+01
    endloop
  endfacet
  facet normal -4.713967e-01 -8.819213e-01 -3.418051e-16
    outer loop
      vertex   -3.734805e+01 -2.697164e+01 3.540000e+00
      vertex   -3.734805e+01 -2.697164e+01 1.270667e+01
      vertex   -3.786671e+01 -2.669441e+01 3.540000e+00
    endloop
  endfacet
  facet normal -4.713967e-01 -8.819213e-01 0.000000e+00
    outer loop
      vertex   -3.786671e+01 -2.669441e+01 3.540000e+00
      vertex   -3.734805e+01 -2.697164e+01 1.270667e+01
      vertex   -3.786671e+01 -2.669441e+01 1.270667e+01
    endloop
  endfacet
  facet normal -6.343933e-01 -7.730105e-01 0.000000e+00
    outer loop
      vertex   -3.786671e+01 -2.669441e+01 3.540000e+00
      vertex   -3.786671e+01 -2.669441e+01 1.270667e+01
      vertex   -3.832132e+01 -2.632132e+01 3.540000e+00
    endloop
  endfacet
  facet normal -6.343933e-01 -7.730105e-01 0.000000e+00
    outer loop
      vertex   -3.832132e+01 -2.632132e+01 3.540000e+00
      vertex   -3.786671e+01 -2.669441e+01 1.270667e+01
      vertex   -3.832132e+01 -2.632132e+01 1.270667e+01
    endloop
  endfacet
  facet normal -7.730105e-01 -6.343933e-01 0.000000e+00
    outer loop
      vertex   -3.832132e+01 -2.632132e+01 3.540000e+00
      vertex   -3.832132e+01 -2.632132e+01 1.270667e+01
      vertex   -3.869441e+01 -2.586671e+01 3.540000e+00
    endloop
  endfacet
  facet normal -7.730105e-01 -6.343933e-01 0.000000e+00
    outer loop
      vertex   -3.869441e+01 -2.586671e+01 3.540000e+00
      vertex   -3.832132e+01 -2.632132e+01 1.270667e+01
      vertex   -3.869441e+01 -2.586671e+01 1.270667e+01
    endloop
  endfacet
  facet normal -8.819213e-01 -4.713967e-01 0.000000e+00
    outer loop
      vertex   -3.869441e+01 -2.586671e+01 3.540000e+00
      vertex   -3.869441e+01 -2.586671e+01 1.270667e+01
      vertex   -3.897164e+01 -2.534805e+01 3.540000e+00
    endloop
  endfacet
  facet normal -8.819213e-01 -4.713967e-01 -6.836103e-16
    outer loop
      vertex   -3.897164e+01 -2.534805e+01 3.540000e+00
      vertex   -3.869441e+01 -2.586671e+01 1.270667e+01
      vertex   -3.897164e+01 -2.534805e+01 1.270667e+01
    endloop
  endfacet
  facet normal -9.569403e-01 -2.902847e-01 -7.417604e-16
    outer loop
      vertex   -3.897164e+01 -2.534805e+01 3.540000e+00
      vertex   -3.897164e+01 -2.534805e+01 1.270667e+01
      vertex   -3.914236e+01 -2.478527e+01 3.540000e+00
    endloop
  endfacet
  facet normal -9.569403e-01 -2.902847e-01 0.000000e+00
    outer loop
      vertex   -3.914236e+01 -2.478527e+01 3.540000e+00
      vertex   -3.897164e+01 -2.534805e+01 1.270667e+01
      vertex   -3.914236e+01 -2.478527e+01 1.270667e+01
    endloop
  endfacet
  facet normal -9.569403e-01 -2.902847e-01 0.000000e+00
    outer loop
      vertex   -3.897164e+01 -2.534805e+01 2.187333e+01
      vertex   -3.914236e+01 -2.478527e+01 2.187333e+01
      vertex   -3.914236e+01 -2.478527e+01 1.270667e+01
    endloop
  endfacet
  facet normal -9.569403e-01 -2.902847e-01 -0.000000e+00
    outer loop
      vertex   -3.897164e+01 -2.534805e+01 2.187333e+01
      vertex   -3.914236e+01 -2.478527e+01 1.270667e+01
      vertex   -3.897164e+01 -2.534805e+01 1.270667e+01
    endloop
  endfacet
  facet normal -8.819213e-01 -4.713967e-01 0.000000e+00
    outer loop
      vertex   -3.869441e+01 -2.586671e+01 2.187333e+01
      vertex   -3.897164e+01 -2.534805e+01 2.187333e+01
      vertex   -3.897164e+01 -2.534805e+01 1.270667e+01
    endloop
  endfacet
  facet normal -8.819213e-01 -4.713967e-01 -0.000000e+00
    outer loop
      vertex   -3.869441e+01 -2.586671e+01 2.187333e+01
      vertex   -3.897164e+01 -2.534805e+01 1.270667e+01
      vertex   -3.869441e+01 -2.586671e+01 1.270667e+01
    endloop
  endfacet
  facet normal -7.730105e-01 -6.343933e-01 0.000000e+00
    outer loop
      vertex   -3.832132e+01 -2.632132e+01 2.187333e+01
      vertex   -3.869441e+01 -2.586671e+01 2.187333e+01
      vertex   -3.869441e+01 -2.586671e+01 1.270667e+01
    endloop
  endfacet
  facet normal -7.730105e-01 -6.343933e-01 -0.000000e+00
    outer loop
      vertex   -3.832132e+01 -2.632132e+01 2.187333e+01
      vertex   -3.869441e+01 -2.586671e+01 1.270667e+01
      vertex   -3.832132e+01 -2.632132e+01 1.270667e+01
    endloop
  endfacet
  facet normal -6.343933e-01 -7.730105e-01 0.000000e+00
    outer loop
      vertex   -3.786671e+01 -2.669441e+01 2.187333e+01
      vertex   -3.832132e+01 -2.632132e+01 2.187333e+01
      vertex   -3.832132e+01 -2.632132e+01 1.270667e+01
    endloop
  endfacet
  facet normal -6.343933e-01 -7.730105e-01 -0.000000e+00
    outer loop
      vertex   -3.786671e+01 -2.669441e+01 2.187333e+01
      vertex   -3.832132e+01 -2.632132e+01 1.270667e+01
      vertex   -3.786671e+01 -2.669441e+01 1.270667e+01
    endloop
  endfacet
  facet normal -4.713967e-01 -8.819213e-01 0.000000e+00
    outer loop
      vertex   -3.734805e+01 -2.697164e+01 2.187333e+01
      vertex   -3.786671e+01 -2.669441e+01 2.187333e+01
      vertex   -3.786671e+01 -2.669441e+01 1.270667e+01
    endloop
  endfacet
  facet normal -4.713967e-01 -8.819213e-01 -0.000000e+00
    outer loop
      vertex   -3.734805e+01 -2.697164e+01 2.187333e+01
      vertex   -3.786671e+01 -2.669441e+01 1.270667e+01
      vertex   -3.734805e+01 -2.697164e+01 1.270667e+01
    endloop
  endfacet
  facet normal -2.902847e-01 -9.569403e-01 0.000000e+00
    outer loop
      vertex   -3.678527e+01 -2.714236e+01 2.187333e+01
      vertex   -3.734805e+01 -2.697164e+01 2.187333e+01
      vertex   -3.734805e+01 -2.697164e+01 1.270667e+01
    endloop
  endfacet
  facet normal -2.902847e-01 -9.569403e-01 -0.000000e+00
    outer loop
      vertex   -3.678527e+01 -2.714236e+01 2.187333e+01
      vertex   -3.734805e+01 -2.697164e+01 1.270667e+01
      vertex   -3.678527e+01 -2.714236e+01 1.270667e+01
    endloop
  endfacet
  facet normal 0.000000e+00 -1.000000e+00 2.583792e-16
    outer loop
      vertex   -3.620000e+01 -2.720000e+01 3.540000e+00
      vertex   3.570000e+01 -2.720000e+01 3.540000e+00
      vertex   -3.620000e+01 -2.720000e+01 3.104000e+01
    endloop
  endfacet
  facet normal 0.000000e+00 -1.000000e+00 2.583792e-16
    outer loop
      vertex   -3.620000e+01 -2.720000e+01 3.104000e+01
      vertex   3.570000e+01 -2.720000e+01 3.540000e+00
      vertex   3.570000e+01 -2.720000e+01 3.104000e+01
    endloop
  endfacet
  facet normal 9.801714e-02 -9.951847e-01 0.000000e+00
    outer loop
      vertex   3.628527e+01 -2.714236e+01 3.540000e+00
      vertex   3.628527e+01 -2.714236e+01 1.270667e+01
      vertex   3.570000e+01 -2.720000e+01 3.540000e+00
    endloop
  endfacet
  facet normal 9.801714e-02 -9.951847e-01 0.000000e+00
    outer loop
      vertex   3.570000e+01 -2.720000e+01 3.540000e+00
      vertex   3.628527e+01 -2.714236e+01 1.270667e+01
      vertex   3.628527e+01 -2.714236e+01 2.187333e+01
    endloop
  endfacet
  facet normal 9.801714e-02 -9.951847e-01 2.318094e-16
    outer loop
      vertex   3.570000e+01 -2.720000e+01 3.540000e+00
      vertex   3.628527e+01 -2.714236e+01 2.187333e+01
      vertex   3.570000e+01 -2.720000e+01 3.104000e+01
    endloop
  endfacet
  facet normal 9.801714e-02 -9.951847e-01 -3.861418e-16
    outer loop
      vertex   3.570000e+01 -2.720000e+01 3.104000e+01
      vertex   3.628527e+01 -2.714236e+01 2.187333e+01
      vertex   3.628527e+01 -2.714236e+01 3.104000e+01
    endloop
  endfacet
  facet normal 2.902847e-01 -9.569403e-01 -3.708802e-16
    outer loop
      vertex   3.628527e+01 -2.714236e+01 3.104000e+01
      vertex   3.628527e+01 -2.714236e+01 2.187333e+01
      vertex   3.684805e+01 -2.697164e+01 3.104000e+01
    endloop
  endfacet
  facet normal 2.902847e-01 -9.569403e-01 0.000000e+00
    outer loop
      vertex   3.684805e+01 -2.697164e+01 3.104000e+01
      vertex   3.628527e+01 -2.714236e+01 2.187333e+01
      vertex   3.684805e+01 -2.697164e+01 2.187333e+01
    endloop
  endfacet
  facet normal 4.713967e-01 -8.819213e-01 0.000000e+00
    outer loop
      vertex   3.684805e+01 -2.697164e+01 3.104000e+01
      vertex   3.684805e+01 -2.697164e+01 2.187333e+01
      vertex   3.736671e+01 -2.669441e+01 3.104000e+01
    endloop
  endfacet
  facet normal 4.713967e-01 -8.819213e-01 3.418051e-16
    outer loop
      vertex   3.736671e+01 -2.669441e+01 3.104000e+01
      vertex   3.684805e+01 -2.697164e+01 2.187333e+01
      vertex   3.736671e+01 -2.669441e+01 2.187333e+01
    endloop
  endfacet
  facet normal 6.343933e-01 -7.730105e-01 2.995947e-16
    outer loop
      vertex   3.736671e+01 -2.669441e+01 3.104000e+01
      vertex   3.736671e+01 -2.669441e+01 2.187333e+01
      vertex   3.782132e+01 -2.632132e+01 3.104000e+01
    endloop
  endfacet
  facet normal 6.343933e-01 -7.730105e-01 0.000000e+00
    outer loop
      vertex   3.782132e+01 -2.632132e+01 3.104000e+01
      vertex   3.736671e+01 -2.669441e+01 2.187333e+01
      vertex   3.782132e+01 -2.632132e+01 2.187333e+01
    endloop
  endfacet
  facet normal 7.730105e-01 -6.343933e-01 0.000000e+00
    outer loop
      vertex   3.782132e+01 -2.632132e+01 3.104000e+01
      vertex   3.782132e+01 -2.632132e+01 2.187333e+01
      vertex   3.819441e+01 -2.586671e+01 3.104000e+01
    endloop
  endfacet
  facet normal 7.730105e-01 -6.343933e-01 0.000000e+00
    outer loop
      vertex   3.819441e+01 -2.586671e+01 3.104000e+01
      vertex   3.782132e+01 -2.632132e+01 2.187333e+01
      vertex   3.819441e+01 -2.586671e+01 2.187333e+01
    endloop
  endfacet
  facet normal 8.819213e-01 -4.713967e-01 0.000000e+00
    outer loop
      vertex   3.819441e+01 -2.586671e+01 3.104000e+01
      vertex   3.819441e+01 -2.586671e+01 2.187333e+01
      vertex   3.847164e+01 -2.534805e+01 3.104000e+01
    endloop
  endfacet
  facet normal 8.819213e-01 -4.713967e-01 0.000000e+00
    outer loop
      vertex   3.847164e+01 -2.534805e+01 3.104000e+01
      vertex   3.819441e+01 -2.586671e+01 2.187333e+01
      vertex   3.847164e+01 -2.534805e+01 2.187333e+01
    endloop
  endfacet
  facet normal 9.569403e-01 -2.902847e-01 0.000000e+00
    outer loop
      vertex   3.847164e+01 -2.534805e+01 3.104000e+01
      vertex   3.847164e+01 -2.534805e+01 2.187333e+01
      vertex   3.864236e+01 -2.478527e+01 3.104000e+01
    endloop
  endfacet
  facet normal 9.569403e-01 -2.902847e-01 0.000000e+00
    outer loop
      vertex   3.864236e+01 -2.478527e+01 3.104000e+01
      vertex   3.847164e+01 -2.534805e+01 2.187333e+01
      vertex   3.864236e+01 -2.478527e+01 2.187333e+01
    endloop
  endfacet
  facet normal 9.951847e-01 -9.801714e-02 0.000000e+00
    outer loop
      vertex   3.864236e+01 -2.478527e+01 3.104000e+01
      vertex   3.864236e+01 -2.478527e+01 2.187333e+01
      vertex   3.870000e+01 -2.420000e+01 3.104000e+01
    endloop
  endfacet
  facet normal 9.951847e-01 -9.801714e-02 0.000000e+00
    outer loop
      vertex   3.870000e+01 -2.420000e+01 3.104000e+01
      vertex   3.864236e+01 -2.478527e+01 2.187333e+01
      vertex   3.864236e+01 -2.478527e+01 1.270667e+01
    endloop
  endfacet
  facet normal 9.951847e-01 -9.801714e-02 0.000000e+00
    outer loop
      vertex   3.870000e+01 -2.420000e+01 3.104000e+01
      vertex   3.864236e+01 -2.478527e+01 1.270667e+01
      vertex   3.870000e+01 -2.420000e+01 3.540000e+00
    endloop
  endfacet
  facet normal 9.951847e-01 -9.801714e-02 7.722835e-16
    outer loop
      vertex   3.870000e+01 -2.420000e+01 3.540000e+00
      vertex   3.864236e+01 -2.478527e+01 1.270667e+01
      vertex   3.864236e+01 -2.478527e+01 3.540000e+00
    endloop
  endfacet
  facet normal 9.569403e-01 -2.902847e-01 7.417604e-16
    outer loop
      vertex   3.864236e+01 -2.478527e+01 3.540000e+00
      vertex   3.864236e+01 -2.478527e+01 1.270667e+01
      vertex   3.847164e+01 -2.534805e+01 3.540000e+00
    endloop
  endfacet
  facet normal 9.569403e-01 -2.902847e-01 0.000000e+00
    outer loop
      vertex   3.847164e+01 -2.534805e+01 3.540000e+00
      vertex   3.864236e+01 -2.478527e+01 1.270667e+01
      vertex   3.847164e+01 -2.534805e+01 1.270667e+01
    endloop
  endfacet
  facet normal 8.819213e-01 -4.713967e-01 0.000000e+00
    outer loop
      vertex   3.847164e+01 -2.534805e+01 3.540000e+00
      vertex   3.847164e+01 -2.534805e+01 1.270667e+01
      vertex   3.819441e+01 -2.586671e+01 3.540000e+00
    endloop
  endfacet
  facet normal 8.819213e-01 -4.713967e-01 0.000000e+00
    outer loop
      vertex   3.819441e+01 -2.586671e+01 3.540000e+00
      vertex   3.847164e+01 -2.534805e+01 1.270667e+01
      vertex   3.819441e+01 -2.586671e+01 1.270667e+01
    endloop
  endfacet
  facet normal 7.730105e-01 -6.343933e-01 0.000000e+00
    outer loop
      vertex   3.819441e+01 -2.586671e+01 3.540000e+00
      vertex   3.819441e+01 -2.586671e+01 1.270667e+01
      vertex   3.782132e+01 -2.632132e+01 3.540000e+00
    endloop
  endfacet
  facet normal 7.730105e-01 -6.343933e-01 0.000000e+00
    outer loop
      vertex   3.782132e+01 -2.632132e+01 3.540000e+00
      vertex   3.819441e+01 -2.586671e+01 1.270667e+01
      vertex   3.782132e+01 -2.632132e+01 1.270667e+01
    endloop
  endfacet
  facet normal 6.343933e-01 -7.730105e-01 0.000000e+00
    outer loop
      vertex   3.782132e+01 -2.632132e+01 3.540000e+00
      vertex   3.782132e+01 -2.632132e+01 1.270667e+01
      vertex   3.736671e+01 -2.669441e+01 3.540000e+00
    endloop
  endfacet
  facet normal 6.343933e-01 -7.730105e-01 0.000000e+00
    outer loop
      vertex   3.736671e+01 -2.669441e+01 3.540000e+00
      vertex   3.782132e+01 -2.632132e+01 1.270667e+01
      vertex   3.736671e+01 -2.669441e+01 1.270667e+01
    endloop
  endfacet
  facet normal 4.713967e-01 -8.819213e-01 0.000000e+00
    outer loop
      vertex   3.736671e+01 -2.669441e+01 3.540000e+00
      vertex   3.736671e+01 -2.669441e+01 1.270667e+01
      vertex   3.684805e+01 -2.697164e+01 3.540000e+00
    endloop
  endfacet
  facet normal 4.713967e-01 -8.819213e-01 0.000000e+00
    outer loop
      vertex   3.684805e+01 -2.697164e+01 3.540000e+00
      vertex   3.736671e+01 -2.669441e+01 1.270667e+01
      vertex   3.684805e+01 -2.697164e+01 1.270667e+01
    endloop
  endfacet
  facet normal 2.902847e-01 -9.569403e-01 0.000000e+00
    outer loop
      vertex   3.684805e+01 -2.697164e+01 3.540000e+00
      vertex   3.684805e+01 -2.697164e+01 1.270667e+01
      vertex   3.628527e+01 -2.714236e+01 3.540000e+00
    endloop
  endfacet
  facet normal 2.902847e-01 -9.569403e-01 0.000000e+00
    outer loop
      vertex   3.628527e+01 -2.714236e+01 3.540000e+00
      vertex   3.684805e+01 -2.697164e+01 1.270667e+01
      vertex   3.628527e+01 -2.714236e+01 1.270667e+01
    endloop
  endfacet
  facet normal 2.902847e-01 -9.569403e-01 0.000000e+00
    outer loop
      vertex   3.684805e+01 -2.697164e+01 2.187333e+01
      vertex   3.628527e+01 -2.714236e+01 2.187333e+01
      vertex   3.628527e+01 -2.714236e+01 1.270667e+01
    endloop
  endfacet
  facet normal 2.902847e-01 -9.569403e-01 0.000000e+00
    outer loop
      vertex   3.684805e+01 -2.697164e+01 2.187333e+01
      vertex   3.628527e+01 -2.714236e+01 1.270667e+01
      vertex   3.684805e+01 -2.697164e+01 1.270667e+01
    endloop
  endfacet
  facet normal 4.713967e-01 -8.819213e-01 0.000000e+00
    outer loop
      vertex   3.736671e+01 -2.669441e+01 2.187333e+01
      vertex   3.684805e+01 -2.697164e+01 2.187333e+01
      vertex   3.684805e+01 -2.697164e+01 1.270667e+01
    endloop
  endfacet
  facet normal 4.713967e-01 -8.819213e-01 0.000000e+00
    outer loop
      vertex   3.736671e+01 -2.669441e+01 2.187333e+01
      vertex   3.684805e+01 -2.697164e+01 1.270667e+01
      vertex   3.736671e+01 -2.669441e+01 1.270667e+01
    endloop
  endfacet
  facet normal 6.343933e-01 -7.730105e-01 0.000000e+00
    outer loop
      vertex   3.782132e+01 -2.632132e+01 2.187333e+01
      vertex   3.736671e+01 -2.669441e+01 2.187333e+01
      vertex   3.736671e+01 -2.669441e+01 1.270667e+01
    endloop
  endfacet
  facet normal 6.343933e-01 -7.730105e-01 -1.921473e-16
    outer loop
      vertex   3.782132e+01 -2.632132e+01 2.187333e+01
      vertex   3.736671e+01 -2.669441e+01 1.270667e+01
      vertex   3.782132e+01 -2.632132e+01 1.270667e+01
    endloop
  endfacet
  facet normal 7.730105e-01 -6.343933e-01 -3.552504e-16
    outer loop
      vertex   3.819441e+01 -2.586671e+01 2.187333e+01
      vertex   3.782132e+01 -2.632132e+01 2.187333e+01
      vertex   3.782132e+01 -2.632132e+01 1.270667e+01
    endloop
  endfacet
  facet normal 7.730105e-01 -6.343933e-01 0.000000e+00
    outer loop
      vertex   3.819441e+01 -2.586671e+01 2.187333e+01
      vertex   3.782132e+01 -2.632132e+01 1.270667e+01
      vertex   3.819441e+01 -2.586671e+01 1.270667e+01
    endloop
  endfacet
  facet normal 8.819213e-01 -4.713967e-01 0.000000e+00
    outer loop
      vertex   3.847164e+01 -2.534805e+01 2.187333e+01
      vertex   3.819441e+01 -2.586671e+01 2.187333e+01
      vertex   3.819441e+01 -2.586671e+01 1.270667e+01
    endloop
  endfacet
  facet normal 8.819213e-01 -4.713967e-01 0.000000e+00
    outer loop
      vertex   3.847164e+01 -2.534805e+01 2.187333e+01
      vertex   3.819441e+01 -2.586671e+01 1.270667e+01
      vertex   3.847164e+01 -2.534805e+01 1.270667e+01
    endloop
  endfacet
  facet normal 9.569403e-01 -2.902847e-01 0.000000e+00
    outer loop
      vertex   3.864236e+01 -2.478527e+01 2.187333e+01
      vertex   3.847164e+01 -2.534805e+01 2.187333e+01
      vertex   3.847164e+01 -2.534805e+01 1.270667e+01
    endloop
  endfacet
  facet normal 9.569403e-01 -2.902847e-01 0.000000e+00
    outer loop
      vertex   3.864236e+01 -2.478527e+01 2.187333e+01
      vertex   3.847164e+01 -2.534805e+01 1.270667e+01
      vertex   3.864236e+01 -2.478527e+01 1.270667e+01
    endloop
  endfacet
  facet normal -7.941509e-18 8.579776e-18 -1.000000e+00
    outer loop
      vertex   3.470000e+01 -2.320000e+01 -4.600000e-01
      vertex   -3.520000e+01 -2.320000e+01 -4.600000e-01
      vertex   3.470000e+01 4.150000e+01 -4.600000e-01
    endloop
  endfacet
  facet normal 0.000000e+00 0.000000e+00 -1.000000e+00
    outer loop
      vertex   3.470000e+01 4.150000e+01 -4.600000e-01
      vertex   -3.520000e+01 -2.320000e+01 -4.600000e-01
      vertex   -3.520000e+01 4.150000e+01 -4.600000e-01
    endloop
  endfacet
  facet normal -1.000000e+00 0.000000e+00 0.000000e+00
    outer loop
      vertex   9.537467e+00 2.520000e+01 1.540000e+00
      vertex   9.537467e+00 2.520000e+01 4.540000e+00
      vertex   9.537467e+00 4.350000e+01 1.540000e+00
    endloop
  endfacet
  facet normal -1.000000e+00 0.000000e+00 0.000000e+00
    outer loop
      vertex   9.537467e+00 4.350000e+01 1.540000e+00
      vertex   9.537467e+00 2.520000e+01 4.540000e+00
      vertex   9.537467e+00 4.350000e+01 4.540000e+00
    endloop
  endfacet
  facet normal -0.000000e+00 0.000000e+00 1.000000e+00
    outer loop
      vertex   9.537467e+00 4.350000e+01 4.540000e+00
      vertex   9.537467e+00 2.520000e+01 4.540000e+00
      vertex   1.213747e+01 4.350000e+01 4.540000e+00
    endloop
  endfacet
  facet normal 0.000000e+00 0.000000e+00 1.000000e+00
    outer loop
      vertex   1.213747e+01 4.350000e+01 4.540000e+00
      vertex   9.537467e+00 2.520000e+01 4.540000e+00
      vertex   1.213747e+01 2.520000e+01 4.540000e+00
    endloop
  endfacet
  facet normal 0.000000e+00 -1.000000e+00 0.000000e+00
    outer loop
      vertex   9.537467e+00 2.520000e+01 4.540000e+00
      vertex   9.537467e+00 2.520000e+01 1.540000e+00
      vertex   1.213747e+01 2.520000e+01 4.540000e+00
    endloop
  endfacet
  facet normal 0.000000e+00 -1.000000e+00 -0.000000e+00
    outer loop
      vertex   1.213747e+01 2.520000e+01 4.540000e+00
      vertex   9.537467e+00 2.520000e+01 1.540000e+00
      vertex   1.213747e+01 2.520000e+01 1.540000e+00
    endloop
  endfacet
  facet normal 0.000000e+00 0.000000e+00 -1.000000e+00
    outer loop
      vertex   9.537467e+00 2.520000e+01 1.540000e+00
      vertex   9.537467e+00 4.350000e+01 1.540000e+00
      vertex   1.213747e+01 2.520000e+01 1.540000e+00
    endloop
  endfacet
  facet normal 0.000000e+00 0.000000e+00 -1.000000e+00
    outer loop
      vertex   1.213747e+01 2.520000e+01 1.540000e+00
      vertex   9.537467e+00 4.350000e+01 1.540000e+00
      vertex   1.213747e+01 4.350000e+01 1.540000e+00
    endloop
  endfacet
  facet normal 1.000000e+00 -0.000000e+00 0.000000e+00
    outer loop
      vertex   1.213747e+01 2.520000e+01 4.540000e+00
      vertex   1.213747e+01 2.520000e+01 1.540000e+00
      vertex   1.213747e+01 4.350000e+01 4.540000e+00
    endloop
  endfacet
  facet normal 1.000000e+00 0.000000e+00 0.000000e+00
    outer loop
      vertex   1.213747e+01 4.350000e+01 4.540000e+00
      vertex   1.213747e+01 2.520000e+01 1.540000e+00
      vertex   1.213747e+01 4.350000e+01 1.540000e+00
    endloop
  endfacet
  facet normal 0.000000e+00 0.000000e+00 1.000000e+00
    outer loop
      vertex   3.500059e+01 -2.107471e+01 3.104000e+01
      vertex   3.505000e+01 -2.145000e+01 3.104000e+01
      vertex   3.870000e+01 -2.420000e+01 3.104000e+01
    endloop
  endfacet
  facet normal 0.000000e+00 0.000000e+00 1.000000e+00
    outer loop
      vertex   3.870000e+01 -2.420000e+01 3.104000e+01
      vertex   3.505000e+01 -2.145000e+01 3.104000e+01
      vertex   3.500059e+01 -2.182529e+01 3.104000e+01
    endloop
  endfacet
  facet normal 0.000000e+00 0.000000e+00 1.000000e+00
    outer loop
      vertex   3.870000e+01 -2.420000e+01 3.104000e+01
      vertex   3.500059e+01 -2.182529e+01 3.104000e+01
      vertex   3.485574e+01 -2.217500e+01 3.104000e+01
    endloop
  endfacet
  facet normal 0.000000e+00 0.000000e+00 1.000000e+00
    outer loop
      vertex   3.485574e+01 -2.217500e+01 3.104000e+01
      vertex   3.462531e+01 -2.247531e+01 3.104000e+01
      vertex   3.870000e+01 -2.420000e+01 3.104000e+01
    endloop
  endfacet
  facet normal 0.000000e+00 0.000000e+00 1.000000e+00
    outer loop
      vertex   3.870000e+01 -2.420000e+01 3.104000e+01
      vertex   3.462531e+01 -2.247531e+01 3.104000e+01
      vertex   3.864236e+01 -2.478527e+01 3.104000e+01
    endloop
  endfacet
  facet normal 0.000000e+00 0.000000e+00 1.000000e+00
    outer loop
      vertex   3.864236e+01 -2.478527e+01 3.104000e+01
      vertex   3.462531e+01 -2.247531e+01 3.104000e+01
      vertex   3.847164e+01 -2.534805e+01 3.104000e+01
    endloop
  endfacet
  facet normal 0.000000e+00 0.000000e+00 1.000000e+00
    outer loop
      vertex   3.847164e+01 -2.534805e+01 3.104000e+01
      vertex   3.462531e+01 -2.247531e+01 3.104000e+01
      vertex   3.432500e+01 -2.270574e+01 3.104000e+01
    endloop
  endfacet
  facet normal 0.000000e+00 0.000000e+00 1.000000e+00
    outer loop
      vertex   3.847164e+01 -2.534805e+01 3.104000e+01
      vertex   3.432500e+01 -2.270574e+01 3.104000e+01
      vertex   3.819441e+01 -2.586671e+01 3.104000e+01
    endloop
  endfacet
  facet normal 0.000000e+00 0.000000e+00 1.000000e+00
    outer loop
      vertex   3.819441e+01 -2.586671e+01 3.104000e+01
      vertex   3.432500e+01 -2.270574e+01 3.104000e+01
      vertex   3.782132e+01 -2.632132e+01 3.104000e+01
    endloop
  endfacet
  facet normal 0.000000e+00 0.000000e+00 1.000000e+00
    outer loop
      vertex   3.782132e+01 -2.632132e+01 3.104000e+01
      vertex   3.432500e+01 -2.270574e+01 3.104000e+01
      vertex   3.736671e+01 -2.669441e+01 3.104000e+01
    endloop
  endfacet
  facet normal 0.000000e+00 0.000000e+00 1.000000e+00
    outer loop
      vertex   3.736671e+01 -2.669441e+01 3.104000e+01
      vertex   3.432500e+01 -2.270574e+01 3.104000e+01
      vertex   3.684805e+01 -2.697164e+01 3.104000e+01
    endloop
  endfacet
  facet normal 0.000000e+00 0.000000e+00 1.000000e+00
    outer loop
      vertex   3.684805e+01 -2.697164e+01 3.104000e+01
      vertex   3.432500e+01 -2.270574e+01 3.104000e+01
      vertex   3.628527e+01 -2.714236e+01 3.104000e+01
    endloop
  endfacet
  facet normal 0.000000e+00 0.000000e+00 1.000000e+00
    outer loop
      vertex   3.628527e+01 -2.714236e+01 3.104000e+01
      vertex   3.432500e+01 -2.270574e+01 3.104000e+01
      vertex   3.570000e+01 -2.720000e+01 3.104000e+01
    endloop
  endfacet
  facet normal 0.000000e+00 0.000000e+00 1.000000e+00
    outer loop
      vertex   3.570000e+01 -2.720000e+01 3.104000e+01
      vertex   3.432500e+01 -2.270574e+01 3.104000e+01
      vertex   3.397529e+01 -2.285059e+01 3.104000e+01
    endloop
  endfacet
  facet normal 0.000000e+00 0.000000e+00 1.000000e+00
    outer loop
      vertex   3.570000e+01 -2.720000e+01 3.104000e+01
      vertex   3.397529e+01 -2.285059e+01 3.104000e+01
      vertex   3.360000e+01 -2.290000e+01 3.104000e+01
    endloop
  endfacet
  facet normal 0.000000e+00 0.000000e+00 1.000000e+00
    outer loop
      vertex   3.570000e+01 -2.720000e+01 3.104000e+01
      vertex   3.360000e+01 -2.290000e+01 3.104000e+01
      vertex   3.000000e+01 -2.520000e+01 3.104000e+01
    endloop
  endfacet
  facet normal 0.000000e+00 0.000000e+00 1.000000e+00
    outer loop
      vertex   3.000000e+01 -2.520000e+01 3.104000e+01
      vertex   3.360000e+01 -2.290000e+01 3.104000e+01
      vertex   3.322471e+01 -2.285059e+01 3.104000e+01
    endloop
  endfacet
  facet normal 0.000000e+00 0.000000e+00 1.000000e+00
    outer loop
      vertex   3.000000e+01 -2.520000e+01 3.104000e+01
      vertex   3.322471e+01 -2.285059e+01 3.104000e+01
      vertex   3.287500e+01 -2.270574e+01 3.104000e+01
    endloop
  endfacet
  facet normal 0.000000e+00 0.000000e+00 1.000000e+00
    outer loop
      vertex   3.287500e+01 -2.270574e+01 3.104000e+01
      vertex   3.257470e+01 -2.247531e+01 3.104000e+01
      vertex   3.000000e+01 -2.520000e+01 3.104000e+01
    endloop
  endfacet
  facet normal 0.000000e+00 0.000000e+00 1.000000e+00
    outer loop
      vertex   3.000000e+01 -2.520000e+01 3.104000e+01
      vertex   3.257470e+01 -2.247531e+01 3.104000e+01
      vertex   3.234426e+01 -2.217500e+01 3.104000e+01
    endloop
  endfacet
  facet normal 0.000000e+00 0.000000e+00 1.000000e+00
    outer loop
      vertex   3.000000e+01 -2.520000e+01 3.104000e+01
      vertex   3.234426e+01 -2.217500e+01 3.104000e+01
      vertex   3.219941e+01 -2.182529e+01 3.104000e+01
    endloop
  endfacet
  facet normal 0.000000e+00 0.000000e+00 1.000000e+00
    outer loop
      vertex   3.219941e+01 -2.182529e+01 3.104000e+01
      vertex   3.215000e+01 -2.145000e+01 3.104000e+01
      vertex   3.000000e+01 -2.520000e+01 3.104000e+01
    endloop
  endfacet
  facet normal 0.000000e+00 0.000000e+00 1.000000e+00
    outer loop
      vertex   3.000000e+01 -2.520000e+01 3.104000e+01
      vertex   3.215000e+01 -2.145000e+01 3.104000e+01
      vertex   3.000000e+01 -1.770000e+01 3.104000e+01
    endloop
  endfacet
  facet normal 0.000000e+00 0.000000e+00 1.000000e+00
    outer loop
      vertex   3.000000e+01 -1.770000e+01 3.104000e+01
      vertex   3.215000e+01 -2.145000e+01 3.104000e+01
      vertex   3.219941e+01 -2.107471e+01 3.104000e+01
    endloop
  endfacet
  facet normal 0.000000e+00 0.000000e+00 1.000000e+00
    outer loop
      vertex   3.000000e+01 -1.770000e+01 3.104000e+01
      vertex   3.219941e+01 -2.107471e+01 3.104000e+01
      vertex   3.234426e+01 -2.072500e+01 3.104000e+01
    endloop
  endfacet
  facet normal 0.000000e+00 -0.000000e+00 1.000000e+00
    outer loop
      vertex   3.234426e+01 -2.072500e+01 3.104000e+01
      vertex   3.257470e+01 -2.042470e+01 3.104000e+01
      vertex   3.000000e+01 -1.770000e+01 3.104000e+01
    endloop
  endfacet
  facet normal 0.000000e+00 0.000000e+00 1.000000e+00
    outer loop
      vertex   3.000000e+01 -1.770000e+01 3.104000e+01
      vertex   3.257470e+01 -2.042470e+01 3.104000e+01
      vertex   3.287500e+01 -2.019426e+01 3.104000e+01
    endloop
  endfacet
  facet normal 0.000000e+00 0.000000e+00 1.000000e+00
    outer loop
      vertex   3.000000e+01 -1.770000e+01 3.104000e+01
      vertex   3.287500e+01 -2.019426e+01 3.104000e+01
      vertex   3.322471e+01 -2.004941e+01 3.104000e+01
    endloop
  endfacet
  facet normal 0.000000e+00 -0.000000e+00 1.000000e+00
    outer loop
      vertex   3.322471e+01 -2.004941e+01 3.104000e+01
      vertex   3.360000e+01 -2.000000e+01 3.104000e+01
      vertex   3.000000e+01 -1.770000e+01 3.104000e+01
    endloop
  endfacet
  facet normal -0.000000e+00 0.000000e+00 1.000000e+00
    outer loop
      vertex   3.000000e+01 -1.770000e+01 3.104000e+01
      vertex   3.360000e+01 -2.000000e+01 3.104000e+01
      vertex   3.720000e+01 -1.770000e+01 3.104000e+01
    endloop
  endfacet
  facet normal 0.000000e+00 0.000000e+00 1.000000e+00
    outer loop
      vertex   3.720000e+01 -1.770000e+01 3.104000e+01
      vertex   3.360000e+01 -2.000000e+01 3.104000e+01
      vertex   3.397529e+01 -2.004941e+01 3.104000e+01
    endloop
  endfacet
  facet normal 0.000000e+00 0.000000e+00 1.000000e+00
    outer loop
      vertex   3.720000e+01 -1.770000e+01 3.104000e+01
      vertex   3.397529e+01 -2.004941e+01 3.104000e+01
      vertex   3.432500e+01 -2.019426e+01 3.104000e+01
    endloop
  endfacet
  facet normal -0.000000e+00 0.000000e+00 1.000000e+00
    outer loop
      vertex   3.432500e+01 -2.019426e+01 3.104000e+01
      vertex   3.462531e+01 -2.042470e+01 3.104000e+01
      vertex   3.720000e+01 -1.770000e+01 3.104000e+01
    endloop
  endfacet
  facet normal 0.000000e+00 0.000000e+00 1.000000e+00
    outer loop
      vertex   3.720000e+01 -1.770000e+01 3.104000e+01
      vertex   3.462531e+01 -2.042470e+01 3.104000e+01
      vertex   3.485574e+01 -2.072500e+01 3.104000e+01
    endloop
  endfacet
  facet normal 0.000000e+00 0.000000e+00 1.000000e+00
    outer loop
      vertex   3.720000e+01 -1.770000e+01 3.104000e+01
      vertex   3.485574e+01 -2.072500e+01 3.104000e+01
      vertex   3.500059e+01 -2.107471e+01 3.104000e+01
    endloop
  endfacet
  facet normal 0.000000e+00 0.000000e+00 1.000000e+00
    outer loop
      vertex   3.720000e+01 -1.770000e+01 3.104000e+01
      vertex   3.500059e+01 -2.107471e+01 3.104000e+01
      vertex   3.870000e+01 -2.420000e+01 3.104000e+01
    endloop
  endfacet
  facet normal -0.000000e+00 0.000000e+00 1.000000e+00
    outer loop
      vertex   3.500059e+01 4.012529e+01 3.104000e+01
      vertex   3.505000e+01 3.975000e+01 3.104000e+01
      vertex   3.870000e+01 4.250000e+01 3.104000e+01
    endloop
  endfacet
  facet normal 0.000000e+00 0.000000e+00 1.000000e+00
    outer loop
      vertex   3.870000e+01 4.250000e+01 3.104000e+01
      vertex   3.505000e+01 3.975000e+01 3.104000e+01
      vertex   3.500059e+01 3.937471e+01 3.104000e+01
    endloop
  endfacet
  facet normal 0.000000e+00 0.000000e+00 1.000000e+00
    outer loop
      vertex   3.870000e+01 4.250000e+01 3.104000e+01
      vertex   3.500059e+01 3.937471e+01 3.104000e+01
      vertex   3.720000e+01 3.600000e+01 3.104000e+01
    endloop
  endfacet
  facet normal 0.000000e+00 0.000000e+00 1.000000e+00
    outer loop
      vertex   3.720000e+01 3.600000e+01 3.104000e+01
      vertex   3.500059e+01 3.937471e+01 3.104000e+01
      vertex   3.485574e+01 3.902500e+01 3.104000e+01
    endloop
  endfacet
  facet normal 0.000000e+00 0.000000e+00 1.000000e+00
    outer loop
      vertex   3.720000e+01 3.600000e+01 3.104000e+01
      vertex   3.485574e+01 3.902500e+01 3.104000e+01
      vertex   3.462531e+01 3.872470e+01 3.104000e+01
    endloop
  endfacet
  facet normal 0.000000e+00 0.000000e+00 1.000000e+00
    outer loop
      vertex   3.462531e+01 3.872470e+01 3.104000e+01
      vertex   3.432500e+01 3.849426e+01 3.104000e+01
      vertex   3.720000e+01 3.600000e+01 3.104000e+01
    endloop
  endfacet
  facet normal 0.000000e+00 0.000000e+00 1.000000e+00
    outer loop
      vertex   3.720000e+01 3.600000e+01 3.104000e+01
      vertex   3.432500e+01 3.849426e+01 3.104000e+01
      vertex   3.397529e+01 3.834941e+01 3.104000e+01
    endloop
  endfacet
  facet normal 0.000000e+00 0.000000e+00 1.000000e+00
    outer loop
      vertex   3.720000e+01 3.600000e+01 3.104000e+01
      vertex   3.397529e+01 3.834941e+01 3.104000e+01
      vertex   3.360000e+01 3.830000e+01 3.104000e+01
    endloop
  endfacet
  facet normal 0.000000e+00 0.000000e+00 1.000000e+00
    outer loop
      vertex   3.720000e+01 3.600000e+01 3.104000e+01
      vertex   3.360000e+01 3.830000e+01 3.104000e+01
      vertex   3.000000e+01 3.600000e+01 3.104000e+01
    endloop
  endfacet
  facet normal 0.000000e+00 0.000000e+00 1.000000e+00
    outer loop
      vertex   3.000000e+01 3.600000e+01 3.104000e+01
      vertex   3.360000e+01 3.830000e+01 3.104000e+01
      vertex   3.322471e+01 3.834941e+01 3.104000e+01
    endloop
  endfacet
  facet normal 0.000000e+00 0.000000e+00 1.000000e+00
    outer loop
      vertex   3.000000e+01 3.600000e+01 3.104000e+01
      vertex   3.322471e+01 3.834941e+01 3.104000e+01
      vertex   3.287500e+01 3.849426e+01 3.104000e+01
    endloop
  endfacet
  facet normal 0.000000e+00 0.000000e+00 1.000000e+00
    outer loop
      vertex   3.287500e+01 3.849426e+01 3.104000e+01
      vertex   3.257470e+01 3.872470e+01 3.104000e+01
      vertex   3.000000e+01 3.600000e+01 3.104000e+01
    endloop
  endfacet
  facet normal 0.000000e+00 0.000000e+00 1.000000e+00
    outer loop
      vertex   3.000000e+01 3.600000e+01 3.104000e+01
      vertex   3.257470e+01 3.872470e+01 3.104000e+01
      vertex   3.234426e+01 3.902500e+01 3.104000e+01
    endloop
  endfacet
  facet normal 0.000000e+00 0.000000e+00 1.000000e+00
    outer loop
      vertex   3.000000e+01 3.600000e+01 3.104000e+01
      vertex   3.234426e+01 3.902500e+01 3.104000e+01
      vertex   3.219941e+01 3.937471e+01 3.104000e+01
    endloop
  endfacet
  facet normal 0.000000e+00 0.000000e+00 1.000000e+00
    outer loop
      vertex   3.219941e+01 3.937471e+01 3.104000e+01
      vertex   3.215000e+01 3.975000e+01 3.104000e+01
      vertex   3.000000e+01 3.600000e+01 3.104000e+01
    endloop
  endfacet
  facet normal 0.000000e+00 0.000000e+00 1.000000e+00
    outer loop
      vertex   3.000000e+01 3.600000e+01 3.104000e+01
      vertex   3.215000e+01 3.975000e+01 3.104000e+01
      vertex   3.000000e+01 4.350000e+01 3.104000e+01
    endloop
  endfacet
  facet normal 0.000000e+00 0.000000e+00 1.000000e+00
    outer loop
      vertex   3.000000e+01 4.350000e+01 3.104000e+01
      vertex   3.215000e+01 3.975000e+01 3.104000e+01
      vertex   3.219941e+01 4.012529e+01 3.104000e+01
    endloop
  endfacet
  facet normal 0.000000e+00 0.000000e+00 1.000000e+00
    outer loop
      vertex   3.000000e+01 4.350000e+01 3.104000e+01
      vertex   3.219941e+01 4.012529e+01 3.104000e+01
      vertex   3.234426e+01 4.047500e+01 3.104000e+01
    endloop
  endfacet
  facet normal 0.000000e+00 -0.000000e+00 1.000000e+00
    outer loop
      vertex   3.234426e+01 4.047500e+01 3.104000e+01
      vertex   3.257470e+01 4.077531e+01 3.104000e+01
      vertex   3.000000e+01 4.350000e+01 3.104000e+01
    endloop
  endfacet
  facet normal 0.000000e+00 0.000000e+00 1.000000e+00
    outer loop
      vertex   3.000000e+01 4.350000e+01 3.104000e+01
      vertex   3.257470e+01 4.077531e+01 3.104000e+01
      vertex   3.287500e+01 4.100574e+01 3.104000e+01
    endloop
  endfacet
  facet normal 0.000000e+00 0.000000e+00 1.000000e+00
    outer loop
      vertex   3.000000e+01 4.350000e+01 3.104000e+01
      vertex   3.287500e+01 4.100574e+01 3.104000e+01
      vertex   3.322471e+01 4.115059e+01 3.104000e+01
    endloop
  endfacet
  facet normal 0.000000e+00 -0.000000e+00 1.000000e+00
    outer loop
      vertex   3.322471e+01 4.115059e+01 3.104000e+01
      vertex   3.360000e+01 4.120000e+01 3.104000e+01
      vertex   3.000000e+01 4.350000e+01 3.104000e+01
    endloop
  endfacet
  facet normal -0.000000e+00 0.000000e+00 1.000000e+00
    outer loop
      vertex   3.000000e+01 4.350000e+01 3.104000e+01
      vertex   3.360000e+01 4.120000e+01 3.104000e+01
      vertex   3.570000e+01 4.550000e+01 3.104000e+01
    endloop
  endfacet
  facet normal 0.000000e+00 -0.000000e+00 1.000000e+00
    outer loop
      vertex   3.000000e+01 4.350000e+01 3.104000e+01
      vertex   3.570000e+01 4.550000e+01 3.104000e+01
      vertex   -3.000000e+01 4.350000e+01 3.104000e+01
    endloop
  endfacet
  facet normal 0.000000e+00 -0.000000e+00 1.000000e+00
    outer loop
      vertex   -3.000000e+01 4.350000e+01 3.104000e+01
      vertex   3.570000e+01 4.550000e+01 3.104000e+01
      vertex   -3.620000e+01 4.550000e+01 3.104000e+01
    endloop
  endfacet
  facet normal 0.000000e+00 0.000000e+00 1.000000e+00
    outer loop
      vertex   -3.000000e+01 4.350000e+01 3.104000e+01
      vertex   -3.620000e+01 4.550000e+01 3.104000e+01
      vertex   -3.360000e+01 4.120000e+01 3.104000e+01
    endloop
  endfacet
  facet normal 0.000000e+00 0.000000e+00 1.000000e+00
    outer loop
      vertex   -3.360000e+01 4.120000e+01 3.104000e+01
      vertex   -3.620000e+01 4.550000e+01 3.104000e+01
      vertex   -3.397529e+01 4.115059e+01 3.104000e+01
    endloop
  endfacet
  facet normal 0.000000e+00 0.000000e+00 1.000000e+00
    outer loop
      vertex   -3.397529e+01 4.115059e+01 3.104000e+01
      vertex   -3.620000e+01 4.550000e+01 3.104000e+01
      vertex   -3.432500e+01 4.100574e+01 3.104000e+01
    endloop
  endfacet
  facet normal 0.000000e+00 0.000000e+00 1.000000e+00
    outer loop
      vertex   -3.432500e+01 4.100574e+01 3.104000e+01
      vertex   -3.620000e+01 4.550000e+01 3.104000e+01
      vertex   -3.678527e+01 4.544236e+01 3.104000e+01
    endloop
  endfacet
  facet normal 0.000000e+00 0.000000e+00 1.000000e+00
    outer loop
      vertex   -3.432500e+01 4.100574e+01 3.104000e+01
      vertex   -3.678527e+01 4.544236e+01 3.104000e+01
      vertex   -3.734805e+01 4.527164e+01 3.104000e+01
    endloop
  endfacet
  facet normal -0.000000e+00 0.000000e+00 1.000000e+00
    outer loop
      vertex   3.360000e+01 4.120000e+01 3.104000e+01
      vertex   3.397529e+01 4.115059e+01 3.104000e+01
      vertex   3.570000e+01 4.550000e+01 3.104000e+01
    endloop
  endfacet
  facet normal 0.000000e+00 0.000000e+00 1.000000e+00
    outer loop
      vertex   3.570000e+01 4.550000e+01 3.104000e+01
      vertex   3.397529e+01 4.115059e+01 3.104000e+01
      vertex   3.432500e+01 4.100574e+01 3.104000e+01
    endloop
  endfacet
  facet normal 0.000000e+00 0.000000e+00 1.000000e+00
    outer loop
      vertex   3.570000e+01 4.550000e+01 3.104000e+01
      vertex   3.432500e+01 4.100574e+01 3.104000e+01
      vertex   3.628527e+01 4.544236e+01 3.104000e+01
    endloop
  endfacet
  facet normal 0.000000e+00 0.000000e+00 1.000000e+00
    outer loop
      vertex   3.628527e+01 4.544236e+01 3.104000e+01
      vertex   3.432500e+01 4.100574e+01 3.104000e+01
      vertex   3.684805e+01 4.527164e+01 3.104000e+01
    endloop
  endfacet
  facet normal 0.000000e+00 0.000000e+00 1.000000e+00
    outer loop
      vertex   3.684805e+01 4.527164e+01 3.104000e+01
      vertex   3.432500e+01 4.100574e+01 3.104000e+01
      vertex   3.736671e+01 4.499441e+01 3.104000e+01
    endloop
  endfacet
  facet normal 0.000000e+00 0.000000e+00 1.000000e+00
    outer loop
      vertex   3.736671e+01 4.499441e+01 3.104000e+01
      vertex   3.432500e+01 4.100574e+01 3.104000e+01
      vertex   3.782132e+01 4.462132e+01 3.104000e+01
    endloop
  endfacet
  facet normal 0.000000e+00 0.000000e+00 1.000000e+00
    outer loop
      vertex   3.782132e+01 4.462132e+01 3.104000e+01
      vertex   3.432500e+01 4.100574e+01 3.104000e+01
      vertex   3.819441e+01 4.416671e+01 3.104000e+01
    endloop
  endfacet
  facet normal 0.000000e+00 0.000000e+00 1.000000e+00
    outer loop
      vertex   3.819441e+01 4.416671e+01 3.104000e+01
      vertex   3.432500e+01 4.100574e+01 3.104000e+01
      vertex   3.847164e+01 4.364805e+01 3.104000e+01
    endloop
  endfacet
  facet normal 0.000000e+00 0.000000e+00 1.000000e+00
    outer loop
      vertex   3.847164e+01 4.364805e+01 3.104000e+01
      vertex   3.432500e+01 4.100574e+01 3.104000e+01
      vertex   3.462531e+01 4.077531e+01 3.104000e+01
    endloop
  endfacet
  facet normal 0.000000e+00 0.000000e+00 1.000000e+00
    outer loop
      vertex   3.847164e+01 4.364805e+01 3.104000e+01
      vertex   3.462531e+01 4.077531e+01 3.104000e+01
      vertex   3.864236e+01 4.308527e+01 3.104000e+01
    endloop
  endfacet
  facet normal 0.000000e+00 0.000000e+00 1.000000e+00
    outer loop
      vertex   3.864236e+01 4.308527e+01 3.104000e+01
      vertex   3.462531e+01 4.077531e+01 3.104000e+01
      vertex   3.870000e+01 4.250000e+01 3.104000e+01
    endloop
  endfacet
  facet normal 0.000000e+00 0.000000e+00 1.000000e+00
    outer loop
      vertex   3.870000e+01 4.250000e+01 3.104000e+01
      vertex   3.462531e+01 4.077531e+01 3.104000e+01
      vertex   3.485574e+01 4.047500e+01 3.104000e+01
    endloop
  endfacet
  facet normal 0.000000e+00 0.000000e+00 1.000000e+00
    outer loop
      vertex   3.870000e+01 4.250000e+01 3.104000e+01
      vertex   3.485574e+01 4.047500e+01 3.104000e+01
      vertex   3.500059e+01 4.012529e+01 3.104000e+01
    endloop
  endfacet
  facet normal -0.000000e+00 0.000000e+00 1.000000e+00
    outer loop
      vertex   -3.219941e+01 3.937471e+01 3.104000e+01
      vertex   -3.000000e+01 3.600000e+01 3.104000e+01
      vertex   -3.215000e+01 3.975000e+01 3.104000e+01
    endloop
  endfacet
  facet normal -0.000000e+00 0.000000e+00 1.000000e+00
    outer loop
      vertex   -3.215000e+01 3.975000e+01 3.104000e+01
      vertex   -3.000000e+01 3.600000e+01 3.104000e+01
      vertex   -3.000000e+01 4.350000e+01 3.104000e+01
    endloop
  endfacet
  facet normal 0.000000e+00 -0.000000e+00 1.000000e+00
    outer loop
      vertex   -3.215000e+01 3.975000e+01 3.104000e+01
      vertex   -3.000000e+01 4.350000e+01 3.104000e+01
      vertex   -3.219941e+01 4.012529e+01 3.104000e+01
    endloop
  endfacet
  facet normal 0.000000e+00 -0.000000e+00 1.000000e+00
    outer loop
      vertex   -3.219941e+01 4.012529e+01 3.104000e+01
      vertex   -3.000000e+01 4.350000e+01 3.104000e+01
      vertex   -3.234426e+01 4.047500e+01 3.104000e+01
    endloop
  endfacet
  facet normal 0.000000e+00 -0.000000e+00 1.000000e+00
    outer loop
      vertex   -3.234426e+01 4.047500e+01 3.104000e+01
      vertex   -3.000000e+01 4.350000e+01 3.104000e+01
      vertex   -3.257470e+01 4.077531e+01 3.104000e+01
    endloop
  endfacet
  facet normal 0.000000e+00 -0.000000e+00 1.000000e+00
    outer loop
      vertex   -3.257470e+01 4.077531e+01 3.104000e+01
      vertex   -3.000000e+01 4.350000e+01 3.104000e+01
      vertex   -3.287500e+01 4.100574e+01 3.104000e+01
    endloop
  endfacet
  facet normal 0.000000e+00 -0.000000e+00 1.000000e+00
    outer loop
      vertex   -3.287500e+01 4.100574e+01 3.104000e+01
      vertex   -3.000000e+01 4.350000e+01 3.104000e+01
      vertex   -3.322471e+01 4.115059e+01 3.104000e+01
    endloop
  endfacet
  facet normal 0.000000e+00 -0.000000e+00 1.000000e+00
    outer loop
      vertex   -3.322471e+01 4.115059e+01 3.104000e+01
      vertex   -3.000000e+01 4.350000e+01 3.104000e+01
      vertex   -3.360000e+01 4.120000e+01 3.104000e+01
    endloop
  endfacet
  facet normal 0.000000e+00 0.000000e+00 1.000000e+00
    outer loop
      vertex   -3.219941e+01 3.937471e+01 3.104000e+01
      vertex   -3.234426e+01 3.902500e+01 3.104000e+01
      vertex   -3.000000e+01 3.600000e+01 3.104000e+01
    endloop
  endfacet
  facet normal 0.000000e+00 0.000000e+00 1.000000e+00
    outer loop
      vertex   -3.000000e+01 3.600000e+01 3.104000e+01
      vertex   -3.234426e+01 3.902500e+01 3.104000e+01
      vertex   -3.257470e+01 3.872470e+01 3.104000e+01
    endloop
  endfacet
  facet normal 0.000000e+00 0.000000e+00 1.000000e+00
    outer loop
      vertex   -3.000000e+01 3.600000e+01 3.104000e+01
      vertex   -3.257470e+01 3.872470e+01 3.104000e+01
      vertex   -3.287500e+01 3.849426e+01 3.104000e+01
    endloop
  endfacet
  facet normal 0.000000e+00 0.000000e+00 1.000000e+00
    outer loop
      vertex   -3.287500e+01 3.849426e+01 3.104000e+01
      vertex   -3.322471e+01 3.834941e+01 3.104000e+01
      vertex   -3.000000e+01 3.600000e+01 3.104000e+01
    endloop
  endfacet
  facet normal 0.000000e+00 0.000000e+00 1.000000e+00
    outer loop
      vertex   -3.000000e+01 3.600000e+01 3.104000e+01
      vertex   -3.322471e+01 3.834941e+01 3.104000e+01
      vertex   -3.360000e+01 3.830000e+01 3.104000e+01
    endloop
  endfacet
  facet normal 0.000000e+00 0.000000e+00 1.000000e+00
    outer loop
      vertex   -3.000000e+01 3.600000e+01 3.104000e+01
      vertex   -3.360000e+01 3.830000e+01 3.104000e+01
      vertex   -3.720000e+01 3.600000e+01 3.104000e+01
    endloop
  endfacet
  facet normal 0.000000e+00 0.000000e+00 1.000000e+00
    outer loop
      vertex   -3.720000e+01 3.600000e+01 3.104000e+01
      vertex   -3.360000e+01 3.830000e+01 3.104000e+01
      vertex   -3.397529e+01 3.834941e+01 3.104000e+01
    endloop
  endfacet
  facet normal 0.000000e+00 0.000000e+00 1.000000e+00
    outer loop
      vertex   -3.720000e+01 3.600000e+01 3.104000e+01
      vertex   -3.397529e+01 3.834941e+01 3.104000e+01
      vertex   -3.432500e+01 3.849426e+01 3.104000e+01
    endloop
  endfacet
  facet normal 0.000000e+00 0.000000e+00 1.000000e+00
    outer loop
      vertex   -3.432500e+01 3.849426e+01 3.104000e+01
      vertex   -3.462531e+01 3.872470e+01 3.104000e+01
      vertex   -3.720000e+01 3.600000e+01 3.104000e+01
    endloop
  endfacet
  facet normal 0.000000e+00 0.000000e+00 1.000000e+00
    outer loop
      vertex   -3.720000e+01 3.600000e+01 3.104000e+01
      vertex   -3.462531e+01 3.872470e+01 3.104000e+01
      vertex   -3.485574e+01 3.902500e+01 3.104000e+01
    endloop
  endfacet
  facet normal 0.000000e+00 0.000000e+00 1.000000e+00
    outer loop
      vertex   -3.720000e+01 3.600000e+01 3.104000e+01
      vertex   -3.485574e+01 3.902500e+01 3.104000e+01
      vertex   -3.500059e+01 3.937471e+01 3.104000e+01
    endloop
  endfacet
  facet normal 0.000000e+00 -0.000000e+00 1.000000e+00
    outer loop
      vertex   -3.720000e+01 3.600000e+01 3.104000e+01
      vertex   -3.500059e+01 3.937471e+01 3.104000e+01
      vertex   -3.920000e+01 4.250000e+01 3.104000e+01
    endloop
  endfacet
  facet normal 0.000000e+00 0.000000e+00 1.000000e+00
    outer loop
      vertex   -3.920000e+01 4.250000e+01 3.104000e+01
      vertex   -3.500059e+01 3.937471e+01 3.104000e+01
      vertex   -3.505000e+01 3.975000e+01 3.104000e+01
    endloop
  endfacet
  facet normal 0.000000e+00 0.000000e+00 1.000000e+00
    outer loop
      vertex   -3.920000e+01 4.250000e+01 3.104000e+01
      vertex   -3.505000e+01 3.975000e+01 3.104000e+01
      vertex   -3.500059e+01 4.012529e+01 3.104000e+01
    endloop
  endfacet
  facet normal 0.000000e+00 -0.000000e+00 1.000000e+00
    outer loop
      vertex   -3.500059e+01 4.012529e+01 3.104000e+01
      vertex   -3.485574e+01 4.047500e+01 3.104000e+01
      vertex   -3.920000e+01 4.250000e+01 3.104000e+01
    endloop
  endfacet
  facet normal 0.000000e+00 0.000000e+00 1.000000e+00
    outer loop
      vertex   -3.920000e+01 4.250000e+01 3.104000e+01
      vertex   -3.485574e+01 4.047500e+01 3.104000e+01
      vertex   -3.462531e+01 4.077531e+01 3.104000e+01
    endloop
  endfacet
  facet normal -0.000000e+00 0.000000e+00 1.000000e+00
    outer loop
      vertex   -3.920000e+01 4.250000e+01 3.104000e+01
      vertex   -3.462531e+01 4.077531e+01 3.104000e+01
      vertex   -3.914236e+01 4.308527e+01 3.104000e+01
    endloop
  endfacet
  facet normal -0.000000e+00 0.000000e+00 1.000000e+00
    outer loop
      vertex   -3.914236e+01 4.308527e+01 3.104000e+01
      vertex   -3.462531e+01 4.077531e+01 3.104000e+01
      vertex   -3.897164e+01 4.364805e+01 3.104000e+01
    endloop
  endfacet
  facet normal -0.000000e+00 0.000000e+00 1.000000e+00
    outer loop
      vertex   -3.897164e+01 4.364805e+01 3.104000e+01
      vertex   -3.462531e+01 4.077531e+01 3.104000e+01
      vertex   -3.869441e+01 4.416671e+01 3.104000e+01
    endloop
  endfacet
  facet normal -0.000000e+00 0.000000e+00 1.000000e+00
    outer loop
      vertex   -3.869441e+01 4.416671e+01 3.104000e+01
      vertex   -3.462531e+01 4.077531e+01 3.104000e+01
      vertex   -3.832132e+01 4.462132e+01 3.104000e+01
    endloop
  endfacet
  facet normal -0.000000e+00 0.000000e+00 1.000000e+00
    outer loop
      vertex   -3.832132e+01 4.462132e+01 3.104000e+01
      vertex   -3.462531e+01 4.077531e+01 3.104000e+01
      vertex   -3.786671e+01 4.499441e+01 3.104000e+01
    endloop
  endfacet
  facet normal 0.000000e+00 0.000000e+00 1.000000e+00
    outer loop
      vertex   -3.786671e+01 4.499441e+01 3.104000e+01
      vertex   -3.462531e+01 4.077531e+01 3.104000e+01
      vertex   -3.432500e+01 4.100574e+01 3.104000e+01
    endloop
  endfacet
  facet normal -0.000000e+00 0.000000e+00 1.000000e+00
    outer loop
      vertex   -3.786671e+01 4.499441e+01 3.104000e+01
      vertex   -3.432500e+01 4.100574e+01 3.104000e+01
      vertex   -3.734805e+01 4.527164e+01 3.104000e+01
    endloop
  endfacet
  facet normal -0.000000e+00 0.000000e+00 1.000000e+00
    outer loop
      vertex   -3.219941e+01 -2.182529e+01 3.104000e+01
      vertex   -3.000000e+01 -2.520000e+01 3.104000e+01
      vertex   -3.215000e+01 -2.145000e+01 3.104000e+01
    endloop
  endfacet
  facet normal -0.000000e+00 0.000000e+00 1.000000e+00
    outer loop
      vertex   -3.215000e+01 -2.145000e+01 3.104000e+01
      vertex   -3.000000e+01 -2.520000e+01 3.104000e+01
      vertex   -3.000000e+01 -1.770000e+01 3.104000e+01
    endloop
  endfacet
  facet normal 0.000000e+00 -0.000000e+00 1.000000e+00
    outer loop
      vertex   -3.215000e+01 -2.145000e+01 3.104000e+01
      vertex   -3.000000e+01 -1.770000e+01 3.104000e+01
      vertex   -3.219941e+01 -2.107471e+01 3.104000e+01
    endloop
  endfacet
  facet normal 0.000000e+00 -0.000000e+00 1.000000e+00
    outer loop
      vertex   -3.219941e+01 -2.107471e+01 3.104000e+01
      vertex   -3.000000e+01 -1.770000e+01 3.104000e+01
      vertex   -3.234426e+01 -2.072500e+01 3.104000e+01
    endloop
  endfacet
  facet normal 0.000000e+00 -0.000000e+00 1.000000e+00
    outer loop
      vertex   -3.234426e+01 -2.072500e+01 3.104000e+01
      vertex   -3.000000e+01 -1.770000e+01 3.104000e+01
      vertex   -3.257470e+01 -2.042470e+01 3.104000e+01
    endloop
  endfacet
  facet normal 0.000000e+00 -0.000000e+00 1.000000e+00
    outer loop
      vertex   -3.257470e+01 -2.042470e+01 3.104000e+01
      vertex   -3.000000e+01 -1.770000e+01 3.104000e+01
      vertex   -3.287500e+01 -2.019426e+01 3.104000e+01
    endloop
  endfacet
  facet normal 0.000000e+00 -0.000000e+00 1.000000e+00
    outer loop
      vertex   -3.287500e+01 -2.019426e+01 3.104000e+01
      vertex   -3.000000e+01 -1.770000e+01 3.104000e+01
      vertex   -3.322471e+01 -2.004941e+01 3.104000e+01
    endloop
  endfacet
  facet normal 0.000000e+00 -0.000000e+00 1.000000e+00
    outer loop
      vertex   -3.322471e+01 -2.004941e+01 3.104000e+01
      vertex   -3.000000e+01 -1.770000e+01 3.104000e+01
      vertex   -3.360000e+01 -2.000000e+01 3.104000e+01
    endloop
  endfacet
  facet normal 0.000000e+00 -0.000000e+00 1.000000e+00
    outer loop
      vertex   -3.360000e+01 -2.000000e+01 3.104000e+01
      vertex   -3.000000e+01 -1.770000e+01 3.104000e+01
      vertex   -3.720000e+01 -1.770000e+01 3.104000e+01
    endloop
  endfacet
  facet normal 0.000000e+00 0.000000e+00 1.000000e+00
    outer loop
      vertex   -3.360000e+01 -2.000000e+01 3.104000e+01
      vertex   -3.720000e+01 -1.770000e+01 3.104000e+01
      vertex   -3.397529e+01 -2.004941e+01 3.104000e+01
    endloop
  endfacet
  facet normal 0.000000e+00 0.000000e+00 1.000000e+00
    outer loop
      vertex   -3.397529e+01 -2.004941e+01 3.104000e+01
      vertex   -3.720000e+01 -1.770000e+01 3.104000e+01
      vertex   -3.432500e+01 -2.019426e+01 3.104000e+01
    endloop
  endfacet
  facet normal 0.000000e+00 0.000000e+00 1.000000e+00
    outer loop
      vertex   -3.432500e+01 -2.019426e+01 3.104000e+01
      vertex   -3.720000e+01 -1.770000e+01 3.104000e+01
      vertex   -3.462531e+01 -2.042470e+01 3.104000e+01
    endloop
  endfacet
  facet normal 0.000000e+00 0.000000e+00 1.000000e+00
    outer loop
      vertex   -3.462531e+01 -2.042470e+01 3.104000e+01
      vertex   -3.720000e+01 -1.770000e+01 3.104000e+01
      vertex   -3.485574e+01 -2.072500e+01 3.104000e+01
    endloop
  endfacet
  facet normal 0.000000e+00 0.000000e+00 1.000000e+00
    outer loop
      vertex   -3.485574e+01 -2.072500e+01 3.104000e+01
      vertex   -3.720000e+01 -1.770000e+01 3.104000e+01
      vertex   -3.500059e+01 -2.107471e+01 3.104000e+01
    endloop
  endfacet
  facet normal 0.000000e+00 0.000000e+00 1.000000e+00
    outer loop
      vertex   -3.500059e+01 -2.107471e+01 3.104000e+01
      vertex   -3.720000e+01 -1.770000e+01 3.104000e+01
      vertex   -3.920000e+01 -2.420000e+01 3.104000e+01
    endloop
  endfacet
  facet normal 0.000000e+00 0.000000e+00 1.000000e+00
    outer loop
      vertex   -3.500059e+01 -2.107471e+01 3.104000e+01
      vertex   -3.920000e+01 -2.420000e+01 3.104000e+01
      vertex   -3.505000e+01 -2.145000e+01 3.104000e+01
    endloop
  endfacet
  facet normal 0.000000e+00 0.000000e+00 1.000000e+00
    outer loop
      vertex   -3.505000e+01 -2.145000e+01 3.104000e+01
      vertex   -3.920000e+01 -2.420000e+01 3.104000e+01
      vertex   -3.500059e+01 -2.182529e+01 3.104000e+01
    endloop
  endfacet
  facet normal 0.000000e+00 0.000000e+00 1.000000e+00
    outer loop
      vertex   -3.500059e+01 -2.182529e+01 3.104000e+01
      vertex   -3.920000e+01 -2.420000e+01 3.104000e+01
      vertex   -3.485574e+01 -2.217500e+01 3.104000e+01
    endloop
  endfacet
  facet normal 0.000000e+00 0.000000e+00 1.000000e+00
    outer loop
      vertex   -3.485574e+01 -2.217500e+01 3.104000e+01
      vertex   -3.920000e+01 -2.420000e+01 3.104000e+01
      vertex   -3.462531e+01 -2.247531e+01 3.104000e+01
    endloop
  endfacet
  facet normal 0.000000e+00 0.000000e+00 1.000000e+00
    outer loop
      vertex   -3.462531e+01 -2.247531e+01 3.104000e+01
      vertex   -3.920000e+01 -2.420000e+01 3.104000e+01
      vertex   -3.914236e+01 -2.478527e+01 3.104000e+01
    endloop
  endfacet
  facet normal 0.000000e+00 0.000000e+00 1.000000e+00
    outer loop
      vertex   -3.462531e+01 -2.247531e+01 3.104000e+01
      vertex   -3.914236e+01 -2.478527e+01 3.104000e+01
      vertex   -3.897164e+01 -2.534805e+01 3.104000e+01
    endloop
  endfacet
  facet normal 0.000000e+00 0.000000e+00 1.000000e+00
    outer loop
      vertex   -3.219941e+01 -2.182529e+01 3.104000e+01
      vertex   -3.234426e+01 -2.217500e+01 3.104000e+01
      vertex   -3.000000e+01 -2.520000e+01 3.104000e+01
    endloop
  endfacet
  facet normal 0.000000e+00 0.000000e+00 1.000000e+00
    outer loop
      vertex   -3.000000e+01 -2.520000e+01 3.104000e+01
      vertex   -3.234426e+01 -2.217500e+01 3.104000e+01
      vertex   -3.257470e+01 -2.247531e+01 3.104000e+01
    endloop
  endfacet
  facet normal 0.000000e+00 0.000000e+00 1.000000e+00
    outer loop
      vertex   -3.000000e+01 -2.520000e+01 3.104000e+01
      vertex   -3.257470e+01 -2.247531e+01 3.104000e+01
      vertex   -3.287500e+01 -2.270574e+01 3.104000e+01
    endloop
  endfacet
  facet normal 0.000000e+00 0.000000e+00 1.000000e+00
    outer loop
      vertex   -3.287500e+01 -2.270574e+01 3.104000e+01
      vertex   -3.322471e+01 -2.285059e+01 3.104000e+01
      vertex   -3.000000e+01 -2.520000e+01 3.104000e+01
    endloop
  endfacet
  facet normal 0.000000e+00 0.000000e+00 1.000000e+00
    outer loop
      vertex   -3.000000e+01 -2.520000e+01 3.104000e+01
      vertex   -3.322471e+01 -2.285059e+01 3.104000e+01
      vertex   -3.360000e+01 -2.290000e+01 3.104000e+01
    endloop
  endfacet
  facet normal 0.000000e+00 0.000000e+00 1.000000e+00
    outer loop
      vertex   -3.000000e+01 -2.520000e+01 3.104000e+01
      vertex   -3.360000e+01 -2.290000e+01 3.104000e+01
      vertex   -3.620000e+01 -2.720000e+01 3.104000e+01
    endloop
  endfacet
  facet normal 0.000000e+00 0.000000e+00 1.000000e+00
    outer loop
      vertex   -3.620000e+01 -2.720000e+01 3.104000e+01
      vertex   -3.360000e+01 -2.290000e+01 3.104000e+01
      vertex   -3.397529e+01 -2.285059e+01 3.104000e+01
    endloop
  endfacet
  facet normal 0.000000e+00 0.000000e+00 1.000000e+00
    outer loop
      vertex   -3.620000e+01 -2.720000e+01 3.104000e+01
      vertex   -3.397529e+01 -2.285059e+01 3.104000e+01
      vertex   -3.432500e+01 -2.270574e+01 3.104000e+01
    endloop
  endfacet
  facet normal 0.000000e+00 0.000000e+00 1.000000e+00
    outer loop
      vertex   -3.462531e+01 -2.247531e+01 3.104000e+01
      vertex   -3.786671e+01 -2.669441e+01 3.104000e+01
      vertex   -3.432500e+01 -2.270574e+01 3.104000e+01
    endloop
  endfacet
  facet normal 0.000000e+00 0.000000e+00 1.000000e+00
    outer loop
      vertex   -3.432500e+01 -2.270574e+01 3.104000e+01
      vertex   -3.786671e+01 -2.669441e+01 3.104000e+01
      vertex   -3.734805e+01 -2.697164e+01 3.104000e+01
    endloop
  endfacet
  facet normal 0.000000e+00 0.000000e+00 1.000000e+00
    outer loop
      vertex   -3.432500e+01 -2.270574e+01 3.104000e+01
      vertex   -3.734805e+01 -2.697164e+01 3.104000e+01
      vertex   -3.678527e+01 -2.714236e+01 3.104000e+01
    endloop
  endfacet
  facet normal 0.000000e+00 0.000000e+00 1.000000e+00
    outer loop
      vertex   3.870000e+01 4.250000e+01 3.104000e+01
      vertex   3.720000e+01 3.600000e+01 3.104000e+01
      vertex   3.870000e+01 -2.420000e+01 3.104000e+01
    endloop
  endfacet
  facet normal 0.000000e+00 0.000000e+00 1.000000e+00
    outer loop
      vertex   3.870000e+01 -2.420000e+01 3.104000e+01
      vertex   3.720000e+01 3.600000e+01 3.104000e+01
      vertex   3.720000e+01 -1.770000e+01 3.104000e+01
    endloop
  endfacet
  facet normal 0.000000e+00 0.000000e+00 1.000000e+00
    outer loop
      vertex   3.000000e+01 -2.520000e+01 3.104000e+01
      vertex   -3.000000e+01 -2.520000e+01 3.104000e+01
      vertex   3.570000e+01 -2.720000e+01 3.104000e+01
    endloop
  endfacet
  facet normal 0.000000e+00 0.000000e+00 1.000000e+00
    outer loop
      vertex   3.570000e+01 -2.720000e+01 3.104000e+01
      vertex   -3.000000e+01 -2.520000e+01 3.104000e+01
      vertex   -3.620000e+01 -2.720000e+01 3.104000e+01
    endloop
  endfacet
  facet normal 0.000000e+00 -0.000000e+00 1.000000e+00
    outer loop
      vertex   -3.720000e+01 -1.770000e+01 3.104000e+01
      vertex   -3.720000e+01 3.600000e+01 3.104000e+01
      vertex   -3.920000e+01 -2.420000e+01 3.104000e+01
    endloop
  endfacet
  facet normal 0.000000e+00 0.000000e+00 1.000000e+00
    outer loop
      vertex   -3.920000e+01 -2.420000e+01 3.104000e+01
      vertex   -3.720000e+01 3.600000e+01 3.104000e+01
      vertex   -3.920000e+01 4.250000e+01 3.104000e+01
    endloop
  endfacet
  facet normal -0.000000e+00 0.000000e+00 1.000000e+00
    outer loop
      vertex   -3.897164e+01 -2.534805e+01 3.104000e+01
      vertex   -3.869441e+01 -2.586671e+01 3.104000e+01
      vertex   -3.462531e+01 -2.247531e+01 3.104000e+01
    endloop
  endfacet
  facet normal 0.000000e+00 0.000000e+00 1.000000e+00
    outer loop
      vertex   -3.462531e+01 -2.247531e+01 3.104000e+01
      vertex   -3.869441e+01 -2.586671e+01 3.104000e+01
      vertex   -3.832132e+01 -2.632132e+01 3.104000e+01
    endloop
  endfacet
  facet normal 0.000000e+00 0.000000e+00 1.000000e+00
    outer loop
      vertex   -3.462531e+01 -2.247531e+01 3.104000e+01
      vertex   -3.832132e+01 -2.632132e+01 3.104000e+01
      vertex   -3.786671e+01 -2.669441e+01 3.104000e+01
    endloop
  endfacet
  facet normal -0.000000e+00 0.000000e+00 1.000000e+00
    outer loop
      vertex   -3.678527e+01 -2.714236e+01 3.104000e+01
      vertex   -3.620000e+01 -2.720000e+01 3.104000e+01
      vertex   -3.432500e+01 -2.270574e+01 3.104000e+01
    endloop
  endfacet
  facet normal 9.951847e-01 9.801714e-02 7.714050e-16
    outer loop
      vertex   3.864236e+01 4.308527e+01 3.540000e+00
      vertex   3.864236e+01 4.308527e+01 1.270667e+01
      vertex   3.870000e+01 4.250000e+01 3.540000e+00
    endloop
  endfacet
  facet normal 9.951847e-01 9.801714e-02 7.722835e-16
    outer loop
      vertex   3.870000e+01 4.250000e+01 3.540000e+00
      vertex   3.864236e+01 4.308527e+01 1.270667e+01
      vertex   3.864236e+01 4.308527e+01 2.187333e+01
    endloop
  endfacet
  facet normal 9.951847e-01 9.801714e-02 -0.000000e+00
    outer loop
      vertex   3.870000e+01 4.250000e+01 3.540000e+00
      vertex   3.864236e+01 4.308527e+01 2.187333e+01
      vertex   3.870000e+01 4.250000e+01 3.104000e+01
    endloop
  endfacet
  facet normal 9.951847e-01 9.801714e-02 0.000000e+00
    outer loop
      vertex   3.870000e+01 4.250000e+01 3.104000e+01
      vertex   3.864236e+01 4.308527e+01 2.187333e+01
      vertex   3.864236e+01 4.308527e+01 3.104000e+01
    endloop
  endfacet
  facet normal 9.569403e-01 2.902847e-01 0.000000e+00
    outer loop
      vertex   3.864236e+01 4.308527e+01 3.104000e+01
      vertex   3.864236e+01 4.308527e+01 2.187333e+01
      vertex   3.847164e+01 4.364805e+01 3.104000e+01
    endloop
  endfacet
  facet normal 9.569403e-01 2.902847e-01 0.000000e+00
    outer loop
      vertex   3.847164e+01 4.364805e+01 3.104000e+01
      vertex   3.864236e+01 4.308527e+01 2.187333e+01
      vertex   3.847164e+01 4.364805e+01 2.187333e+01
    endloop
  endfacet
  facet normal 8.819213e-01 4.713967e-01 0.000000e+00
    outer loop
      vertex   3.847164e+01 4.364805e+01 3.104000e+01
      vertex   3.847164e+01 4.364805e+01 2.187333e+01
      vertex   3.819441e+01 4.416671e+01 3.104000e+01
    endloop
  endfacet
  facet normal 8.819213e-01 4.713967e-01 6.836103e-16
    outer loop
      vertex   3.819441e+01 4.416671e+01 3.104000e+01
      vertex   3.847164e+01 4.364805e+01 2.187333e+01
      vertex   3.819441e+01 4.416671e+01 2.187333e+01
    endloop
  endfacet
  facet normal 7.730105e-01 6.343933e-01 5.991894e-16
    outer loop
      vertex   3.819441e+01 4.416671e+01 3.104000e+01
      vertex   3.819441e+01 4.416671e+01 2.187333e+01
      vertex   3.782132e+01 4.462132e+01 3.104000e+01
    endloop
  endfacet
  facet normal 7.730105e-01 6.343933e-01 0.000000e+00
    outer loop
      vertex   3.782132e+01 4.462132e+01 3.104000e+01
      vertex   3.819441e+01 4.416671e+01 2.187333e+01
      vertex   3.782132e+01 4.462132e+01 2.187333e+01
    endloop
  endfacet
  facet normal 6.343933e-01 7.730105e-01 0.000000e+00
    outer loop
      vertex   3.782132e+01 4.462132e+01 3.104000e+01
      vertex   3.782132e+01 4.462132e+01 2.187333e+01
      vertex   3.736671e+01 4.499441e+01 3.104000e+01
    endloop
  endfacet
  facet normal 6.343933e-01 7.730105e-01 0.000000e+00
    outer loop
      vertex   3.736671e+01 4.499441e+01 3.104000e+01
      vertex   3.782132e+01 4.462132e+01 2.187333e+01
      vertex   3.736671e+01 4.499441e+01 2.187333e+01
    endloop
  endfacet
  facet normal 4.713967e-01 8.819213e-01 0.000000e+00
    outer loop
      vertex   3.736671e+01 4.499441e+01 3.104000e+01
      vertex   3.736671e+01 4.499441e+01 2.187333e+01
      vertex   3.684805e+01 4.527164e+01 3.104000e+01
    endloop
  endfacet
  facet normal 4.713967e-01 8.819213e-01 0.000000e+00
    outer loop
      vertex   3.684805e+01 4.527164e+01 3.104000e+01
      vertex   3.736671e+01 4.499441e+01 2.187333e+01
      vertex   3.684805e+01 4.527164e+01 2.187333e+01
    endloop
  endfacet
  facet normal 2.902847e-01 9.569403e-01 0.000000e+00
    outer loop
      vertex   3.684805e+01 4.527164e+01 3.104000e+01
      vertex   3.684805e+01 4.527164e+01 2.187333e+01
      vertex   3.628527e+01 4.544236e+01 3.104000e+01
    endloop
  endfacet
  facet normal 2.902847e-01 9.569403e-01 -7.417604e-16
    outer loop
      vertex   3.628527e+01 4.544236e+01 3.104000e+01
      vertex   3.684805e+01 4.527164e+01 2.187333e+01
      vertex   3.628527e+01 4.544236e+01 2.187333e+01
    endloop
  endfacet
  facet normal 9.801714e-02 9.951847e-01 -7.714050e-16
    outer loop
      vertex   3.628527e+01 4.544236e+01 3.104000e+01
      vertex   3.628527e+01 4.544236e+01 2.187333e+01
      vertex   3.570000e+01 4.550000e+01 3.104000e+01
    endloop
  endfacet
  facet normal 9.801714e-02 9.951847e-01 0.000000e+00
    outer loop
      vertex   3.570000e+01 4.550000e+01 3.104000e+01
      vertex   3.628527e+01 4.544236e+01 2.187333e+01
      vertex   3.628527e+01 4.544236e+01 1.270667e+01
    endloop
  endfacet
  facet normal 9.801714e-02 9.951847e-01 2.532559e-17
    outer loop
      vertex   3.570000e+01 4.550000e+01 3.104000e+01
      vertex   3.628527e+01 4.544236e+01 1.270667e+01
      vertex   3.570000e+01 4.550000e+01 3.540000e+00
    endloop
  endfacet
  facet normal 9.801714e-02 9.951847e-01 0.000000e+00
    outer loop
      vertex   3.570000e+01 4.550000e+01 3.540000e+00
      vertex   3.628527e+01 4.544236e+01 1.270667e+01
      vertex   3.628527e+01 4.544236e+01 3.540000e+00
    endloop
  endfacet
  facet normal 2.902847e-01 9.569403e-01 -0.000000e+00
    outer loop
      vertex   3.628527e+01 4.544236e+01 3.540000e+00
      vertex   3.628527e+01 4.544236e+01 1.270667e+01
      vertex   3.684805e+01 4.527164e+01 3.540000e+00
    endloop
  endfacet
  facet normal 2.902847e-01 9.569403e-01 -0.000000e+00
    outer loop
      vertex   3.684805e+01 4.527164e+01 3.540000e+00
      vertex   3.628527e+01 4.544236e+01 1.270667e+01
      vertex   3.684805e+01 4.527164e+01 1.270667e+01
    endloop
  endfacet
  facet normal 4.713967e-01 8.819213e-01 -0.000000e+00
    outer loop
      vertex   3.684805e+01 4.527164e+01 3.540000e+00
      vertex   3.684805e+01 4.527164e+01 1.270667e+01
      vertex   3.736671e+01 4.499441e+01 3.540000e+00
    endloop
  endfacet
  facet normal 4.713967e-01 8.819213e-01 -0.000000e+00
    outer loop
      vertex   3.736671e+01 4.499441e+01 3.540000e+00
      vertex   3.684805e+01 4.527164e+01 1.270667e+01
      vertex   3.736671e+01 4.499441e+01 1.270667e+01
    endloop
  endfacet
  facet normal 6.343933e-01 7.730105e-01 -0.000000e+00
    outer loop
      vertex   3.736671e+01 4.499441e+01 3.540000e+00
      vertex   3.736671e+01 4.499441e+01 1.270667e+01
      vertex   3.782132e+01 4.462132e+01 3.540000e+00
    endloop
  endfacet
  facet normal 6.343933e-01 7.730105e-01 -0.000000e+00
    outer loop
      vertex   3.782132e+01 4.462132e+01 3.540000e+00
      vertex   3.736671e+01 4.499441e+01 1.270667e+01
      vertex   3.782132e+01 4.462132e+01 1.270667e+01
    endloop
  endfacet
  facet normal 7.730105e-01 6.343933e-01 -0.000000e+00
    outer loop
      vertex   3.782132e+01 4.462132e+01 3.540000e+00
      vertex   3.782132e+01 4.462132e+01 1.270667e+01
      vertex   3.819441e+01 4.416671e+01 3.540000e+00
    endloop
  endfacet
  facet normal 7.730105e-01 6.343933e-01 -0.000000e+00
    outer loop
      vertex   3.819441e+01 4.416671e+01 3.540000e+00
      vertex   3.782132e+01 4.462132e+01 1.270667e+01
      vertex   3.819441e+01 4.416671e+01 1.270667e+01
    endloop
  endfacet
  facet normal 8.819213e-01 4.713967e-01 -0.000000e+00
    outer loop
      vertex   3.819441e+01 4.416671e+01 3.540000e+00
      vertex   3.819441e+01 4.416671e+01 1.270667e+01
      vertex   3.847164e+01 4.364805e+01 3.540000e+00
    endloop
  endfacet
  facet normal 8.819213e-01 4.713967e-01 6.836103e-16
    outer loop
      vertex   3.847164e+01 4.364805e+01 3.540000e+00
      vertex   3.819441e+01 4.416671e+01 1.270667e+01
      vertex   3.847164e+01 4.364805e+01 1.270667e+01
    endloop
  endfacet
  facet normal 9.569403e-01 2.902847e-01 7.417604e-16
    outer loop
      vertex   3.847164e+01 4.364805e+01 3.540000e+00
      vertex   3.847164e+01 4.364805e+01 1.270667e+01
      vertex   3.864236e+01 4.308527e+01 3.540000e+00
    endloop
  endfacet
  facet normal 9.569403e-01 2.902847e-01 7.417604e-16
    outer loop
      vertex   3.864236e+01 4.308527e+01 3.540000e+00
      vertex   3.847164e+01 4.364805e+01 1.270667e+01
      vertex   3.864236e+01 4.308527e+01 1.270667e+01
    endloop
  endfacet
  facet normal 9.569403e-01 2.902847e-01 7.413922e-16
    outer loop
      vertex   3.847164e+01 4.364805e+01 2.187333e+01
      vertex   3.864236e+01 4.308527e+01 2.187333e+01
      vertex   3.864236e+01 4.308527e+01 1.270667e+01
    endloop
  endfacet
  facet normal 9.569403e-01 2.902847e-01 0.000000e+00
    outer loop
      vertex   3.847164e+01 4.364805e+01 2.187333e+01
      vertex   3.864236e+01 4.308527e+01 1.270667e+01
      vertex   3.847164e+01 4.364805e+01 1.270667e+01
    endloop
  endfacet
  facet normal 8.819213e-01 4.713967e-01 0.000000e+00
    outer loop
      vertex   3.819441e+01 4.416671e+01 2.187333e+01
      vertex   3.847164e+01 4.364805e+01 2.187333e+01
      vertex   3.847164e+01 4.364805e+01 1.270667e+01
    endloop
  endfacet
  facet normal 8.819213e-01 4.713967e-01 0.000000e+00
    outer loop
      vertex   3.819441e+01 4.416671e+01 2.187333e+01
      vertex   3.847164e+01 4.364805e+01 1.270667e+01
      vertex   3.819441e+01 4.416671e+01 1.270667e+01
    endloop
  endfacet
  facet normal 7.730105e-01 6.343933e-01 0.000000e+00
    outer loop
      vertex   3.782132e+01 4.462132e+01 2.187333e+01
      vertex   3.819441e+01 4.416671e+01 2.187333e+01
      vertex   3.819441e+01 4.416671e+01 1.270667e+01
    endloop
  endfacet
  facet normal 7.730105e-01 6.343933e-01 1.074474e-16
    outer loop
      vertex   3.782132e+01 4.462132e+01 2.187333e+01
      vertex   3.819441e+01 4.416671e+01 1.270667e+01
      vertex   3.782132e+01 4.462132e+01 1.270667e+01
    endloop
  endfacet
  facet normal 6.343933e-01 7.730105e-01 -1.081197e-16
    outer loop
      vertex   3.736671e+01 4.499441e+01 2.187333e+01
      vertex   3.782132e+01 4.462132e+01 2.187333e+01
      vertex   3.782132e+01 4.462132e+01 1.270667e+01
    endloop
  endfacet
  facet normal 6.343933e-01 7.730105e-01 -5.991894e-16
    outer loop
      vertex   3.736671e+01 4.499441e+01 2.187333e+01
      vertex   3.782132e+01 4.462132e+01 1.270667e+01
      vertex   3.736671e+01 4.499441e+01 1.270667e+01
    endloop
  endfacet
  facet normal 4.713967e-01 8.819213e-01 -6.847581e-16
    outer loop
      vertex   3.684805e+01 4.527164e+01 2.187333e+01
      vertex   3.736671e+01 4.499441e+01 2.187333e+01
      vertex   3.736671e+01 4.499441e+01 1.270667e+01
    endloop
  endfacet
  facet normal 4.713967e-01 8.819213e-01 0.000000e+00
    outer loop
      vertex   3.684805e+01 4.527164e+01 2.187333e+01
      vertex   3.736671e+01 4.499441e+01 1.270667e+01
      vertex   3.684805e+01 4.527164e+01 1.270667e+01
    endloop
  endfacet
  facet normal 2.902847e-01 9.569403e-01 0.000000e+00
    outer loop
      vertex   3.628527e+01 4.544236e+01 2.187333e+01
      vertex   3.684805e+01 4.527164e+01 2.187333e+01
      vertex   3.684805e+01 4.527164e+01 1.270667e+01
    endloop
  endfacet
  facet normal 2.902847e-01 9.569403e-01 0.000000e+00
    outer loop
      vertex   3.628527e+01 4.544236e+01 2.187333e+01
      vertex   3.684805e+01 4.527164e+01 1.270667e+01
      vertex   3.628527e+01 4.544236e+01 1.270667e+01
    endloop
  endfacet
  facet normal 1.000000e+00 -0.000000e+00 0.000000e+00
    outer loop
      vertex   3.870000e+01 3.984000e+01 3.540000e+00
      vertex   3.870000e+01 4.250000e+01 3.540000e+00
      vertex   3.870000e+01 3.984615e+01 3.609879e+00
    endloop
  endfacet
  facet normal 1.000000e+00 -0.000000e+00 0.000000e+00
    outer loop
      vertex   3.870000e+01 3.984615e+01 3.609879e+00
      vertex   3.870000e+01 4.250000e+01 3.540000e+00
      vertex   3.870000e+01 3.984984e+01 3.679931e+00
    endloop
  endfacet
  facet normal 1.000000e+00 -0.000000e+00 0.000000e+00
    outer loop
      vertex   3.870000e+01 3.984984e+01 3.679931e+00
      vertex   3.870000e+01 4.250000e+01 3.540000e+00
      vertex   3.870000e+01 3.985107e+01 3.750069e+00
    endloop
  endfacet
  facet normal 1.000000e+00 -0.000000e+00 0.000000e+00
    outer loop
      vertex   3.870000e+01 3.985107e+01 3.750069e+00
      vertex   3.870000e+01 4.250000e+01 3.540000e+00
      vertex   3.870000e+01 3.985107e+01 4.960069e+00
    endloop
  endfacet
  facet normal 1.000000e+00 -0.000000e+00 -0.000000e+00
    outer loop
      vertex   3.870000e+01 3.985107e+01 4.960069e+00
      vertex   3.870000e+01 4.250000e+01 3.540000e+00
      vertex   3.870000e+01 3.978292e+01 5.477707e+00
    endloop
  endfacet
  facet normal 1.000000e+00 -0.000000e+00 -0.000000e+00
    outer loop
      vertex   3.870000e+01 3.978292e+01 5.477707e+00
      vertex   3.870000e+01 4.250000e+01 3.540000e+00
      vertex   3.870000e+01 3.958312e+01 5.960069e+00
    endloop
  endfacet
  facet normal 1.000000e+00 -0.000000e+00 -0.000000e+00
    outer loop
      vertex   3.870000e+01 3.958312e+01 5.960069e+00
      vertex   3.870000e+01 4.250000e+01 3.540000e+00
      vertex   3.870000e+01 3.926528e+01 6.374282e+00
    endloop
  endfacet
  facet normal 1.000000e+00 -0.000000e+00 0.000000e+00
    outer loop
      vertex   3.870000e+01 3.926528e+01 6.374282e+00
      vertex   3.870000e+01 4.250000e+01 3.540000e+00
      vertex   3.870000e+01 4.250000e+01 3.104000e+01
    endloop
  endfacet
  facet normal 1.000000e+00 0.000000e+00 -0.000000e+00
    outer loop
      vertex   3.870000e+01 3.926528e+01 6.374282e+00
      vertex   3.870000e+01 4.250000e+01 3.104000e+01
      vertex   3.870000e+01 3.885107e+01 6.692119e+00
    endloop
  endfacet
  facet normal 1.000000e+00 0.000000e+00 -0.000000e+00
    outer loop
      vertex   3.870000e+01 3.885107e+01 6.692119e+00
      vertex   3.870000e+01 4.250000e+01 3.104000e+01
      vertex   3.870000e+01 3.836870e+01 6.891920e+00
    endloop
  endfacet
  facet normal 1.000000e+00 0.000000e+00 -0.000000e+00
    outer loop
      vertex   3.870000e+01 3.836870e+01 6.891920e+00
      vertex   3.870000e+01 4.250000e+01 3.104000e+01
      vertex   3.870000e+01 3.785107e+01 6.960069e+00
    endloop
  endfacet
  facet normal 1.000000e+00 0.000000e+00 -0.000000e+00
    outer loop
      vertex   3.870000e+01 3.785107e+01 6.960069e+00
      vertex   3.870000e+01 4.250000e+01 3.104000e+01
      vertex   3.870000e+01 3.091107e+01 6.960069e+00
    endloop
  endfacet
  facet normal 1.000000e+00 0.000000e+00 -0.000000e+00
    outer loop
      vertex   3.870000e+01 3.091107e+01 6.960069e+00
      vertex   3.870000e+01 4.250000e+01 3.104000e+01
      vertex   3.870000e+01 3.039343e+01 6.891920e+00
    endloop
  endfacet
  facet normal 1.000000e+00 0.000000e+00 -0.000000e+00
    outer loop
      vertex   3.870000e+01 3.039343e+01 6.891920e+00
      vertex   3.870000e+01 4.250000e+01 3.104000e+01
      vertex   3.870000e+01 -2.420000e+01 3.104000e+01
    endloop
  endfacet
  facet normal 1.000000e+00 0.000000e+00 0.000000e+00
    outer loop
      vertex   3.870000e+01 3.039343e+01 6.891920e+00
      vertex   3.870000e+01 -2.420000e+01 3.104000e+01
      vertex   3.870000e+01 2.991107e+01 6.692119e+00
    endloop
  endfacet
  facet normal 1.000000e+00 0.000000e+00 0.000000e+00
    outer loop
      vertex   3.870000e+01 2.991107e+01 6.692119e+00
      vertex   3.870000e+01 -2.420000e+01 3.104000e+01
      vertex   3.870000e+01 -2.420000e+01 3.540000e+00
    endloop
  endfacet
  facet normal 1.000000e+00 0.000000e+00 0.000000e+00
    outer loop
      vertex   3.870000e+01 2.991107e+01 6.692119e+00
      vertex   3.870000e+01 -2.420000e+01 3.540000e+00
      vertex   3.870000e+01 2.949685e+01 6.374282e+00
    endloop
  endfacet
  facet normal 1.000000e+00 0.000000e+00 0.000000e+00
    outer loop
      vertex   3.870000e+01 2.949685e+01 6.374282e+00
      vertex   3.870000e+01 -2.420000e+01 3.540000e+00
      vertex   3.870000e+01 2.917902e+01 5.960069e+00
    endloop
  endfacet
  facet normal 1.000000e+00 0.000000e+00 0.000000e+00
    outer loop
      vertex   3.870000e+01 2.917902e+01 5.960069e+00
      vertex   3.870000e+01 -2.420000e+01 3.540000e+00
      vertex   3.870000e+01 2.897921e+01 5.477707e+00
    endloop
  endfacet
  facet normal 1.000000e+00 0.000000e+00 0.000000e+00
    outer loop
      vertex   3.870000e+01 2.897921e+01 5.477707e+00
      vertex   3.870000e+01 -2.420000e+01 3.540000e+00
      vertex   3.870000e+01 2.891107e+01 4.960069e+00
    endloop
  endfacet
  facet normal 1.000000e+00 0.000000e+00 0.000000e+00
    outer loop
      vertex   3.870000e+01 2.891107e+01 4.960069e+00
      vertex   3.870000e+01 -2.420000e+01 3.540000e+00
      vertex   3.870000e+01 2.891107e+01 3.750069e+00
    endloop
  endfacet
  facet normal 1.000000e+00 0.000000e+00 0.000000e+00
    outer loop
      vertex   3.870000e+01 2.891107e+01 3.750069e+00
      vertex   3.870000e+01 -2.420000e+01 3.540000e+00
      vertex   3.870000e+01 2.891230e+01 3.679931e+00
    endloop
  endfacet
  facet normal 1.000000e+00 0.000000e+00 0.000000e+00
    outer loop
      vertex   3.870000e+01 2.891230e+01 3.679931e+00
      vertex   3.870000e+01 -2.420000e+01 3.540000e+00
      vertex   3.870000e+01 2.891599e+01 3.609879e+00
    endloop
  endfacet
  facet normal 1.000000e+00 0.000000e+00 0.000000e+00
    outer loop
      vertex   3.870000e+01 2.891599e+01 3.609879e+00
      vertex   3.870000e+01 -2.420000e+01 3.540000e+00
      vertex   3.870000e+01 2.892213e+01 3.540000e+00
    endloop
  endfacet
  facet normal 1.000000e+00 -1.499837e-15 0.000000e+00
    outer loop
      vertex   3.520000e+01 2.046253e+01 1.040000e+00
      vertex   3.520000e+01 2.520000e+01 1.040000e+00
      vertex   3.520000e+01 2.046253e+01 4.540000e+00
    endloop
  endfacet
  facet normal 1.000000e+00 -1.499837e-15 0.000000e+00
    outer loop
      vertex   3.520000e+01 2.046253e+01 4.540000e+00
      vertex   3.520000e+01 2.520000e+01 1.040000e+00
      vertex   3.520000e+01 2.520000e+01 4.540000e+00
    endloop
  endfacet
  facet normal 0.000000e+00 1.000000e+00 -0.000000e+00
    outer loop
      vertex   3.520000e+01 2.520000e+01 1.040000e+00
      vertex   3.046253e+01 2.520000e+01 1.040000e+00
      vertex   3.520000e+01 2.520000e+01 4.540000e+00
    endloop
  endfacet
  facet normal 0.000000e+00 1.000000e+00 0.000000e+00
    outer loop
      vertex   3.520000e+01 2.520000e+01 4.540000e+00
      vertex   3.046253e+01 2.520000e+01 1.040000e+00
      vertex   3.046253e+01 2.520000e+01 4.540000e+00
    endloop
  endfacet
  facet normal -9.914449e-01 -1.305262e-01 -0.000000e+00
    outer loop
      vertex   3.415400e+01 2.319941e+01 4.540000e+00
      vertex   3.415400e+01 2.319941e+01 1.040000e+00
      vertex   3.420000e+01 2.285000e+01 4.540000e+00
    endloop
  endfacet
  facet normal -9.914449e-01 -1.305262e-01 -0.000000e+00
    outer loop
      vertex   3.420000e+01 2.285000e+01 4.540000e+00
      vertex   3.415400e+01 2.319941e+01 1.040000e+00
      vertex   3.420000e+01 2.285000e+01 1.040000e+00
    endloop
  endfacet
  facet normal -9.914449e-01 1.305262e-01 0.000000e+00
    outer loop
      vertex   3.420000e+01 2.285000e+01 4.540000e+00
      vertex   3.420000e+01 2.285000e+01 1.040000e+00
      vertex   3.415400e+01 2.250059e+01 4.540000e+00
    endloop
  endfacet
  facet normal -9.914449e-01 1.305262e-01 0.000000e+00
    outer loop
      vertex   3.415400e+01 2.250059e+01 4.540000e+00
      vertex   3.420000e+01 2.285000e+01 1.040000e+00
      vertex   3.415400e+01 2.250059e+01 1.040000e+00
    endloop
  endfacet
  facet normal -9.238795e-01 3.826834e-01 0.000000e+00
    outer loop
      vertex   3.415400e+01 2.250059e+01 4.540000e+00
      vertex   3.415400e+01 2.250059e+01 1.040000e+00
      vertex   3.401913e+01 2.217500e+01 4.540000e+00
    endloop
  endfacet
  facet normal -9.238795e-01 3.826834e-01 -3.884470e-16
    outer loop
      vertex   3.401913e+01 2.217500e+01 4.540000e+00
      vertex   3.415400e+01 2.250059e+01 1.040000e+00
      vertex   3.401913e+01 2.217500e+01 1.040000e+00
    endloop
  endfacet
  facet normal -7.933533e-01 6.087614e-01 -6.179300e-16
    outer loop
      vertex   3.401913e+01 2.217500e+01 4.540000e+00
      vertex   3.401913e+01 2.217500e+01 1.040000e+00
      vertex   3.380459e+01 2.189541e+01 4.540000e+00
    endloop
  endfacet
  facet normal -7.933533e-01 6.087614e-01 0.000000e+00
    outer loop
      vertex   3.380459e+01 2.189541e+01 4.540000e+00
      vertex   3.401913e+01 2.217500e+01 1.040000e+00
      vertex   3.380459e+01 2.189541e+01 1.040000e+00
    endloop
  endfacet
  facet normal -6.087614e-01 7.933533e-01 0.000000e+00
    outer loop
      vertex   3.380459e+01 2.189541e+01 4.540000e+00
      vertex   3.380459e+01 2.189541e+01 1.040000e+00
      vertex   3.352500e+01 2.168087e+01 4.540000e+00
    endloop
  endfacet
  facet normal -6.087614e-01 7.933533e-01 0.000000e+00
    outer loop
      vertex   3.352500e+01 2.168087e+01 4.540000e+00
      vertex   3.380459e+01 2.189541e+01 1.040000e+00
      vertex   3.352500e+01 2.168087e+01 1.040000e+00
    endloop
  endfacet
  facet normal -3.826834e-01 9.238795e-01 0.000000e+00
    outer loop
      vertex   3.352500e+01 2.168087e+01 4.540000e+00
      vertex   3.352500e+01 2.168087e+01 1.040000e+00
      vertex   3.319941e+01 2.154600e+01 4.540000e+00
    endloop
  endfacet
  facet normal -3.826834e-01 9.238795e-01 0.000000e+00
    outer loop
      vertex   3.319941e+01 2.154600e+01 4.540000e+00
      vertex   3.352500e+01 2.168087e+01 1.040000e+00
      vertex   3.319941e+01 2.154600e+01 1.040000e+00
    endloop
  endfacet
  facet normal -1.305262e-01 9.914449e-01 0.000000e+00
    outer loop
      vertex   3.319941e+01 2.154600e+01 4.540000e+00
      vertex   3.319941e+01 2.154600e+01 1.040000e+00
      vertex   3.285000e+01 2.150000e+01 4.540000e+00
    endloop
  endfacet
  facet normal -1.305262e-01 9.914449e-01 0.000000e+00
    outer loop
      vertex   3.285000e+01 2.150000e+01 4.540000e+00
      vertex   3.319941e+01 2.154600e+01 1.040000e+00
      vertex   3.285000e+01 2.150000e+01 1.040000e+00
    endloop
  endfacet
  facet normal 1.305262e-01 9.914449e-01 0.000000e+00
    outer loop
      vertex   3.285000e+01 2.150000e+01 4.540000e+00
      vertex   3.285000e+01 2.150000e+01 1.040000e+00
      vertex   3.250059e+01 2.154600e+01 4.540000e+00
    endloop
  endfacet
  facet normal 1.305262e-01 9.914449e-01 0.000000e+00
    outer loop
      vertex   3.250059e+01 2.154600e+01 4.540000e+00
      vertex   3.285000e+01 2.150000e+01 1.040000e+00
      vertex   3.250059e+01 2.154600e+01 1.040000e+00
    endloop
  endfacet
  facet normal 3.826834e-01 9.238795e-01 0.000000e+00
    outer loop
      vertex   3.250059e+01 2.154600e+01 4.540000e+00
      vertex   3.250059e+01 2.154600e+01 1.040000e+00
      vertex   3.217500e+01 2.168087e+01 4.540000e+00
    endloop
  endfacet
  facet normal 3.826834e-01 9.238795e-01 0.000000e+00
    outer loop
      vertex   3.217500e+01 2.168087e+01 4.540000e+00
      vertex   3.250059e+01 2.154600e+01 1.040000e+00
      vertex   3.217500e+01 2.168087e+01 1.040000e+00
    endloop
  endfacet
  facet normal 6.087614e-01 7.933533e-01 0.000000e+00
    outer loop
      vertex   3.217500e+01 2.168087e+01 4.540000e+00
      vertex   3.217500e+01 2.168087e+01 1.040000e+00
      vertex   3.189541e+01 2.189541e+01 4.540000e+00
    endloop
  endfacet
  facet normal 6.087614e-01 7.933533e-01 0.000000e+00
    outer loop
      vertex   3.189541e+01 2.189541e+01 4.540000e+00
      vertex   3.217500e+01 2.168087e+01 1.040000e+00
      vertex   3.189541e+01 2.189541e+01 1.040000e+00
    endloop
  endfacet
  facet normal 7.933533e-01 6.087614e-01 0.000000e+00
    outer loop
      vertex   3.189541e+01 2.189541e+01 4.540000e+00
      vertex   3.189541e+01 2.189541e+01 1.040000e+00
      vertex   3.168087e+01 2.217500e+01 4.540000e+00
    endloop
  endfacet
  facet normal 7.933533e-01 6.087614e-01 6.179300e-16
    outer loop
      vertex   3.168087e+01 2.217500e+01 4.540000e+00
      vertex   3.189541e+01 2.189541e+01 1.040000e+00
      vertex   3.168087e+01 2.217500e+01 1.040000e+00
    endloop
  endfacet
  facet normal 9.238795e-01 3.826834e-01 3.884470e-16
    outer loop
      vertex   3.168087e+01 2.217500e+01 4.540000e+00
      vertex   3.168087e+01 2.217500e+01 1.040000e+00
      vertex   3.154600e+01 2.250059e+01 4.540000e+00
    endloop
  endfacet
  facet normal 9.238795e-01 3.826834e-01 0.000000e+00
    outer loop
      vertex   3.154600e+01 2.250059e+01 4.540000e+00
      vertex   3.168087e+01 2.217500e+01 1.040000e+00
      vertex   3.154600e+01 2.250059e+01 1.040000e+00
    endloop
  endfacet
  facet normal 9.914449e-01 1.305262e-01 0.000000e+00
    outer loop
      vertex   3.154600e+01 2.250059e+01 4.540000e+00
      vertex   3.154600e+01 2.250059e+01 1.040000e+00
      vertex   3.150000e+01 2.285000e+01 4.540000e+00
    endloop
  endfacet
  facet normal 9.914449e-01 1.305262e-01 0.000000e+00
    outer loop
      vertex   3.150000e+01 2.285000e+01 4.540000e+00
      vertex   3.154600e+01 2.250059e+01 1.040000e+00
      vertex   3.150000e+01 2.285000e+01 1.040000e+00
    endloop
  endfacet
  facet normal 9.914449e-01 -1.305262e-01 0.000000e+00
    outer loop
      vertex   3.150000e+01 2.285000e+01 4.540000e+00
      vertex   3.150000e+01 2.285000e+01 1.040000e+00
      vertex   3.154600e+01 2.319941e+01 4.540000e+00
    endloop
  endfacet
  facet normal 9.914449e-01 -1.305262e-01 0.000000e+00
    outer loop
      vertex   3.154600e+01 2.319941e+01 4.540000e+00
      vertex   3.150000e+01 2.285000e+01 1.040000e+00
      vertex   3.154600e+01 2.319941e+01 1.040000e+00
    endloop
  endfacet
  facet normal 9.238795e-01 -3.826834e-01 0.000000e+00
    outer loop
      vertex   3.154600e+01 2.319941e+01 4.540000e+00
      vertex   3.154600e+01 2.319941e+01 1.040000e+00
      vertex   3.168087e+01 2.352500e+01 4.540000e+00
    endloop
  endfacet
  facet normal 9.238795e-01 -3.826834e-01 -3.884470e-16
    outer loop
      vertex   3.168087e+01 2.352500e+01 4.540000e+00
      vertex   3.154600e+01 2.319941e+01 1.040000e+00
      vertex   3.168087e+01 2.352500e+01 1.040000e+00
    endloop
  endfacet
  facet normal 7.933533e-01 -6.087614e-01 -6.179300e-16
    outer loop
      vertex   3.168087e+01 2.352500e+01 4.540000e+00
      vertex   3.168087e+01 2.352500e+01 1.040000e+00
      vertex   3.189541e+01 2.380459e+01 4.540000e+00
    endloop
  endfacet
  facet normal 7.933533e-01 -6.087614e-01 0.000000e+00
    outer loop
      vertex   3.189541e+01 2.380459e+01 4.540000e+00
      vertex   3.168087e+01 2.352500e+01 1.040000e+00
      vertex   3.189541e+01 2.380459e+01 1.040000e+00
    endloop
  endfacet
  facet normal 6.087614e-01 -7.933533e-01 0.000000e+00
    outer loop
      vertex   3.189541e+01 2.380459e+01 4.540000e+00
      vertex   3.189541e+01 2.380459e+01 1.040000e+00
      vertex   3.217500e+01 2.401913e+01 4.540000e+00
    endloop
  endfacet
  facet normal 6.087614e-01 -7.933533e-01 0.000000e+00
    outer loop
      vertex   3.217500e+01 2.401913e+01 4.540000e+00
      vertex   3.189541e+01 2.380459e+01 1.040000e+00
      vertex   3.217500e+01 2.401913e+01 1.040000e+00
    endloop
  endfacet
  facet normal 3.826834e-01 -9.238795e-01 0.000000e+00
    outer loop
      vertex   3.217500e+01 2.401913e+01 4.540000e+00
      vertex   3.217500e+01 2.401913e+01 1.040000e+00
      vertex   3.250059e+01 2.415400e+01 4.540000e+00
    endloop
  endfacet
  facet normal 3.826834e-01 -9.238795e-01 0.000000e+00
    outer loop
      vertex   3.250059e+01 2.415400e+01 4.540000e+00
      vertex   3.217500e+01 2.401913e+01 1.040000e+00
      vertex   3.250059e+01 2.415400e+01 1.040000e+00
    endloop
  endfacet
  facet normal 1.305262e-01 -9.914449e-01 0.000000e+00
    outer loop
      vertex   3.250059e+01 2.415400e+01 4.540000e+00
      vertex   3.250059e+01 2.415400e+01 1.040000e+00
      vertex   3.285000e+01 2.420000e+01 4.540000e+00
    endloop
  endfacet
  facet normal 1.305262e-01 -9.914449e-01 0.000000e+00
    outer loop
      vertex   3.285000e+01 2.420000e+01 4.540000e+00
      vertex   3.250059e+01 2.415400e+01 1.040000e+00
      vertex   3.285000e+01 2.420000e+01 1.040000e+00
    endloop
  endfacet
  facet normal -1.305262e-01 -9.914449e-01 -0.000000e+00
    outer loop
      vertex   3.285000e+01 2.420000e+01 4.540000e+00
      vertex   3.285000e+01 2.420000e+01 1.040000e+00
      vertex   3.319941e+01 2.415400e+01 4.540000e+00
    endloop
  endfacet
  facet normal -1.305262e-01 -9.914449e-01 -0.000000e+00
    outer loop
      vertex   3.319941e+01 2.415400e+01 4.540000e+00
      vertex   3.285000e+01 2.420000e+01 1.040000e+00
      vertex   3.319941e+01 2.415400e+01 1.040000e+00
    endloop
  endfacet
  facet normal -3.826834e-01 -9.238795e-01 -0.000000e+00
    outer loop
      vertex   3.319941e+01 2.415400e+01 4.540000e+00
      vertex   3.319941e+01 2.415400e+01 1.040000e+00
      vertex   3.352500e+01 2.401913e+01 4.540000e+00
    endloop
  endfacet
  facet normal -3.826834e-01 -9.238795e-01 -0.000000e+00
    outer loop
      vertex   3.352500e+01 2.401913e+01 4.540000e+00
      vertex   3.319941e+01 2.415400e+01 1.040000e+00
      vertex   3.352500e+01 2.401913e+01 1.040000e+00
    endloop
  endfacet
  facet normal -6.087614e-01 -7.933533e-01 -0.000000e+00
    outer loop
      vertex   3.352500e+01 2.401913e+01 4.540000e+00
      vertex   3.352500e+01 2.401913e+01 1.040000e+00
      vertex   3.380459e+01 2.380459e+01 4.540000e+00
    endloop
  endfacet
  facet normal -6.087614e-01 -7.933533e-01 -0.000000e+00
    outer loop
      vertex   3.380459e+01 2.380459e+01 4.540000e+00
      vertex   3.352500e+01 2.401913e+01 1.040000e+00
      vertex   3.380459e+01 2.380459e+01 1.040000e+00
    endloop
  endfacet
  facet normal -7.933533e-01 -6.087614e-01 -0.000000e+00
    outer loop
      vertex   3.380459e+01 2.380459e+01 4.540000e+00
      vertex   3.380459e+01 2.380459e+01 1.040000e+00
      vertex   3.401913e+01 2.352500e+01 4.540000e+00
    endloop
  endfacet
  facet normal -7.933533e-01 -6.087614e-01 6.179300e-16
    outer loop
      vertex   3.401913e+01 2.352500e+01 4.540000e+00
      vertex   3.380459e+01 2.380459e+01 1.040000e+00
      vertex   3.401913e+01 2.352500e+01 1.040000e+00
    endloop
  endfacet
  facet normal -9.238795e-01 -3.826834e-01 3.884470e-16
    outer loop
      vertex   3.401913e+01 2.352500e+01 4.540000e+00
      vertex   3.401913e+01 2.352500e+01 1.040000e+00
      vertex   3.415400e+01 2.319941e+01 4.540000e+00
    endloop
  endfacet
  facet normal -9.238795e-01 -3.826834e-01 -0.000000e+00
    outer loop
      vertex   3.415400e+01 2.319941e+01 4.540000e+00
      vertex   3.401913e+01 2.352500e+01 1.040000e+00
      vertex   3.415400e+01 2.319941e+01 1.040000e+00
    endloop
  endfacet
  facet normal -7.776927e-01 6.286446e-01 0.000000e+00
    outer loop
      vertex   3.046253e+01 2.520000e+01 4.540000e+00
      vertex   3.046253e+01 2.520000e+01 1.040000e+00
      vertex   3.005176e+01 2.469184e+01 4.540000e+00
    endloop
  endfacet
  facet normal -7.776927e-01 6.286446e-01 0.000000e+00
    outer loop
      vertex   3.005176e+01 2.469184e+01 4.540000e+00
      vertex   3.046253e+01 2.520000e+01 1.040000e+00
      vertex   3.005176e+01 2.469184e+01 1.040000e+00
    endloop
  endfacet
  facet normal -8.849321e-01 4.657201e-01 0.000000e+00
    outer loop
      vertex   3.005176e+01 2.469184e+01 4.540000e+00
      vertex   3.005176e+01 2.469184e+01 1.040000e+00
      vertex   2.974745e+01 2.411361e+01 4.540000e+00
    endloop
  endfacet
  facet normal -8.849321e-01 4.657201e-01 0.000000e+00
    outer loop
      vertex   2.974745e+01 2.411361e+01 4.540000e+00
      vertex   3.005176e+01 2.469184e+01 1.040000e+00
      vertex   2.974745e+01 2.411361e+01 1.040000e+00
    endloop
  endfacet
  facet normal -9.585045e-01 2.850774e-01 0.000000e+00
    outer loop
      vertex   2.974745e+01 2.411361e+01 4.540000e+00
      vertex   2.974745e+01 2.411361e+01 1.040000e+00
      vertex   2.956118e+01 2.348730e+01 4.540000e+00
    endloop
  endfacet
  facet normal -9.585045e-01 2.850774e-01 0.000000e+00
    outer loop
      vertex   2.956118e+01 2.348730e+01 4.540000e+00
      vertex   2.974745e+01 2.411361e+01 1.040000e+00
      vertex   2.956118e+01 2.348730e+01 1.040000e+00
    endloop
  endfacet
  facet normal -9.956109e-01 9.358905e-02 0.000000e+00
    outer loop
      vertex   2.956118e+01 2.348730e+01 4.540000e+00
      vertex   2.956118e+01 2.348730e+01 1.040000e+00
      vertex   2.950003e+01 2.283675e+01 4.540000e+00
    endloop
  endfacet
  facet normal -9.956109e-01 9.358905e-02 0.000000e+00
    outer loop
      vertex   2.950003e+01 2.283675e+01 4.540000e+00
      vertex   2.956118e+01 2.348730e+01 1.040000e+00
      vertex   2.950003e+01 2.283675e+01 1.040000e+00
    endloop
  endfacet
  facet normal -9.948396e-01 -1.014599e-01 -0.000000e+00
    outer loop
      vertex   2.950003e+01 2.283675e+01 4.540000e+00
      vertex   2.950003e+01 2.283675e+01 1.040000e+00
      vertex   2.956632e+01 2.218671e+01 4.540000e+00
    endloop
  endfacet
  facet normal -9.948396e-01 -1.014599e-01 -0.000000e+00
    outer loop
      vertex   2.956632e+01 2.218671e+01 4.540000e+00
      vertex   2.950003e+01 2.283675e+01 1.040000e+00
      vertex   2.956632e+01 2.218671e+01 1.040000e+00
    endloop
  endfacet
  facet normal -9.562200e-01 -2.926488e-01 -0.000000e+00
    outer loop
      vertex   2.956632e+01 2.218671e+01 4.540000e+00
      vertex   2.956632e+01 2.218671e+01 1.040000e+00
      vertex   2.975754e+01 2.156189e+01 4.540000e+00
    endloop
  endfacet
  facet normal -9.562200e-01 -2.926488e-01 -0.000000e+00
    outer loop
      vertex   2.975754e+01 2.156189e+01 4.540000e+00
      vertex   2.956632e+01 2.218671e+01 1.040000e+00
      vertex   2.975754e+01 2.156189e+01 1.040000e+00
    endloop
  endfacet
  facet normal -8.812213e-01 -4.727040e-01 -0.000000e+00
    outer loop
      vertex   2.975754e+01 2.156189e+01 4.540000e+00
      vertex   2.975754e+01 2.156189e+01 1.040000e+00
      vertex   3.006642e+01 2.098609e+01 4.540000e+00
    endloop
  endfacet
  facet normal -8.812213e-01 -4.727040e-01 -0.000000e+00
    outer loop
      vertex   3.006642e+01 2.098609e+01 4.540000e+00
      vertex   2.975754e+01 2.156189e+01 1.040000e+00
      vertex   3.006642e+01 2.098609e+01 1.040000e+00
    endloop
  endfacet
  facet normal -7.726968e-01 -6.347753e-01 -0.000000e+00
    outer loop
      vertex   3.006642e+01 2.098609e+01 4.540000e+00
      vertex   3.006642e+01 2.098609e+01 1.040000e+00
      vertex   3.048119e+01 2.048119e+01 4.540000e+00
    endloop
  endfacet
  facet normal -7.726968e-01 -6.347753e-01 -0.000000e+00
    outer loop
      vertex   3.048119e+01 2.048119e+01 4.540000e+00
      vertex   3.006642e+01 2.098609e+01 1.040000e+00
      vertex   3.048119e+01 2.048119e+01 1.040000e+00
    endloop
  endfacet
  facet normal -6.347753e-01 -7.726968e-01 -0.000000e+00
    outer loop
      vertex   3.048119e+01 2.048119e+01 4.540000e+00
      vertex   3.048119e+01 2.048119e+01 1.040000e+00
      vertex   3.098609e+01 2.006642e+01 4.540000e+00
    endloop
  endfacet
  facet normal -6.347753e-01 -7.726968e-01 -0.000000e+00
    outer loop
      vertex   3.098609e+01 2.006642e+01 4.540000e+00
      vertex   3.048119e+01 2.048119e+01 1.040000e+00
      vertex   3.098609e+01 2.006642e+01 1.040000e+00
    endloop
  endfacet
  facet normal -4.727040e-01 -8.812213e-01 -0.000000e+00
    outer loop
      vertex   3.098609e+01 2.006642e+01 4.540000e+00
      vertex   3.098609e+01 2.006642e+01 1.040000e+00
      vertex   3.156189e+01 1.975754e+01 4.540000e+00
    endloop
  endfacet
  facet normal -4.727040e-01 -8.812213e-01 -0.000000e+00
    outer loop
      vertex   3.156189e+01 1.975754e+01 4.540000e+00
      vertex   3.098609e+01 2.006642e+01 1.040000e+00
      vertex   3.156189e+01 1.975754e+01 1.040000e+00
    endloop
  endfacet
  facet normal -2.926488e-01 -9.562200e-01 -0.000000e+00
    outer loop
      vertex   3.156189e+01 1.975754e+01 4.540000e+00
      vertex   3.156189e+01 1.975754e+01 1.040000e+00
      vertex   3.218671e+01 1.956632e+01 4.540000e+00
    endloop
  endfacet
  facet normal -2.926488e-01 -9.562200e-01 -0.000000e+00
    outer loop
      vertex   3.218671e+01 1.956632e+01 4.540000e+00
      vertex   3.156189e+01 1.975754e+01 1.040000e+00
      vertex   3.218671e+01 1.956632e+01 1.040000e+00
    endloop
  endfacet
  facet normal -1.014599e-01 -9.948396e-01 -0.000000e+00
    outer loop
      vertex   3.218671e+01 1.956632e+01 4.540000e+00
      vertex   3.218671e+01 1.956632e+01 1.040000e+00
      vertex   3.283675e+01 1.950003e+01 4.540000e+00
    endloop
  endfacet
  facet normal -1.014599e-01 -9.948396e-01 -0.000000e+00
    outer loop
      vertex   3.283675e+01 1.950003e+01 4.540000e+00
      vertex   3.218671e+01 1.956632e+01 1.040000e+00
      vertex   3.283675e+01 1.950003e+01 1.040000e+00
    endloop
  endfacet
  facet normal 9.358905e-02 -9.956109e-01 0.000000e+00
    outer loop
      vertex   3.283675e+01 1.950003e+01 4.540000e+00
      vertex   3.283675e+01 1.950003e+01 1.040000e+00
      vertex   3.348730e+01 1.956118e+01 4.540000e+00
    endloop
  endfacet
  facet normal 9.358905e-02 -9.956109e-01 0.000000e+00
    outer loop
      vertex   3.348730e+01 1.956118e+01 4.540000e+00
      vertex   3.283675e+01 1.950003e+01 1.040000e+00
      vertex   3.348730e+01 1.956118e+01 1.040000e+00
    endloop
  endfacet
  facet normal 2.850774e-01 -9.585045e-01 0.000000e+00
    outer loop
      vertex   3.348730e+01 1.956118e+01 4.540000e+00
      vertex   3.348730e+01 1.956118e+01 1.040000e+00
      vertex   3.411361e+01 1.974745e+01 4.540000e+00
    endloop
  endfacet
  facet normal 2.850774e-01 -9.585045e-01 0.000000e+00
    outer loop
      vertex   3.411361e+01 1.974745e+01 4.540000e+00
      vertex   3.348730e+01 1.956118e+01 1.040000e+00
      vertex   3.411361e+01 1.974745e+01 1.040000e+00
    endloop
  endfacet
  facet normal 4.657201e-01 -8.849321e-01 0.000000e+00
    outer loop
      vertex   3.411361e+01 1.974745e+01 4.540000e+00
      vertex   3.411361e+01 1.974745e+01 1.040000e+00
      vertex   3.469184e+01 2.005176e+01 4.540000e+00
    endloop
  endfacet
  facet normal 4.657201e-01 -8.849321e-01 0.000000e+00
    outer loop
      vertex   3.469184e+01 2.005176e+01 4.540000e+00
      vertex   3.411361e+01 1.974745e+01 1.040000e+00
      vertex   3.469184e+01 2.005176e+01 1.040000e+00
    endloop
  endfacet
  facet normal 6.286446e-01 -7.776927e-01 0.000000e+00
    outer loop
      vertex   3.469184e+01 2.005176e+01 4.540000e+00
      vertex   3.469184e+01 2.005176e+01 1.040000e+00
      vertex   3.520000e+01 2.046253e+01 4.540000e+00
    endloop
  endfacet
  facet normal 6.286446e-01 -7.776927e-01 0.000000e+00
    outer loop
      vertex   3.520000e+01 2.046253e+01 4.540000e+00
      vertex   3.469184e+01 2.005176e+01 1.040000e+00
      vertex   3.520000e+01 2.046253e+01 1.040000e+00
    endloop
  endfacet
  facet normal -0.000000e+00 0.000000e+00 1.000000e+00
    outer loop
      vertex   3.415400e+01 2.250059e+01 4.540000e+00
      vertex   3.520000e+01 2.046253e+01 4.540000e+00
      vertex   3.420000e+01 2.285000e+01 4.540000e+00
    endloop
  endfacet
  facet normal -0.000000e+00 0.000000e+00 1.000000e+00
    outer loop
      vertex   3.420000e+01 2.285000e+01 4.540000e+00
      vertex   3.520000e+01 2.046253e+01 4.540000e+00
      vertex   3.520000e+01 2.520000e+01 4.540000e+00
    endloop
  endfacet
  facet normal 0.000000e+00 -0.000000e+00 1.000000e+00
    outer loop
      vertex   3.420000e+01 2.285000e+01 4.540000e+00
      vertex   3.520000e+01 2.520000e+01 4.540000e+00
      vertex   3.415400e+01 2.319941e+01 4.540000e+00
    endloop
  endfacet
  facet normal 0.000000e+00 -0.000000e+00 1.000000e+00
    outer loop
      vertex   3.415400e+01 2.319941e+01 4.540000e+00
      vertex   3.520000e+01 2.520000e+01 4.540000e+00
      vertex   3.401913e+01 2.352500e+01 4.540000e+00
    endloop
  endfacet
  facet normal 0.000000e+00 -0.000000e+00 1.000000e+00
    outer loop
      vertex   3.401913e+01 2.352500e+01 4.540000e+00
      vertex   3.520000e+01 2.520000e+01 4.540000e+00
      vertex   3.380459e+01 2.380459e+01 4.540000e+00
    endloop
  endfacet
  facet normal 0.000000e+00 -0.000000e+00 1.000000e+00
    outer loop
      vertex   3.380459e+01 2.380459e+01 4.540000e+00
      vertex   3.520000e+01 2.520000e+01 4.540000e+00
      vertex   3.352500e+01 2.401913e+01 4.540000e+00
    endloop
  endfacet
  facet normal 0.000000e+00 -0.000000e+00 1.000000e+00
    outer loop
      vertex   3.352500e+01 2.401913e+01 4.540000e+00
      vertex   3.520000e+01 2.520000e+01 4.540000e+00
      vertex   3.319941e+01 2.415400e+01 4.540000e+00
    endloop
  endfacet
  facet normal 0.000000e+00 -0.000000e+00 1.000000e+00
    outer loop
      vertex   3.319941e+01 2.415400e+01 4.540000e+00
      vertex   3.520000e+01 2.520000e+01 4.540000e+00
      vertex   3.285000e+01 2.420000e+01 4.540000e+00
    endloop
  endfacet
  facet normal 0.000000e+00 -0.000000e+00 1.000000e+00
    outer loop
      vertex   3.285000e+01 2.420000e+01 4.540000e+00
      vertex   3.520000e+01 2.520000e+01 4.540000e+00
      vertex   3.046253e+01 2.520000e+01 4.540000e+00
    endloop
  endfacet
  facet normal 0.000000e+00 0.000000e+00 1.000000e+00
    outer loop
      vertex   3.285000e+01 2.420000e+01 4.540000e+00
      vertex   3.046253e+01 2.520000e+01 4.540000e+00
      vertex   3.250059e+01 2.415400e+01 4.540000e+00
    endloop
  endfacet
  facet normal 0.000000e+00 0.000000e+00 1.000000e+00
    outer loop
      vertex   3.250059e+01 2.415400e+01 4.540000e+00
      vertex   3.046253e+01 2.520000e+01 4.540000e+00
      vertex   3.217500e+01 2.401913e+01 4.540000e+00
    endloop
  endfacet
  facet normal 0.000000e+00 0.000000e+00 1.000000e+00
    outer loop
      vertex   3.217500e+01 2.401913e+01 4.540000e+00
      vertex   3.046253e+01 2.520000e+01 4.540000e+00
      vertex   3.189541e+01 2.380459e+01 4.540000e+00
    endloop
  endfacet
  facet normal 0.000000e+00 0.000000e+00 1.000000e+00
    outer loop
      vertex   3.189541e+01 2.380459e+01 4.540000e+00
      vertex   3.046253e+01 2.520000e+01 4.540000e+00
      vertex   3.005176e+01 2.469184e+01 4.540000e+00
    endloop
  endfacet
  facet normal 0.000000e+00 0.000000e+00 1.000000e+00
    outer loop
      vertex   3.189541e+01 2.380459e+01 4.540000e+00
      vertex   3.005176e+01 2.469184e+01 4.540000e+00
      vertex   3.168087e+01 2.352500e+01 4.540000e+00
    endloop
  endfacet
  facet normal 0.000000e+00 0.000000e+00 1.000000e+00
    outer loop
      vertex   3.168087e+01 2.352500e+01 4.540000e+00
      vertex   3.005176e+01 2.469184e+01 4.540000e+00
      vertex   2.974745e+01 2.411361e+01 4.540000e+00
    endloop
  endfacet
  facet normal 0.000000e+00 0.000000e+00 1.000000e+00
    outer loop
      vertex   3.168087e+01 2.352500e+01 4.540000e+00
      vertex   2.974745e+01 2.411361e+01 4.540000e+00
      vertex   3.154600e+01 2.319941e+01 4.540000e+00
    endloop
  endfacet
  facet normal 0.000000e+00 0.000000e+00 1.000000e+00
    outer loop
      vertex   3.154600e+01 2.319941e+01 4.540000e+00
      vertex   2.974745e+01 2.411361e+01 4.540000e+00
      vertex   2.956118e+01 2.348730e+01 4.540000e+00
    endloop
  endfacet
  facet normal 0.000000e+00 0.000000e+00 1.000000e+00
    outer loop
      vertex   3.154600e+01 2.319941e+01 4.540000e+00
      vertex   2.956118e+01 2.348730e+01 4.540000e+00
      vertex   3.150000e+01 2.285000e+01 4.540000e+00
    endloop
  endfacet
  facet normal 0.000000e+00 0.000000e+00 1.000000e+00
    outer loop
      vertex   3.150000e+01 2.285000e+01 4.540000e+00
      vertex   2.956118e+01 2.348730e+01 4.540000e+00
      vertex   2.950003e+01 2.283675e+01 4.540000e+00
    endloop
  endfacet
  facet normal 0.000000e+00 0.000000e+00 1.000000e+00
    outer loop
      vertex   3.150000e+01 2.285000e+01 4.540000e+00
      vertex   2.950003e+01 2.283675e+01 4.540000e+00
      vertex   2.956632e+01 2.218671e+01 4.540000e+00
    endloop
  endfacet
  facet normal 0.000000e+00 0.000000e+00 1.000000e+00
    outer loop
      vertex   3.415400e+01 2.250059e+01 4.540000e+00
      vertex   3.401913e+01 2.217500e+01 4.540000e+00
      vertex   3.520000e+01 2.046253e+01 4.540000e+00
    endloop
  endfacet
  facet normal 0.000000e+00 0.000000e+00 1.000000e+00
    outer loop
      vertex   3.520000e+01 2.046253e+01 4.540000e+00
      vertex   3.401913e+01 2.217500e+01 4.540000e+00
      vertex   3.380459e+01 2.189541e+01 4.540000e+00
    endloop
  endfacet
  facet normal 0.000000e+00 0.000000e+00 1.000000e+00
    outer loop
      vertex   3.520000e+01 2.046253e+01 4.540000e+00
      vertex   3.380459e+01 2.189541e+01 4.540000e+00
      vertex   3.469184e+01 2.005176e+01 4.540000e+00
    endloop
  endfacet
  facet normal 0.000000e+00 0.000000e+00 1.000000e+00
    outer loop
      vertex   3.469184e+01 2.005176e+01 4.540000e+00
      vertex   3.380459e+01 2.189541e+01 4.540000e+00
      vertex   3.352500e+01 2.168087e+01 4.540000e+00
    endloop
  endfacet
  facet normal 0.000000e+00 0.000000e+00 1.000000e+00
    outer loop
      vertex   3.469184e+01 2.005176e+01 4.540000e+00
      vertex   3.352500e+01 2.168087e+01 4.540000e+00
      vertex   3.411361e+01 1.974745e+01 4.540000e+00
    endloop
  endfacet
  facet normal 0.000000e+00 0.000000e+00 1.000000e+00
    outer loop
      vertex   3.411361e+01 1.974745e+01 4.540000e+00
      vertex   3.352500e+01 2.168087e+01 4.540000e+00
      vertex   3.319941e+01 2.154600e+01 4.540000e+00
    endloop
  endfacet
  facet normal 0.000000e+00 0.000000e+00 1.000000e+00
    outer loop
      vertex   3.411361e+01 1.974745e+01 4.540000e+00
      vertex   3.319941e+01 2.154600e+01 4.540000e+00
      vertex   3.348730e+01 1.956118e+01 4.540000e+00
    endloop
  endfacet
  facet normal 0.000000e+00 0.000000e+00 1.000000e+00
    outer loop
      vertex   3.348730e+01 1.956118e+01 4.540000e+00
      vertex   3.319941e+01 2.154600e+01 4.540000e+00
      vertex   3.285000e+01 2.150000e+01 4.540000e+00
    endloop
  endfacet
  facet normal 0.000000e+00 0.000000e+00 1.000000e+00
    outer loop
      vertex   3.348730e+01 1.956118e+01 4.540000e+00
      vertex   3.285000e+01 2.150000e+01 4.540000e+00
      vertex   3.283675e+01 1.950003e+01 4.540000e+00
    endloop
  endfacet
  facet normal 0.000000e+00 -0.000000e+00 1.000000e+00
    outer loop
      vertex   3.283675e+01 1.950003e+01 4.540000e+00
      vertex   3.285000e+01 2.150000e+01 4.540000e+00
      vertex   3.218671e+01 1.956632e+01 4.540000e+00
    endloop
  endfacet
  facet normal 0.000000e+00 0.000000e+00 1.000000e+00
    outer loop
      vertex   3.218671e+01 1.956632e+01 4.540000e+00
      vertex   3.285000e+01 2.150000e+01 4.540000e+00
      vertex   3.250059e+01 2.154600e+01 4.540000e+00
    endloop
  endfacet
  facet normal 0.000000e+00 -0.000000e+00 1.000000e+00
    outer loop
      vertex   3.218671e+01 1.956632e+01 4.540000e+00
      vertex   3.250059e+01 2.154600e+01 4.540000e+00
      vertex   3.156189e+01 1.975754e+01 4.540000e+00
    endloop
  endfacet
  facet normal 0.000000e+00 0.000000e+00 1.000000e+00
    outer loop
      vertex   3.156189e+01 1.975754e+01 4.540000e+00
      vertex   3.250059e+01 2.154600e+01 4.540000e+00
      vertex   3.217500e+01 2.168087e+01 4.540000e+00
    endloop
  endfacet
  facet normal 0.000000e+00 -0.000000e+00 1.000000e+00
    outer loop
      vertex   3.156189e+01 1.975754e+01 4.540000e+00
      vertex   3.217500e+01 2.168087e+01 4.540000e+00
      vertex   3.098609e+01 2.006642e+01 4.540000e+00
    endloop
  endfacet
  facet normal 0.000000e+00 0.000000e+00 1.000000e+00
    outer loop
      vertex   3.098609e+01 2.006642e+01 4.540000e+00
      vertex   3.217500e+01 2.168087e+01 4.540000e+00
      vertex   3.189541e+01 2.189541e+01 4.540000e+00
    endloop
  endfacet
  facet normal 0.000000e+00 -0.000000e+00 1.000000e+00
    outer loop
      vertex   3.098609e+01 2.006642e+01 4.540000e+00
      vertex   3.189541e+01 2.189541e+01 4.540000e+00
      vertex   3.048119e+01 2.048119e+01 4.540000e+00
    endloop
  endfacet
  facet normal 0.000000e+00 -0.000000e+00 1.000000e+00
    outer loop
      vertex   3.048119e+01 2.048119e+01 4.540000e+00
      vertex   3.189541e+01 2.189541e+01 4.540000e+00
      vertex   3.006642e+01 2.098609e+01 4.540000e+00
    endloop
  endfacet
  facet normal 0.000000e+00 0.000000e+00 1.000000e+00
    outer loop
      vertex   3.006642e+01 2.098609e+01 4.540000e+00
      vertex   3.189541e+01 2.189541e+01 4.540000e+00
      vertex   3.168087e+01 2.217500e+01 4.540000e+00
    endloop
  endfacet
  facet normal 0.000000e+00 -0.000000e+00 1.000000e+00
    outer loop
      vertex   3.006642e+01 2.098609e+01 4.540000e+00
      vertex   3.168087e+01 2.217500e+01 4.540000e+00
      vertex   2.975754e+01 2.156189e+01 4.540000e+00
    endloop
  endfacet
  facet normal 0.000000e+00 0.000000e+00 1.000000e+00
    outer loop
      vertex   2.975754e+01 2.156189e+01 4.540000e+00
      vertex   3.168087e+01 2.217500e+01 4.540000e+00
      vertex   3.154600e+01 2.250059e+01 4.540000e+00
    endloop
  endfacet
  facet normal 0.000000e+00 -0.000000e+00 1.000000e+00
    outer loop
      vertex   2.975754e+01 2.156189e+01 4.540000e+00
      vertex   3.154600e+01 2.250059e+01 4.540000e+00
      vertex   2.956632e+01 2.218671e+01 4.540000e+00
    endloop
  endfacet
  facet normal 0.000000e+00 0.000000e+00 1.000000e+00
    outer loop
      vertex   2.956632e+01 2.218671e+01 4.540000e+00
      vertex   3.154600e+01 2.250059e+01 4.540000e+00
      vertex   3.150000e+01 2.285000e+01 4.540000e+00
    endloop
  endfacet
  facet normal 0.000000e+00 0.000000e+00 1.000000e+00
    outer loop
      vertex   3.720000e+01 -2.520000e+01 1.040000e+00
      vertex   3.048119e+01 2.048119e+01 1.040000e+00
      vertex   -3.720000e+01 -2.520000e+01 1.040000e+00
    endloop
  endfacet
  facet normal 0.000000e+00 0.000000e+00 1.000000e+00
    outer loop
      vertex   -3.720000e+01 -2.520000e+01 1.040000e+00
      vertex   3.048119e+01 2.048119e+01 1.040000e+00
      vertex   3.006642e+01 2.098609e+01 1.040000e+00
    endloop
  endfacet
  facet normal 0.000000e+00 0.000000e+00 1.000000e+00
    outer loop
      vertex   -3.720000e+01 -2.520000e+01 1.040000e+00
      vertex   3.006642e+01 2.098609e+01 1.040000e+00
      vertex   2.975754e+01 2.156189e+01 1.040000e+00
    endloop
  endfacet
  facet normal -7.379271e-17 -3.232090e-18 1.000000e+00
    outer loop
      vertex   3.720000e+01 4.350000e+01 1.040000e+00
      vertex   3.520000e+01 2.046253e+01 1.040000e+00
      vertex   3.720000e+01 -2.520000e+01 1.040000e+00
    endloop
  endfacet
  facet normal 0.000000e+00 0.000000e+00 1.000000e+00
    outer loop
      vertex   3.720000e+01 -2.520000e+01 1.040000e+00
      vertex   3.520000e+01 2.046253e+01 1.040000e+00
      vertex   3.469184e+01 2.005176e+01 1.040000e+00
    endloop
  endfacet
  facet normal 0.000000e+00 0.000000e+00 1.000000e+00
    outer loop
      vertex   3.720000e+01 -2.520000e+01 1.040000e+00
      vertex   3.469184e+01 2.005176e+01 1.040000e+00
      vertex   3.411361e+01 1.974745e+01 1.040000e+00
    endloop
  endfacet
  facet normal 0.000000e+00 -1.180576e-17 1.000000e+00
    outer loop
      vertex   -3.720000e+01 4.350000e+01 1.040000e+00
      vertex   3.005176e+01 2.469184e+01 1.040000e+00
      vertex   3.720000e+01 4.350000e+01 1.040000e+00
    endloop
  endfacet
  facet normal 2.756517e-17 -2.228219e-17 1.000000e+00
    outer loop
      vertex   3.720000e+01 4.350000e+01 1.040000e+00
      vertex   3.005176e+01 2.469184e+01 1.040000e+00
      vertex   3.046253e+01 2.520000e+01 1.040000e+00
    endloop
  endfacet
  facet normal 0.000000e+00 -1.213358e-17 1.000000e+00
    outer loop
      vertex   3.720000e+01 4.350000e+01 1.040000e+00
      vertex   3.046253e+01 2.520000e+01 1.040000e+00
      vertex   3.520000e+01 2.520000e+01 1.040000e+00
    endloop
  endfacet
  facet normal 2.257231e-18 -3.232090e-18 1.000000e+00
    outer loop
      vertex   -3.720000e+01 -2.520000e+01 1.040000e+00
      vertex   2.975754e+01 2.156189e+01 1.040000e+00
      vertex   -3.720000e+01 4.350000e+01 1.040000e+00
    endloop
  endfacet
  facet normal 3.685789e-18 1.128027e-18 1.000000e+00
    outer loop
      vertex   -3.720000e+01 4.350000e+01 1.040000e+00
      vertex   2.975754e+01 2.156189e+01 1.040000e+00
      vertex   2.956632e+01 2.218671e+01 1.040000e+00
    endloop
  endfacet
  facet normal 3.437614e-18 3.505890e-19 1.000000e+00
    outer loop
      vertex   -3.720000e+01 4.350000e+01 1.040000e+00
      vertex   2.956632e+01 2.218671e+01 1.040000e+00
      vertex   2.950003e+01 2.283675e+01 1.040000e+00
    endloop
  endfacet
  facet normal -1.110223e-16 1.665153e-31 1.000000e+00
    outer loop
      vertex   3.520000e+01 2.520000e+01 1.040000e+00
      vertex   3.520000e+01 2.046253e+01 1.040000e+00
      vertex   3.720000e+01 4.350000e+01 1.040000e+00
    endloop
  endfacet
  facet normal 0.000000e+00 0.000000e+00 1.000000e+00
    outer loop
      vertex   3.411361e+01 1.974745e+01 1.040000e+00
      vertex   3.348730e+01 1.956118e+01 1.040000e+00
      vertex   3.720000e+01 -2.520000e+01 1.040000e+00
    endloop
  endfacet
  facet normal 0.000000e+00 0.000000e+00 1.000000e+00
    outer loop
      vertex   3.720000e+01 -2.520000e+01 1.040000e+00
      vertex   3.348730e+01 1.956118e+01 1.040000e+00
      vertex   3.283675e+01 1.950003e+01 1.040000e+00
    endloop
  endfacet
  facet normal 0.000000e+00 0.000000e+00 1.000000e+00
    outer loop
      vertex   3.720000e+01 -2.520000e+01 1.040000e+00
      vertex   3.283675e+01 1.950003e+01 1.040000e+00
      vertex   3.218671e+01 1.956632e+01 1.040000e+00
    endloop
  endfacet
  facet normal 0.000000e+00 0.000000e+00 1.000000e+00
    outer loop
      vertex   3.218671e+01 1.956632e+01 1.040000e+00
      vertex   3.156189e+01 1.975754e+01 1.040000e+00
      vertex   3.720000e+01 -2.520000e+01 1.040000e+00
    endloop
  endfacet
  facet normal 0.000000e+00 0.000000e+00 1.000000e+00
    outer loop
      vertex   3.720000e+01 -2.520000e+01 1.040000e+00
      vertex   3.156189e+01 1.975754e+01 1.040000e+00
      vertex   3.098609e+01 2.006642e+01 1.040000e+00
    endloop
  endfacet
  facet normal 0.000000e+00 0.000000e+00 1.000000e+00
    outer loop
      vertex   3.720000e+01 -2.520000e+01 1.040000e+00
      vertex   3.098609e+01 2.006642e+01 1.040000e+00
      vertex   3.048119e+01 2.048119e+01 1.040000e+00
    endloop
  endfacet
  facet normal 3.234802e-18 -3.040767e-19 1.000000e+00
    outer loop
      vertex   2.950003e+01 2.283675e+01 1.040000e+00
      vertex   2.956118e+01 2.348730e+01 1.040000e+00
      vertex   -3.720000e+01 4.350000e+01 1.040000e+00
    endloop
  endfacet
  facet normal 3.053699e-18 -9.082278e-19 1.000000e+00
    outer loop
      vertex   -3.720000e+01 4.350000e+01 1.040000e+00
      vertex   2.956118e+01 2.348730e+01 1.040000e+00
      vertex   2.974745e+01 2.411361e+01 1.040000e+00
    endloop
  endfacet
  facet normal 2.878086e-18 -1.514673e-18 1.000000e+00
    outer loop
      vertex   -3.720000e+01 4.350000e+01 1.040000e+00
      vertex   2.974745e+01 2.411361e+01 1.040000e+00
      vertex   3.005176e+01 2.469184e+01 1.040000e+00
    endloop
  endfacet
  facet normal 0.000000e+00 1.000000e+00 1.468064e-14
    outer loop
      vertex   3.870000e+01 2.891107e+01 4.960069e+00
      vertex   3.870000e+01 2.891107e+01 3.750069e+00
      vertex   3.720000e+01 2.891107e+01 4.960069e+00
    endloop
  endfacet
  facet normal 0.000000e+00 1.000000e+00 1.468064e-14
    outer loop
      vertex   3.720000e+01 2.891107e+01 4.960069e+00
      vertex   3.870000e+01 2.891107e+01 3.750069e+00
      vertex   3.720000e+01 2.891107e+01 3.750069e+00
    endloop
  endfacet
  facet normal -3.098898e-03 9.803836e-01 1.970744e-01
    outer loop
      vertex   3.868341e+01 2.899501e+01 3.177185e+00
      vertex   3.720000e+01 2.897921e+01 3.232431e+00
      vertex   3.870000e+01 2.892213e+01 3.540000e+00
    endloop
  endfacet
  facet normal 1.096687e-02 9.913852e-01 1.305183e-01
    outer loop
      vertex   3.870000e+01 2.892213e+01 3.540000e+00
      vertex   3.720000e+01 2.897921e+01 3.232431e+00
      vertex   3.720000e+01 2.891107e+01 3.750069e+00
    endloop
  endfacet
  facet normal 4.918002e-03 9.961456e-01 8.757693e-02
    outer loop
      vertex   3.870000e+01 2.892213e+01 3.540000e+00
      vertex   3.720000e+01 2.891107e+01 3.750069e+00
      vertex   3.870000e+01 2.891599e+01 3.609879e+00
    endloop
  endfacet
  facet normal 1.640024e-03 9.986148e-01 5.258986e-02
    outer loop
      vertex   3.870000e+01 2.891599e+01 3.609879e+00
      vertex   3.720000e+01 2.891107e+01 3.750069e+00
      vertex   3.870000e+01 2.891230e+01 3.679931e+00
    endloop
  endfacet
  facet normal 0.000000e+00 9.998462e-01 1.753717e-02
    outer loop
      vertex   3.870000e+01 2.891230e+01 3.679931e+00
      vertex   3.720000e+01 2.891107e+01 3.750069e+00
      vertex   3.870000e+01 2.891107e+01 3.750069e+00
    endloop
  endfacet
  facet normal 4.065245e-03 9.273111e-01 3.742695e-01
    outer loop
      vertex   3.868341e+01 2.899501e+01 3.177185e+00
      vertex   3.863667e+01 2.913472e+01 2.831545e+00
      vertex   3.720000e+01 2.897921e+01 3.232431e+00
    endloop
  endfacet
  facet normal 6.784309e-03 9.238583e-01 3.826746e-01
    outer loop
      vertex   3.720000e+01 2.897921e+01 3.232431e+00
      vertex   3.863667e+01 2.913472e+01 2.831545e+00
      vertex   3.720000e+01 2.917902e+01 2.750069e+00
    endloop
  endfacet
  facet normal -4.671490e-03 8.416619e-01 5.399847e-01
    outer loop
      vertex   3.720000e+01 2.917902e+01 2.750069e+00
      vertex   3.863667e+01 2.913472e+01 2.831545e+00
      vertex   3.856829e+01 2.933256e+01 2.522579e+00
    endloop
  endfacet
  facet normal 1.218335e-02 7.932945e-01 6.087162e-01
    outer loop
      vertex   3.720000e+01 2.917902e+01 2.750069e+00
      vertex   3.856829e+01 2.933256e+01 2.522579e+00
      vertex   3.720000e+01 2.949685e+01 2.335855e+00
    endloop
  endfacet
  facet normal -5.109718e-03 7.318866e-01 6.814072e-01
    outer loop
      vertex   3.720000e+01 2.949685e+01 2.335855e+00
      vertex   3.856829e+01 2.933256e+01 2.522579e+00
      vertex   3.849093e+01 2.957289e+01 2.263861e+00
    endloop
  endfacet
  facet normal 8.385716e-03 6.087400e-01 7.933254e-01
    outer loop
      vertex   3.720000e+01 2.949685e+01 2.335855e+00
      vertex   3.849093e+01 2.957289e+01 2.263861e+00
      vertex   3.720000e+01 2.991107e+01 2.018018e+00
    endloop
  endfacet
  facet normal 4.610797e-03 5.994643e-01 8.003882e-01
    outer loop
      vertex   3.720000e+01 2.991107e+01 2.018018e+00
      vertex   3.849093e+01 2.957289e+01 2.263861e+00
      vertex   3.841113e+01 2.986189e+01 2.047875e+00
    endloop
  endfacet
  facet normal -4.054057e-03 4.441030e-01 8.959666e-01
    outer loop
      vertex   3.720000e+01 2.991107e+01 2.018018e+00
      vertex   3.841113e+01 2.986189e+01 2.047875e+00
      vertex   3.834092e+01 3.019277e+01 1.883548e+00
    endloop
  endfacet
  facet normal 1.439944e-02 3.826438e-01 9.237837e-01
    outer loop
      vertex   3.720000e+01 2.991107e+01 2.018018e+00
      vertex   3.834092e+01 3.019277e+01 1.883548e+00
      vertex   3.720000e+01 3.039343e+01 1.818217e+00
    endloop
  endfacet
  facet normal -7.863123e-03 2.688756e-01 9.631428e-01
    outer loop
      vertex   3.720000e+01 3.039343e+01 1.818217e+00
      vertex   3.834092e+01 3.019277e+01 1.883548e+00
      vertex   3.829395e+01 3.054966e+01 1.783533e+00
    endloop
  endfacet
  facet normal 1.279162e-02 1.305155e-01 9.913637e-01
    outer loop
      vertex   3.720000e+01 3.039343e+01 1.818217e+00
      vertex   3.829395e+01 3.054966e+01 1.783533e+00
      vertex   3.720000e+01 3.091107e+01 1.750069e+00
    endloop
  endfacet
  facet normal -0.000000e+00 9.220110e-02 9.957404e-01
    outer loop
      vertex   3.720000e+01 3.091107e+01 1.750069e+00
      vertex   3.829395e+01 3.054966e+01 1.783533e+00
      vertex   3.827717e+01 3.091107e+01 1.750069e+00
    endloop
  endfacet
  facet normal 0.000000e+00 -4.319311e-15 1.000000e+00
    outer loop
      vertex   3.827717e+01 3.091107e+01 1.750069e+00
      vertex   3.827717e+01 3.785107e+01 1.750069e+00
      vertex   3.720000e+01 3.091107e+01 1.750069e+00
    endloop
  endfacet
  facet normal 0.000000e+00 -4.319311e-15 1.000000e+00
    outer loop
      vertex   3.720000e+01 3.091107e+01 1.750069e+00
      vertex   3.827717e+01 3.785107e+01 1.750069e+00
      vertex   3.720000e+01 3.785107e+01 1.750069e+00
    endloop
  endfacet
  facet normal 0.000000e+00 -9.220110e-02 9.957404e-01
    outer loop
      vertex   3.827717e+01 3.785107e+01 1.750069e+00
      vertex   3.829395e+01 3.821247e+01 1.783533e+00
      vertex   3.720000e+01 3.785107e+01 1.750069e+00
    endloop
  endfacet
  facet normal 1.279162e-02 -1.305155e-01 9.913637e-01
    outer loop
      vertex   3.720000e+01 3.785107e+01 1.750069e+00
      vertex   3.829395e+01 3.821247e+01 1.783533e+00
      vertex   3.720000e+01 3.836870e+01 1.818217e+00
    endloop
  endfacet
  facet normal -7.863123e-03 -2.688756e-01 9.631428e-01
    outer loop
      vertex   3.720000e+01 3.836870e+01 1.818217e+00
      vertex   3.829395e+01 3.821247e+01 1.783533e+00
      vertex   3.834092e+01 3.856936e+01 1.883548e+00
    endloop
  endfacet
  facet normal 1.439944e-02 -3.826438e-01 9.237837e-01
    outer loop
      vertex   3.720000e+01 3.836870e+01 1.818217e+00
      vertex   3.834092e+01 3.856936e+01 1.883548e+00
      vertex   3.720000e+01 3.885107e+01 2.018018e+00
    endloop
  endfacet
  facet normal -4.054057e-03 -4.441030e-01 8.959666e-01
    outer loop
      vertex   3.720000e+01 3.885107e+01 2.018018e+00
      vertex   3.834092e+01 3.856936e+01 1.883548e+00
      vertex   3.841113e+01 3.890025e+01 2.047875e+00
    endloop
  endfacet
  facet normal 5.161677e-03 -6.087533e-01 7.933428e-01
    outer loop
      vertex   3.720000e+01 3.885107e+01 2.018018e+00
      vertex   3.841113e+01 3.890025e+01 2.047875e+00
      vertex   3.720000e+01 3.926528e+01 2.335855e+00
    endloop
  endfacet
  facet normal 9.243119e-03 -6.002648e-01 7.997479e-01
    outer loop
      vertex   3.720000e+01 3.926528e+01 2.335855e+00
      vertex   3.841113e+01 3.890025e+01 2.047875e+00
      vertex   3.849093e+01 3.918924e+01 2.263861e+00
    endloop
  endfacet
  facet normal -5.109718e-03 -7.318866e-01 6.814072e-01
    outer loop
      vertex   3.720000e+01 3.926528e+01 2.335855e+00
      vertex   3.849093e+01 3.918924e+01 2.263861e+00
      vertex   3.856829e+01 3.942957e+01 2.522579e+00
    endloop
  endfacet
  facet normal 1.218335e-02 -7.932945e-01 6.087162e-01
    outer loop
      vertex   3.720000e+01 3.926528e+01 2.335855e+00
      vertex   3.856829e+01 3.942957e+01 2.522579e+00
      vertex   3.720000e+01 3.958312e+01 2.750069e+00
    endloop
  endfacet
  facet normal -4.671490e-03 -8.416619e-01 5.399847e-01
    outer loop
      vertex   3.720000e+01 3.958312e+01 2.750069e+00
      vertex   3.856829e+01 3.942957e+01 2.522579e+00
      vertex   3.863667e+01 3.962742e+01 2.831545e+00
    endloop
  endfacet
  facet normal 6.784309e-03 -9.238583e-01 3.826746e-01
    outer loop
      vertex   3.720000e+01 3.958312e+01 2.750069e+00
      vertex   3.863667e+01 3.962742e+01 2.831545e+00
      vertex   3.720000e+01 3.978292e+01 3.232431e+00
    endloop
  endfacet
  facet normal 4.065245e-03 -9.273111e-01 3.742695e-01
    outer loop
      vertex   3.720000e+01 3.978292e+01 3.232431e+00
      vertex   3.863667e+01 3.962742e+01 2.831545e+00
      vertex   3.868341e+01 3.976712e+01 3.177185e+00
    endloop
  endfacet
  facet normal -3.098898e-03 -9.803836e-01 1.970744e-01
    outer loop
      vertex   3.720000e+01 3.978292e+01 3.232431e+00
      vertex   3.868341e+01 3.976712e+01 3.177185e+00
      vertex   3.870000e+01 3.984000e+01 3.540000e+00
    endloop
  endfacet
  facet normal 1.096687e-02 -9.913852e-01 1.305183e-01
    outer loop
      vertex   3.720000e+01 3.978292e+01 3.232431e+00
      vertex   3.870000e+01 3.984000e+01 3.540000e+00
      vertex   3.720000e+01 3.985107e+01 3.750069e+00
    endloop
  endfacet
  facet normal 4.918002e-03 -9.961456e-01 8.757693e-02
    outer loop
      vertex   3.720000e+01 3.985107e+01 3.750069e+00
      vertex   3.870000e+01 3.984000e+01 3.540000e+00
      vertex   3.870000e+01 3.984615e+01 3.609879e+00
    endloop
  endfacet
  facet normal 1.640024e-03 -9.986148e-01 5.258986e-02
    outer loop
      vertex   3.720000e+01 3.985107e+01 3.750069e+00
      vertex   3.870000e+01 3.984615e+01 3.609879e+00
      vertex   3.870000e+01 3.984984e+01 3.679931e+00
    endloop
  endfacet
  facet normal 0.000000e+00 -9.998462e-01 1.753717e-02
    outer loop
      vertex   3.870000e+01 3.984984e+01 3.679931e+00
      vertex   3.870000e+01 3.985107e+01 3.750069e+00
      vertex   3.720000e+01 3.985107e+01 3.750069e+00
    endloop
  endfacet
  facet normal 0.000000e+00 -1.000000e+00 0.000000e+00
    outer loop
      vertex   3.870000e+01 3.985107e+01 3.750069e+00
      vertex   3.870000e+01 3.985107e+01 4.960069e+00
      vertex   3.720000e+01 3.985107e+01 3.750069e+00
    endloop
  endfacet
  facet normal 0.000000e+00 -1.000000e+00 0.000000e+00
    outer loop
      vertex   3.720000e+01 3.985107e+01 3.750069e+00
      vertex   3.870000e+01 3.985107e+01 4.960069e+00
      vertex   3.720000e+01 3.985107e+01 4.960069e+00
    endloop
  endfacet
  facet normal 7.728703e-17 -9.914449e-01 -1.305262e-01
    outer loop
      vertex   3.720000e+01 3.985107e+01 4.960069e+00
      vertex   3.870000e+01 3.985107e+01 4.960069e+00
      vertex   3.720000e+01 3.978292e+01 5.477707e+00
    endloop
  endfacet
  facet normal 0.000000e+00 -9.914449e-01 -1.305262e-01
    outer loop
      vertex   3.720000e+01 3.978292e+01 5.477707e+00
      vertex   3.870000e+01 3.985107e+01 4.960069e+00
      vertex   3.870000e+01 3.978292e+01 5.477707e+00
    endloop
  endfacet
  facet normal 0.000000e+00 -9.238795e-01 -3.826834e-01
    outer loop
      vertex   3.720000e+01 3.978292e+01 5.477707e+00
      vertex   3.870000e+01 3.978292e+01 5.477707e+00
      vertex   3.720000e+01 3.958312e+01 5.960069e+00
    endloop
  endfacet
  facet normal 2.265941e-16 -9.238795e-01 -3.826834e-01
    outer loop
      vertex   3.720000e+01 3.958312e+01 5.960069e+00
      vertex   3.870000e+01 3.978292e+01 5.477707e+00
      vertex   3.870000e+01 3.958312e+01 5.960069e+00
    endloop
  endfacet
  facet normal 3.604592e-16 -7.933533e-01 -6.087614e-01
    outer loop
      vertex   3.720000e+01 3.958312e+01 5.960069e+00
      vertex   3.870000e+01 3.958312e+01 5.960069e+00
      vertex   3.720000e+01 3.926528e+01 6.374282e+00
    endloop
  endfacet
  facet normal 7.209184e-16 -7.933533e-01 -6.087614e-01
    outer loop
      vertex   3.720000e+01 3.926528e+01 6.374282e+00
      vertex   3.870000e+01 3.958312e+01 5.960069e+00
      vertex   3.870000e+01 3.926528e+01 6.374282e+00
    endloop
  endfacet
  facet normal 9.395191e-16 -6.087614e-01 -7.933533e-01
    outer loop
      vertex   3.720000e+01 3.926528e+01 6.374282e+00
      vertex   3.870000e+01 3.926528e+01 6.374282e+00
      vertex   3.720000e+01 3.885107e+01 6.692119e+00
    endloop
  endfacet
  facet normal 0.000000e+00 -6.087614e-01 -7.933533e-01
    outer loop
      vertex   3.720000e+01 3.885107e+01 6.692119e+00
      vertex   3.870000e+01 3.926528e+01 6.374282e+00
      vertex   3.870000e+01 3.885107e+01 6.692119e+00
    endloop
  endfacet
  facet normal 0.000000e+00 -3.826834e-01 -9.238795e-01
    outer loop
      vertex   3.720000e+01 3.885107e+01 6.692119e+00
      vertex   3.870000e+01 3.885107e+01 6.692119e+00
      vertex   3.720000e+01 3.836870e+01 6.891920e+00
    endloop
  endfacet
  facet normal 1.094093e-15 -3.826834e-01 -9.238795e-01
    outer loop
      vertex   3.720000e+01 3.836870e+01 6.891920e+00
      vertex   3.870000e+01 3.885107e+01 6.692119e+00
      vertex   3.870000e+01 3.836870e+01 6.891920e+00
    endloop
  endfacet
  facet normal 1.174107e-15 -1.305262e-01 -9.914449e-01
    outer loop
      vertex   3.720000e+01 3.836870e+01 6.891920e+00
      vertex   3.870000e+01 3.836870e+01 6.891920e+00
      vertex   3.720000e+01 3.785107e+01 6.960069e+00
    endloop
  endfacet
  facet normal 0.000000e+00 -1.305262e-01 -9.914449e-01
    outer loop
      vertex   3.720000e+01 3.785107e+01 6.960069e+00
      vertex   3.870000e+01 3.836870e+01 6.891920e+00
      vertex   3.870000e+01 3.785107e+01 6.960069e+00
    endloop
  endfacet
  facet normal 0.000000e+00 3.839388e-15 -1.000000e+00
    outer loop
      vertex   3.870000e+01 3.785107e+01 6.960069e+00
      vertex   3.870000e+01 3.091107e+01 6.960069e+00
      vertex   3.720000e+01 3.785107e+01 6.960069e+00
    endloop
  endfacet
  facet normal 0.000000e+00 3.839388e-15 -1.000000e+00
    outer loop
      vertex   3.720000e+01 3.785107e+01 6.960069e+00
      vertex   3.870000e+01 3.091107e+01 6.960069e+00
      vertex   3.720000e+01 3.091107e+01 6.960069e+00
    endloop
  endfacet
  facet normal 0.000000e+00 1.305262e-01 -9.914449e-01
    outer loop
      vertex   3.720000e+01 3.091107e+01 6.960069e+00
      vertex   3.870000e+01 3.091107e+01 6.960069e+00
      vertex   3.720000e+01 3.039343e+01 6.891920e+00
    endloop
  endfacet
  facet normal 0.000000e+00 1.305262e-01 -9.914449e-01
    outer loop
      vertex   3.720000e+01 3.039343e+01 6.891920e+00
      vertex   3.870000e+01 3.091107e+01 6.960069e+00
      vertex   3.870000e+01 3.039343e+01 6.891920e+00
    endloop
  endfacet
  facet normal 0.000000e+00 3.826834e-01 -9.238795e-01
    outer loop
      vertex   3.720000e+01 3.039343e+01 6.891920e+00
      vertex   3.870000e+01 3.039343e+01 6.891920e+00
      vertex   3.720000e+01 2.991107e+01 6.692119e+00
    endloop
  endfacet
  facet normal 0.000000e+00 3.826834e-01 -9.238795e-01
    outer loop
      vertex   3.720000e+01 2.991107e+01 6.692119e+00
      vertex   3.870000e+01 3.039343e+01 6.891920e+00
      vertex   3.870000e+01 2.991107e+01 6.692119e+00
    endloop
  endfacet
  facet normal 0.000000e+00 6.087614e-01 -7.933533e-01
    outer loop
      vertex   3.720000e+01 2.991107e+01 6.692119e+00
      vertex   3.870000e+01 2.991107e+01 6.692119e+00
      vertex   3.720000e+01 2.949685e+01 6.374282e+00
    endloop
  endfacet
  facet normal 0.000000e+00 6.087614e-01 -7.933533e-01
    outer loop
      vertex   3.720000e+01 2.949685e+01 6.374282e+00
      vertex   3.870000e+01 2.991107e+01 6.692119e+00
      vertex   3.870000e+01 2.949685e+01 6.374282e+00
    endloop
  endfacet
  facet normal 0.000000e+00 7.933533e-01 -6.087614e-01
    outer loop
      vertex   3.720000e+01 2.949685e+01 6.374282e+00
      vertex   3.870000e+01 2.949685e+01 6.374282e+00
      vertex   3.720000e+01 2.917902e+01 5.960069e+00
    endloop
  endfacet
  facet normal 0.000000e+00 7.933533e-01 -6.087614e-01
    outer loop
      vertex   3.720000e+01 2.917902e+01 5.960069e+00
      vertex   3.870000e+01 2.949685e+01 6.374282e+00
      vertex   3.870000e+01 2.917902e+01 5.960069e+00
    endloop
  endfacet
  facet normal 0.000000e+00 9.238795e-01 -3.826834e-01
    outer loop
      vertex   3.720000e+01 2.917902e+01 5.960069e+00
      vertex   3.870000e+01 2.917902e+01 5.960069e+00
      vertex   3.720000e+01 2.897921e+01 5.477707e+00
    endloop
  endfacet
  facet normal 0.000000e+00 9.238795e-01 -3.826834e-01
    outer loop
      vertex   3.720000e+01 2.897921e+01 5.477707e+00
      vertex   3.870000e+01 2.917902e+01 5.960069e+00
      vertex   3.870000e+01 2.897921e+01 5.477707e+00
    endloop
  endfacet
  facet normal 0.000000e+00 9.914449e-01 -1.305262e-01
    outer loop
      vertex   3.720000e+01 2.897921e+01 5.477707e+00
      vertex   3.870000e+01 2.897921e+01 5.477707e+00
      vertex   3.720000e+01 2.891107e+01 4.960069e+00
    endloop
  endfacet
  facet normal 0.000000e+00 9.914449e-01 -1.305262e-01
    outer loop
      vertex   3.720000e+01 2.891107e+01 4.960069e+00
      vertex   3.870000e+01 2.897921e+01 5.477707e+00
      vertex   3.870000e+01 2.891107e+01 4.960069e+00
    endloop
  endfacet
  facet normal 0.000000e+00 -1.000000e+00 0.000000e+00
    outer loop
      vertex   3.200000e+01 4.350000e+01 2.304000e+01
      vertex   3.000000e+01 4.350000e+01 2.504000e+01
      vertex   -3.000000e+01 4.350000e+01 2.504000e+01
    endloop
  endfacet
  facet normal 0.000000e+00 -1.000000e+00 0.000000e+00
    outer loop
      vertex   -3.000000e+01 4.350000e+01 2.504000e+01
      vertex   3.000000e+01 4.350000e+01 2.504000e+01
      vertex   3.000000e+01 4.350000e+01 3.104000e+01
    endloop
  endfacet
  facet normal 0.000000e+00 -1.000000e+00 0.000000e+00
    outer loop
      vertex   -3.000000e+01 4.350000e+01 2.504000e+01
      vertex   3.000000e+01 4.350000e+01 3.104000e+01
      vertex   -3.000000e+01 4.350000e+01 3.104000e+01
    endloop
  endfacet
  facet normal 0.000000e+00 -1.000000e+00 -0.000000e+00
    outer loop
      vertex   -3.000000e+01 4.350000e+01 2.504000e+01
      vertex   -3.200000e+01 4.350000e+01 2.304000e+01
      vertex   3.200000e+01 4.350000e+01 2.304000e+01
    endloop
  endfacet
  facet normal -0.000000e+00 -1.000000e+00 0.000000e+00
    outer loop
      vertex   3.200000e+01 4.350000e+01 2.304000e+01
      vertex   -3.200000e+01 4.350000e+01 2.304000e+01
      vertex   9.537467e+00 4.350000e+01 4.540000e+00
    endloop
  endfacet
  facet normal 0.000000e+00 -1.000000e+00 0.000000e+00
    outer loop
      vertex   3.200000e+01 4.350000e+01 2.304000e+01
      vertex   9.537467e+00 4.350000e+01 4.540000e+00
      vertex   1.213747e+01 4.350000e+01 4.540000e+00
    endloop
  endfacet
  facet normal 0.000000e+00 -1.000000e+00 0.000000e+00
    outer loop
      vertex   -3.720000e+01 4.350000e+01 2.304000e+01
      vertex   -3.523747e+01 4.350000e+01 4.540000e+00
      vertex   -3.200000e+01 4.350000e+01 2.304000e+01
    endloop
  endfacet
  facet normal 0.000000e+00 -1.000000e+00 -0.000000e+00
    outer loop
      vertex   -3.200000e+01 4.350000e+01 2.304000e+01
      vertex   -3.523747e+01 4.350000e+01 4.540000e+00
      vertex   -3.046253e+01 4.350000e+01 4.540000e+00
    endloop
  endfacet
  facet normal 0.000000e+00 -1.000000e+00 0.000000e+00
    outer loop
      vertex   -3.200000e+01 4.350000e+01 2.304000e+01
      vertex   -3.046253e+01 4.350000e+01 4.540000e+00
      vertex   9.537467e+00 4.350000e+01 4.540000e+00
    endloop
  endfacet
  facet normal -0.000000e+00 -1.000000e+00 0.000000e+00
    outer loop
      vertex   9.537467e+00 4.350000e+01 4.540000e+00
      vertex   -3.046253e+01 4.350000e+01 4.540000e+00
      vertex   -3.046253e+01 4.350000e+01 1.540000e+00
    endloop
  endfacet
  facet normal 0.000000e+00 -1.000000e+00 -0.000000e+00
    outer loop
      vertex   9.537467e+00 4.350000e+01 4.540000e+00
      vertex   -3.046253e+01 4.350000e+01 1.540000e+00
      vertex   9.537467e+00 4.350000e+01 1.540000e+00
    endloop
  endfacet
  facet normal -0.000000e+00 -1.000000e+00 0.000000e+00
    outer loop
      vertex   9.537467e+00 4.350000e+01 1.540000e+00
      vertex   -3.046253e+01 4.350000e+01 1.540000e+00
      vertex   -3.720000e+01 4.350000e+01 1.040000e+00
    endloop
  endfacet
  facet normal 0.000000e+00 -1.000000e+00 -0.000000e+00
    outer loop
      vertex   9.537467e+00 4.350000e+01 1.540000e+00
      vertex   -3.720000e+01 4.350000e+01 1.040000e+00
      vertex   3.720000e+01 4.350000e+01 1.040000e+00
    endloop
  endfacet
  facet normal 0.000000e+00 -1.000000e+00 0.000000e+00
    outer loop
      vertex   -3.720000e+01 4.350000e+01 2.304000e+01
      vertex   -3.720000e+01 4.350000e+01 1.040000e+00
      vertex   -3.523747e+01 4.350000e+01 4.540000e+00
    endloop
  endfacet
  facet normal 0.000000e+00 -1.000000e+00 -0.000000e+00
    outer loop
      vertex   -3.523747e+01 4.350000e+01 4.540000e+00
      vertex   -3.720000e+01 4.350000e+01 1.040000e+00
      vertex   -3.523747e+01 4.350000e+01 1.540000e+00
    endloop
  endfacet
  facet normal 0.000000e+00 -1.000000e+00 -0.000000e+00
    outer loop
      vertex   -3.523747e+01 4.350000e+01 1.540000e+00
      vertex   -3.720000e+01 4.350000e+01 1.040000e+00
      vertex   -3.046253e+01 4.350000e+01 1.540000e+00
    endloop
  endfacet
  facet normal -0.000000e+00 -1.000000e+00 -0.000000e+00
    outer loop
      vertex   3.720000e+01 4.350000e+01 2.304000e+01
      vertex   3.200000e+01 4.350000e+01 2.304000e+01
      vertex   3.720000e+01 4.350000e+01 1.040000e+00
    endloop
  endfacet
  facet normal 0.000000e+00 -1.000000e+00 0.000000e+00
    outer loop
      vertex   3.720000e+01 4.350000e+01 1.040000e+00
      vertex   3.200000e+01 4.350000e+01 2.304000e+01
      vertex   1.213747e+01 4.350000e+01 4.540000e+00
    endloop
  endfacet
  facet normal 0.000000e+00 -1.000000e+00 0.000000e+00
    outer loop
      vertex   3.720000e+01 4.350000e+01 1.040000e+00
      vertex   1.213747e+01 4.350000e+01 4.540000e+00
      vertex   1.213747e+01 4.350000e+01 1.540000e+00
    endloop
  endfacet
  facet normal -0.000000e+00 -1.000000e+00 -0.000000e+00
    outer loop
      vertex   1.213747e+01 4.350000e+01 1.540000e+00
      vertex   9.537467e+00 4.350000e+01 1.540000e+00
      vertex   3.720000e+01 4.350000e+01 1.040000e+00
    endloop
  endfacet
  facet normal -1.000000e+00 0.000000e+00 0.000000e+00
    outer loop
      vertex   -3.523747e+01 2.520000e+01 1.540000e+00
      vertex   -3.523747e+01 2.520000e+01 4.540000e+00
      vertex   -3.523747e+01 4.350000e+01 1.540000e+00
    endloop
  endfacet
  facet normal -1.000000e+00 0.000000e+00 0.000000e+00
    outer loop
      vertex   -3.523747e+01 4.350000e+01 1.540000e+00
      vertex   -3.523747e+01 2.520000e+01 4.540000e+00
      vertex   -3.523747e+01 4.350000e+01 4.540000e+00
    endloop
  endfacet
  facet normal 1.000000e+00 -0.000000e+00 0.000000e+00
    outer loop
      vertex   -3.046253e+01 2.520000e+01 4.540000e+00
      vertex   -3.046253e+01 2.520000e+01 1.540000e+00
      vertex   -3.046253e+01 4.350000e+01 4.540000e+00
    endloop
  endfacet
  facet normal 1.000000e+00 0.000000e+00 0.000000e+00
    outer loop
      vertex   -3.046253e+01 4.350000e+01 4.540000e+00
      vertex   -3.046253e+01 2.520000e+01 1.540000e+00
      vertex   -3.046253e+01 4.350000e+01 1.540000e+00
    endloop
  endfacet
  facet normal 0.000000e+00 0.000000e+00 -1.000000e+00
    outer loop
      vertex   3.046253e+01 -2.520000e+01 1.540000e+00
      vertex   3.285000e+01 -2.420000e+01 1.540000e+00
      vertex   3.523747e+01 -2.520000e+01 1.540000e+00
    endloop
  endfacet
  facet normal 0.000000e+00 0.000000e+00 -1.000000e+00
    outer loop
      vertex   3.523747e+01 -2.520000e+01 1.540000e+00
      vertex   3.285000e+01 -2.420000e+01 1.540000e+00
      vertex   3.319941e+01 -2.415400e+01 1.540000e+00
    endloop
  endfacet
  facet normal 0.000000e+00 0.000000e+00 -1.000000e+00
    outer loop
      vertex   3.523747e+01 -2.520000e+01 1.540000e+00
      vertex   3.319941e+01 -2.415400e+01 1.540000e+00
      vertex   3.352500e+01 -2.401913e+01 1.540000e+00
    endloop
  endfacet
  facet normal 0.000000e+00 0.000000e+00 -1.000000e+00
    outer loop
      vertex   3.003560e+01 -2.466704e+01 1.540000e+00
      vertex   3.189541e+01 -2.380459e+01 1.540000e+00
      vertex   3.046253e+01 -2.520000e+01 1.540000e+00
    endloop
  endfacet
  facet normal 0.000000e+00 0.000000e+00 -1.000000e+00
    outer loop
      vertex   3.046253e+01 -2.520000e+01 1.540000e+00
      vertex   3.189541e+01 -2.380459e+01 1.540000e+00
      vertex   3.217500e+01 -2.401913e+01 1.540000e+00
    endloop
  endfacet
  facet normal 0.000000e+00 0.000000e+00 -1.000000e+00
    outer loop
      vertex   3.046253e+01 -2.520000e+01 1.540000e+00
      vertex   3.217500e+01 -2.401913e+01 1.540000e+00
      vertex   3.250059e+01 -2.415400e+01 1.540000e+00
    endloop
  endfacet
  facet normal -0.000000e+00 0.000000e+00 -1.000000e+00
    outer loop
      vertex   3.189541e+01 -2.380459e+01 1.540000e+00
      vertex   3.003560e+01 -2.466704e+01 1.540000e+00
      vertex   3.168087e+01 -2.352500e+01 1.540000e+00
    endloop
  endfacet
  facet normal 0.000000e+00 0.000000e+00 -1.000000e+00
    outer loop
      vertex   3.168087e+01 -2.352500e+01 1.540000e+00
      vertex   3.003560e+01 -2.466704e+01 1.540000e+00
      vertex   2.972560e+01 -2.405858e+01 1.540000e+00
    endloop
  endfacet
  facet normal -0.000000e+00 0.000000e+00 -1.000000e+00
    outer loop
      vertex   3.168087e+01 -2.352500e+01 1.540000e+00
      vertex   2.972560e+01 -2.405858e+01 1.540000e+00
      vertex   3.154600e+01 -2.319941e+01 1.540000e+00
    endloop
  endfacet
  facet normal 0.000000e+00 0.000000e+00 -1.000000e+00
    outer loop
      vertex   3.154600e+01 -2.319941e+01 1.540000e+00
      vertex   2.972560e+01 -2.405858e+01 1.540000e+00
      vertex   2.954544e+01 -2.339989e+01 1.540000e+00
    endloop
  endfacet
  facet normal -0.000000e+00 0.000000e+00 -1.000000e+00
    outer loop
      vertex   3.154600e+01 -2.319941e+01 1.540000e+00
      vertex   2.954544e+01 -2.339989e+01 1.540000e+00
      vertex   3.150000e+01 -2.285000e+01 1.540000e+00
    endloop
  endfacet
  facet normal -0.000000e+00 0.000000e+00 -1.000000e+00
    outer loop
      vertex   3.150000e+01 -2.285000e+01 1.540000e+00
      vertex   2.954544e+01 -2.339989e+01 1.540000e+00
      vertex   2.950259e+01 -2.271836e+01 1.540000e+00
    endloop
  endfacet
  facet normal 0.000000e+00 0.000000e+00 -1.000000e+00
    outer loop
      vertex   3.150000e+01 -2.285000e+01 1.540000e+00
      vertex   2.950259e+01 -2.271836e+01 1.540000e+00
      vertex   3.154600e+01 -2.250059e+01 1.540000e+00
    endloop
  endfacet
  facet normal -0.000000e+00 0.000000e+00 -1.000000e+00
    outer loop
      vertex   3.154600e+01 -2.250059e+01 1.540000e+00
      vertex   2.950259e+01 -2.271836e+01 1.540000e+00
      vertex   2.959883e+01 -2.204230e+01 1.540000e+00
    endloop
  endfacet
  facet normal 0.000000e+00 0.000000e+00 -1.000000e+00
    outer loop
      vertex   3.154600e+01 -2.250059e+01 1.540000e+00
      vertex   2.959883e+01 -2.204230e+01 1.540000e+00
      vertex   3.168087e+01 -2.217500e+01 1.540000e+00
    endloop
  endfacet
  facet normal 0.000000e+00 0.000000e+00 -1.000000e+00
    outer loop
      vertex   3.168087e+01 -2.217500e+01 1.540000e+00
      vertex   2.959883e+01 -2.204230e+01 1.540000e+00
      vertex   2.983016e+01 -2.139980e+01 1.540000e+00
    endloop
  endfacet
  facet normal 0.000000e+00 0.000000e+00 -1.000000e+00
    outer loop
      vertex   3.168087e+01 -2.217500e+01 1.540000e+00
      vertex   2.983016e+01 -2.139980e+01 1.540000e+00
      vertex   3.189541e+01 -2.189541e+01 1.540000e+00
    endloop
  endfacet
  facet normal 0.000000e+00 0.000000e+00 -1.000000e+00
    outer loop
      vertex   3.189541e+01 -2.189541e+01 1.540000e+00
      vertex   2.983016e+01 -2.139980e+01 1.540000e+00
      vertex   3.018698e+01 -2.081756e+01 1.540000e+00
    endloop
  endfacet
  facet normal 0.000000e+00 0.000000e+00 -1.000000e+00
    outer loop
      vertex   3.189541e+01 -2.189541e+01 1.540000e+00
      vertex   3.018698e+01 -2.081756e+01 1.540000e+00
      vertex   3.065445e+01 -2.031977e+01 1.540000e+00
    endloop
  endfacet
  facet normal 0.000000e+00 0.000000e+00 -1.000000e+00
    outer loop
      vertex   3.189541e+01 -2.189541e+01 1.540000e+00
      vertex   3.065445e+01 -2.031977e+01 1.540000e+00
      vertex   3.217500e+01 -2.168087e+01 1.540000e+00
    endloop
  endfacet
  facet normal 0.000000e+00 0.000000e+00 -1.000000e+00
    outer loop
      vertex   3.217500e+01 -2.168087e+01 1.540000e+00
      vertex   3.065445e+01 -2.031977e+01 1.540000e+00
      vertex   3.121315e+01 -1.992712e+01 1.540000e+00
    endloop
  endfacet
  facet normal 0.000000e+00 0.000000e+00 -1.000000e+00
    outer loop
      vertex   3.217500e+01 -2.168087e+01 1.540000e+00
      vertex   3.121315e+01 -1.992712e+01 1.540000e+00
      vertex   3.250059e+01 -2.154600e+01 1.540000e+00
    endloop
  endfacet
  facet normal 0.000000e+00 0.000000e+00 -1.000000e+00
    outer loop
      vertex   3.250059e+01 -2.154600e+01 1.540000e+00
      vertex   3.121315e+01 -1.992712e+01 1.540000e+00
      vertex   3.183987e+01 -1.965592e+01 1.540000e+00
    endloop
  endfacet
  facet normal 0.000000e+00 0.000000e+00 -1.000000e+00
    outer loop
      vertex   3.250059e+01 -2.154600e+01 1.540000e+00
      vertex   3.183987e+01 -1.965592e+01 1.540000e+00
      vertex   3.250856e+01 -1.951745e+01 1.540000e+00
    endloop
  endfacet
  facet normal 0.000000e+00 0.000000e+00 -1.000000e+00
    outer loop
      vertex   3.250059e+01 -2.154600e+01 1.540000e+00
      vertex   3.250856e+01 -1.951745e+01 1.540000e+00
      vertex   3.285000e+01 -2.150000e+01 1.540000e+00
    endloop
  endfacet
  facet normal 0.000000e+00 0.000000e+00 -1.000000e+00
    outer loop
      vertex   3.285000e+01 -2.150000e+01 1.540000e+00
      vertex   3.250856e+01 -1.951745e+01 1.540000e+00
      vertex   3.319144e+01 -1.951745e+01 1.540000e+00
    endloop
  endfacet
  facet normal 0.000000e+00 0.000000e+00 -1.000000e+00
    outer loop
      vertex   3.285000e+01 -2.150000e+01 1.540000e+00
      vertex   3.319144e+01 -1.951745e+01 1.540000e+00
      vertex   3.319941e+01 -2.154600e+01 1.540000e+00
    endloop
  endfacet
  facet normal 0.000000e+00 0.000000e+00 -1.000000e+00
    outer loop
      vertex   3.319941e+01 -2.154600e+01 1.540000e+00
      vertex   3.319144e+01 -1.951745e+01 1.540000e+00
      vertex   3.386013e+01 -1.965592e+01 1.540000e+00
    endloop
  endfacet
  facet normal 0.000000e+00 0.000000e+00 -1.000000e+00
    outer loop
      vertex   3.319941e+01 -2.154600e+01 1.540000e+00
      vertex   3.386013e+01 -1.965592e+01 1.540000e+00
      vertex   3.448685e+01 -1.992712e+01 1.540000e+00
    endloop
  endfacet
  facet normal 0.000000e+00 0.000000e+00 -1.000000e+00
    outer loop
      vertex   3.319941e+01 -2.154600e+01 1.540000e+00
      vertex   3.448685e+01 -1.992712e+01 1.540000e+00
      vertex   3.352500e+01 -2.168087e+01 1.540000e+00
    endloop
  endfacet
  facet normal 0.000000e+00 0.000000e+00 -1.000000e+00
    outer loop
      vertex   3.352500e+01 -2.168087e+01 1.540000e+00
      vertex   3.448685e+01 -1.992712e+01 1.540000e+00
      vertex   3.504555e+01 -2.031977e+01 1.540000e+00
    endloop
  endfacet
  facet normal 0.000000e+00 0.000000e+00 -1.000000e+00
    outer loop
      vertex   3.352500e+01 -2.168087e+01 1.540000e+00
      vertex   3.504555e+01 -2.031977e+01 1.540000e+00
      vertex   3.380459e+01 -2.189541e+01 1.540000e+00
    endloop
  endfacet
  facet normal 0.000000e+00 0.000000e+00 -1.000000e+00
    outer loop
      vertex   3.380459e+01 -2.189541e+01 1.540000e+00
      vertex   3.504555e+01 -2.031977e+01 1.540000e+00
      vertex   3.551302e+01 -2.081756e+01 1.540000e+00
    endloop
  endfacet
  facet normal 0.000000e+00 0.000000e+00 -1.000000e+00
    outer loop
      vertex   3.380459e+01 -2.189541e+01 1.540000e+00
      vertex   3.551302e+01 -2.081756e+01 1.540000e+00
      vertex   3.586984e+01 -2.139980e+01 1.540000e+00
    endloop
  endfacet
  facet normal 0.000000e+00 0.000000e+00 -1.000000e+00
    outer loop
      vertex   3.380459e+01 -2.189541e+01 1.540000e+00
      vertex   3.586984e+01 -2.139980e+01 1.540000e+00
      vertex   3.401913e+01 -2.217500e+01 1.540000e+00
    endloop
  endfacet
  facet normal 0.000000e+00 0.000000e+00 -1.000000e+00
    outer loop
      vertex   3.401913e+01 -2.217500e+01 1.540000e+00
      vertex   3.586984e+01 -2.139980e+01 1.540000e+00
      vertex   3.610117e+01 -2.204230e+01 1.540000e+00
    endloop
  endfacet
  facet normal 0.000000e+00 0.000000e+00 -1.000000e+00
    outer loop
      vertex   3.401913e+01 -2.217500e+01 1.540000e+00
      vertex   3.610117e+01 -2.204230e+01 1.540000e+00
      vertex   3.415400e+01 -2.250059e+01 1.540000e+00
    endloop
  endfacet
  facet normal 0.000000e+00 0.000000e+00 -1.000000e+00
    outer loop
      vertex   3.415400e+01 -2.250059e+01 1.540000e+00
      vertex   3.610117e+01 -2.204230e+01 1.540000e+00
      vertex   3.619741e+01 -2.271836e+01 1.540000e+00
    endloop
  endfacet
  facet normal 0.000000e+00 0.000000e+00 -1.000000e+00
    outer loop
      vertex   3.415400e+01 -2.250059e+01 1.540000e+00
      vertex   3.619741e+01 -2.271836e+01 1.540000e+00
      vertex   3.420000e+01 -2.285000e+01 1.540000e+00
    endloop
  endfacet
  facet normal 0.000000e+00 0.000000e+00 -1.000000e+00
    outer loop
      vertex   3.420000e+01 -2.285000e+01 1.540000e+00
      vertex   3.619741e+01 -2.271836e+01 1.540000e+00
      vertex   3.615456e+01 -2.339989e+01 1.540000e+00
    endloop
  endfacet
  facet normal 0.000000e+00 -0.000000e+00 -1.000000e+00
    outer loop
      vertex   3.420000e+01 -2.285000e+01 1.540000e+00
      vertex   3.615456e+01 -2.339989e+01 1.540000e+00
      vertex   3.415400e+01 -2.319941e+01 1.540000e+00
    endloop
  endfacet
  facet normal 0.000000e+00 0.000000e+00 -1.000000e+00
    outer loop
      vertex   3.415400e+01 -2.319941e+01 1.540000e+00
      vertex   3.615456e+01 -2.339989e+01 1.540000e+00
      vertex   3.597440e+01 -2.405858e+01 1.540000e+00
    endloop
  endfacet
  facet normal 0.000000e+00 -0.000000e+00 -1.000000e+00
    outer loop
      vertex   3.415400e+01 -2.319941e+01 1.540000e+00
      vertex   3.597440e+01 -2.405858e+01 1.540000e+00
      vertex   3.401913e+01 -2.352500e+01 1.540000e+00
    endloop
  endfacet
  facet normal 0.000000e+00 0.000000e+00 -1.000000e+00
    outer loop
      vertex   3.401913e+01 -2.352500e+01 1.540000e+00
      vertex   3.597440e+01 -2.405858e+01 1.540000e+00
      vertex   3.566440e+01 -2.466704e+01 1.540000e+00
    endloop
  endfacet
  facet normal 0.000000e+00 -0.000000e+00 -1.000000e+00
    outer loop
      vertex   3.401913e+01 -2.352500e+01 1.540000e+00
      vertex   3.566440e+01 -2.466704e+01 1.540000e+00
      vertex   3.380459e+01 -2.380459e+01 1.540000e+00
    endloop
  endfacet
  facet normal 0.000000e+00 0.000000e+00 -1.000000e+00
    outer loop
      vertex   3.380459e+01 -2.380459e+01 1.540000e+00
      vertex   3.566440e+01 -2.466704e+01 1.540000e+00
      vertex   3.523747e+01 -2.520000e+01 1.540000e+00
    endloop
  endfacet
  facet normal 0.000000e+00 -0.000000e+00 -1.000000e+00
    outer loop
      vertex   3.380459e+01 -2.380459e+01 1.540000e+00
      vertex   3.523747e+01 -2.520000e+01 1.540000e+00
      vertex   3.352500e+01 -2.401913e+01 1.540000e+00
    endloop
  endfacet
  facet normal 0.000000e+00 -0.000000e+00 -1.000000e+00
    outer loop
      vertex   3.250059e+01 -2.415400e+01 1.540000e+00
      vertex   3.285000e+01 -2.420000e+01 1.540000e+00
      vertex   3.046253e+01 -2.520000e+01 1.540000e+00
    endloop
  endfacet
  facet normal -9.914449e-01 -1.305262e-01 -0.000000e+00
    outer loop
      vertex   3.415400e+01 -2.250059e+01 4.540000e+00
      vertex   3.415400e+01 -2.250059e+01 1.540000e+00
      vertex   3.420000e+01 -2.285000e+01 4.540000e+00
    endloop
  endfacet
  facet normal -9.914449e-01 -1.305262e-01 -0.000000e+00
    outer loop
      vertex   3.420000e+01 -2.285000e+01 4.540000e+00
      vertex   3.415400e+01 -2.250059e+01 1.540000e+00
      vertex   3.420000e+01 -2.285000e+01 1.540000e+00
    endloop
  endfacet
  facet normal -9.914449e-01 1.305262e-01 0.000000e+00
    outer loop
      vertex   3.420000e+01 -2.285000e+01 4.540000e+00
      vertex   3.420000e+01 -2.285000e+01 1.540000e+00
      vertex   3.415400e+01 -2.319941e+01 4.540000e+00
    endloop
  endfacet
  facet normal -9.914449e-01 1.305262e-01 0.000000e+00
    outer loop
      vertex   3.415400e+01 -2.319941e+01 4.540000e+00
      vertex   3.420000e+01 -2.285000e+01 1.540000e+00
      vertex   3.415400e+01 -2.319941e+01 1.540000e+00
    endloop
  endfacet
  facet normal -9.238795e-01 3.826834e-01 0.000000e+00
    outer loop
      vertex   3.415400e+01 -2.319941e+01 4.540000e+00
      vertex   3.415400e+01 -2.319941e+01 1.540000e+00
      vertex   3.401913e+01 -2.352500e+01 4.540000e+00
    endloop
  endfacet
  facet normal -9.238795e-01 3.826834e-01 0.000000e+00
    outer loop
      vertex   3.401913e+01 -2.352500e+01 4.540000e+00
      vertex   3.415400e+01 -2.319941e+01 1.540000e+00
      vertex   3.401913e+01 -2.352500e+01 1.540000e+00
    endloop
  endfacet
  facet normal -7.933533e-01 6.087614e-01 0.000000e+00
    outer loop
      vertex   3.401913e+01 -2.352500e+01 4.540000e+00
      vertex   3.401913e+01 -2.352500e+01 1.540000e+00
      vertex   3.380459e+01 -2.380459e+01 4.540000e+00
    endloop
  endfacet
  facet normal -7.933533e-01 6.087614e-01 0.000000e+00
    outer loop
      vertex   3.380459e+01 -2.380459e+01 4.540000e+00
      vertex   3.401913e+01 -2.352500e+01 1.540000e+00
      vertex   3.380459e+01 -2.380459e+01 1.540000e+00
    endloop
  endfacet
  facet normal -6.087614e-01 7.933533e-01 0.000000e+00
    outer loop
      vertex   3.380459e+01 -2.380459e+01 4.540000e+00
      vertex   3.380459e+01 -2.380459e+01 1.540000e+00
      vertex   3.352500e+01 -2.401913e+01 4.540000e+00
    endloop
  endfacet
  facet normal -6.087614e-01 7.933533e-01 0.000000e+00
    outer loop
      vertex   3.352500e+01 -2.401913e+01 4.540000e+00
      vertex   3.380459e+01 -2.380459e+01 1.540000e+00
      vertex   3.352500e+01 -2.401913e+01 1.540000e+00
    endloop
  endfacet
  facet normal -3.826834e-01 9.238795e-01 0.000000e+00
    outer loop
      vertex   3.352500e+01 -2.401913e+01 4.540000e+00
      vertex   3.352500e+01 -2.401913e+01 1.540000e+00
      vertex   3.319941e+01 -2.415400e+01 4.540000e+00
    endloop
  endfacet
  facet normal -3.826834e-01 9.238795e-01 0.000000e+00
    outer loop
      vertex   3.319941e+01 -2.415400e+01 4.540000e+00
      vertex   3.352500e+01 -2.401913e+01 1.540000e+00
      vertex   3.319941e+01 -2.415400e+01 1.540000e+00
    endloop
  endfacet
  facet normal -1.305262e-01 9.914449e-01 0.000000e+00
    outer loop
      vertex   3.319941e+01 -2.415400e+01 4.540000e+00
      vertex   3.319941e+01 -2.415400e+01 1.540000e+00
      vertex   3.285000e+01 -2.420000e+01 4.540000e+00
    endloop
  endfacet
  facet normal -1.305262e-01 9.914449e-01 0.000000e+00
    outer loop
      vertex   3.285000e+01 -2.420000e+01 4.540000e+00
      vertex   3.319941e+01 -2.415400e+01 1.540000e+00
      vertex   3.285000e+01 -2.420000e+01 1.540000e+00
    endloop
  endfacet
  facet normal 1.305262e-01 9.914449e-01 0.000000e+00
    outer loop
      vertex   3.285000e+01 -2.420000e+01 4.540000e+00
      vertex   3.285000e+01 -2.420000e+01 1.540000e+00
      vertex   3.250059e+01 -2.415400e+01 4.540000e+00
    endloop
  endfacet
  facet normal 1.305262e-01 9.914449e-01 0.000000e+00
    outer loop
      vertex   3.250059e+01 -2.415400e+01 4.540000e+00
      vertex   3.285000e+01 -2.420000e+01 1.540000e+00
      vertex   3.250059e+01 -2.415400e+01 1.540000e+00
    endloop
  endfacet
  facet normal 3.826834e-01 9.238795e-01 0.000000e+00
    outer loop
      vertex   3.250059e+01 -2.415400e+01 4.540000e+00
      vertex   3.250059e+01 -2.415400e+01 1.540000e+00
      vertex   3.217500e+01 -2.401913e+01 4.540000e+00
    endloop
  endfacet
  facet normal 3.826834e-01 9.238795e-01 0.000000e+00
    outer loop
      vertex   3.217500e+01 -2.401913e+01 4.540000e+00
      vertex   3.250059e+01 -2.415400e+01 1.540000e+00
      vertex   3.217500e+01 -2.401913e+01 1.540000e+00
    endloop
  endfacet
  facet normal 6.087614e-01 7.933533e-01 0.000000e+00
    outer loop
      vertex   3.217500e+01 -2.401913e+01 4.540000e+00
      vertex   3.217500e+01 -2.401913e+01 1.540000e+00
      vertex   3.189541e+01 -2.380459e+01 4.540000e+00
    endloop
  endfacet
  facet normal 6.087614e-01 7.933533e-01 0.000000e+00
    outer loop
      vertex   3.189541e+01 -2.380459e+01 4.540000e+00
      vertex   3.217500e+01 -2.401913e+01 1.540000e+00
      vertex   3.189541e+01 -2.380459e+01 1.540000e+00
    endloop
  endfacet
  facet normal 7.933533e-01 6.087614e-01 0.000000e+00
    outer loop
      vertex   3.189541e+01 -2.380459e+01 4.540000e+00
      vertex   3.189541e+01 -2.380459e+01 1.540000e+00
      vertex   3.168087e+01 -2.352500e+01 4.540000e+00
    endloop
  endfacet
  facet normal 7.933533e-01 6.087614e-01 0.000000e+00
    outer loop
      vertex   3.168087e+01 -2.352500e+01 4.540000e+00
      vertex   3.189541e+01 -2.380459e+01 1.540000e+00
      vertex   3.168087e+01 -2.352500e+01 1.540000e+00
    endloop
  endfacet
  facet normal 9.238795e-01 3.826834e-01 0.000000e+00
    outer loop
      vertex   3.168087e+01 -2.352500e+01 4.540000e+00
      vertex   3.168087e+01 -2.352500e+01 1.540000e+00
      vertex   3.154600e+01 -2.319941e+01 4.540000e+00
    endloop
  endfacet
  facet normal 9.238795e-01 3.826834e-01 0.000000e+00
    outer loop
      vertex   3.154600e+01 -2.319941e+01 4.540000e+00
      vertex   3.168087e+01 -2.352500e+01 1.540000e+00
      vertex   3.154600e+01 -2.319941e+01 1.540000e+00
    endloop
  endfacet
  facet normal 9.914449e-01 1.305262e-01 0.000000e+00
    outer loop
      vertex   3.154600e+01 -2.319941e+01 4.540000e+00
      vertex   3.154600e+01 -2.319941e+01 1.540000e+00
      vertex   3.150000e+01 -2.285000e+01 4.540000e+00
    endloop
  endfacet
  facet normal 9.914449e-01 1.305262e-01 0.000000e+00
    outer loop
      vertex   3.150000e+01 -2.285000e+01 4.540000e+00
      vertex   3.154600e+01 -2.319941e+01 1.540000e+00
      vertex   3.150000e+01 -2.285000e+01 1.540000e+00
    endloop
  endfacet
  facet normal 9.914449e-01 -1.305262e-01 0.000000e+00
    outer loop
      vertex   3.150000e+01 -2.285000e+01 4.540000e+00
      vertex   3.150000e+01 -2.285000e+01 1.540000e+00
      vertex   3.154600e+01 -2.250059e+01 4.540000e+00
    endloop
  endfacet
  facet normal 9.914449e-01 -1.305262e-01 0.000000e+00
    outer loop
      vertex   3.154600e+01 -2.250059e+01 4.540000e+00
      vertex   3.150000e+01 -2.285000e+01 1.540000e+00
      vertex   3.154600e+01 -2.250059e+01 1.540000e+00
    endloop
  endfacet
  facet normal 9.238795e-01 -3.826834e-01 0.000000e+00
    outer loop
      vertex   3.154600e+01 -2.250059e+01 4.540000e+00
      vertex   3.154600e+01 -2.250059e+01 1.540000e+00
      vertex   3.168087e+01 -2.217500e+01 4.540000e+00
    endloop
  endfacet
  facet normal 9.238795e-01 -3.826834e-01 0.000000e+00
    outer loop
      vertex   3.168087e+01 -2.217500e+01 4.540000e+00
      vertex   3.154600e+01 -2.250059e+01 1.540000e+00
      vertex   3.168087e+01 -2.217500e+01 1.540000e+00
    endloop
  endfacet
  facet normal 7.933533e-01 -6.087614e-01 0.000000e+00
    outer loop
      vertex   3.168087e+01 -2.217500e+01 4.540000e+00
      vertex   3.168087e+01 -2.217500e+01 1.540000e+00
      vertex   3.189541e+01 -2.189541e+01 4.540000e+00
    endloop
  endfacet
  facet normal 7.933533e-01 -6.087614e-01 0.000000e+00
    outer loop
      vertex   3.189541e+01 -2.189541e+01 4.540000e+00
      vertex   3.168087e+01 -2.217500e+01 1.540000e+00
      vertex   3.189541e+01 -2.189541e+01 1.540000e+00
    endloop
  endfacet
  facet normal 6.087614e-01 -7.933533e-01 0.000000e+00
    outer loop
      vertex   3.189541e+01 -2.189541e+01 4.540000e+00
      vertex   3.189541e+01 -2.189541e+01 1.540000e+00
      vertex   3.217500e+01 -2.168087e+01 4.540000e+00
    endloop
  endfacet
  facet normal 6.087614e-01 -7.933533e-01 0.000000e+00
    outer loop
      vertex   3.217500e+01 -2.168087e+01 4.540000e+00
      vertex   3.189541e+01 -2.189541e+01 1.540000e+00
      vertex   3.217500e+01 -2.168087e+01 1.540000e+00
    endloop
  endfacet
  facet normal 3.826834e-01 -9.238795e-01 0.000000e+00
    outer loop
      vertex   3.217500e+01 -2.168087e+01 4.540000e+00
      vertex   3.217500e+01 -2.168087e+01 1.540000e+00
      vertex   3.250059e+01 -2.154600e+01 4.540000e+00
    endloop
  endfacet
  facet normal 3.826834e-01 -9.238795e-01 0.000000e+00
    outer loop
      vertex   3.250059e+01 -2.154600e+01 4.540000e+00
      vertex   3.217500e+01 -2.168087e+01 1.540000e+00
      vertex   3.250059e+01 -2.154600e+01 1.540000e+00
    endloop
  endfacet
  facet normal 1.305262e-01 -9.914449e-01 0.000000e+00
    outer loop
      vertex   3.250059e+01 -2.154600e+01 4.540000e+00
      vertex   3.250059e+01 -2.154600e+01 1.540000e+00
      vertex   3.285000e+01 -2.150000e+01 4.540000e+00
    endloop
  endfacet
  facet normal 1.305262e-01 -9.914449e-01 0.000000e+00
    outer loop
      vertex   3.285000e+01 -2.150000e+01 4.540000e+00
      vertex   3.250059e+01 -2.154600e+01 1.540000e+00
      vertex   3.285000e+01 -2.150000e+01 1.540000e+00
    endloop
  endfacet
  facet normal -1.305262e-01 -9.914449e-01 -0.000000e+00
    outer loop
      vertex   3.285000e+01 -2.150000e+01 4.540000e+00
      vertex   3.285000e+01 -2.150000e+01 1.540000e+00
      vertex   3.319941e+01 -2.154600e+01 4.540000e+00
    endloop
  endfacet
  facet normal -1.305262e-01 -9.914449e-01 -0.000000e+00
    outer loop
      vertex   3.319941e+01 -2.154600e+01 4.540000e+00
      vertex   3.285000e+01 -2.150000e+01 1.540000e+00
      vertex   3.319941e+01 -2.154600e+01 1.540000e+00
    endloop
  endfacet
  facet normal -3.826834e-01 -9.238795e-01 -0.000000e+00
    outer loop
      vertex   3.319941e+01 -2.154600e+01 4.540000e+00
      vertex   3.319941e+01 -2.154600e+01 1.540000e+00
      vertex   3.352500e+01 -2.168087e+01 4.540000e+00
    endloop
  endfacet
  facet normal -3.826834e-01 -9.238795e-01 -0.000000e+00
    outer loop
      vertex   3.352500e+01 -2.168087e+01 4.540000e+00
      vertex   3.319941e+01 -2.154600e+01 1.540000e+00
      vertex   3.352500e+01 -2.168087e+01 1.540000e+00
    endloop
  endfacet
  facet normal -6.087614e-01 -7.933533e-01 -0.000000e+00
    outer loop
      vertex   3.352500e+01 -2.168087e+01 4.540000e+00
      vertex   3.352500e+01 -2.168087e+01 1.540000e+00
      vertex   3.380459e+01 -2.189541e+01 4.540000e+00
    endloop
  endfacet
  facet normal -6.087614e-01 -7.933533e-01 -0.000000e+00
    outer loop
      vertex   3.380459e+01 -2.189541e+01 4.540000e+00
      vertex   3.352500e+01 -2.168087e+01 1.540000e+00
      vertex   3.380459e+01 -2.189541e+01 1.540000e+00
    endloop
  endfacet
  facet normal -7.933533e-01 -6.087614e-01 -0.000000e+00
    outer loop
      vertex   3.380459e+01 -2.189541e+01 4.540000e+00
      vertex   3.380459e+01 -2.189541e+01 1.540000e+00
      vertex   3.401913e+01 -2.217500e+01 4.540000e+00
    endloop
  endfacet
  facet normal -7.933533e-01 -6.087614e-01 -0.000000e+00
    outer loop
      vertex   3.401913e+01 -2.217500e+01 4.540000e+00
      vertex   3.380459e+01 -2.189541e+01 1.540000e+00
      vertex   3.401913e+01 -2.217500e+01 1.540000e+00
    endloop
  endfacet
  facet normal -9.238795e-01 -3.826834e-01 -0.000000e+00
    outer loop
      vertex   3.401913e+01 -2.217500e+01 4.540000e+00
      vertex   3.401913e+01 -2.217500e+01 1.540000e+00
      vertex   3.415400e+01 -2.250059e+01 4.540000e+00
    endloop
  endfacet
  facet normal -9.238795e-01 -3.826834e-01 -0.000000e+00
    outer loop
      vertex   3.415400e+01 -2.250059e+01 4.540000e+00
      vertex   3.401913e+01 -2.217500e+01 1.540000e+00
      vertex   3.415400e+01 -2.250059e+01 1.540000e+00
    endloop
  endfacet
  facet normal 7.804630e-01 -6.252019e-01 0.000000e+00
    outer loop
      vertex   3.523747e+01 -2.520000e+01 4.540000e+00
      vertex   3.523747e+01 -2.520000e+01 1.540000e+00
      vertex   3.566440e+01 -2.466704e+01 4.540000e+00
    endloop
  endfacet
  facet normal 7.804630e-01 -6.252019e-01 0.000000e+00
    outer loop
      vertex   3.566440e+01 -2.466704e+01 4.540000e+00
      vertex   3.523747e+01 -2.520000e+01 1.540000e+00
      vertex   3.566440e+01 -2.466704e+01 1.540000e+00
    endloop
  endfacet
  facet normal 8.910281e-01 -4.539482e-01 0.000000e+00
    outer loop
      vertex   3.566440e+01 -2.466704e+01 4.540000e+00
      vertex   3.566440e+01 -2.466704e+01 1.540000e+00
      vertex   3.597440e+01 -2.405858e+01 4.540000e+00
    endloop
  endfacet
  facet normal 8.910281e-01 -4.539482e-01 0.000000e+00
    outer loop
      vertex   3.597440e+01 -2.405858e+01 4.540000e+00
      vertex   3.566440e+01 -2.466704e+01 1.540000e+00
      vertex   3.597440e+01 -2.405858e+01 1.540000e+00
    endloop
  endfacet
  facet normal 9.645687e-01 -2.638319e-01 0.000000e+00
    outer loop
      vertex   3.597440e+01 -2.405858e+01 4.540000e+00
      vertex   3.597440e+01 -2.405858e+01 1.540000e+00
      vertex   3.615456e+01 -2.339989e+01 4.540000e+00
    endloop
  endfacet
  facet normal 9.645687e-01 -2.638319e-01 0.000000e+00
    outer loop
      vertex   3.615456e+01 -2.339989e+01 4.540000e+00
      vertex   3.597440e+01 -2.405858e+01 1.540000e+00
      vertex   3.615456e+01 -2.339989e+01 1.540000e+00
    endloop
  endfacet
  facet normal 9.980291e-01 -6.275263e-02 0.000000e+00
    outer loop
      vertex   3.615456e+01 -2.339989e+01 4.540000e+00
      vertex   3.615456e+01 -2.339989e+01 1.540000e+00
      vertex   3.619741e+01 -2.271836e+01 4.540000e+00
    endloop
  endfacet
  facet normal 9.980291e-01 -6.275263e-02 0.000000e+00
    outer loop
      vertex   3.619741e+01 -2.271836e+01 4.540000e+00
      vertex   3.615456e+01 -2.339989e+01 1.540000e+00
      vertex   3.619741e+01 -2.271836e+01 1.540000e+00
    endloop
  endfacet
  facet normal 9.900190e-01 1.409341e-01 0.000000e+00
    outer loop
      vertex   3.619741e+01 -2.271836e+01 4.540000e+00
      vertex   3.619741e+01 -2.271836e+01 1.540000e+00
      vertex   3.610117e+01 -2.204230e+01 4.540000e+00
    endloop
  endfacet
  facet normal 9.900190e-01 1.409341e-01 0.000000e+00
    outer loop
      vertex   3.610117e+01 -2.204230e+01 4.540000e+00
      vertex   3.619741e+01 -2.271836e+01 1.540000e+00
      vertex   3.610117e+01 -2.204230e+01 1.540000e+00
    endloop
  endfacet
  facet normal 9.408711e-01 3.387647e-01 0.000000e+00
    outer loop
      vertex   3.610117e+01 -2.204230e+01 4.540000e+00
      vertex   3.610117e+01 -2.204230e+01 1.540000e+00
      vertex   3.586984e+01 -2.139980e+01 4.540000e+00
    endloop
  endfacet
  facet normal 9.408711e-01 3.387647e-01 0.000000e+00
    outer loop
      vertex   3.586984e+01 -2.139980e+01 4.540000e+00
      vertex   3.610117e+01 -2.204230e+01 1.540000e+00
      vertex   3.586984e+01 -2.139980e+01 1.540000e+00
    endloop
  endfacet
  facet normal 8.526278e-01 5.225188e-01 0.000000e+00
    outer loop
      vertex   3.586984e+01 -2.139980e+01 4.540000e+00
      vertex   3.586984e+01 -2.139980e+01 1.540000e+00
      vertex   3.551302e+01 -2.081756e+01 4.540000e+00
    endloop
  endfacet
  facet normal 8.526278e-01 5.225188e-01 0.000000e+00
    outer loop
      vertex   3.551302e+01 -2.081756e+01 4.540000e+00
      vertex   3.586984e+01 -2.139980e+01 1.540000e+00
      vertex   3.551302e+01 -2.081756e+01 1.540000e+00
    endloop
  endfacet
  facet normal 7.289556e-01 6.845609e-01 0.000000e+00
    outer loop
      vertex   3.551302e+01 -2.081756e+01 4.540000e+00
      vertex   3.551302e+01 -2.081756e+01 1.540000e+00
      vertex   3.504555e+01 -2.031977e+01 4.540000e+00
    endloop
  endfacet
  facet normal 7.289556e-01 6.845609e-01 0.000000e+00
    outer loop
      vertex   3.504555e+01 -2.031977e+01 4.540000e+00
      vertex   3.551302e+01 -2.081756e+01 1.540000e+00
      vertex   3.504555e+01 -2.031977e+01 1.540000e+00
    endloop
  endfacet
  facet normal 5.749936e-01 8.181579e-01 0.000000e+00
    outer loop
      vertex   3.504555e+01 -2.031977e+01 4.540000e+00
      vertex   3.504555e+01 -2.031977e+01 1.540000e+00
      vertex   3.448685e+01 -1.992712e+01 4.540000e+00
    endloop
  endfacet
  facet normal 5.749936e-01 8.181579e-01 0.000000e+00
    outer loop
      vertex   3.448685e+01 -1.992712e+01 4.540000e+00
      vertex   3.504555e+01 -2.031977e+01 1.540000e+00
      vertex   3.448685e+01 -1.992712e+01 1.540000e+00
    endloop
  endfacet
  facet normal 3.971392e-01 9.177584e-01 0.000000e+00
    outer loop
      vertex   3.448685e+01 -1.992712e+01 4.540000e+00
      vertex   3.448685e+01 -1.992712e+01 1.540000e+00
      vertex   3.386013e+01 -1.965592e+01 4.540000e+00
    endloop
  endfacet
  facet normal 3.971392e-01 9.177584e-01 0.000000e+00
    outer loop
      vertex   3.386013e+01 -1.965592e+01 4.540000e+00
      vertex   3.448685e+01 -1.992712e+01 1.540000e+00
      vertex   3.386013e+01 -1.965592e+01 1.540000e+00
    endloop
  endfacet
  facet normal 2.027826e-01 9.792238e-01 0.000000e+00
    outer loop
      vertex   3.386013e+01 -1.965592e+01 4.540000e+00
      vertex   3.386013e+01 -1.965592e+01 1.540000e+00
      vertex   3.319144e+01 -1.951745e+01 4.540000e+00
    endloop
  endfacet
  facet normal 2.027826e-01 9.792238e-01 0.000000e+00
    outer loop
      vertex   3.319144e+01 -1.951745e+01 4.540000e+00
      vertex   3.386013e+01 -1.965592e+01 1.540000e+00
      vertex   3.319144e+01 -1.951745e+01 1.540000e+00
    endloop
  endfacet
  facet normal 0.000000e+00 1.000000e+00 0.000000e+00
    outer loop
      vertex   3.319144e+01 -1.951745e+01 4.540000e+00
      vertex   3.319144e+01 -1.951745e+01 1.540000e+00
      vertex   3.250856e+01 -1.951745e+01 4.540000e+00
    endloop
  endfacet
  facet normal 0.000000e+00 1.000000e+00 0.000000e+00
    outer loop
      vertex   3.250856e+01 -1.951745e+01 4.540000e+00
      vertex   3.319144e+01 -1.951745e+01 1.540000e+00
      vertex   3.250856e+01 -1.951745e+01 1.540000e+00
    endloop
  endfacet
  facet normal -2.027826e-01 9.792238e-01 0.000000e+00
    outer loop
      vertex   3.250856e+01 -1.951745e+01 4.540000e+00
      vertex   3.250856e+01 -1.951745e+01 1.540000e+00
      vertex   3.183987e+01 -1.965592e+01 4.540000e+00
    endloop
  endfacet
  facet normal -2.027826e-01 9.792238e-01 0.000000e+00
    outer loop
      vertex   3.183987e+01 -1.965592e+01 4.540000e+00
      vertex   3.250856e+01 -1.951745e+01 1.540000e+00
      vertex   3.183987e+01 -1.965592e+01 1.540000e+00
    endloop
  endfacet
  facet normal -3.971392e-01 9.177584e-01 0.000000e+00
    outer loop
      vertex   3.183987e+01 -1.965592e+01 4.540000e+00
      vertex   3.183987e+01 -1.965592e+01 1.540000e+00
      vertex   3.121315e+01 -1.992712e+01 4.540000e+00
    endloop
  endfacet
  facet normal -3.971392e-01 9.177584e-01 0.000000e+00
    outer loop
      vertex   3.121315e+01 -1.992712e+01 4.540000e+00
      vertex   3.183987e+01 -1.965592e+01 1.540000e+00
      vertex   3.121315e+01 -1.992712e+01 1.540000e+00
    endloop
  endfacet
  facet normal -5.749936e-01 8.181579e-01 0.000000e+00
    outer loop
      vertex   3.121315e+01 -1.992712e+01 4.540000e+00
      vertex   3.121315e+01 -1.992712e+01 1.540000e+00
      vertex   3.065445e+01 -2.031977e+01 4.540000e+00
    endloop
  endfacet
  facet normal -5.749936e-01 8.181579e-01 0.000000e+00
    outer loop
      vertex   3.065445e+01 -2.031977e+01 4.540000e+00
      vertex   3.121315e+01 -1.992712e+01 1.540000e+00
      vertex   3.065445e+01 -2.031977e+01 1.540000e+00
    endloop
  endfacet
  facet normal -7.289556e-01 6.845609e-01 0.000000e+00
    outer loop
      vertex   3.065445e+01 -2.031977e+01 4.540000e+00
      vertex   3.065445e+01 -2.031977e+01 1.540000e+00
      vertex   3.018698e+01 -2.081756e+01 4.540000e+00
    endloop
  endfacet
  facet normal -7.289556e-01 6.845609e-01 0.000000e+00
    outer loop
      vertex   3.018698e+01 -2.081756e+01 4.540000e+00
      vertex   3.065445e+01 -2.031977e+01 1.540000e+00
      vertex   3.018698e+01 -2.081756e+01 1.540000e+00
    endloop
  endfacet
  facet normal -8.526278e-01 5.225188e-01 0.000000e+00
    outer loop
      vertex   3.018698e+01 -2.081756e+01 4.540000e+00
      vertex   3.018698e+01 -2.081756e+01 1.540000e+00
      vertex   2.983016e+01 -2.139980e+01 4.540000e+00
    endloop
  endfacet
  facet normal -8.526278e-01 5.225188e-01 0.000000e+00
    outer loop
      vertex   2.983016e+01 -2.139980e+01 4.540000e+00
      vertex   3.018698e+01 -2.081756e+01 1.540000e+00
      vertex   2.983016e+01 -2.139980e+01 1.540000e+00
    endloop
  endfacet
  facet normal -9.408711e-01 3.387647e-01 0.000000e+00
    outer loop
      vertex   2.983016e+01 -2.139980e+01 4.540000e+00
      vertex   2.983016e+01 -2.139980e+01 1.540000e+00
      vertex   2.959883e+01 -2.204230e+01 4.540000e+00
    endloop
  endfacet
  facet normal -9.408711e-01 3.387647e-01 0.000000e+00
    outer loop
      vertex   2.959883e+01 -2.204230e+01 4.540000e+00
      vertex   2.983016e+01 -2.139980e+01 1.540000e+00
      vertex   2.959883e+01 -2.204230e+01 1.540000e+00
    endloop
  endfacet
  facet normal -9.900190e-01 1.409341e-01 0.000000e+00
    outer loop
      vertex   2.959883e+01 -2.204230e+01 4.540000e+00
      vertex   2.959883e+01 -2.204230e+01 1.540000e+00
      vertex   2.950259e+01 -2.271836e+01 4.540000e+00
    endloop
  endfacet
  facet normal -9.900190e-01 1.409341e-01 0.000000e+00
    outer loop
      vertex   2.950259e+01 -2.271836e+01 4.540000e+00
      vertex   2.959883e+01 -2.204230e+01 1.540000e+00
      vertex   2.950259e+01 -2.271836e+01 1.540000e+00
    endloop
  endfacet
  facet normal -9.980291e-01 -6.275263e-02 -0.000000e+00
    outer loop
      vertex   2.950259e+01 -2.271836e+01 4.540000e+00
      vertex   2.950259e+01 -2.271836e+01 1.540000e+00
      vertex   2.954544e+01 -2.339989e+01 4.540000e+00
    endloop
  endfacet
  facet normal -9.980291e-01 -6.275263e-02 -0.000000e+00
    outer loop
      vertex   2.954544e+01 -2.339989e+01 4.540000e+00
      vertex   2.950259e+01 -2.271836e+01 1.540000e+00
      vertex   2.954544e+01 -2.339989e+01 1.540000e+00
    endloop
  endfacet
  facet normal -9.645687e-01 -2.638319e-01 -0.000000e+00
    outer loop
      vertex   2.954544e+01 -2.339989e+01 4.540000e+00
      vertex   2.954544e+01 -2.339989e+01 1.540000e+00
      vertex   2.972560e+01 -2.405858e+01 4.540000e+00
    endloop
  endfacet
  facet normal -9.645687e-01 -2.638319e-01 -0.000000e+00
    outer loop
      vertex   2.972560e+01 -2.405858e+01 4.540000e+00
      vertex   2.954544e+01 -2.339989e+01 1.540000e+00
      vertex   2.972560e+01 -2.405858e+01 1.540000e+00
    endloop
  endfacet
  facet normal -8.910281e-01 -4.539482e-01 -0.000000e+00
    outer loop
      vertex   2.972560e+01 -2.405858e+01 4.540000e+00
      vertex   2.972560e+01 -2.405858e+01 1.540000e+00
      vertex   3.003560e+01 -2.466704e+01 4.540000e+00
    endloop
  endfacet
  facet normal -8.910281e-01 -4.539482e-01 -0.000000e+00
    outer loop
      vertex   3.003560e+01 -2.466704e+01 4.540000e+00
      vertex   2.972560e+01 -2.405858e+01 1.540000e+00
      vertex   3.003560e+01 -2.466704e+01 1.540000e+00
    endloop
  endfacet
  facet normal -7.804630e-01 -6.252019e-01 -0.000000e+00
    outer loop
      vertex   3.003560e+01 -2.466704e+01 4.540000e+00
      vertex   3.003560e+01 -2.466704e+01 1.540000e+00
      vertex   3.046253e+01 -2.520000e+01 4.540000e+00
    endloop
  endfacet
  facet normal -7.804630e-01 -6.252019e-01 -0.000000e+00
    outer loop
      vertex   3.046253e+01 -2.520000e+01 4.540000e+00
      vertex   3.003560e+01 -2.466704e+01 1.540000e+00
      vertex   3.046253e+01 -2.520000e+01 1.540000e+00
    endloop
  endfacet
  facet normal 0.000000e+00 0.000000e+00 1.000000e+00
    outer loop
      vertex   3.523747e+01 -2.520000e+01 4.540000e+00
      vertex   3.285000e+01 -2.420000e+01 4.540000e+00
      vertex   3.046253e+01 -2.520000e+01 4.540000e+00
    endloop
  endfacet
  facet normal 0.000000e+00 0.000000e+00 1.000000e+00
    outer loop
      vertex   3.046253e+01 -2.520000e+01 4.540000e+00
      vertex   3.285000e+01 -2.420000e+01 4.540000e+00
      vertex   3.250059e+01 -2.415400e+01 4.540000e+00
    endloop
  endfacet
  facet normal 0.000000e+00 0.000000e+00 1.000000e+00
    outer loop
      vertex   3.046253e+01 -2.520000e+01 4.540000e+00
      vertex   3.250059e+01 -2.415400e+01 4.540000e+00
      vertex   3.217500e+01 -2.401913e+01 4.540000e+00
    endloop
  endfacet
  facet normal 0.000000e+00 0.000000e+00 1.000000e+00
    outer loop
      vertex   3.566440e+01 -2.466704e+01 4.540000e+00
      vertex   3.380459e+01 -2.380459e+01 4.540000e+00
      vertex   3.523747e+01 -2.520000e+01 4.540000e+00
    endloop
  endfacet
  facet normal 0.000000e+00 0.000000e+00 1.000000e+00
    outer loop
      vertex   3.523747e+01 -2.520000e+01 4.540000e+00
      vertex   3.380459e+01 -2.380459e+01 4.540000e+00
      vertex   3.352500e+01 -2.401913e+01 4.540000e+00
    endloop
  endfacet
  facet normal 0.000000e+00 0.000000e+00 1.000000e+00
    outer loop
      vertex   3.523747e+01 -2.520000e+01 4.540000e+00
      vertex   3.352500e+01 -2.401913e+01 4.540000e+00
      vertex   3.319941e+01 -2.415400e+01 4.540000e+00
    endloop
  endfacet
  facet normal -0.000000e+00 0.000000e+00 1.000000e+00
    outer loop
      vertex   3.380459e+01 -2.380459e+01 4.540000e+00
      vertex   3.566440e+01 -2.466704e+01 4.540000e+00
      vertex   3.401913e+01 -2.352500e+01 4.540000e+00
    endloop
  endfacet
  facet normal 0.000000e+00 0.000000e+00 1.000000e+00
    outer loop
      vertex   3.401913e+01 -2.352500e+01 4.540000e+00
      vertex   3.566440e+01 -2.466704e+01 4.540000e+00
      vertex   3.597440e+01 -2.405858e+01 4.540000e+00
    endloop
  endfacet
  facet normal -0.000000e+00 0.000000e+00 1.000000e+00
    outer loop
      vertex   3.401913e+01 -2.352500e+01 4.540000e+00
      vertex   3.597440e+01 -2.405858e+01 4.540000e+00
      vertex   3.415400e+01 -2.319941e+01 4.540000e+00
    endloop
  endfacet
  facet normal 0.000000e+00 0.000000e+00 1.000000e+00
    outer loop
      vertex   3.415400e+01 -2.319941e+01 4.540000e+00
      vertex   3.597440e+01 -2.405858e+01 4.540000e+00
      vertex   3.615456e+01 -2.339989e+01 4.540000e+00
    endloop
  endfacet
  facet normal -0.000000e+00 0.000000e+00 1.000000e+00
    outer loop
      vertex   3.415400e+01 -2.319941e+01 4.540000e+00
      vertex   3.615456e+01 -2.339989e+01 4.540000e+00
      vertex   3.420000e+01 -2.285000e+01 4.540000e+00
    endloop
  endfacet
  facet normal -0.000000e+00 0.000000e+00 1.000000e+00
    outer loop
      vertex   3.420000e+01 -2.285000e+01 4.540000e+00
      vertex   3.615456e+01 -2.339989e+01 4.540000e+00
      vertex   3.619741e+01 -2.271836e+01 4.540000e+00
    endloop
  endfacet
  facet normal 0.000000e+00 -0.000000e+00 1.000000e+00
    outer loop
      vertex   3.420000e+01 -2.285000e+01 4.540000e+00
      vertex   3.619741e+01 -2.271836e+01 4.540000e+00
      vertex   3.415400e+01 -2.250059e+01 4.540000e+00
    endloop
  endfacet
  facet normal -0.000000e+00 0.000000e+00 1.000000e+00
    outer loop
      vertex   3.415400e+01 -2.250059e+01 4.540000e+00
      vertex   3.619741e+01 -2.271836e+01 4.540000e+00
      vertex   3.610117e+01 -2.204230e+01 4.540000e+00
    endloop
  endfacet
  facet normal 0.000000e+00 -0.000000e+00 1.000000e+00
    outer loop
      vertex   3.415400e+01 -2.250059e+01 4.540000e+00
      vertex   3.610117e+01 -2.204230e+01 4.540000e+00
      vertex   3.401913e+01 -2.217500e+01 4.540000e+00
    endloop
  endfacet
  facet normal 0.000000e+00 0.000000e+00 1.000000e+00
    outer loop
      vertex   3.401913e+01 -2.217500e+01 4.540000e+00
      vertex   3.610117e+01 -2.204230e+01 4.540000e+00
      vertex   3.586984e+01 -2.139980e+01 4.540000e+00
    endloop
  endfacet
  facet normal 0.000000e+00 -0.000000e+00 1.000000e+00
    outer loop
      vertex   3.401913e+01 -2.217500e+01 4.540000e+00
      vertex   3.586984e+01 -2.139980e+01 4.540000e+00
      vertex   3.380459e+01 -2.189541e+01 4.540000e+00
    endloop
  endfacet
  facet normal 0.000000e+00 0.000000e+00 1.000000e+00
    outer loop
      vertex   3.380459e+01 -2.189541e+01 4.540000e+00
      vertex   3.586984e+01 -2.139980e+01 4.540000e+00
      vertex   3.551302e+01 -2.081756e+01 4.540000e+00
    endloop
  endfacet
  facet normal 0.000000e+00 0.000000e+00 1.000000e+00
    outer loop
      vertex   3.380459e+01 -2.189541e+01 4.540000e+00
      vertex   3.551302e+01 -2.081756e+01 4.540000e+00
      vertex   3.504555e+01 -2.031977e+01 4.540000e+00
    endloop
  endfacet
  facet normal 0.000000e+00 -0.000000e+00 1.000000e+00
    outer loop
      vertex   3.380459e+01 -2.189541e+01 4.540000e+00
      vertex   3.504555e+01 -2.031977e+01 4.540000e+00
      vertex   3.352500e+01 -2.168087e+01 4.540000e+00
    endloop
  endfacet
  facet normal 0.000000e+00 0.000000e+00 1.000000e+00
    outer loop
      vertex   3.352500e+01 -2.168087e+01 4.540000e+00
      vertex   3.504555e+01 -2.031977e+01 4.540000e+00
      vertex   3.448685e+01 -1.992712e+01 4.540000e+00
    endloop
  endfacet
  facet normal 0.000000e+00 -0.000000e+00 1.000000e+00
    outer loop
      vertex   3.352500e+01 -2.168087e+01 4.540000e+00
      vertex   3.448685e+01 -1.992712e+01 4.540000e+00
      vertex   3.319941e+01 -2.154600e+01 4.540000e+00
    endloop
  endfacet
  facet normal 0.000000e+00 0.000000e+00 1.000000e+00
    outer loop
      vertex   3.319941e+01 -2.154600e+01 4.540000e+00
      vertex   3.448685e+01 -1.992712e+01 4.540000e+00
      vertex   3.386013e+01 -1.965592e+01 4.540000e+00
    endloop
  endfacet
  facet normal 0.000000e+00 -0.000000e+00 1.000000e+00
    outer loop
      vertex   3.319941e+01 -2.154600e+01 4.540000e+00
      vertex   3.386013e+01 -1.965592e+01 4.540000e+00
      vertex   3.319144e+01 -1.951745e+01 4.540000e+00
    endloop
  endfacet
  facet normal 0.000000e+00 0.000000e+00 1.000000e+00
    outer loop
      vertex   3.319941e+01 -2.154600e+01 4.540000e+00
      vertex   3.319144e+01 -1.951745e+01 4.540000e+00
      vertex   3.285000e+01 -2.150000e+01 4.540000e+00
    endloop
  endfacet
  facet normal 0.000000e+00 -0.000000e+00 1.000000e+00
    outer loop
      vertex   3.285000e+01 -2.150000e+01 4.540000e+00
      vertex   3.319144e+01 -1.951745e+01 4.540000e+00
      vertex   3.250856e+01 -1.951745e+01 4.540000e+00
    endloop
  endfacet
  facet normal 0.000000e+00 0.000000e+00 1.000000e+00
    outer loop
      vertex   3.285000e+01 -2.150000e+01 4.540000e+00
      vertex   3.250856e+01 -1.951745e+01 4.540000e+00
      vertex   3.250059e+01 -2.154600e+01 4.540000e+00
    endloop
  endfacet
  facet normal 0.000000e+00 -0.000000e+00 1.000000e+00
    outer loop
      vertex   3.250059e+01 -2.154600e+01 4.540000e+00
      vertex   3.250856e+01 -1.951745e+01 4.540000e+00
      vertex   3.183987e+01 -1.965592e+01 4.540000e+00
    endloop
  endfacet
  facet normal 0.000000e+00 0.000000e+00 1.000000e+00
    outer loop
      vertex   3.250059e+01 -2.154600e+01 4.540000e+00
      vertex   3.183987e+01 -1.965592e+01 4.540000e+00
      vertex   3.121315e+01 -1.992712e+01 4.540000e+00
    endloop
  endfacet
  facet normal 0.000000e+00 0.000000e+00 1.000000e+00
    outer loop
      vertex   3.250059e+01 -2.154600e+01 4.540000e+00
      vertex   3.121315e+01 -1.992712e+01 4.540000e+00
      vertex   3.217500e+01 -2.168087e+01 4.540000e+00
    endloop
  endfacet
  facet normal 0.000000e+00 0.000000e+00 1.000000e+00
    outer loop
      vertex   3.217500e+01 -2.168087e+01 4.540000e+00
      vertex   3.121315e+01 -1.992712e+01 4.540000e+00
      vertex   3.065445e+01 -2.031977e+01 4.540000e+00
    endloop
  endfacet
  facet normal 0.000000e+00 0.000000e+00 1.000000e+00
    outer loop
      vertex   3.217500e+01 -2.168087e+01 4.540000e+00
      vertex   3.065445e+01 -2.031977e+01 4.540000e+00
      vertex   3.189541e+01 -2.189541e+01 4.540000e+00
    endloop
  endfacet
  facet normal 0.000000e+00 0.000000e+00 1.000000e+00
    outer loop
      vertex   3.189541e+01 -2.189541e+01 4.540000e+00
      vertex   3.065445e+01 -2.031977e+01 4.540000e+00
      vertex   3.018698e+01 -2.081756e+01 4.540000e+00
    endloop
  endfacet
  facet normal 0.000000e+00 0.000000e+00 1.000000e+00
    outer loop
      vertex   3.189541e+01 -2.189541e+01 4.540000e+00
      vertex   3.018698e+01 -2.081756e+01 4.540000e+00
      vertex   2.983016e+01 -2.139980e+01 4.540000e+00
    endloop
  endfacet
  facet normal 0.000000e+00 0.000000e+00 1.000000e+00
    outer loop
      vertex   3.189541e+01 -2.189541e+01 4.540000e+00
      vertex   2.983016e+01 -2.139980e+01 4.540000e+00
      vertex   3.168087e+01 -2.217500e+01 4.540000e+00
    endloop
  endfacet
  facet normal 0.000000e+00 0.000000e+00 1.000000e+00
    outer loop
      vertex   3.168087e+01 -2.217500e+01 4.540000e+00
      vertex   2.983016e+01 -2.139980e+01 4.540000e+00
      vertex   2.959883e+01 -2.204230e+01 4.540000e+00
    endloop
  endfacet
  facet normal 0.000000e+00 0.000000e+00 1.000000e+00
    outer loop
      vertex   3.168087e+01 -2.217500e+01 4.540000e+00
      vertex   2.959883e+01 -2.204230e+01 4.540000e+00
      vertex   3.154600e+01 -2.250059e+01 4.540000e+00
    endloop
  endfacet
  facet normal 0.000000e+00 0.000000e+00 1.000000e+00
    outer loop
      vertex   3.154600e+01 -2.250059e+01 4.540000e+00
      vertex   2.959883e+01 -2.204230e+01 4.540000e+00
      vertex   2.950259e+01 -2.271836e+01 4.540000e+00
    endloop
  endfacet
  facet normal 0.000000e+00 0.000000e+00 1.000000e+00
    outer loop
      vertex   3.154600e+01 -2.250059e+01 4.540000e+00
      vertex   2.950259e+01 -2.271836e+01 4.540000e+00
      vertex   3.150000e+01 -2.285000e+01 4.540000e+00
    endloop
  endfacet
  facet normal 0.000000e+00 0.000000e+00 1.000000e+00
    outer loop
      vertex   3.150000e+01 -2.285000e+01 4.540000e+00
      vertex   2.950259e+01 -2.271836e+01 4.540000e+00
      vertex   2.954544e+01 -2.339989e+01 4.540000e+00
    endloop
  endfacet
  facet normal 0.000000e+00 0.000000e+00 1.000000e+00
    outer loop
      vertex   3.150000e+01 -2.285000e+01 4.540000e+00
      vertex   2.954544e+01 -2.339989e+01 4.540000e+00
      vertex   3.154600e+01 -2.319941e+01 4.540000e+00
    endloop
  endfacet
  facet normal 0.000000e+00 0.000000e+00 1.000000e+00
    outer loop
      vertex   3.154600e+01 -2.319941e+01 4.540000e+00
      vertex   2.954544e+01 -2.339989e+01 4.540000e+00
      vertex   2.972560e+01 -2.405858e+01 4.540000e+00
    endloop
  endfacet
  facet normal 0.000000e+00 0.000000e+00 1.000000e+00
    outer loop
      vertex   3.154600e+01 -2.319941e+01 4.540000e+00
      vertex   2.972560e+01 -2.405858e+01 4.540000e+00
      vertex   3.168087e+01 -2.352500e+01 4.540000e+00
    endloop
  endfacet
  facet normal 0.000000e+00 0.000000e+00 1.000000e+00
    outer loop
      vertex   3.168087e+01 -2.352500e+01 4.540000e+00
      vertex   2.972560e+01 -2.405858e+01 4.540000e+00
      vertex   3.003560e+01 -2.466704e+01 4.540000e+00
    endloop
  endfacet
  facet normal 0.000000e+00 0.000000e+00 1.000000e+00
    outer loop
      vertex   3.168087e+01 -2.352500e+01 4.540000e+00
      vertex   3.003560e+01 -2.466704e+01 4.540000e+00
      vertex   3.189541e+01 -2.380459e+01 4.540000e+00
    endloop
  endfacet
  facet normal 0.000000e+00 0.000000e+00 1.000000e+00
    outer loop
      vertex   3.189541e+01 -2.380459e+01 4.540000e+00
      vertex   3.003560e+01 -2.466704e+01 4.540000e+00
      vertex   3.046253e+01 -2.520000e+01 4.540000e+00
    endloop
  endfacet
  facet normal 0.000000e+00 0.000000e+00 1.000000e+00
    outer loop
      vertex   3.189541e+01 -2.380459e+01 4.540000e+00
      vertex   3.046253e+01 -2.520000e+01 4.540000e+00
      vertex   3.217500e+01 -2.401913e+01 4.540000e+00
    endloop
  endfacet
  facet normal 0.000000e+00 0.000000e+00 1.000000e+00
    outer loop
      vertex   3.319941e+01 -2.415400e+01 4.540000e+00
      vertex   3.285000e+01 -2.420000e+01 4.540000e+00
      vertex   3.523747e+01 -2.520000e+01 4.540000e+00
    endloop
  endfacet
  facet normal 0.000000e+00 0.000000e+00 -1.000000e+00
    outer loop
      vertex   -3.523747e+01 -2.520000e+01 1.540000e+00
      vertex   -3.285000e+01 -2.420000e+01 1.540000e+00
      vertex   -3.046253e+01 -2.520000e+01 1.540000e+00
    endloop
  endfacet
  facet normal 0.000000e+00 0.000000e+00 -1.000000e+00
    outer loop
      vertex   -3.046253e+01 -2.520000e+01 1.540000e+00
      vertex   -3.285000e+01 -2.420000e+01 1.540000e+00
      vertex   -3.250059e+01 -2.415400e+01 1.540000e+00
    endloop
  endfacet
  facet normal 0.000000e+00 0.000000e+00 -1.000000e+00
    outer loop
      vertex   -3.046253e+01 -2.520000e+01 1.540000e+00
      vertex   -3.250059e+01 -2.415400e+01 1.540000e+00
      vertex   -3.217500e+01 -2.401913e+01 1.540000e+00
    endloop
  endfacet
  facet normal 0.000000e+00 0.000000e+00 -1.000000e+00
    outer loop
      vertex   -3.566440e+01 -2.466704e+01 1.540000e+00
      vertex   -3.380459e+01 -2.380459e+01 1.540000e+00
      vertex   -3.523747e+01 -2.520000e+01 1.540000e+00
    endloop
  endfacet
  facet normal 0.000000e+00 0.000000e+00 -1.000000e+00
    outer loop
      vertex   -3.523747e+01 -2.520000e+01 1.540000e+00
      vertex   -3.380459e+01 -2.380459e+01 1.540000e+00
      vertex   -3.352500e+01 -2.401913e+01 1.540000e+00
    endloop
  endfacet
  facet normal 0.000000e+00 0.000000e+00 -1.000000e+00
    outer loop
      vertex   -3.523747e+01 -2.520000e+01 1.540000e+00
      vertex   -3.352500e+01 -2.401913e+01 1.540000e+00
      vertex   -3.319941e+01 -2.415400e+01 1.540000e+00
    endloop
  endfacet
  facet normal -0.000000e+00 0.000000e+00 -1.000000e+00
    outer loop
      vertex   -3.380459e+01 -2.380459e+01 1.540000e+00
      vertex   -3.566440e+01 -2.466704e+01 1.540000e+00
      vertex   -3.401913e+01 -2.352500e+01 1.540000e+00
    endloop
  endfacet
  facet normal 0.000000e+00 0.000000e+00 -1.000000e+00
    outer loop
      vertex   -3.401913e+01 -2.352500e+01 1.540000e+00
      vertex   -3.566440e+01 -2.466704e+01 1.540000e+00
      vertex   -3.597440e+01 -2.405858e+01 1.540000e+00
    endloop
  endfacet
  facet normal -0.000000e+00 0.000000e+00 -1.000000e+00
    outer loop
      vertex   -3.401913e+01 -2.352500e+01 1.540000e+00
      vertex   -3.597440e+01 -2.405858e+01 1.540000e+00
      vertex   -3.415400e+01 -2.319941e+01 1.540000e+00
    endloop
  endfacet
  facet normal 0.000000e+00 0.000000e+00 -1.000000e+00
    outer loop
      vertex   -3.415400e+01 -2.319941e+01 1.540000e+00
      vertex   -3.597440e+01 -2.405858e+01 1.540000e+00
      vertex   -3.615456e+01 -2.339989e+01 1.540000e+00
    endloop
  endfacet
  facet normal -0.000000e+00 0.000000e+00 -1.000000e+00
    outer loop
      vertex   -3.415400e+01 -2.319941e+01 1.540000e+00
      vertex   -3.615456e+01 -2.339989e+01 1.540000e+00
      vertex   -3.420000e+01 -2.285000e+01 1.540000e+00
    endloop
  endfacet
  facet normal -0.000000e+00 0.000000e+00 -1.000000e+00
    outer loop
      vertex   -3.420000e+01 -2.285000e+01 1.540000e+00
      vertex   -3.615456e+01 -2.339989e+01 1.540000e+00
      vertex   -3.619741e+01 -2.271836e+01 1.540000e+00
    endloop
  endfacet
  facet normal 0.000000e+00 0.000000e+00 -1.000000e+00
    outer loop
      vertex   -3.420000e+01 -2.285000e+01 1.540000e+00
      vertex   -3.619741e+01 -2.271836e+01 1.540000e+00
      vertex   -3.415400e+01 -2.250059e+01 1.540000e+00
    endloop
  endfacet
  facet normal -0.000000e+00 0.000000e+00 -1.000000e+00
    outer loop
      vertex   -3.415400e+01 -2.250059e+01 1.540000e+00
      vertex   -3.619741e+01 -2.271836e+01 1.540000e+00
      vertex   -3.610117e+01 -2.204230e+01 1.540000e+00
    endloop
  endfacet
  facet normal 0.000000e+00 0.000000e+00 -1.000000e+00
    outer loop
      vertex   -3.415400e+01 -2.250059e+01 1.540000e+00
      vertex   -3.610117e+01 -2.204230e+01 1.540000e+00
      vertex   -3.401913e+01 -2.217500e+01 1.540000e+00
    endloop
  endfacet
  facet normal 0.000000e+00 0.000000e+00 -1.000000e+00
    outer loop
      vertex   -3.401913e+01 -2.217500e+01 1.540000e+00
      vertex   -3.610117e+01 -2.204230e+01 1.540000e+00
      vertex   -3.586984e+01 -2.139980e+01 1.540000e+00
    endloop
  endfacet
  facet normal 0.000000e+00 0.000000e+00 -1.000000e+00
    outer loop
      vertex   -3.401913e+01 -2.217500e+01 1.540000e+00
      vertex   -3.586984e+01 -2.139980e+01 1.540000e+00
      vertex   -3.380459e+01 -2.189541e+01 1.540000e+00
    endloop
  endfacet
  facet normal 0.000000e+00 0.000000e+00 -1.000000e+00
    outer loop
      vertex   -3.380459e+01 -2.189541e+01 1.540000e+00
      vertex   -3.586984e+01 -2.139980e+01 1.540000e+00
      vertex   -3.551302e+01 -2.081756e+01 1.540000e+00
    endloop
  endfacet
  facet normal 0.000000e+00 0.000000e+00 -1.000000e+00
    outer loop
      vertex   -3.380459e+01 -2.189541e+01 1.540000e+00
      vertex   -3.551302e+01 -2.081756e+01 1.540000e+00
      vertex   -3.504555e+01 -2.031977e+01 1.540000e+00
    endloop
  endfacet
  facet normal 0.000000e+00 0.000000e+00 -1.000000e+00
    outer loop
      vertex   -3.380459e+01 -2.189541e+01 1.540000e+00
      vertex   -3.504555e+01 -2.031977e+01 1.540000e+00
      vertex   -3.352500e+01 -2.168087e+01 1.540000e+00
    endloop
  endfacet
  facet normal 0.000000e+00 0.000000e+00 -1.000000e+00
    outer loop
      vertex   -3.352500e+01 -2.168087e+01 1.540000e+00
      vertex   -3.504555e+01 -2.031977e+01 1.540000e+00
      vertex   -3.448685e+01 -1.992712e+01 1.540000e+00
    endloop
  endfacet
  facet normal 0.000000e+00 0.000000e+00 -1.000000e+00
    outer loop
      vertex   -3.352500e+01 -2.168087e+01 1.540000e+00
      vertex   -3.448685e+01 -1.992712e+01 1.540000e+00
      vertex   -3.319941e+01 -2.154600e+01 1.540000e+00
    endloop
  endfacet
  facet normal 0.000000e+00 0.000000e+00 -1.000000e+00
    outer loop
      vertex   -3.319941e+01 -2.154600e+01 1.540000e+00
      vertex   -3.448685e+01 -1.992712e+01 1.540000e+00
      vertex   -3.386013e+01 -1.965592e+01 1.540000e+00
    endloop
  endfacet
  facet normal 0.000000e+00 0.000000e+00 -1.000000e+00
    outer loop
      vertex   -3.319941e+01 -2.154600e+01 1.540000e+00
      vertex   -3.386013e+01 -1.965592e+01 1.540000e+00
      vertex   -3.319144e+01 -1.951745e+01 1.540000e+00
    endloop
  endfacet
  facet normal 0.000000e+00 0.000000e+00 -1.000000e+00
    outer loop
      vertex   -3.319941e+01 -2.154600e+01 1.540000e+00
      vertex   -3.319144e+01 -1.951745e+01 1.540000e+00
      vertex   -3.285000e+01 -2.150000e+01 1.540000e+00
    endloop
  endfacet
  facet normal 0.000000e+00 0.000000e+00 -1.000000e+00
    outer loop
      vertex   -3.285000e+01 -2.150000e+01 1.540000e+00
      vertex   -3.319144e+01 -1.951745e+01 1.540000e+00
      vertex   -3.250856e+01 -1.951745e+01 1.540000e+00
    endloop
  endfacet
  facet normal 0.000000e+00 0.000000e+00 -1.000000e+00
    outer loop
      vertex   -3.285000e+01 -2.150000e+01 1.540000e+00
      vertex   -3.250856e+01 -1.951745e+01 1.540000e+00
      vertex   -3.250059e+01 -2.154600e+01 1.540000e+00
    endloop
  endfacet
  facet normal 0.000000e+00 0.000000e+00 -1.000000e+00
    outer loop
      vertex   -3.250059e+01 -2.154600e+01 1.540000e+00
      vertex   -3.250856e+01 -1.951745e+01 1.540000e+00
      vertex   -3.183987e+01 -1.965592e+01 1.540000e+00
    endloop
  endfacet
  facet normal 0.000000e+00 0.000000e+00 -1.000000e+00
    outer loop
      vertex   -3.250059e+01 -2.154600e+01 1.540000e+00
      vertex   -3.183987e+01 -1.965592e+01 1.540000e+00
      vertex   -3.121315e+01 -1.992712e+01 1.540000e+00
    endloop
  endfacet
  facet normal 0.000000e+00 0.000000e+00 -1.000000e+00
    outer loop
      vertex   -3.250059e+01 -2.154600e+01 1.540000e+00
      vertex   -3.121315e+01 -1.992712e+01 1.540000e+00
      vertex   -3.217500e+01 -2.168087e+01 1.540000e+00
    endloop
  endfacet
  facet normal 0.000000e+00 0.000000e+00 -1.000000e+00
    outer loop
      vertex   -3.217500e+01 -2.168087e+01 1.540000e+00
      vertex   -3.121315e+01 -1.992712e+01 1.540000e+00
      vertex   -3.065445e+01 -2.031977e+01 1.540000e+00
    endloop
  endfacet
  facet normal 0.000000e+00 0.000000e+00 -1.000000e+00
    outer loop
      vertex   -3.217500e+01 -2.168087e+01 1.540000e+00
      vertex   -3.065445e+01 -2.031977e+01 1.540000e+00
      vertex   -3.189541e+01 -2.189541e+01 1.540000e+00
    endloop
  endfacet
  facet normal 0.000000e+00 0.000000e+00 -1.000000e+00
    outer loop
      vertex   -3.189541e+01 -2.189541e+01 1.540000e+00
      vertex   -3.065445e+01 -2.031977e+01 1.540000e+00
      vertex   -3.018698e+01 -2.081756e+01 1.540000e+00
    endloop
  endfacet
  facet normal 0.000000e+00 0.000000e+00 -1.000000e+00
    outer loop
      vertex   -3.189541e+01 -2.189541e+01 1.540000e+00
      vertex   -3.018698e+01 -2.081756e+01 1.540000e+00
      vertex   -2.983016e+01 -2.139980e+01 1.540000e+00
    endloop
  endfacet
  facet normal 0.000000e+00 0.000000e+00 -1.000000e+00
    outer loop
      vertex   -3.189541e+01 -2.189541e+01 1.540000e+00
      vertex   -2.983016e+01 -2.139980e+01 1.540000e+00
      vertex   -3.168087e+01 -2.217500e+01 1.540000e+00
    endloop
  endfacet
  facet normal 0.000000e+00 0.000000e+00 -1.000000e+00
    outer loop
      vertex   -3.168087e+01 -2.217500e+01 1.540000e+00
      vertex   -2.983016e+01 -2.139980e+01 1.540000e+00
      vertex   -2.959883e+01 -2.204230e+01 1.540000e+00
    endloop
  endfacet
  facet normal 0.000000e+00 0.000000e+00 -1.000000e+00
    outer loop
      vertex   -3.168087e+01 -2.217500e+01 1.540000e+00
      vertex   -2.959883e+01 -2.204230e+01 1.540000e+00
      vertex   -3.154600e+01 -2.250059e+01 1.540000e+00
    endloop
  endfacet
  facet normal 0.000000e+00 0.000000e+00 -1.000000e+00
    outer loop
      vertex   -3.154600e+01 -2.250059e+01 1.540000e+00
      vertex   -2.959883e+01 -2.204230e+01 1.540000e+00
      vertex   -2.950259e+01 -2.271836e+01 1.540000e+00
    endloop
  endfacet
  facet normal 0.000000e+00 0.000000e+00 -1.000000e+00
    outer loop
      vertex   -3.154600e+01 -2.250059e+01 1.540000e+00
      vertex   -2.950259e+01 -2.271836e+01 1.540000e+00
      vertex   -3.150000e+01 -2.285000e+01 1.540000e+00
    endloop
  endfacet
  facet normal 0.000000e+00 0.000000e+00 -1.000000e+00
    outer loop
      vertex   -3.150000e+01 -2.285000e+01 1.540000e+00
      vertex   -2.950259e+01 -2.271836e+01 1.540000e+00
      vertex   -2.954544e+01 -2.339989e+01 1.540000e+00
    endloop
  endfacet
  facet normal 0.000000e+00 -0.000000e+00 -1.000000e+00
    outer loop
      vertex   -3.150000e+01 -2.285000e+01 1.540000e+00
      vertex   -2.954544e+01 -2.339989e+01 1.540000e+00
      vertex   -3.154600e+01 -2.319941e+01 1.540000e+00
    endloop
  endfacet
  facet normal 0.000000e+00 0.000000e+00 -1.000000e+00
    outer loop
      vertex   -3.154600e+01 -2.319941e+01 1.540000e+00
      vertex   -2.954544e+01 -2.339989e+01 1.540000e+00
      vertex   -2.972560e+01 -2.405858e+01 1.540000e+00
    endloop
  endfacet
  facet normal 0.000000e+00 -0.000000e+00 -1.000000e+00
    outer loop
      vertex   -3.154600e+01 -2.319941e+01 1.540000e+00
      vertex   -2.972560e+01 -2.405858e+01 1.540000e+00
      vertex   -3.168087e+01 -2.352500e+01 1.540000e+00
    endloop
  endfacet
  facet normal 0.000000e+00 0.000000e+00 -1.000000e+00
    outer loop
      vertex   -3.168087e+01 -2.352500e+01 1.540000e+00
      vertex   -2.972560e+01 -2.405858e+01 1.540000e+00
      vertex   -3.003560e+01 -2.466704e+01 1.540000e+00
    endloop
  endfacet
  facet normal 0.000000e+00 -0.000000e+00 -1.000000e+00
    outer loop
      vertex   -3.168087e+01 -2.352500e+01 1.540000e+00
      vertex   -3.003560e+01 -2.466704e+01 1.540000e+00
      vertex   -3.189541e+01 -2.380459e+01 1.540000e+00
    endloop
  endfacet
  facet normal 0.000000e+00 0.000000e+00 -1.000000e+00
    outer loop
      vertex   -3.189541e+01 -2.380459e+01 1.540000e+00
      vertex   -3.003560e+01 -2.466704e+01 1.540000e+00
      vertex   -3.046253e+01 -2.520000e+01 1.540000e+00
    endloop
  endfacet
  facet normal 0.000000e+00 -0.000000e+00 -1.000000e+00
    outer loop
      vertex   -3.189541e+01 -2.380459e+01 1.540000e+00
      vertex   -3.046253e+01 -2.520000e+01 1.540000e+00
      vertex   -3.217500e+01 -2.401913e+01 1.540000e+00
    endloop
  endfacet
  facet normal 0.000000e+00 -0.000000e+00 -1.000000e+00
    outer loop
      vertex   -3.319941e+01 -2.415400e+01 1.540000e+00
      vertex   -3.285000e+01 -2.420000e+01 1.540000e+00
      vertex   -3.523747e+01 -2.520000e+01 1.540000e+00
    endloop
  endfacet
  facet normal -9.914449e-01 -1.305262e-01 -0.000000e+00
    outer loop
      vertex   -3.154600e+01 -2.250059e+01 4.540000e+00
      vertex   -3.154600e+01 -2.250059e+01 1.540000e+00
      vertex   -3.150000e+01 -2.285000e+01 4.540000e+00
    endloop
  endfacet
  facet normal -9.914449e-01 -1.305262e-01 -0.000000e+00
    outer loop
      vertex   -3.150000e+01 -2.285000e+01 4.540000e+00
      vertex   -3.154600e+01 -2.250059e+01 1.540000e+00
      vertex   -3.150000e+01 -2.285000e+01 1.540000e+00
    endloop
  endfacet
  facet normal -9.914449e-01 1.305262e-01 0.000000e+00
    outer loop
      vertex   -3.150000e+01 -2.285000e+01 4.540000e+00
      vertex   -3.150000e+01 -2.285000e+01 1.540000e+00
      vertex   -3.154600e+01 -2.319941e+01 4.540000e+00
    endloop
  endfacet
  facet normal -9.914449e-01 1.305262e-01 0.000000e+00
    outer loop
      vertex   -3.154600e+01 -2.319941e+01 4.540000e+00
      vertex   -3.150000e+01 -2.285000e+01 1.540000e+00
      vertex   -3.154600e+01 -2.319941e+01 1.540000e+00
    endloop
  endfacet
  facet normal -9.238795e-01 3.826834e-01 0.000000e+00
    outer loop
      vertex   -3.154600e+01 -2.319941e+01 4.540000e+00
      vertex   -3.154600e+01 -2.319941e+01 1.540000e+00
      vertex   -3.168087e+01 -2.352500e+01 4.540000e+00
    endloop
  endfacet
  facet normal -9.238795e-01 3.826834e-01 0.000000e+00
    outer loop
      vertex   -3.168087e+01 -2.352500e+01 4.540000e+00
      vertex   -3.154600e+01 -2.319941e+01 1.540000e+00
      vertex   -3.168087e+01 -2.352500e+01 1.540000e+00
    endloop
  endfacet
  facet normal -7.933533e-01 6.087614e-01 0.000000e+00
    outer loop
      vertex   -3.168087e+01 -2.352500e+01 4.540000e+00
      vertex   -3.168087e+01 -2.352500e+01 1.540000e+00
      vertex   -3.189541e+01 -2.380459e+01 4.540000e+00
    endloop
  endfacet
  facet normal -7.933533e-01 6.087614e-01 0.000000e+00
    outer loop
      vertex   -3.189541e+01 -2.380459e+01 4.540000e+00
      vertex   -3.168087e+01 -2.352500e+01 1.540000e+00
      vertex   -3.189541e+01 -2.380459e+01 1.540000e+00
    endloop
  endfacet
  facet normal -6.087614e-01 7.933533e-01 0.000000e+00
    outer loop
      vertex   -3.189541e+01 -2.380459e+01 4.540000e+00
      vertex   -3.189541e+01 -2.380459e+01 1.540000e+00
      vertex   -3.217500e+01 -2.401913e+01 4.540000e+00
    endloop
  endfacet
  facet normal -6.087614e-01 7.933533e-01 0.000000e+00
    outer loop
      vertex   -3.217500e+01 -2.401913e+01 4.540000e+00
      vertex   -3.189541e+01 -2.380459e+01 1.540000e+00
      vertex   -3.217500e+01 -2.401913e+01 1.540000e+00
    endloop
  endfacet
  facet normal -3.826834e-01 9.238795e-01 0.000000e+00
    outer loop
      vertex   -3.217500e+01 -2.401913e+01 4.540000e+00
      vertex   -3.217500e+01 -2.401913e+01 1.540000e+00
      vertex   -3.250059e+01 -2.415400e+01 4.540000e+00
    endloop
  endfacet
  facet normal -3.826834e-01 9.238795e-01 0.000000e+00
    outer loop
      vertex   -3.250059e+01 -2.415400e+01 4.540000e+00
      vertex   -3.217500e+01 -2.401913e+01 1.540000e+00
      vertex   -3.250059e+01 -2.415400e+01 1.540000e+00
    endloop
  endfacet
  facet normal -1.305262e-01 9.914449e-01 0.000000e+00
    outer loop
      vertex   -3.250059e+01 -2.415400e+01 4.540000e+00
      vertex   -3.250059e+01 -2.415400e+01 1.540000e+00
      vertex   -3.285000e+01 -2.420000e+01 4.540000e+00
    endloop
  endfacet
  facet normal -1.305262e-01 9.914449e-01 0.000000e+00
    outer loop
      vertex   -3.285000e+01 -2.420000e+01 4.540000e+00
      vertex   -3.250059e+01 -2.415400e+01 1.540000e+00
      vertex   -3.285000e+01 -2.420000e+01 1.540000e+00
    endloop
  endfacet
  facet normal 1.305262e-01 9.914449e-01 0.000000e+00
    outer loop
      vertex   -3.285000e+01 -2.420000e+01 4.540000e+00
      vertex   -3.285000e+01 -2.420000e+01 1.540000e+00
      vertex   -3.319941e+01 -2.415400e+01 4.540000e+00
    endloop
  endfacet
  facet normal 1.305262e-01 9.914449e-01 0.000000e+00
    outer loop
      vertex   -3.319941e+01 -2.415400e+01 4.540000e+00
      vertex   -3.285000e+01 -2.420000e+01 1.540000e+00
      vertex   -3.319941e+01 -2.415400e+01 1.540000e+00
    endloop
  endfacet
  facet normal 3.826834e-01 9.238795e-01 0.000000e+00
    outer loop
      vertex   -3.319941e+01 -2.415400e+01 4.540000e+00
      vertex   -3.319941e+01 -2.415400e+01 1.540000e+00
      vertex   -3.352500e+01 -2.401913e+01 4.540000e+00
    endloop
  endfacet
  facet normal 3.826834e-01 9.238795e-01 0.000000e+00
    outer loop
      vertex   -3.352500e+01 -2.401913e+01 4.540000e+00
      vertex   -3.319941e+01 -2.415400e+01 1.540000e+00
      vertex   -3.352500e+01 -2.401913e+01 1.540000e+00
    endloop
  endfacet
  facet normal 6.087614e-01 7.933533e-01 0.000000e+00
    outer loop
      vertex   -3.352500e+01 -2.401913e+01 4.540000e+00
      vertex   -3.352500e+01 -2.401913e+01 1.540000e+00
      vertex   -3.380459e+01 -2.380459e+01 4.540000e+00
    endloop
  endfacet
  facet normal 6.087614e-01 7.933533e-01 0.000000e+00
    outer loop
      vertex   -3.380459e+01 -2.380459e+01 4.540000e+00
      vertex   -3.352500e+01 -2.401913e+01 1.540000e+00
      vertex   -3.380459e+01 -2.380459e+01 1.540000e+00
    endloop
  endfacet
  facet normal 7.933533e-01 6.087614e-01 0.000000e+00
    outer loop
      vertex   -3.380459e+01 -2.380459e+01 4.540000e+00
      vertex   -3.380459e+01 -2.380459e+01 1.540000e+00
      vertex   -3.401913e+01 -2.352500e+01 4.540000e+00
    endloop
  endfacet
  facet normal 7.933533e-01 6.087614e-01 0.000000e+00
    outer loop
      vertex   -3.401913e+01 -2.352500e+01 4.540000e+00
      vertex   -3.380459e+01 -2.380459e+01 1.540000e+00
      vertex   -3.401913e+01 -2.352500e+01 1.540000e+00
    endloop
  endfacet
  facet normal 9.238795e-01 3.826834e-01 0.000000e+00
    outer loop
      vertex   -3.401913e+01 -2.352500e+01 4.540000e+00
      vertex   -3.401913e+01 -2.352500e+01 1.540000e+00
      vertex   -3.415400e+01 -2.319941e+01 4.540000e+00
    endloop
  endfacet
  facet normal 9.238795e-01 3.826834e-01 0.000000e+00
    outer loop
      vertex   -3.415400e+01 -2.319941e+01 4.540000e+00
      vertex   -3.401913e+01 -2.352500e+01 1.540000e+00
      vertex   -3.415400e+01 -2.319941e+01 1.540000e+00
    endloop
  endfacet
  facet normal 9.914449e-01 1.305262e-01 0.000000e+00
    outer loop
      vertex   -3.415400e+01 -2.319941e+01 4.540000e+00
      vertex   -3.415400e+01 -2.319941e+01 1.540000e+00
      vertex   -3.420000e+01 -2.285000e+01 4.540000e+00
    endloop
  endfacet
  facet normal 9.914449e-01 1.305262e-01 0.000000e+00
    outer loop
      vertex   -3.420000e+01 -2.285000e+01 4.540000e+00
      vertex   -3.415400e+01 -2.319941e+01 1.540000e+00
      vertex   -3.420000e+01 -2.285000e+01 1.540000e+00
    endloop
  endfacet
  facet normal 9.914449e-01 -1.305262e-01 0.000000e+00
    outer loop
      vertex   -3.420000e+01 -2.285000e+01 4.540000e+00
      vertex   -3.420000e+01 -2.285000e+01 1.540000e+00
      vertex   -3.415400e+01 -2.250059e+01 4.540000e+00
    endloop
  endfacet
  facet normal 9.914449e-01 -1.305262e-01 0.000000e+00
    outer loop
      vertex   -3.415400e+01 -2.250059e+01 4.540000e+00
      vertex   -3.420000e+01 -2.285000e+01 1.540000e+00
      vertex   -3.415400e+01 -2.250059e+01 1.540000e+00
    endloop
  endfacet
  facet normal 9.238795e-01 -3.826834e-01 0.000000e+00
    outer loop
      vertex   -3.415400e+01 -2.250059e+01 4.540000e+00
      vertex   -3.415400e+01 -2.250059e+01 1.540000e+00
      vertex   -3.401913e+01 -2.217500e+01 4.540000e+00
    endloop
  endfacet
  facet normal 9.238795e-01 -3.826834e-01 0.000000e+00
    outer loop
      vertex   -3.401913e+01 -2.217500e+01 4.540000e+00
      vertex   -3.415400e+01 -2.250059e+01 1.540000e+00
      vertex   -3.401913e+01 -2.217500e+01 1.540000e+00
    endloop
  endfacet
  facet normal 7.933533e-01 -6.087614e-01 0.000000e+00
    outer loop
      vertex   -3.401913e+01 -2.217500e+01 4.540000e+00
      vertex   -3.401913e+01 -2.217500e+01 1.540000e+00
      vertex   -3.380459e+01 -2.189541e+01 4.540000e+00
    endloop
  endfacet
  facet normal 7.933533e-01 -6.087614e-01 0.000000e+00
    outer loop
      vertex   -3.380459e+01 -2.189541e+01 4.540000e+00
      vertex   -3.401913e+01 -2.217500e+01 1.540000e+00
      vertex   -3.380459e+01 -2.189541e+01 1.540000e+00
    endloop
  endfacet
  facet normal 6.087614e-01 -7.933533e-01 0.000000e+00
    outer loop
      vertex   -3.380459e+01 -2.189541e+01 4.540000e+00
      vertex   -3.380459e+01 -2.189541e+01 1.540000e+00
      vertex   -3.352500e+01 -2.168087e+01 4.540000e+00
    endloop
  endfacet
  facet normal 6.087614e-01 -7.933533e-01 0.000000e+00
    outer loop
      vertex   -3.352500e+01 -2.168087e+01 4.540000e+00
      vertex   -3.380459e+01 -2.189541e+01 1.540000e+00
      vertex   -3.352500e+01 -2.168087e+01 1.540000e+00
    endloop
  endfacet
  facet normal 3.826834e-01 -9.238795e-01 0.000000e+00
    outer loop
      vertex   -3.352500e+01 -2.168087e+01 4.540000e+00
      vertex   -3.352500e+01 -2.168087e+01 1.540000e+00
      vertex   -3.319941e+01 -2.154600e+01 4.540000e+00
    endloop
  endfacet
  facet normal 3.826834e-01 -9.238795e-01 0.000000e+00
    outer loop
      vertex   -3.319941e+01 -2.154600e+01 4.540000e+00
      vertex   -3.352500e+01 -2.168087e+01 1.540000e+00
      vertex   -3.319941e+01 -2.154600e+01 1.540000e+00
    endloop
  endfacet
  facet normal 1.305262e-01 -9.914449e-01 0.000000e+00
    outer loop
      vertex   -3.319941e+01 -2.154600e+01 4.540000e+00
      vertex   -3.319941e+01 -2.154600e+01 1.540000e+00
      vertex   -3.285000e+01 -2.150000e+01 4.540000e+00
    endloop
  endfacet
  facet normal 1.305262e-01 -9.914449e-01 0.000000e+00
    outer loop
      vertex   -3.285000e+01 -2.150000e+01 4.540000e+00
      vertex   -3.319941e+01 -2.154600e+01 1.540000e+00
      vertex   -3.285000e+01 -2.150000e+01 1.540000e+00
    endloop
  endfacet
  facet normal -1.305262e-01 -9.914449e-01 -0.000000e+00
    outer loop
      vertex   -3.285000e+01 -2.150000e+01 4.540000e+00
      vertex   -3.285000e+01 -2.150000e+01 1.540000e+00
      vertex   -3.250059e+01 -2.154600e+01 4.540000e+00
    endloop
  endfacet
  facet normal -1.305262e-01 -9.914449e-01 -0.000000e+00
    outer loop
      vertex   -3.250059e+01 -2.154600e+01 4.540000e+00
      vertex   -3.285000e+01 -2.150000e+01 1.540000e+00
      vertex   -3.250059e+01 -2.154600e+01 1.540000e+00
    endloop
  endfacet
  facet normal -3.826834e-01 -9.238795e-01 -0.000000e+00
    outer loop
      vertex   -3.250059e+01 -2.154600e+01 4.540000e+00
      vertex   -3.250059e+01 -2.154600e+01 1.540000e+00
      vertex   -3.217500e+01 -2.168087e+01 4.540000e+00
    endloop
  endfacet
  facet normal -3.826834e-01 -9.238795e-01 -0.000000e+00
    outer loop
      vertex   -3.217500e+01 -2.168087e+01 4.540000e+00
      vertex   -3.250059e+01 -2.154600e+01 1.540000e+00
      vertex   -3.217500e+01 -2.168087e+01 1.540000e+00
    endloop
  endfacet
  facet normal -6.087614e-01 -7.933533e-01 -0.000000e+00
    outer loop
      vertex   -3.217500e+01 -2.168087e+01 4.540000e+00
      vertex   -3.217500e+01 -2.168087e+01 1.540000e+00
      vertex   -3.189541e+01 -2.189541e+01 4.540000e+00
    endloop
  endfacet
  facet normal -6.087614e-01 -7.933533e-01 -0.000000e+00
    outer loop
      vertex   -3.189541e+01 -2.189541e+01 4.540000e+00
      vertex   -3.217500e+01 -2.168087e+01 1.540000e+00
      vertex   -3.189541e+01 -2.189541e+01 1.540000e+00
    endloop
  endfacet
  facet normal -7.933533e-01 -6.087614e-01 -0.000000e+00
    outer loop
      vertex   -3.189541e+01 -2.189541e+01 4.540000e+00
      vertex   -3.189541e+01 -2.189541e+01 1.540000e+00
      vertex   -3.168087e+01 -2.217500e+01 4.540000e+00
    endloop
  endfacet
  facet normal -7.933533e-01 -6.087614e-01 -0.000000e+00
    outer loop
      vertex   -3.168087e+01 -2.217500e+01 4.540000e+00
      vertex   -3.189541e+01 -2.189541e+01 1.540000e+00
      vertex   -3.168087e+01 -2.217500e+01 1.540000e+00
    endloop
  endfacet
  facet normal -9.238795e-01 -3.826834e-01 -0.000000e+00
    outer loop
      vertex   -3.168087e+01 -2.217500e+01 4.540000e+00
      vertex   -3.168087e+01 -2.217500e+01 1.540000e+00
      vertex   -3.154600e+01 -2.250059e+01 4.540000e+00
    endloop
  endfacet
  facet normal -9.238795e-01 -3.826834e-01 -0.000000e+00
    outer loop
      vertex   -3.154600e+01 -2.250059e+01 4.540000e+00
      vertex   -3.168087e+01 -2.217500e+01 1.540000e+00
      vertex   -3.154600e+01 -2.250059e+01 1.540000e+00
    endloop
  endfacet
  facet normal 7.804630e-01 -6.252019e-01 0.000000e+00
    outer loop
      vertex   -3.046253e+01 -2.520000e+01 4.540000e+00
      vertex   -3.046253e+01 -2.520000e+01 1.540000e+00
      vertex   -3.003560e+01 -2.466704e+01 4.540000e+00
    endloop
  endfacet
  facet normal 7.804630e-01 -6.252019e-01 0.000000e+00
    outer loop
      vertex   -3.003560e+01 -2.466704e+01 4.540000e+00
      vertex   -3.046253e+01 -2.520000e+01 1.540000e+00
      vertex   -3.003560e+01 -2.466704e+01 1.540000e+00
    endloop
  endfacet
  facet normal 8.910281e-01 -4.539482e-01 0.000000e+00
    outer loop
      vertex   -3.003560e+01 -2.466704e+01 4.540000e+00
      vertex   -3.003560e+01 -2.466704e+01 1.540000e+00
      vertex   -2.972560e+01 -2.405858e+01 4.540000e+00
    endloop
  endfacet
  facet normal 8.910281e-01 -4.539482e-01 0.000000e+00
    outer loop
      vertex   -2.972560e+01 -2.405858e+01 4.540000e+00
      vertex   -3.003560e+01 -2.466704e+01 1.540000e+00
      vertex   -2.972560e+01 -2.405858e+01 1.540000e+00
    endloop
  endfacet
  facet normal 9.645687e-01 -2.638319e-01 0.000000e+00
    outer loop
      vertex   -2.972560e+01 -2.405858e+01 4.540000e+00
      vertex   -2.972560e+01 -2.405858e+01 1.540000e+00
      vertex   -2.954544e+01 -2.339989e+01 4.540000e+00
    endloop
  endfacet
  facet normal 9.645687e-01 -2.638319e-01 0.000000e+00
    outer loop
      vertex   -2.954544e+01 -2.339989e+01 4.540000e+00
      vertex   -2.972560e+01 -2.405858e+01 1.540000e+00
      vertex   -2.954544e+01 -2.339989e+01 1.540000e+00
    endloop
  endfacet
  facet normal 9.980291e-01 -6.275263e-02 0.000000e+00
    outer loop
      vertex   -2.954544e+01 -2.339989e+01 4.540000e+00
      vertex   -2.954544e+01 -2.339989e+01 1.540000e+00
      vertex   -2.950259e+01 -2.271836e+01 4.540000e+00
    endloop
  endfacet
  facet normal 9.980291e-01 -6.275263e-02 0.000000e+00
    outer loop
      vertex   -2.950259e+01 -2.271836e+01 4.540000e+00
      vertex   -2.954544e+01 -2.339989e+01 1.540000e+00
      vertex   -2.950259e+01 -2.271836e+01 1.540000e+00
    endloop
  endfacet
  facet normal 9.900190e-01 1.409341e-01 0.000000e+00
    outer loop
      vertex   -2.950259e+01 -2.271836e+01 4.540000e+00
      vertex   -2.950259e+01 -2.271836e+01 1.540000e+00
      vertex   -2.959883e+01 -2.204230e+01 4.540000e+00
    endloop
  endfacet
  facet normal 9.900190e-01 1.409341e-01 0.000000e+00
    outer loop
      vertex   -2.959883e+01 -2.204230e+01 4.540000e+00
      vertex   -2.950259e+01 -2.271836e+01 1.540000e+00
      vertex   -2.959883e+01 -2.204230e+01 1.540000e+00
    endloop
  endfacet
  facet normal 9.408711e-01 3.387647e-01 0.000000e+00
    outer loop
      vertex   -2.959883e+01 -2.204230e+01 4.540000e+00
      vertex   -2.959883e+01 -2.204230e+01 1.540000e+00
      vertex   -2.983016e+01 -2.139980e+01 4.540000e+00
    endloop
  endfacet
  facet normal 9.408711e-01 3.387647e-01 0.000000e+00
    outer loop
      vertex   -2.983016e+01 -2.139980e+01 4.540000e+00
      vertex   -2.959883e+01 -2.204230e+01 1.540000e+00
      vertex   -2.983016e+01 -2.139980e+01 1.540000e+00
    endloop
  endfacet
  facet normal 8.526278e-01 5.225188e-01 0.000000e+00
    outer loop
      vertex   -2.983016e+01 -2.139980e+01 4.540000e+00
      vertex   -2.983016e+01 -2.139980e+01 1.540000e+00
      vertex   -3.018698e+01 -2.081756e+01 4.540000e+00
    endloop
  endfacet
  facet normal 8.526278e-01 5.225188e-01 0.000000e+00
    outer loop
      vertex   -3.018698e+01 -2.081756e+01 4.540000e+00
      vertex   -2.983016e+01 -2.139980e+01 1.540000e+00
      vertex   -3.018698e+01 -2.081756e+01 1.540000e+00
    endloop
  endfacet
  facet normal 7.289556e-01 6.845609e-01 0.000000e+00
    outer loop
      vertex   -3.018698e+01 -2.081756e+01 4.540000e+00
      vertex   -3.018698e+01 -2.081756e+01 1.540000e+00
      vertex   -3.065445e+01 -2.031977e+01 4.540000e+00
    endloop
  endfacet
  facet normal 7.289556e-01 6.845609e-01 0.000000e+00
    outer loop
      vertex   -3.065445e+01 -2.031977e+01 4.540000e+00
      vertex   -3.018698e+01 -2.081756e+01 1.540000e+00
      vertex   -3.065445e+01 -2.031977e+01 1.540000e+00
    endloop
  endfacet
  facet normal 5.749936e-01 8.181579e-01 0.000000e+00
    outer loop
      vertex   -3.065445e+01 -2.031977e+01 4.540000e+00
      vertex   -3.065445e+01 -2.031977e+01 1.540000e+00
      vertex   -3.121315e+01 -1.992712e+01 4.540000e+00
    endloop
  endfacet
  facet normal 5.749936e-01 8.181579e-01 0.000000e+00
    outer loop
      vertex   -3.121315e+01 -1.992712e+01 4.540000e+00
      vertex   -3.065445e+01 -2.031977e+01 1.540000e+00
      vertex   -3.121315e+01 -1.992712e+01 1.540000e+00
    endloop
  endfacet
  facet normal 3.971392e-01 9.177584e-01 0.000000e+00
    outer loop
      vertex   -3.121315e+01 -1.992712e+01 4.540000e+00
      vertex   -3.121315e+01 -1.992712e+01 1.540000e+00
      vertex   -3.183987e+01 -1.965592e+01 4.540000e+00
    endloop
  endfacet
  facet normal 3.971392e-01 9.177584e-01 0.000000e+00
    outer loop
      vertex   -3.183987e+01 -1.965592e+01 4.540000e+00
      vertex   -3.121315e+01 -1.992712e+01 1.540000e+00
      vertex   -3.183987e+01 -1.965592e+01 1.540000e+00
    endloop
  endfacet
  facet normal 2.027826e-01 9.792238e-01 0.000000e+00
    outer loop
      vertex   -3.183987e+01 -1.965592e+01 4.540000e+00
      vertex   -3.183987e+01 -1.965592e+01 1.540000e+00
      vertex   -3.250856e+01 -1.951745e+01 4.540000e+00
    endloop
  endfacet
  facet normal 2.027826e-01 9.792238e-01 0.000000e+00
    outer loop
      vertex   -3.250856e+01 -1.951745e+01 4.540000e+00
      vertex   -3.183987e+01 -1.965592e+01 1.540000e+00
      vertex   -3.250856e+01 -1.951745e+01 1.540000e+00
    endloop
  endfacet
  facet normal 0.000000e+00 1.000000e+00 0.000000e+00
    outer loop
      vertex   -3.250856e+01 -1.951745e+01 4.540000e+00
      vertex   -3.250856e+01 -1.951745e+01 1.540000e+00
      vertex   -3.319144e+01 -1.951745e+01 4.540000e+00
    endloop
  endfacet
  facet normal 0.000000e+00 1.000000e+00 0.000000e+00
    outer loop
      vertex   -3.319144e+01 -1.951745e+01 4.540000e+00
      vertex   -3.250856e+01 -1.951745e+01 1.540000e+00
      vertex   -3.319144e+01 -1.951745e+01 1.540000e+00
    endloop
  endfacet
  facet normal -2.027826e-01 9.792238e-01 0.000000e+00
    outer loop
      vertex   -3.319144e+01 -1.951745e+01 4.540000e+00
      vertex   -3.319144e+01 -1.951745e+01 1.540000e+00
      vertex   -3.386013e+01 -1.965592e+01 4.540000e+00
    endloop
  endfacet
  facet normal -2.027826e-01 9.792238e-01 0.000000e+00
    outer loop
      vertex   -3.386013e+01 -1.965592e+01 4.540000e+00
      vertex   -3.319144e+01 -1.951745e+01 1.540000e+00
      vertex   -3.386013e+01 -1.965592e+01 1.540000e+00
    endloop
  endfacet
  facet normal -3.971392e-01 9.177584e-01 0.000000e+00
    outer loop
      vertex   -3.386013e+01 -1.965592e+01 4.540000e+00
      vertex   -3.386013e+01 -1.965592e+01 1.540000e+00
      vertex   -3.448685e+01 -1.992712e+01 4.540000e+00
    endloop
  endfacet
  facet normal -3.971392e-01 9.177584e-01 0.000000e+00
    outer loop
      vertex   -3.448685e+01 -1.992712e+01 4.540000e+00
      vertex   -3.386013e+01 -1.965592e+01 1.540000e+00
      vertex   -3.448685e+01 -1.992712e+01 1.540000e+00
    endloop
  endfacet
  facet normal -5.749936e-01 8.181579e-01 0.000000e+00
    outer loop
      vertex   -3.448685e+01 -1.992712e+01 4.540000e+00
      vertex   -3.448685e+01 -1.992712e+01 1.540000e+00
      vertex   -3.504555e+01 -2.031977e+01 4.540000e+00
    endloop
  endfacet
  facet normal -5.749936e-01 8.181579e-01 0.000000e+00
    outer loop
      vertex   -3.504555e+01 -2.031977e+01 4.540000e+00
      vertex   -3.448685e+01 -1.992712e+01 1.540000e+00
      vertex   -3.504555e+01 -2.031977e+01 1.540000e+00
    endloop
  endfacet
  facet normal -7.289556e-01 6.845609e-01 0.000000e+00
    outer loop
      vertex   -3.504555e+01 -2.031977e+01 4.540000e+00
      vertex   -3.504555e+01 -2.031977e+01 1.540000e+00
      vertex   -3.551302e+01 -2.081756e+01 4.540000e+00
    endloop
  endfacet
  facet normal -7.289556e-01 6.845609e-01 0.000000e+00
    outer loop
      vertex   -3.551302e+01 -2.081756e+01 4.540000e+00
      vertex   -3.504555e+01 -2.031977e+01 1.540000e+00
      vertex   -3.551302e+01 -2.081756e+01 1.540000e+00
    endloop
  endfacet
  facet normal -8.526278e-01 5.225188e-01 0.000000e+00
    outer loop
      vertex   -3.551302e+01 -2.081756e+01 4.540000e+00
      vertex   -3.551302e+01 -2.081756e+01 1.540000e+00
      vertex   -3.586984e+01 -2.139980e+01 4.540000e+00
    endloop
  endfacet
  facet normal -8.526278e-01 5.225188e-01 0.000000e+00
    outer loop
      vertex   -3.586984e+01 -2.139980e+01 4.540000e+00
      vertex   -3.551302e+01 -2.081756e+01 1.540000e+00
      vertex   -3.586984e+01 -2.139980e+01 1.540000e+00
    endloop
  endfacet
  facet normal -9.408711e-01 3.387647e-01 0.000000e+00
    outer loop
      vertex   -3.586984e+01 -2.139980e+01 4.540000e+00
      vertex   -3.586984e+01 -2.139980e+01 1.540000e+00
      vertex   -3.610117e+01 -2.204230e+01 4.540000e+00
    endloop
  endfacet
  facet normal -9.408711e-01 3.387647e-01 0.000000e+00
    outer loop
      vertex   -3.610117e+01 -2.204230e+01 4.540000e+00
      vertex   -3.586984e+01 -2.139980e+01 1.540000e+00
      vertex   -3.610117e+01 -2.204230e+01 1.540000e+00
    endloop
  endfacet
  facet normal -9.900190e-01 1.409341e-01 0.000000e+00
    outer loop
      vertex   -3.610117e+01 -2.204230e+01 4.540000e+00
      vertex   -3.610117e+01 -2.204230e+01 1.540000e+00
      vertex   -3.619741e+01 -2.271836e+01 4.540000e+00
    endloop
  endfacet
  facet normal -9.900190e-01 1.409341e-01 0.000000e+00
    outer loop
      vertex   -3.619741e+01 -2.271836e+01 4.540000e+00
      vertex   -3.610117e+01 -2.204230e+01 1.540000e+00
      vertex   -3.619741e+01 -2.271836e+01 1.540000e+00
    endloop
  endfacet
  facet normal -9.980291e-01 -6.275263e-02 -0.000000e+00
    outer loop
      vertex   -3.619741e+01 -2.271836e+01 4.540000e+00
      vertex   -3.619741e+01 -2.271836e+01 1.540000e+00
      vertex   -3.615456e+01 -2.339989e+01 4.540000e+00
    endloop
  endfacet
  facet normal -9.980291e-01 -6.275263e-02 -0.000000e+00
    outer loop
      vertex   -3.615456e+01 -2.339989e+01 4.540000e+00
      vertex   -3.619741e+01 -2.271836e+01 1.540000e+00
      vertex   -3.615456e+01 -2.339989e+01 1.540000e+00
    endloop
  endfacet
  facet normal -9.645687e-01 -2.638319e-01 -0.000000e+00
    outer loop
      vertex   -3.615456e+01 -2.339989e+01 4.540000e+00
      vertex   -3.615456e+01 -2.339989e+01 1.540000e+00
      vertex   -3.597440e+01 -2.405858e+01 4.540000e+00
    endloop
  endfacet
  facet normal -9.645687e-01 -2.638319e-01 -0.000000e+00
    outer loop
      vertex   -3.597440e+01 -2.405858e+01 4.540000e+00
      vertex   -3.615456e+01 -2.339989e+01 1.540000e+00
      vertex   -3.597440e+01 -2.405858e+01 1.540000e+00
    endloop
  endfacet
  facet normal -8.910281e-01 -4.539482e-01 -0.000000e+00
    outer loop
      vertex   -3.597440e+01 -2.405858e+01 4.540000e+00
      vertex   -3.597440e+01 -2.405858e+01 1.540000e+00
      vertex   -3.566440e+01 -2.466704e+01 4.540000e+00
    endloop
  endfacet
  facet normal -8.910281e-01 -4.539482e-01 -0.000000e+00
    outer loop
      vertex   -3.566440e+01 -2.466704e+01 4.540000e+00
      vertex   -3.597440e+01 -2.405858e+01 1.540000e+00
      vertex   -3.566440e+01 -2.466704e+01 1.540000e+00
    endloop
  endfacet
  facet normal -7.804630e-01 -6.252019e-01 -0.000000e+00
    outer loop
      vertex   -3.566440e+01 -2.466704e+01 4.540000e+00
      vertex   -3.566440e+01 -2.466704e+01 1.540000e+00
      vertex   -3.523747e+01 -2.520000e+01 4.540000e+00
    endloop
  endfacet
  facet normal -7.804630e-01 -6.252019e-01 -0.000000e+00
    outer loop
      vertex   -3.523747e+01 -2.520000e+01 4.540000e+00
      vertex   -3.566440e+01 -2.466704e+01 1.540000e+00
      vertex   -3.523747e+01 -2.520000e+01 1.540000e+00
    endloop
  endfacet
  facet normal 0.000000e+00 0.000000e+00 1.000000e+00
    outer loop
      vertex   -3.046253e+01 -2.520000e+01 4.540000e+00
      vertex   -3.285000e+01 -2.420000e+01 4.540000e+00
      vertex   -3.523747e+01 -2.520000e+01 4.540000e+00
    endloop
  endfacet
  facet normal 0.000000e+00 0.000000e+00 1.000000e+00
    outer loop
      vertex   -3.523747e+01 -2.520000e+01 4.540000e+00
      vertex   -3.285000e+01 -2.420000e+01 4.540000e+00
      vertex   -3.319941e+01 -2.415400e+01 4.540000e+00
    endloop
  endfacet
  facet normal 0.000000e+00 0.000000e+00 1.000000e+00
    outer loop
      vertex   -3.523747e+01 -2.520000e+01 4.540000e+00
      vertex   -3.319941e+01 -2.415400e+01 4.540000e+00
      vertex   -3.352500e+01 -2.401913e+01 4.540000e+00
    endloop
  endfacet
  facet normal 0.000000e+00 0.000000e+00 1.000000e+00
    outer loop
      vertex   -3.003560e+01 -2.466704e+01 4.540000e+00
      vertex   -3.189541e+01 -2.380459e+01 4.540000e+00
      vertex   -3.046253e+01 -2.520000e+01 4.540000e+00
    endloop
  endfacet
  facet normal 0.000000e+00 0.000000e+00 1.000000e+00
    outer loop
      vertex   -3.046253e+01 -2.520000e+01 4.540000e+00
      vertex   -3.189541e+01 -2.380459e+01 4.540000e+00
      vertex   -3.217500e+01 -2.401913e+01 4.540000e+00
    endloop
  endfacet
  facet normal 0.000000e+00 0.000000e+00 1.000000e+00
    outer loop
      vertex   -3.046253e+01 -2.520000e+01 4.540000e+00
      vertex   -3.217500e+01 -2.401913e+01 4.540000e+00
      vertex   -3.250059e+01 -2.415400e+01 4.540000e+00
    endloop
  endfacet
  facet normal -0.000000e+00 0.000000e+00 1.000000e+00
    outer loop
      vertex   -3.189541e+01 -2.380459e+01 4.540000e+00
      vertex   -3.003560e+01 -2.466704e+01 4.540000e+00
      vertex   -3.168087e+01 -2.352500e+01 4.540000e+00
    endloop
  endfacet
  facet normal 0.000000e+00 0.000000e+00 1.000000e+00
    outer loop
      vertex   -3.168087e+01 -2.352500e+01 4.540000e+00
      vertex   -3.003560e+01 -2.466704e+01 4.540000e+00
      vertex   -2.972560e+01 -2.405858e+01 4.540000e+00
    endloop
  endfacet
  facet normal -0.000000e+00 0.000000e+00 1.000000e+00
    outer loop
      vertex   -3.168087e+01 -2.352500e+01 4.540000e+00
      vertex   -2.972560e+01 -2.405858e+01 4.540000e+00
      vertex   -3.154600e+01 -2.319941e+01 4.540000e+00
    endloop
  endfacet
  facet normal 0.000000e+00 0.000000e+00 1.000000e+00
    outer loop
      vertex   -3.154600e+01 -2.319941e+01 4.540000e+00
      vertex   -2.972560e+01 -2.405858e+01 4.540000e+00
      vertex   -2.954544e+01 -2.339989e+01 4.540000e+00
    endloop
  endfacet
  facet normal -0.000000e+00 0.000000e+00 1.000000e+00
    outer loop
      vertex   -3.154600e+01 -2.319941e+01 4.540000e+00
      vertex   -2.954544e+01 -2.339989e+01 4.540000e+00
      vertex   -3.150000e+01 -2.285000e+01 4.540000e+00
    endloop
  endfacet
  facet normal -0.000000e+00 0.000000e+00 1.000000e+00
    outer loop
      vertex   -3.150000e+01 -2.285000e+01 4.540000e+00
      vertex   -2.954544e+01 -2.339989e+01 4.540000e+00
      vertex   -2.950259e+01 -2.271836e+01 4.540000e+00
    endloop
  endfacet
  facet normal 0.000000e+00 -0.000000e+00 1.000000e+00
    outer loop
      vertex   -3.150000e+01 -2.285000e+01 4.540000e+00
      vertex   -2.950259e+01 -2.271836e+01 4.540000e+00
      vertex   -3.154600e+01 -2.250059e+01 4.540000e+00
    endloop
  endfacet
  facet normal -0.000000e+00 0.000000e+00 1.000000e+00
    outer loop
      vertex   -3.154600e+01 -2.250059e+01 4.540000e+00
      vertex   -2.950259e+01 -2.271836e+01 4.540000e+00
      vertex   -2.959883e+01 -2.204230e+01 4.540000e+00
    endloop
  endfacet
  facet normal 0.000000e+00 -0.000000e+00 1.000000e+00
    outer loop
      vertex   -3.154600e+01 -2.250059e+01 4.540000e+00
      vertex   -2.959883e+01 -2.204230e+01 4.540000e+00
      vertex   -3.168087e+01 -2.217500e+01 4.540000e+00
    endloop
  endfacet
  facet normal 0.000000e+00 0.000000e+00 1.000000e+00
    outer loop
      vertex   -3.168087e+01 -2.217500e+01 4.540000e+00
      vertex   -2.959883e+01 -2.204230e+01 4.540000e+00
      vertex   -2.983016e+01 -2.139980e+01 4.540000e+00
    endloop
  endfacet
  facet normal 0.000000e+00 -0.000000e+00 1.000000e+00
    outer loop
      vertex   -3.168087e+01 -2.217500e+01 4.540000e+00
      vertex   -2.983016e+01 -2.139980e+01 4.540000e+00
      vertex   -3.189541e+01 -2.189541e+01 4.540000e+00
    endloop
  endfacet
  facet normal 0.000000e+00 0.000000e+00 1.000000e+00
    outer loop
      vertex   -3.189541e+01 -2.189541e+01 4.540000e+00
      vertex   -2.983016e+01 -2.139980e+01 4.540000e+00
      vertex   -3.018698e+01 -2.081756e+01 4.540000e+00
    endloop
  endfacet
  facet normal 0.000000e+00 0.000000e+00 1.000000e+00
    outer loop
      vertex   -3.189541e+01 -2.189541e+01 4.540000e+00
      vertex   -3.018698e+01 -2.081756e+01 4.540000e+00
      vertex   -3.065445e+01 -2.031977e+01 4.540000e+00
    endloop
  endfacet
  facet normal 0.000000e+00 -0.000000e+00 1.000000e+00
    outer loop
      vertex   -3.189541e+01 -2.189541e+01 4.540000e+00
      vertex   -3.065445e+01 -2.031977e+01 4.540000e+00
      vertex   -3.217500e+01 -2.168087e+01 4.540000e+00
    endloop
  endfacet
  facet normal 0.000000e+00 0.000000e+00 1.000000e+00
    outer loop
      vertex   -3.217500e+01 -2.168087e+01 4.540000e+00
      vertex   -3.065445e+01 -2.031977e+01 4.540000e+00
      vertex   -3.121315e+01 -1.992712e+01 4.540000e+00
    endloop
  endfacet
  facet normal 0.000000e+00 -0.000000e+00 1.000000e+00
    outer loop
      vertex   -3.217500e+01 -2.168087e+01 4.540000e+00
      vertex   -3.121315e+01 -1.992712e+01 4.540000e+00
      vertex   -3.250059e+01 -2.154600e+01 4.540000e+00
    endloop
  endfacet
  facet normal 0.000000e+00 0.000000e+00 1.000000e+00
    outer loop
      vertex   -3.250059e+01 -2.154600e+01 4.540000e+00
      vertex   -3.121315e+01 -1.992712e+01 4.540000e+00
      vertex   -3.183987e+01 -1.965592e+01 4.540000e+00
    endloop
  endfacet
  facet normal 0.000000e+00 -0.000000e+00 1.000000e+00
    outer loop
      vertex   -3.250059e+01 -2.154600e+01 4.540000e+00
      vertex   -3.183987e+01 -1.965592e+01 4.540000e+00
      vertex   -3.250856e+01 -1.951745e+01 4.540000e+00
    endloop
  endfacet
  facet normal 0.000000e+00 0.000000e+00 1.000000e+00
    outer loop
      vertex   -3.250059e+01 -2.154600e+01 4.540000e+00
      vertex   -3.250856e+01 -1.951745e+01 4.540000e+00
      vertex   -3.285000e+01 -2.150000e+01 4.540000e+00
    endloop
  endfacet
  facet normal 0.000000e+00 -0.000000e+00 1.000000e+00
    outer loop
      vertex   -3.285000e+01 -2.150000e+01 4.540000e+00
      vertex   -3.250856e+01 -1.951745e+01 4.540000e+00
      vertex   -3.319144e+01 -1.951745e+01 4.540000e+00
    endloop
  endfacet
  facet normal 0.000000e+00 0.000000e+00 1.000000e+00
    outer loop
      vertex   -3.285000e+01 -2.150000e+01 4.540000e+00
      vertex   -3.319144e+01 -1.951745e+01 4.540000e+00
      vertex   -3.319941e+01 -2.154600e+01 4.540000e+00
    endloop
  endfacet
  facet normal 0.000000e+00 -0.000000e+00 1.000000e+00
    outer loop
      vertex   -3.319941e+01 -2.154600e+01 4.540000e+00
      vertex   -3.319144e+01 -1.951745e+01 4.540000e+00
      vertex   -3.386013e+01 -1.965592e+01 4.540000e+00
    endloop
  endfacet
  facet normal 0.000000e+00 0.000000e+00 1.000000e+00
    outer loop
      vertex   -3.319941e+01 -2.154600e+01 4.540000e+00
      vertex   -3.386013e+01 -1.965592e+01 4.540000e+00
      vertex   -3.448685e+01 -1.992712e+01 4.540000e+00
    endloop
  endfacet
  facet normal 0.000000e+00 0.000000e+00 1.000000e+00
    outer loop
      vertex   -3.319941e+01 -2.154600e+01 4.540000e+00
      vertex   -3.448685e+01 -1.992712e+01 4.540000e+00
      vertex   -3.352500e+01 -2.168087e+01 4.540000e+00
    endloop
  endfacet
  facet normal 0.000000e+00 0.000000e+00 1.000000e+00
    outer loop
      vertex   -3.352500e+01 -2.168087e+01 4.540000e+00
      vertex   -3.448685e+01 -1.992712e+01 4.540000e+00
      vertex   -3.504555e+01 -2.031977e+01 4.540000e+00
    endloop
  endfacet
  facet normal 0.000000e+00 0.000000e+00 1.000000e+00
    outer loop
      vertex   -3.352500e+01 -2.168087e+01 4.540000e+00
      vertex   -3.504555e+01 -2.031977e+01 4.540000e+00
      vertex   -3.380459e+01 -2.189541e+01 4.540000e+00
    endloop
  endfacet
  facet normal 0.000000e+00 0.000000e+00 1.000000e+00
    outer loop
      vertex   -3.380459e+01 -2.189541e+01 4.540000e+00
      vertex   -3.504555e+01 -2.031977e+01 4.540000e+00
      vertex   -3.551302e+01 -2.081756e+01 4.540000e+00
    endloop
  endfacet
  facet normal 0.000000e+00 0.000000e+00 1.000000e+00
    outer loop
      vertex   -3.380459e+01 -2.189541e+01 4.540000e+00
      vertex   -3.551302e+01 -2.081756e+01 4.540000e+00
      vertex   -3.586984e+01 -2.139980e+01 4.540000e+00
    endloop
  endfacet
  facet normal 0.000000e+00 0.000000e+00 1.000000e+00
    outer loop
      vertex   -3.380459e+01 -2.189541e+01 4.540000e+00
      vertex   -3.586984e+01 -2.139980e+01 4.540000e+00
      vertex   -3.401913e+01 -2.217500e+01 4.540000e+00
    endloop
  endfacet
  facet normal 0.000000e+00 0.000000e+00 1.000000e+00
    outer loop
      vertex   -3.401913e+01 -2.217500e+01 4.540000e+00
      vertex   -3.586984e+01 -2.139980e+01 4.540000e+00
      vertex   -3.610117e+01 -2.204230e+01 4.540000e+00
    endloop
  endfacet
  facet normal 0.000000e+00 0.000000e+00 1.000000e+00
    outer loop
      vertex   -3.401913e+01 -2.217500e+01 4.540000e+00
      vertex   -3.610117e+01 -2.204230e+01 4.540000e+00
      vertex   -3.415400e+01 -2.250059e+01 4.540000e+00
    endloop
  endfacet
  facet normal 0.000000e+00 0.000000e+00 1.000000e+00
    outer loop
      vertex   -3.415400e+01 -2.250059e+01 4.540000e+00
      vertex   -3.610117e+01 -2.204230e+01 4.540000e+00
      vertex   -3.619741e+01 -2.271836e+01 4.540000e+00
    endloop
  endfacet
  facet normal 0.000000e+00 0.000000e+00 1.000000e+00
    outer loop
      vertex   -3.415400e+01 -2.250059e+01 4.540000e+00
      vertex   -3.619741e+01 -2.271836e+01 4.540000e+00
      vertex   -3.420000e+01 -2.285000e+01 4.540000e+00
    endloop
  endfacet
  facet normal 0.000000e+00 0.000000e+00 1.000000e+00
    outer loop
      vertex   -3.420000e+01 -2.285000e+01 4.540000e+00
      vertex   -3.619741e+01 -2.271836e+01 4.540000e+00
      vertex   -3.615456e+01 -2.339989e+01 4.540000e+00
    endloop
  endfacet
  facet normal 0.000000e+00 0.000000e+00 1.000000e+00
    outer loop
      vertex   -3.420000e+01 -2.285000e+01 4.540000e+00
      vertex   -3.615456e+01 -2.339989e+01 4.540000e+00
      vertex   -3.415400e+01 -2.319941e+01 4.540000e+00
    endloop
  endfacet
  facet normal 0.000000e+00 0.000000e+00 1.000000e+00
    outer loop
      vertex   -3.415400e+01 -2.319941e+01 4.540000e+00
      vertex   -3.615456e+01 -2.339989e+01 4.540000e+00
      vertex   -3.597440e+01 -2.405858e+01 4.540000e+00
    endloop
  endfacet
  facet normal 0.000000e+00 0.000000e+00 1.000000e+00
    outer loop
      vertex   -3.415400e+01 -2.319941e+01 4.540000e+00
      vertex   -3.597440e+01 -2.405858e+01 4.540000e+00
      vertex   -3.401913e+01 -2.352500e+01 4.540000e+00
    endloop
  endfacet
  facet normal 0.000000e+00 0.000000e+00 1.000000e+00
    outer loop
      vertex   -3.401913e+01 -2.352500e+01 4.540000e+00
      vertex   -3.597440e+01 -2.405858e+01 4.540000e+00
      vertex   -3.566440e+01 -2.466704e+01 4.540000e+00
    endloop
  endfacet
  facet normal 0.000000e+00 0.000000e+00 1.000000e+00
    outer loop
      vertex   -3.401913e+01 -2.352500e+01 4.540000e+00
      vertex   -3.566440e+01 -2.466704e+01 4.540000e+00
      vertex   -3.380459e+01 -2.380459e+01 4.540000e+00
    endloop
  endfacet
  facet normal 0.000000e+00 0.000000e+00 1.000000e+00
    outer loop
      vertex   -3.380459e+01 -2.380459e+01 4.540000e+00
      vertex   -3.566440e+01 -2.466704e+01 4.540000e+00
      vertex   -3.523747e+01 -2.520000e+01 4.540000e+00
    endloop
  endfacet
  facet normal 0.000000e+00 0.000000e+00 1.000000e+00
    outer loop
      vertex   -3.380459e+01 -2.380459e+01 4.540000e+00
      vertex   -3.523747e+01 -2.520000e+01 4.540000e+00
      vertex   -3.352500e+01 -2.401913e+01 4.540000e+00
    endloop
  endfacet
  facet normal 0.000000e+00 0.000000e+00 1.000000e+00
    outer loop
      vertex   -3.250059e+01 -2.415400e+01 4.540000e+00
      vertex   -3.285000e+01 -2.420000e+01 4.540000e+00
      vertex   -3.046253e+01 -2.520000e+01 4.540000e+00
    endloop
  endfacet
  facet normal -0.000000e+00 0.000000e+00 -1.000000e+00
    outer loop
      vertex   -3.003560e+01 2.466704e+01 1.540000e+00
      vertex   -3.018698e+01 2.081756e+01 1.540000e+00
      vertex   -3.046253e+01 2.520000e+01 1.540000e+00
    endloop
  endfacet
  facet normal 0.000000e+00 -0.000000e+00 -1.000000e+00
    outer loop
      vertex   -3.046253e+01 2.520000e+01 1.540000e+00
      vertex   -3.018698e+01 2.081756e+01 1.540000e+00
      vertex   -3.065445e+01 2.031977e+01 1.540000e+00
    endloop
  endfacet
  facet normal 0.000000e+00 0.000000e+00 -1.000000e+00
    outer loop
      vertex   -3.046253e+01 2.520000e+01 1.540000e+00
      vertex   -3.065445e+01 2.031977e+01 1.540000e+00
      vertex   -3.150000e+01 2.285000e+01 1.540000e+00
    endloop
  endfacet
  facet normal 0.000000e+00 -0.000000e+00 -1.000000e+00
    outer loop
      vertex   -3.150000e+01 2.285000e+01 1.540000e+00
      vertex   -3.065445e+01 2.031977e+01 1.540000e+00
      vertex   -3.154600e+01 2.250059e+01 1.540000e+00
    endloop
  endfacet
  facet normal 0.000000e+00 0.000000e+00 -1.000000e+00
    outer loop
      vertex   -3.154600e+01 2.250059e+01 1.540000e+00
      vertex   -3.065445e+01 2.031977e+01 1.540000e+00
      vertex   -3.121315e+01 1.992712e+01 1.540000e+00
    endloop
  endfacet
  facet normal 0.000000e+00 -0.000000e+00 -1.000000e+00
    outer loop
      vertex   -3.154600e+01 2.250059e+01 1.540000e+00
      vertex   -3.121315e+01 1.992712e+01 1.540000e+00
      vertex   -3.168087e+01 2.217500e+01 1.540000e+00
    endloop
  endfacet
  facet normal 0.000000e+00 -0.000000e+00 -1.000000e+00
    outer loop
      vertex   -3.168087e+01 2.217500e+01 1.540000e+00
      vertex   -3.121315e+01 1.992712e+01 1.540000e+00
      vertex   -3.183987e+01 1.965592e+01 1.540000e+00
    endloop
  endfacet
  facet normal 0.000000e+00 0.000000e+00 -1.000000e+00
    outer loop
      vertex   -3.168087e+01 2.217500e+01 1.540000e+00
      vertex   -3.183987e+01 1.965592e+01 1.540000e+00
      vertex   -3.189541e+01 2.189541e+01 1.540000e+00
    endloop
  endfacet
  facet normal 0.000000e+00 -0.000000e+00 -1.000000e+00
    outer loop
      vertex   -3.189541e+01 2.189541e+01 1.540000e+00
      vertex   -3.183987e+01 1.965592e+01 1.540000e+00
      vertex   -3.217500e+01 2.168087e+01 1.540000e+00
    endloop
  endfacet
  facet normal 0.000000e+00 -0.000000e+00 -1.000000e+00
    outer loop
      vertex   -3.217500e+01 2.168087e+01 1.540000e+00
      vertex   -3.183987e+01 1.965592e+01 1.540000e+00
      vertex   -3.250856e+01 1.951745e+01 1.540000e+00
    endloop
  endfacet
  facet normal 0.000000e+00 0.000000e+00 -1.000000e+00
    outer loop
      vertex   -3.217500e+01 2.168087e+01 1.540000e+00
      vertex   -3.250856e+01 1.951745e+01 1.540000e+00
      vertex   -3.250059e+01 2.154600e+01 1.540000e+00
    endloop
  endfacet
  facet normal 0.000000e+00 0.000000e+00 -1.000000e+00
    outer loop
      vertex   -3.250059e+01 2.154600e+01 1.540000e+00
      vertex   -3.250856e+01 1.951745e+01 1.540000e+00
      vertex   -3.285000e+01 2.150000e+01 1.540000e+00
    endloop
  endfacet
  facet normal 0.000000e+00 -0.000000e+00 -1.000000e+00
    outer loop
      vertex   -3.285000e+01 2.150000e+01 1.540000e+00
      vertex   -3.250856e+01 1.951745e+01 1.540000e+00
      vertex   -3.319144e+01 1.951745e+01 1.540000e+00
    endloop
  endfacet
  facet normal -0.000000e+00 0.000000e+00 -1.000000e+00
    outer loop
      vertex   -3.285000e+01 2.150000e+01 1.540000e+00
      vertex   -3.319144e+01 1.951745e+01 1.540000e+00
      vertex   -3.319941e+01 2.154600e+01 1.540000e+00
    endloop
  endfacet
  facet normal -0.000000e+00 -0.000000e+00 -1.000000e+00
    outer loop
      vertex   -3.319941e+01 2.154600e+01 1.540000e+00
      vertex   -3.319144e+01 1.951745e+01 1.540000e+00
      vertex   -3.352500e+01 2.168087e+01 1.540000e+00
    endloop
  endfacet
  facet normal 0.000000e+00 -0.000000e+00 -1.000000e+00
    outer loop
      vertex   -3.352500e+01 2.168087e+01 1.540000e+00
      vertex   -3.319144e+01 1.951745e+01 1.540000e+00
      vertex   -3.386013e+01 1.965592e+01 1.540000e+00
    endloop
  endfacet
  facet normal -0.000000e+00 0.000000e+00 -1.000000e+00
    outer loop
      vertex   -3.352500e+01 2.168087e+01 1.540000e+00
      vertex   -3.386013e+01 1.965592e+01 1.540000e+00
      vertex   -3.380459e+01 2.189541e+01 1.540000e+00
    endloop
  endfacet
  facet normal -0.000000e+00 0.000000e+00 -1.000000e+00
    outer loop
      vertex   -3.380459e+01 2.189541e+01 1.540000e+00
      vertex   -3.386013e+01 1.965592e+01 1.540000e+00
      vertex   -3.401913e+01 2.217500e+01 1.540000e+00
    endloop
  endfacet
  facet normal 0.000000e+00 -0.000000e+00 -1.000000e+00
    outer loop
      vertex   -3.401913e+01 2.217500e+01 1.540000e+00
      vertex   -3.386013e+01 1.965592e+01 1.540000e+00
      vertex   -3.448685e+01 1.992712e+01 1.540000e+00
    endloop
  endfacet
  facet normal -0.000000e+00 0.000000e+00 -1.000000e+00
    outer loop
      vertex   -3.401913e+01 2.217500e+01 1.540000e+00
      vertex   -3.448685e+01 1.992712e+01 1.540000e+00
      vertex   -3.415400e+01 2.250059e+01 1.540000e+00
    endloop
  endfacet
  facet normal 0.000000e+00 0.000000e+00 -1.000000e+00
    outer loop
      vertex   -3.415400e+01 2.250059e+01 1.540000e+00
      vertex   -3.448685e+01 1.992712e+01 1.540000e+00
      vertex   -3.504555e+01 2.031977e+01 1.540000e+00
    endloop
  endfacet
  facet normal -0.000000e+00 0.000000e+00 -1.000000e+00
    outer loop
      vertex   -3.415400e+01 2.250059e+01 1.540000e+00
      vertex   -3.504555e+01 2.031977e+01 1.540000e+00
      vertex   -3.420000e+01 2.285000e+01 1.540000e+00
    endloop
  endfacet
  facet normal -0.000000e+00 0.000000e+00 -1.000000e+00
    outer loop
      vertex   -3.420000e+01 2.285000e+01 1.540000e+00
      vertex   -3.504555e+01 2.031977e+01 1.540000e+00
      vertex   -3.523747e+01 2.520000e+01 1.540000e+00
    endloop
  endfacet
  facet normal 0.000000e+00 0.000000e+00 -1.000000e+00
    outer loop
      vertex   -3.420000e+01 2.285000e+01 1.540000e+00
      vertex   -3.523747e+01 2.520000e+01 1.540000e+00
      vertex   -3.415400e+01 2.319941e+01 1.540000e+00
    endloop
  endfacet
  facet normal 0.000000e+00 0.000000e+00 -1.000000e+00
    outer loop
      vertex   -3.415400e+01 2.319941e+01 1.540000e+00
      vertex   -3.523747e+01 2.520000e+01 1.540000e+00
      vertex   -3.401913e+01 2.352500e+01 1.540000e+00
    endloop
  endfacet
  facet normal 0.000000e+00 0.000000e+00 -1.000000e+00
    outer loop
      vertex   -3.401913e+01 2.352500e+01 1.540000e+00
      vertex   -3.523747e+01 2.520000e+01 1.540000e+00
      vertex   -3.380459e+01 2.380459e+01 1.540000e+00
    endloop
  endfacet
  facet normal 0.000000e+00 0.000000e+00 -1.000000e+00
    outer loop
      vertex   -3.380459e+01 2.380459e+01 1.540000e+00
      vertex   -3.523747e+01 2.520000e+01 1.540000e+00
      vertex   -3.352500e+01 2.401913e+01 1.540000e+00
    endloop
  endfacet
  facet normal 0.000000e+00 0.000000e+00 -1.000000e+00
    outer loop
      vertex   -3.352500e+01 2.401913e+01 1.540000e+00
      vertex   -3.523747e+01 2.520000e+01 1.540000e+00
      vertex   -3.523747e+01 4.350000e+01 1.540000e+00
    endloop
  endfacet
  facet normal 0.000000e+00 0.000000e+00 -1.000000e+00
    outer loop
      vertex   -3.352500e+01 2.401913e+01 1.540000e+00
      vertex   -3.523747e+01 4.350000e+01 1.540000e+00
      vertex   -3.319941e+01 2.415400e+01 1.540000e+00
    endloop
  endfacet
  facet normal 0.000000e+00 0.000000e+00 -1.000000e+00
    outer loop
      vertex   -3.319941e+01 2.415400e+01 1.540000e+00
      vertex   -3.523747e+01 4.350000e+01 1.540000e+00
      vertex   -3.285000e+01 2.420000e+01 1.540000e+00
    endloop
  endfacet
  facet normal 0.000000e+00 0.000000e+00 -1.000000e+00
    outer loop
      vertex   -3.285000e+01 2.420000e+01 1.540000e+00
      vertex   -3.523747e+01 4.350000e+01 1.540000e+00
      vertex   -3.046253e+01 4.350000e+01 1.540000e+00
    endloop
  endfacet
  facet normal 0.000000e+00 0.000000e+00 -1.000000e+00
    outer loop
      vertex   -3.285000e+01 2.420000e+01 1.540000e+00
      vertex   -3.046253e+01 4.350000e+01 1.540000e+00
      vertex   -3.250059e+01 2.415400e+01 1.540000e+00
    endloop
  endfacet
  facet normal 0.000000e+00 0.000000e+00 -1.000000e+00
    outer loop
      vertex   -3.250059e+01 2.415400e+01 1.540000e+00
      vertex   -3.046253e+01 4.350000e+01 1.540000e+00
      vertex   -3.217500e+01 2.401913e+01 1.540000e+00
    endloop
  endfacet
  facet normal 0.000000e+00 0.000000e+00 -1.000000e+00
    outer loop
      vertex   -3.217500e+01 2.401913e+01 1.540000e+00
      vertex   -3.046253e+01 4.350000e+01 1.540000e+00
      vertex   -3.046253e+01 2.520000e+01 1.540000e+00
    endloop
  endfacet
  facet normal 0.000000e+00 0.000000e+00 -1.000000e+00
    outer loop
      vertex   -3.217500e+01 2.401913e+01 1.540000e+00
      vertex   -3.046253e+01 2.520000e+01 1.540000e+00
      vertex   -3.189541e+01 2.380459e+01 1.540000e+00
    endloop
  endfacet
  facet normal 0.000000e+00 0.000000e+00 -1.000000e+00
    outer loop
      vertex   -3.189541e+01 2.380459e+01 1.540000e+00
      vertex   -3.046253e+01 2.520000e+01 1.540000e+00
      vertex   -3.168087e+01 2.352500e+01 1.540000e+00
    endloop
  endfacet
  facet normal 0.000000e+00 0.000000e+00 -1.000000e+00
    outer loop
      vertex   -3.168087e+01 2.352500e+01 1.540000e+00
      vertex   -3.046253e+01 2.520000e+01 1.540000e+00
      vertex   -3.154600e+01 2.319941e+01 1.540000e+00
    endloop
  endfacet
  facet normal 0.000000e+00 0.000000e+00 -1.000000e+00
    outer loop
      vertex   -3.154600e+01 2.319941e+01 1.540000e+00
      vertex   -3.046253e+01 2.520000e+01 1.540000e+00
      vertex   -3.150000e+01 2.285000e+01 1.540000e+00
    endloop
  endfacet
  facet normal 0.000000e+00 0.000000e+00 -1.000000e+00
    outer loop
      vertex   -3.018698e+01 2.081756e+01 1.540000e+00
      vertex   -3.003560e+01 2.466704e+01 1.540000e+00
      vertex   -2.983016e+01 2.139980e+01 1.540000e+00
    endloop
  endfacet
  facet normal 0.000000e+00 0.000000e+00 -1.000000e+00
    outer loop
      vertex   -2.983016e+01 2.139980e+01 1.540000e+00
      vertex   -3.003560e+01 2.466704e+01 1.540000e+00
      vertex   -2.972560e+01 2.405858e+01 1.540000e+00
    endloop
  endfacet
  facet normal 0.000000e+00 0.000000e+00 -1.000000e+00
    outer loop
      vertex   -2.983016e+01 2.139980e+01 1.540000e+00
      vertex   -2.972560e+01 2.405858e+01 1.540000e+00
      vertex   -2.959883e+01 2.204230e+01 1.540000e+00
    endloop
  endfacet
  facet normal 0.000000e+00 0.000000e+00 -1.000000e+00
    outer loop
      vertex   -2.959883e+01 2.204230e+01 1.540000e+00
      vertex   -2.972560e+01 2.405858e+01 1.540000e+00
      vertex   -2.954544e+01 2.339989e+01 1.540000e+00
    endloop
  endfacet
  facet normal 0.000000e+00 0.000000e+00 -1.000000e+00
    outer loop
      vertex   -2.959883e+01 2.204230e+01 1.540000e+00
      vertex   -2.954544e+01 2.339989e+01 1.540000e+00
      vertex   -2.950259e+01 2.271836e+01 1.540000e+00
    endloop
  endfacet
  facet normal 0.000000e+00 0.000000e+00 -1.000000e+00
    outer loop
      vertex   -3.504555e+01 2.031977e+01 1.540000e+00
      vertex   -3.551302e+01 2.081756e+01 1.540000e+00
      vertex   -3.523747e+01 2.520000e+01 1.540000e+00
    endloop
  endfacet
  facet normal 0.000000e+00 0.000000e+00 -1.000000e+00
    outer loop
      vertex   -3.523747e+01 2.520000e+01 1.540000e+00
      vertex   -3.551302e+01 2.081756e+01 1.540000e+00
      vertex   -3.566440e+01 2.466704e+01 1.540000e+00
    endloop
  endfacet
  facet normal 0.000000e+00 -0.000000e+00 -1.000000e+00
    outer loop
      vertex   -3.566440e+01 2.466704e+01 1.540000e+00
      vertex   -3.551302e+01 2.081756e+01 1.540000e+00
      vertex   -3.586984e+01 2.139980e+01 1.540000e+00
    endloop
  endfacet
  facet normal 0.000000e+00 0.000000e+00 -1.000000e+00
    outer loop
      vertex   -3.566440e+01 2.466704e+01 1.540000e+00
      vertex   -3.586984e+01 2.139980e+01 1.540000e+00
      vertex   -3.597440e+01 2.405858e+01 1.540000e+00
    endloop
  endfacet
  facet normal 0.000000e+00 -0.000000e+00 -1.000000e+00
    outer loop
      vertex   -3.597440e+01 2.405858e+01 1.540000e+00
      vertex   -3.586984e+01 2.139980e+01 1.540000e+00
      vertex   -3.610117e+01 2.204230e+01 1.540000e+00
    endloop
  endfacet
  facet normal 0.000000e+00 0.000000e+00 -1.000000e+00
    outer loop
      vertex   -3.597440e+01 2.405858e+01 1.540000e+00
      vertex   -3.610117e+01 2.204230e+01 1.540000e+00
      vertex   -3.615456e+01 2.339989e+01 1.540000e+00
    endloop
  endfacet
  facet normal 0.000000e+00 -0.000000e+00 -1.000000e+00
    outer loop
      vertex   -3.615456e+01 2.339989e+01 1.540000e+00
      vertex   -3.610117e+01 2.204230e+01 1.540000e+00
      vertex   -3.619741e+01 2.271836e+01 1.540000e+00
    endloop
  endfacet
  facet normal -9.914449e-01 -1.305262e-01 -0.000000e+00
    outer loop
      vertex   -3.154600e+01 2.319941e+01 4.540000e+00
      vertex   -3.154600e+01 2.319941e+01 1.540000e+00
      vertex   -3.150000e+01 2.285000e+01 4.540000e+00
    endloop
  endfacet
  facet normal -9.914449e-01 -1.305262e-01 -0.000000e+00
    outer loop
      vertex   -3.150000e+01 2.285000e+01 4.540000e+00
      vertex   -3.154600e+01 2.319941e+01 1.540000e+00
      vertex   -3.150000e+01 2.285000e+01 1.540000e+00
    endloop
  endfacet
  facet normal -9.914449e-01 1.305262e-01 0.000000e+00
    outer loop
      vertex   -3.150000e+01 2.285000e+01 4.540000e+00
      vertex   -3.150000e+01 2.285000e+01 1.540000e+00
      vertex   -3.154600e+01 2.250059e+01 4.540000e+00
    endloop
  endfacet
  facet normal -9.914449e-01 1.305262e-01 0.000000e+00
    outer loop
      vertex   -3.154600e+01 2.250059e+01 4.540000e+00
      vertex   -3.150000e+01 2.285000e+01 1.540000e+00
      vertex   -3.154600e+01 2.250059e+01 1.540000e+00
    endloop
  endfacet
  facet normal -9.238795e-01 3.826834e-01 0.000000e+00
    outer loop
      vertex   -3.154600e+01 2.250059e+01 4.540000e+00
      vertex   -3.154600e+01 2.250059e+01 1.540000e+00
      vertex   -3.168087e+01 2.217500e+01 4.540000e+00
    endloop
  endfacet
  facet normal -9.238795e-01 3.826834e-01 0.000000e+00
    outer loop
      vertex   -3.168087e+01 2.217500e+01 4.540000e+00
      vertex   -3.154600e+01 2.250059e+01 1.540000e+00
      vertex   -3.168087e+01 2.217500e+01 1.540000e+00
    endloop
  endfacet
  facet normal -7.933533e-01 6.087614e-01 0.000000e+00
    outer loop
      vertex   -3.168087e+01 2.217500e+01 4.540000e+00
      vertex   -3.168087e+01 2.217500e+01 1.540000e+00
      vertex   -3.189541e+01 2.189541e+01 4.540000e+00
    endloop
  endfacet
  facet normal -7.933533e-01 6.087614e-01 0.000000e+00
    outer loop
      vertex   -3.189541e+01 2.189541e+01 4.540000e+00
      vertex   -3.168087e+01 2.217500e+01 1.540000e+00
      vertex   -3.189541e+01 2.189541e+01 1.540000e+00
    endloop
  endfacet
  facet normal -6.087614e-01 7.933533e-01 0.000000e+00
    outer loop
      vertex   -3.189541e+01 2.189541e+01 4.540000e+00
      vertex   -3.189541e+01 2.189541e+01 1.540000e+00
      vertex   -3.217500e+01 2.168087e+01 4.540000e+00
    endloop
  endfacet
  facet normal -6.087614e-01 7.933533e-01 0.000000e+00
    outer loop
      vertex   -3.217500e+01 2.168087e+01 4.540000e+00
      vertex   -3.189541e+01 2.189541e+01 1.540000e+00
      vertex   -3.217500e+01 2.168087e+01 1.540000e+00
    endloop
  endfacet
  facet normal -3.826834e-01 9.238795e-01 0.000000e+00
    outer loop
      vertex   -3.217500e+01 2.168087e+01 4.540000e+00
      vertex   -3.217500e+01 2.168087e+01 1.540000e+00
      vertex   -3.250059e+01 2.154600e+01 4.540000e+00
    endloop
  endfacet
  facet normal -3.826834e-01 9.238795e-01 0.000000e+00
    outer loop
      vertex   -3.250059e+01 2.154600e+01 4.540000e+00
      vertex   -3.217500e+01 2.168087e+01 1.540000e+00
      vertex   -3.250059e+01 2.154600e+01 1.540000e+00
    endloop
  endfacet
  facet normal -1.305262e-01 9.914449e-01 0.000000e+00
    outer loop
      vertex   -3.250059e+01 2.154600e+01 4.540000e+00
      vertex   -3.250059e+01 2.154600e+01 1.540000e+00
      vertex   -3.285000e+01 2.150000e+01 4.540000e+00
    endloop
  endfacet
  facet normal -1.305262e-01 9.914449e-01 0.000000e+00
    outer loop
      vertex   -3.285000e+01 2.150000e+01 4.540000e+00
      vertex   -3.250059e+01 2.154600e+01 1.540000e+00
      vertex   -3.285000e+01 2.150000e+01 1.540000e+00
    endloop
  endfacet
  facet normal 1.305262e-01 9.914449e-01 0.000000e+00
    outer loop
      vertex   -3.285000e+01 2.150000e+01 4.540000e+00
      vertex   -3.285000e+01 2.150000e+01 1.540000e+00
      vertex   -3.319941e+01 2.154600e+01 4.540000e+00
    endloop
  endfacet
  facet normal 1.305262e-01 9.914449e-01 0.000000e+00
    outer loop
      vertex   -3.319941e+01 2.154600e+01 4.540000e+00
      vertex   -3.285000e+01 2.150000e+01 1.540000e+00
      vertex   -3.319941e+01 2.154600e+01 1.540000e+00
    endloop
  endfacet
  facet normal 3.826834e-01 9.238795e-01 0.000000e+00
    outer loop
      vertex   -3.319941e+01 2.154600e+01 4.540000e+00
      vertex   -3.319941e+01 2.154600e+01 1.540000e+00
      vertex   -3.352500e+01 2.168087e+01 4.540000e+00
    endloop
  endfacet
  facet normal 3.826834e-01 9.238795e-01 0.000000e+00
    outer loop
      vertex   -3.352500e+01 2.168087e+01 4.540000e+00
      vertex   -3.319941e+01 2.154600e+01 1.540000e+00
      vertex   -3.352500e+01 2.168087e+01 1.540000e+00
    endloop
  endfacet
  facet normal 6.087614e-01 7.933533e-01 0.000000e+00
    outer loop
      vertex   -3.352500e+01 2.168087e+01 4.540000e+00
      vertex   -3.352500e+01 2.168087e+01 1.540000e+00
      vertex   -3.380459e+01 2.189541e+01 4.540000e+00
    endloop
  endfacet
  facet normal 6.087614e-01 7.933533e-01 0.000000e+00
    outer loop
      vertex   -3.380459e+01 2.189541e+01 4.540000e+00
      vertex   -3.352500e+01 2.168087e+01 1.540000e+00
      vertex   -3.380459e+01 2.189541e+01 1.540000e+00
    endloop
  endfacet
  facet normal 7.933533e-01 6.087614e-01 0.000000e+00
    outer loop
      vertex   -3.380459e+01 2.189541e+01 4.540000e+00
      vertex   -3.380459e+01 2.189541e+01 1.540000e+00
      vertex   -3.401913e+01 2.217500e+01 4.540000e+00
    endloop
  endfacet
  facet normal 7.933533e-01 6.087614e-01 0.000000e+00
    outer loop
      vertex   -3.401913e+01 2.217500e+01 4.540000e+00
      vertex   -3.380459e+01 2.189541e+01 1.540000e+00
      vertex   -3.401913e+01 2.217500e+01 1.540000e+00
    endloop
  endfacet
  facet normal 9.238795e-01 3.826834e-01 0.000000e+00
    outer loop
      vertex   -3.401913e+01 2.217500e+01 4.540000e+00
      vertex   -3.401913e+01 2.217500e+01 1.540000e+00
      vertex   -3.415400e+01 2.250059e+01 4.540000e+00
    endloop
  endfacet
  facet normal 9.238795e-01 3.826834e-01 0.000000e+00
    outer loop
      vertex   -3.415400e+01 2.250059e+01 4.540000e+00
      vertex   -3.401913e+01 2.217500e+01 1.540000e+00
      vertex   -3.415400e+01 2.250059e+01 1.540000e+00
    endloop
  endfacet
  facet normal 9.914449e-01 1.305262e-01 0.000000e+00
    outer loop
      vertex   -3.415400e+01 2.250059e+01 4.540000e+00
      vertex   -3.415400e+01 2.250059e+01 1.540000e+00
      vertex   -3.420000e+01 2.285000e+01 4.540000e+00
    endloop
  endfacet
  facet normal 9.914449e-01 1.305262e-01 0.000000e+00
    outer loop
      vertex   -3.420000e+01 2.285000e+01 4.540000e+00
      vertex   -3.415400e+01 2.250059e+01 1.540000e+00
      vertex   -3.420000e+01 2.285000e+01 1.540000e+00
    endloop
  endfacet
  facet normal 9.914449e-01 -1.305262e-01 0.000000e+00
    outer loop
      vertex   -3.420000e+01 2.285000e+01 4.540000e+00
      vertex   -3.420000e+01 2.285000e+01 1.540000e+00
      vertex   -3.415400e+01 2.319941e+01 4.540000e+00
    endloop
  endfacet
  facet normal 9.914449e-01 -1.305262e-01 0.000000e+00
    outer loop
      vertex   -3.415400e+01 2.319941e+01 4.540000e+00
      vertex   -3.420000e+01 2.285000e+01 1.540000e+00
      vertex   -3.415400e+01 2.319941e+01 1.540000e+00
    endloop
  endfacet
  facet normal 9.238795e-01 -3.826834e-01 0.000000e+00
    outer loop
      vertex   -3.415400e+01 2.319941e+01 4.540000e+00
      vertex   -3.415400e+01 2.319941e+01 1.540000e+00
      vertex   -3.401913e+01 2.352500e+01 4.540000e+00
    endloop
  endfacet
  facet normal 9.238795e-01 -3.826834e-01 0.000000e+00
    outer loop
      vertex   -3.401913e+01 2.352500e+01 4.540000e+00
      vertex   -3.415400e+01 2.319941e+01 1.540000e+00
      vertex   -3.401913e+01 2.352500e+01 1.540000e+00
    endloop
  endfacet
  facet normal 7.933533e-01 -6.087614e-01 0.000000e+00
    outer loop
      vertex   -3.401913e+01 2.352500e+01 4.540000e+00
      vertex   -3.401913e+01 2.352500e+01 1.540000e+00
      vertex   -3.380459e+01 2.380459e+01 4.540000e+00
    endloop
  endfacet
  facet normal 7.933533e-01 -6.087614e-01 0.000000e+00
    outer loop
      vertex   -3.380459e+01 2.380459e+01 4.540000e+00
      vertex   -3.401913e+01 2.352500e+01 1.540000e+00
      vertex   -3.380459e+01 2.380459e+01 1.540000e+00
    endloop
  endfacet
  facet normal 6.087614e-01 -7.933533e-01 0.000000e+00
    outer loop
      vertex   -3.380459e+01 2.380459e+01 4.540000e+00
      vertex   -3.380459e+01 2.380459e+01 1.540000e+00
      vertex   -3.352500e+01 2.401913e+01 4.540000e+00
    endloop
  endfacet
  facet normal 6.087614e-01 -7.933533e-01 0.000000e+00
    outer loop
      vertex   -3.352500e+01 2.401913e+01 4.540000e+00
      vertex   -3.380459e+01 2.380459e+01 1.540000e+00
      vertex   -3.352500e+01 2.401913e+01 1.540000e+00
    endloop
  endfacet
  facet normal 3.826834e-01 -9.238795e-01 0.000000e+00
    outer loop
      vertex   -3.352500e+01 2.401913e+01 4.540000e+00
      vertex   -3.352500e+01 2.401913e+01 1.540000e+00
      vertex   -3.319941e+01 2.415400e+01 4.540000e+00
    endloop
  endfacet
  facet normal 3.826834e-01 -9.238795e-01 0.000000e+00
    outer loop
      vertex   -3.319941e+01 2.415400e+01 4.540000e+00
      vertex   -3.352500e+01 2.401913e+01 1.540000e+00
      vertex   -3.319941e+01 2.415400e+01 1.540000e+00
    endloop
  endfacet
  facet normal 1.305262e-01 -9.914449e-01 0.000000e+00
    outer loop
      vertex   -3.319941e+01 2.415400e+01 4.540000e+00
      vertex   -3.319941e+01 2.415400e+01 1.540000e+00
      vertex   -3.285000e+01 2.420000e+01 4.540000e+00
    endloop
  endfacet
  facet normal 1.305262e-01 -9.914449e-01 0.000000e+00
    outer loop
      vertex   -3.285000e+01 2.420000e+01 4.540000e+00
      vertex   -3.319941e+01 2.415400e+01 1.540000e+00
      vertex   -3.285000e+01 2.420000e+01 1.540000e+00
    endloop
  endfacet
  facet normal -1.305262e-01 -9.914449e-01 -0.000000e+00
    outer loop
      vertex   -3.285000e+01 2.420000e+01 4.540000e+00
      vertex   -3.285000e+01 2.420000e+01 1.540000e+00
      vertex   -3.250059e+01 2.415400e+01 4.540000e+00
    endloop
  endfacet
  facet normal -1.305262e-01 -9.914449e-01 -0.000000e+00
    outer loop
      vertex   -3.250059e+01 2.415400e+01 4.540000e+00
      vertex   -3.285000e+01 2.420000e+01 1.540000e+00
      vertex   -3.250059e+01 2.415400e+01 1.540000e+00
    endloop
  endfacet
  facet normal -3.826834e-01 -9.238795e-01 -0.000000e+00
    outer loop
      vertex   -3.250059e+01 2.415400e+01 4.540000e+00
      vertex   -3.250059e+01 2.415400e+01 1.540000e+00
      vertex   -3.217500e+01 2.401913e+01 4.540000e+00
    endloop
  endfacet
  facet normal -3.826834e-01 -9.238795e-01 -0.000000e+00
    outer loop
      vertex   -3.217500e+01 2.401913e+01 4.540000e+00
      vertex   -3.250059e+01 2.415400e+01 1.540000e+00
      vertex   -3.217500e+01 2.401913e+01 1.540000e+00
    endloop
  endfacet
  facet normal -6.087614e-01 -7.933533e-01 -0.000000e+00
    outer loop
      vertex   -3.217500e+01 2.401913e+01 4.540000e+00
      vertex   -3.217500e+01 2.401913e+01 1.540000e+00
      vertex   -3.189541e+01 2.380459e+01 4.540000e+00
    endloop
  endfacet
  facet normal -6.087614e-01 -7.933533e-01 -0.000000e+00
    outer loop
      vertex   -3.189541e+01 2.380459e+01 4.540000e+00
      vertex   -3.217500e+01 2.401913e+01 1.540000e+00
      vertex   -3.189541e+01 2.380459e+01 1.540000e+00
    endloop
  endfacet
  facet normal -7.933533e-01 -6.087614e-01 -0.000000e+00
    outer loop
      vertex   -3.189541e+01 2.380459e+01 4.540000e+00
      vertex   -3.189541e+01 2.380459e+01 1.540000e+00
      vertex   -3.168087e+01 2.352500e+01 4.540000e+00
    endloop
  endfacet
  facet normal -7.933533e-01 -6.087614e-01 -0.000000e+00
    outer loop
      vertex   -3.168087e+01 2.352500e+01 4.540000e+00
      vertex   -3.189541e+01 2.380459e+01 1.540000e+00
      vertex   -3.168087e+01 2.352500e+01 1.540000e+00
    endloop
  endfacet
  facet normal -9.238795e-01 -3.826834e-01 -0.000000e+00
    outer loop
      vertex   -3.168087e+01 2.352500e+01 4.540000e+00
      vertex   -3.168087e+01 2.352500e+01 1.540000e+00
      vertex   -3.154600e+01 2.319941e+01 4.540000e+00
    endloop
  endfacet
  facet normal -9.238795e-01 -3.826834e-01 -0.000000e+00
    outer loop
      vertex   -3.154600e+01 2.319941e+01 4.540000e+00
      vertex   -3.168087e+01 2.352500e+01 1.540000e+00
      vertex   -3.154600e+01 2.319941e+01 1.540000e+00
    endloop
  endfacet
  facet normal -7.804630e-01 6.252019e-01 0.000000e+00
    outer loop
      vertex   -3.523747e+01 2.520000e+01 4.540000e+00
      vertex   -3.523747e+01 2.520000e+01 1.540000e+00
      vertex   -3.566440e+01 2.466704e+01 4.540000e+00
    endloop
  endfacet
  facet normal -7.804630e-01 6.252019e-01 0.000000e+00
    outer loop
      vertex   -3.566440e+01 2.466704e+01 4.540000e+00
      vertex   -3.523747e+01 2.520000e+01 1.540000e+00
      vertex   -3.566440e+01 2.466704e+01 1.540000e+00
    endloop
  endfacet
  facet normal -8.910281e-01 4.539482e-01 0.000000e+00
    outer loop
      vertex   -3.566440e+01 2.466704e+01 4.540000e+00
      vertex   -3.566440e+01 2.466704e+01 1.540000e+00
      vertex   -3.597440e+01 2.405858e+01 4.540000e+00
    endloop
  endfacet
  facet normal -8.910281e-01 4.539482e-01 0.000000e+00
    outer loop
      vertex   -3.597440e+01 2.405858e+01 4.540000e+00
      vertex   -3.566440e+01 2.466704e+01 1.540000e+00
      vertex   -3.597440e+01 2.405858e+01 1.540000e+00
    endloop
  endfacet
  facet normal -9.645687e-01 2.638319e-01 0.000000e+00
    outer loop
      vertex   -3.597440e+01 2.405858e+01 4.540000e+00
      vertex   -3.597440e+01 2.405858e+01 1.540000e+00
      vertex   -3.615456e+01 2.339989e+01 4.540000e+00
    endloop
  endfacet
  facet normal -9.645687e-01 2.638319e-01 0.000000e+00
    outer loop
      vertex   -3.615456e+01 2.339989e+01 4.540000e+00
      vertex   -3.597440e+01 2.405858e+01 1.540000e+00
      vertex   -3.615456e+01 2.339989e+01 1.540000e+00
    endloop
  endfacet
  facet normal -9.980291e-01 6.275263e-02 0.000000e+00
    outer loop
      vertex   -3.615456e+01 2.339989e+01 4.540000e+00
      vertex   -3.615456e+01 2.339989e+01 1.540000e+00
      vertex   -3.619741e+01 2.271836e+01 4.540000e+00
    endloop
  endfacet
  facet normal -9.980291e-01 6.275263e-02 0.000000e+00
    outer loop
      vertex   -3.619741e+01 2.271836e+01 4.540000e+00
      vertex   -3.615456e+01 2.339989e+01 1.540000e+00
      vertex   -3.619741e+01 2.271836e+01 1.540000e+00
    endloop
  endfacet
  facet normal -9.900190e-01 -1.409341e-01 -0.000000e+00
    outer loop
      vertex   -3.619741e+01 2.271836e+01 4.540000e+00
      vertex   -3.619741e+01 2.271836e+01 1.540000e+00
      vertex   -3.610117e+01 2.204230e+01 4.540000e+00
    endloop
  endfacet
  facet normal -9.900190e-01 -1.409341e-01 -0.000000e+00
    outer loop
      vertex   -3.610117e+01 2.204230e+01 4.540000e+00
      vertex   -3.619741e+01 2.271836e+01 1.540000e+00
      vertex   -3.610117e+01 2.204230e+01 1.540000e+00
    endloop
  endfacet
  facet normal -9.408711e-01 -3.387647e-01 -0.000000e+00
    outer loop
      vertex   -3.610117e+01 2.204230e+01 4.540000e+00
      vertex   -3.610117e+01 2.204230e+01 1.540000e+00
      vertex   -3.586984e+01 2.139980e+01 4.540000e+00
    endloop
  endfacet
  facet normal -9.408711e-01 -3.387647e-01 -0.000000e+00
    outer loop
      vertex   -3.586984e+01 2.139980e+01 4.540000e+00
      vertex   -3.610117e+01 2.204230e+01 1.540000e+00
      vertex   -3.586984e+01 2.139980e+01 1.540000e+00
    endloop
  endfacet
  facet normal -8.526278e-01 -5.225188e-01 -0.000000e+00
    outer loop
      vertex   -3.586984e+01 2.139980e+01 4.540000e+00
      vertex   -3.586984e+01 2.139980e+01 1.540000e+00
      vertex   -3.551302e+01 2.081756e+01 4.540000e+00
    endloop
  endfacet
  facet normal -8.526278e-01 -5.225188e-01 -0.000000e+00
    outer loop
      vertex   -3.551302e+01 2.081756e+01 4.540000e+00
      vertex   -3.586984e+01 2.139980e+01 1.540000e+00
      vertex   -3.551302e+01 2.081756e+01 1.540000e+00
    endloop
  endfacet
  facet normal -7.289556e-01 -6.845609e-01 -0.000000e+00
    outer loop
      vertex   -3.551302e+01 2.081756e+01 4.540000e+00
      vertex   -3.551302e+01 2.081756e+01 1.540000e+00
      vertex   -3.504555e+01 2.031977e+01 4.540000e+00
    endloop
  endfacet
  facet normal -7.289556e-01 -6.845609e-01 -0.000000e+00
    outer loop
      vertex   -3.504555e+01 2.031977e+01 4.540000e+00
      vertex   -3.551302e+01 2.081756e+01 1.540000e+00
      vertex   -3.504555e+01 2.031977e+01 1.540000e+00
    endloop
  endfacet
  facet normal -5.749936e-01 -8.181579e-01 -0.000000e+00
    outer loop
      vertex   -3.504555e+01 2.031977e+01 4.540000e+00
      vertex   -3.504555e+01 2.031977e+01 1.540000e+00
      vertex   -3.448685e+01 1.992712e+01 4.540000e+00
    endloop
  endfacet
  facet normal -5.749936e-01 -8.181579e-01 -0.000000e+00
    outer loop
      vertex   -3.448685e+01 1.992712e+01 4.540000e+00
      vertex   -3.504555e+01 2.031977e+01 1.540000e+00
      vertex   -3.448685e+01 1.992712e+01 1.540000e+00
    endloop
  endfacet
  facet normal -3.971392e-01 -9.177584e-01 -0.000000e+00
    outer loop
      vertex   -3.448685e+01 1.992712e+01 4.540000e+00
      vertex   -3.448685e+01 1.992712e+01 1.540000e+00
      vertex   -3.386013e+01 1.965592e+01 4.540000e+00
    endloop
  endfacet
  facet normal -3.971392e-01 -9.177584e-01 -0.000000e+00
    outer loop
      vertex   -3.386013e+01 1.965592e+01 4.540000e+00
      vertex   -3.448685e+01 1.992712e+01 1.540000e+00
      vertex   -3.386013e+01 1.965592e+01 1.540000e+00
    endloop
  endfacet
  facet normal -2.027826e-01 -9.792238e-01 -0.000000e+00
    outer loop
      vertex   -3.386013e+01 1.965592e+01 4.540000e+00
      vertex   -3.386013e+01 1.965592e+01 1.540000e+00
      vertex   -3.319144e+01 1.951745e+01 4.540000e+00
    endloop
  endfacet
  facet normal -2.027826e-01 -9.792238e-01 -0.000000e+00
    outer loop
      vertex   -3.319144e+01 1.951745e+01 4.540000e+00
      vertex   -3.386013e+01 1.965592e+01 1.540000e+00
      vertex   -3.319144e+01 1.951745e+01 1.540000e+00
    endloop
  endfacet
  facet normal 0.000000e+00 -1.000000e+00 0.000000e+00
    outer loop
      vertex   -3.319144e+01 1.951745e+01 4.540000e+00
      vertex   -3.319144e+01 1.951745e+01 1.540000e+00
      vertex   -3.250856e+01 1.951745e+01 4.540000e+00
    endloop
  endfacet
  facet normal 0.000000e+00 -1.000000e+00 -0.000000e+00
    outer loop
      vertex   -3.250856e+01 1.951745e+01 4.540000e+00
      vertex   -3.319144e+01 1.951745e+01 1.540000e+00
      vertex   -3.250856e+01 1.951745e+01 1.540000e+00
    endloop
  endfacet
  facet normal 2.027826e-01 -9.792238e-01 0.000000e+00
    outer loop
      vertex   -3.250856e+01 1.951745e+01 4.540000e+00
      vertex   -3.250856e+01 1.951745e+01 1.540000e+00
      vertex   -3.183987e+01 1.965592e+01 4.540000e+00
    endloop
  endfacet
  facet normal 2.027826e-01 -9.792238e-01 0.000000e+00
    outer loop
      vertex   -3.183987e+01 1.965592e+01 4.540000e+00
      vertex   -3.250856e+01 1.951745e+01 1.540000e+00
      vertex   -3.183987e+01 1.965592e+01 1.540000e+00
    endloop
  endfacet
  facet normal 3.971392e-01 -9.177584e-01 0.000000e+00
    outer loop
      vertex   -3.183987e+01 1.965592e+01 4.540000e+00
      vertex   -3.183987e+01 1.965592e+01 1.540000e+00
      vertex   -3.121315e+01 1.992712e+01 4.540000e+00
    endloop
  endfacet
  facet normal 3.971392e-01 -9.177584e-01 0.000000e+00
    outer loop
      vertex   -3.121315e+01 1.992712e+01 4.540000e+00
      vertex   -3.183987e+01 1.965592e+01 1.540000e+00
      vertex   -3.121315e+01 1.992712e+01 1.540000e+00
    endloop
  endfacet
  facet normal 5.749936e-01 -8.181579e-01 0.000000e+00
    outer loop
      vertex   -3.121315e+01 1.992712e+01 4.540000e+00
      vertex   -3.121315e+01 1.992712e+01 1.540000e+00
      vertex   -3.065445e+01 2.031977e+01 4.540000e+00
    endloop
  endfacet
  facet normal 5.749936e-01 -8.181579e-01 0.000000e+00
    outer loop
      vertex   -3.065445e+01 2.031977e+01 4.540000e+00
      vertex   -3.121315e+01 1.992712e+01 1.540000e+00
      vertex   -3.065445e+01 2.031977e+01 1.540000e+00
    endloop
  endfacet
  facet normal 7.289556e-01 -6.845609e-01 0.000000e+00
    outer loop
      vertex   -3.065445e+01 2.031977e+01 4.540000e+00
      vertex   -3.065445e+01 2.031977e+01 1.540000e+00
      vertex   -3.018698e+01 2.081756e+01 4.540000e+00
    endloop
  endfacet
  facet normal 7.289556e-01 -6.845609e-01 0.000000e+00
    outer loop
      vertex   -3.018698e+01 2.081756e+01 4.540000e+00
      vertex   -3.065445e+01 2.031977e+01 1.540000e+00
      vertex   -3.018698e+01 2.081756e+01 1.540000e+00
    endloop
  endfacet
  facet normal 8.526278e-01 -5.225188e-01 0.000000e+00
    outer loop
      vertex   -3.018698e+01 2.081756e+01 4.540000e+00
      vertex   -3.018698e+01 2.081756e+01 1.540000e+00
      vertex   -2.983016e+01 2.139980e+01 4.540000e+00
    endloop
  endfacet
  facet normal 8.526278e-01 -5.225188e-01 0.000000e+00
    outer loop
      vertex   -2.983016e+01 2.139980e+01 4.540000e+00
      vertex   -3.018698e+01 2.081756e+01 1.540000e+00
      vertex   -2.983016e+01 2.139980e+01 1.540000e+00
    endloop
  endfacet
  facet normal 9.408711e-01 -3.387647e-01 0.000000e+00
    outer loop
      vertex   -2.983016e+01 2.139980e+01 4.540000e+00
      vertex   -2.983016e+01 2.139980e+01 1.540000e+00
      vertex   -2.959883e+01 2.204230e+01 4.540000e+00
    endloop
  endfacet
  facet normal 9.408711e-01 -3.387647e-01 0.000000e+00
    outer loop
      vertex   -2.959883e+01 2.204230e+01 4.540000e+00
      vertex   -2.983016e+01 2.139980e+01 1.540000e+00
      vertex   -2.959883e+01 2.204230e+01 1.540000e+00
    endloop
  endfacet
  facet normal 9.900190e-01 -1.409341e-01 0.000000e+00
    outer loop
      vertex   -2.959883e+01 2.204230e+01 4.540000e+00
      vertex   -2.959883e+01 2.204230e+01 1.540000e+00
      vertex   -2.950259e+01 2.271836e+01 4.540000e+00
    endloop
  endfacet
  facet normal 9.900190e-01 -1.409341e-01 0.000000e+00
    outer loop
      vertex   -2.950259e+01 2.271836e+01 4.540000e+00
      vertex   -2.959883e+01 2.204230e+01 1.540000e+00
      vertex   -2.950259e+01 2.271836e+01 1.540000e+00
    endloop
  endfacet
  facet normal 9.980291e-01 6.275263e-02 0.000000e+00
    outer loop
      vertex   -2.950259e+01 2.271836e+01 4.540000e+00
      vertex   -2.950259e+01 2.271836e+01 1.540000e+00
      vertex   -2.954544e+01 2.339989e+01 4.540000e+00
    endloop
  endfacet
  facet normal 9.980291e-01 6.275263e-02 0.000000e+00
    outer loop
      vertex   -2.954544e+01 2.339989e+01 4.540000e+00
      vertex   -2.950259e+01 2.271836e+01 1.540000e+00
      vertex   -2.954544e+01 2.339989e+01 1.540000e+00
    endloop
  endfacet
  facet normal 9.645687e-01 2.638319e-01 0.000000e+00
    outer loop
      vertex   -2.954544e+01 2.339989e+01 4.540000e+00
      vertex   -2.954544e+01 2.339989e+01 1.540000e+00
      vertex   -2.972560e+01 2.405858e+01 4.540000e+00
    endloop
  endfacet
  facet normal 9.645687e-01 2.638319e-01 0.000000e+00
    outer loop
      vertex   -2.972560e+01 2.405858e+01 4.540000e+00
      vertex   -2.954544e+01 2.339989e+01 1.540000e+00
      vertex   -2.972560e+01 2.405858e+01 1.540000e+00
    endloop
  endfacet
  facet normal 8.910281e-01 4.539482e-01 0.000000e+00
    outer loop
      vertex   -2.972560e+01 2.405858e+01 4.540000e+00
      vertex   -2.972560e+01 2.405858e+01 1.540000e+00
      vertex   -3.003560e+01 2.466704e+01 4.540000e+00
    endloop
  endfacet
  facet normal 8.910281e-01 4.539482e-01 0.000000e+00
    outer loop
      vertex   -3.003560e+01 2.466704e+01 4.540000e+00
      vertex   -2.972560e+01 2.405858e+01 1.540000e+00
      vertex   -3.003560e+01 2.466704e+01 1.540000e+00
    endloop
  endfacet
  facet normal 7.804630e-01 6.252019e-01 0.000000e+00
    outer loop
      vertex   -3.003560e+01 2.466704e+01 4.540000e+00
      vertex   -3.003560e+01 2.466704e+01 1.540000e+00
      vertex   -3.046253e+01 2.520000e+01 4.540000e+00
    endloop
  endfacet
  facet normal 7.804630e-01 6.252019e-01 0.000000e+00
    outer loop
      vertex   -3.046253e+01 2.520000e+01 4.540000e+00
      vertex   -3.003560e+01 2.466704e+01 1.540000e+00
      vertex   -3.046253e+01 2.520000e+01 1.540000e+00
    endloop
  endfacet
  facet normal -0.000000e+00 0.000000e+00 1.000000e+00
    outer loop
      vertex   -3.566440e+01 2.466704e+01 4.540000e+00
      vertex   -3.551302e+01 2.081756e+01 4.540000e+00
      vertex   -3.523747e+01 2.520000e+01 4.540000e+00
    endloop
  endfacet
  facet normal 0.000000e+00 0.000000e+00 1.000000e+00
    outer loop
      vertex   -3.523747e+01 2.520000e+01 4.540000e+00
      vertex   -3.551302e+01 2.081756e+01 4.540000e+00
      vertex   -3.504555e+01 2.031977e+01 4.540000e+00
    endloop
  endfacet
  facet normal 0.000000e+00 0.000000e+00 1.000000e+00
    outer loop
      vertex   -3.523747e+01 2.520000e+01 4.540000e+00
      vertex   -3.504555e+01 2.031977e+01 4.540000e+00
      vertex   -3.420000e+01 2.285000e+01 4.540000e+00
    endloop
  endfacet
  facet normal 0.000000e+00 0.000000e+00 1.000000e+00
    outer loop
      vertex   -3.420000e+01 2.285000e+01 4.540000e+00
      vertex   -3.504555e+01 2.031977e+01 4.540000e+00
      vertex   -3.415400e+01 2.250059e+01 4.540000e+00
    endloop
  endfacet
  facet normal 0.000000e+00 0.000000e+00 1.000000e+00
    outer loop
      vertex   -3.415400e+01 2.250059e+01 4.540000e+00
      vertex   -3.504555e+01 2.031977e+01 4.540000e+00
      vertex   -3.448685e+01 1.992712e+01 4.540000e+00
    endloop
  endfacet
  facet normal 0.000000e+00 0.000000e+00 1.000000e+00
    outer loop
      vertex   -3.415400e+01 2.250059e+01 4.540000e+00
      vertex   -3.448685e+01 1.992712e+01 4.540000e+00
      vertex   -3.401913e+01 2.217500e+01 4.540000e+00
    endloop
  endfacet
  facet normal 0.000000e+00 0.000000e+00 1.000000e+00
    outer loop
      vertex   -3.401913e+01 2.217500e+01 4.540000e+00
      vertex   -3.448685e+01 1.992712e+01 4.540000e+00
      vertex   -3.386013e+01 1.965592e+01 4.540000e+00
    endloop
  endfacet
  facet normal 0.000000e+00 0.000000e+00 1.000000e+00
    outer loop
      vertex   -3.401913e+01 2.217500e+01 4.540000e+00
      vertex   -3.386013e+01 1.965592e+01 4.540000e+00
      vertex   -3.380459e+01 2.189541e+01 4.540000e+00
    endloop
  endfacet
  facet normal 0.000000e+00 0.000000e+00 1.000000e+00
    outer loop
      vertex   -3.380459e+01 2.189541e+01 4.540000e+00
      vertex   -3.386013e+01 1.965592e+01 4.540000e+00
      vertex   -3.352500e+01 2.168087e+01 4.540000e+00
    endloop
  endfacet
  facet normal 0.000000e+00 0.000000e+00 1.000000e+00
    outer loop
      vertex   -3.352500e+01 2.168087e+01 4.540000e+00
      vertex   -3.386013e+01 1.965592e+01 4.540000e+00
      vertex   -3.319144e+01 1.951745e+01 4.540000e+00
    endloop
  endfacet
  facet normal 0.000000e+00 0.000000e+00 1.000000e+00
    outer loop
      vertex   -3.352500e+01 2.168087e+01 4.540000e+00
      vertex   -3.319144e+01 1.951745e+01 4.540000e+00
      vertex   -3.319941e+01 2.154600e+01 4.540000e+00
    endloop
  endfacet
  facet normal 0.000000e+00 0.000000e+00 1.000000e+00
    outer loop
      vertex   -3.319941e+01 2.154600e+01 4.540000e+00
      vertex   -3.319144e+01 1.951745e+01 4.540000e+00
      vertex   -3.285000e+01 2.150000e+01 4.540000e+00
    endloop
  endfacet
  facet normal 0.000000e+00 0.000000e+00 1.000000e+00
    outer loop
      vertex   -3.285000e+01 2.150000e+01 4.540000e+00
      vertex   -3.319144e+01 1.951745e+01 4.540000e+00
      vertex   -3.250856e+01 1.951745e+01 4.540000e+00
    endloop
  endfacet
  facet normal -0.000000e+00 0.000000e+00 1.000000e+00
    outer loop
      vertex   -3.285000e+01 2.150000e+01 4.540000e+00
      vertex   -3.250856e+01 1.951745e+01 4.540000e+00
      vertex   -3.250059e+01 2.154600e+01 4.540000e+00
    endloop
  endfacet
  facet normal -0.000000e+00 0.000000e+00 1.000000e+00
    outer loop
      vertex   -3.250059e+01 2.154600e+01 4.540000e+00
      vertex   -3.250856e+01 1.951745e+01 4.540000e+00
      vertex   -3.217500e+01 2.168087e+01 4.540000e+00
    endloop
  endfacet
  facet normal 0.000000e+00 0.000000e+00 1.000000e+00
    outer loop
      vertex   -3.217500e+01 2.168087e+01 4.540000e+00
      vertex   -3.250856e+01 1.951745e+01 4.540000e+00
      vertex   -3.183987e+01 1.965592e+01 4.540000e+00
    endloop
  endfacet
  facet normal -0.000000e+00 0.000000e+00 1.000000e+00
    outer loop
      vertex   -3.217500e+01 2.168087e+01 4.540000e+00
      vertex   -3.183987e+01 1.965592e+01 4.540000e+00
      vertex   -3.189541e+01 2.189541e+01 4.540000e+00
    endloop
  endfacet
  facet normal -0.000000e+00 0.000000e+00 1.000000e+00
    outer loop
      vertex   -3.189541e+01 2.189541e+01 4.540000e+00
      vertex   -3.183987e+01 1.965592e+01 4.540000e+00
      vertex   -3.168087e+01 2.217500e+01 4.540000e+00
    endloop
  endfacet
  facet normal 0.000000e+00 0.000000e+00 1.000000e+00
    outer loop
      vertex   -3.168087e+01 2.217500e+01 4.540000e+00
      vertex   -3.183987e+01 1.965592e+01 4.540000e+00
      vertex   -3.121315e+01 1.992712e+01 4.540000e+00
    endloop
  endfacet
  facet normal -0.000000e+00 0.000000e+00 1.000000e+00
    outer loop
      vertex   -3.168087e+01 2.217500e+01 4.540000e+00
      vertex   -3.121315e+01 1.992712e+01 4.540000e+00
      vertex   -3.154600e+01 2.250059e+01 4.540000e+00
    endloop
  endfacet
  facet normal 0.000000e+00 0.000000e+00 1.000000e+00
    outer loop
      vertex   -3.154600e+01 2.250059e+01 4.540000e+00
      vertex   -3.121315e+01 1.992712e+01 4.540000e+00
      vertex   -3.065445e+01 2.031977e+01 4.540000e+00
    endloop
  endfacet
  facet normal -0.000000e+00 0.000000e+00 1.000000e+00
    outer loop
      vertex   -3.154600e+01 2.250059e+01 4.540000e+00
      vertex   -3.065445e+01 2.031977e+01 4.540000e+00
      vertex   -3.150000e+01 2.285000e+01 4.540000e+00
    endloop
  endfacet
  facet normal -0.000000e+00 0.000000e+00 1.000000e+00
    outer loop
      vertex   -3.150000e+01 2.285000e+01 4.540000e+00
      vertex   -3.065445e+01 2.031977e+01 4.540000e+00
      vertex   -3.046253e+01 2.520000e+01 4.540000e+00
    endloop
  endfacet
  facet normal 0.000000e+00 -0.000000e+00 1.000000e+00
    outer loop
      vertex   -3.150000e+01 2.285000e+01 4.540000e+00
      vertex   -3.046253e+01 2.520000e+01 4.540000e+00
      vertex   -3.154600e+01 2.319941e+01 4.540000e+00
    endloop
  endfacet
  facet normal 0.000000e+00 -0.000000e+00 1.000000e+00
    outer loop
      vertex   -3.154600e+01 2.319941e+01 4.540000e+00
      vertex   -3.046253e+01 2.520000e+01 4.540000e+00
      vertex   -3.168087e+01 2.352500e+01 4.540000e+00
    endloop
  endfacet
  facet normal 0.000000e+00 -0.000000e+00 1.000000e+00
    outer loop
      vertex   -3.168087e+01 2.352500e+01 4.540000e+00
      vertex   -3.046253e+01 2.520000e+01 4.540000e+00
      vertex   -3.189541e+01 2.380459e+01 4.540000e+00
    endloop
  endfacet
  facet normal 0.000000e+00 -0.000000e+00 1.000000e+00
    outer loop
      vertex   -3.189541e+01 2.380459e+01 4.540000e+00
      vertex   -3.046253e+01 2.520000e+01 4.540000e+00
      vertex   -3.217500e+01 2.401913e+01 4.540000e+00
    endloop
  endfacet
  facet normal 0.000000e+00 0.000000e+00 1.000000e+00
    outer loop
      vertex   -3.217500e+01 2.401913e+01 4.540000e+00
      vertex   -3.046253e+01 2.520000e+01 4.540000e+00
      vertex   -3.046253e+01 4.350000e+01 4.540000e+00
    endloop
  endfacet
  facet normal 0.000000e+00 -0.000000e+00 1.000000e+00
    outer loop
      vertex   -3.217500e+01 2.401913e+01 4.540000e+00
      vertex   -3.046253e+01 4.350000e+01 4.540000e+00
      vertex   -3.250059e+01 2.415400e+01 4.540000e+00
    endloop
  endfacet
  facet normal 0.000000e+00 -0.000000e+00 1.000000e+00
    outer loop
      vertex   -3.250059e+01 2.415400e+01 4.540000e+00
      vertex   -3.046253e+01 4.350000e+01 4.540000e+00
      vertex   -3.285000e+01 2.420000e+01 4.540000e+00
    endloop
  endfacet
  facet normal 0.000000e+00 -0.000000e+00 1.000000e+00
    outer loop
      vertex   -3.285000e+01 2.420000e+01 4.540000e+00
      vertex   -3.046253e+01 4.350000e+01 4.540000e+00
      vertex   -3.523747e+01 4.350000e+01 4.540000e+00
    endloop
  endfacet
  facet normal 0.000000e+00 0.000000e+00 1.000000e+00
    outer loop
      vertex   -3.285000e+01 2.420000e+01 4.540000e+00
      vertex   -3.523747e+01 4.350000e+01 4.540000e+00
      vertex   -3.319941e+01 2.415400e+01 4.540000e+00
    endloop
  endfacet
  facet normal 0.000000e+00 0.000000e+00 1.000000e+00
    outer loop
      vertex   -3.319941e+01 2.415400e+01 4.540000e+00
      vertex   -3.523747e+01 4.350000e+01 4.540000e+00
      vertex   -3.352500e+01 2.401913e+01 4.540000e+00
    endloop
  endfacet
  facet normal 0.000000e+00 0.000000e+00 1.000000e+00
    outer loop
      vertex   -3.352500e+01 2.401913e+01 4.540000e+00
      vertex   -3.523747e+01 4.350000e+01 4.540000e+00
      vertex   -3.523747e+01 2.520000e+01 4.540000e+00
    endloop
  endfacet
  facet normal 0.000000e+00 0.000000e+00 1.000000e+00
    outer loop
      vertex   -3.352500e+01 2.401913e+01 4.540000e+00
      vertex   -3.523747e+01 2.520000e+01 4.540000e+00
      vertex   -3.380459e+01 2.380459e+01 4.540000e+00
    endloop
  endfacet
  facet normal 0.000000e+00 0.000000e+00 1.000000e+00
    outer loop
      vertex   -3.380459e+01 2.380459e+01 4.540000e+00
      vertex   -3.523747e+01 2.520000e+01 4.540000e+00
      vertex   -3.401913e+01 2.352500e+01 4.540000e+00
    endloop
  endfacet
  facet normal 0.000000e+00 0.000000e+00 1.000000e+00
    outer loop
      vertex   -3.401913e+01 2.352500e+01 4.540000e+00
      vertex   -3.523747e+01 2.520000e+01 4.540000e+00
      vertex   -3.415400e+01 2.319941e+01 4.540000e+00
    endloop
  endfacet
  facet normal 0.000000e+00 0.000000e+00 1.000000e+00
    outer loop
      vertex   -3.415400e+01 2.319941e+01 4.540000e+00
      vertex   -3.523747e+01 2.520000e+01 4.540000e+00
      vertex   -3.420000e+01 2.285000e+01 4.540000e+00
    endloop
  endfacet
  facet normal 0.000000e+00 0.000000e+00 1.000000e+00
    outer loop
      vertex   -3.551302e+01 2.081756e+01 4.540000e+00
      vertex   -3.566440e+01 2.466704e+01 4.540000e+00
      vertex   -3.586984e+01 2.139980e+01 4.540000e+00
    endloop
  endfacet
  facet normal 0.000000e+00 -0.000000e+00 1.000000e+00
    outer loop
      vertex   -3.586984e+01 2.139980e+01 4.540000e+00
      vertex   -3.566440e+01 2.466704e+01 4.540000e+00
      vertex   -3.597440e+01 2.405858e+01 4.540000e+00
    endloop
  endfacet
  facet normal 0.000000e+00 0.000000e+00 1.000000e+00
    outer loop
      vertex   -3.586984e+01 2.139980e+01 4.540000e+00
      vertex   -3.597440e+01 2.405858e+01 4.540000e+00
      vertex   -3.610117e+01 2.204230e+01 4.540000e+00
    endloop
  endfacet
  facet normal 0.000000e+00 -0.000000e+00 1.000000e+00
    outer loop
      vertex   -3.610117e+01 2.204230e+01 4.540000e+00
      vertex   -3.597440e+01 2.405858e+01 4.540000e+00
      vertex   -3.615456e+01 2.339989e+01 4.540000e+00
    endloop
  endfacet
  facet normal 0.000000e+00 0.000000e+00 1.000000e+00
    outer loop
      vertex   -3.610117e+01 2.204230e+01 4.540000e+00
      vertex   -3.615456e+01 2.339989e+01 4.540000e+00
      vertex   -3.619741e+01 2.271836e+01 4.540000e+00
    endloop
  endfacet
  facet normal 0.000000e+00 0.000000e+00 1.000000e+00
    outer loop
      vertex   -3.065445e+01 2.031977e+01 4.540000e+00
      vertex   -3.018698e+01 2.081756e+01 4.540000e+00
      vertex   -3.046253e+01 2.520000e+01 4.540000e+00
    endloop
  endfacet
  facet normal 0.000000e+00 0.000000e+00 1.000000e+00
    outer loop
      vertex   -3.046253e+01 2.520000e+01 4.540000e+00
      vertex   -3.018698e+01 2.081756e+01 4.540000e+00
      vertex   -3.003560e+01 2.466704e+01 4.540000e+00
    endloop
  endfacet
  facet normal 0.000000e+00 0.000000e+00 1.000000e+00
    outer loop
      vertex   -3.003560e+01 2.466704e+01 4.540000e+00
      vertex   -3.018698e+01 2.081756e+01 4.540000e+00
      vertex   -2.983016e+01 2.139980e+01 4.540000e+00
    endloop
  endfacet
  facet normal 0.000000e+00 0.000000e+00 1.000000e+00
    outer loop
      vertex   -3.003560e+01 2.466704e+01 4.540000e+00
      vertex   -2.983016e+01 2.139980e+01 4.540000e+00
      vertex   -2.972560e+01 2.405858e+01 4.540000e+00
    endloop
  endfacet
  facet normal 0.000000e+00 0.000000e+00 1.000000e+00
    outer loop
      vertex   -2.972560e+01 2.405858e+01 4.540000e+00
      vertex   -2.983016e+01 2.139980e+01 4.540000e+00
      vertex   -2.959883e+01 2.204230e+01 4.540000e+00
    endloop
  endfacet
  facet normal 0.000000e+00 0.000000e+00 1.000000e+00
    outer loop
      vertex   -2.972560e+01 2.405858e+01 4.540000e+00
      vertex   -2.959883e+01 2.204230e+01 4.540000e+00
      vertex   -2.954544e+01 2.339989e+01 4.540000e+00
    endloop
  endfacet
  facet normal 0.000000e+00 0.000000e+00 1.000000e+00
    outer loop
      vertex   -2.954544e+01 2.339989e+01 4.540000e+00
      vertex   -2.959883e+01 2.204230e+01 4.540000e+00
      vertex   -2.950259e+01 2.271836e+01 4.540000e+00
    endloop
  endfacet
  facet normal 0.000000e+00 0.000000e+00 1.000000e+00
    outer loop
      vertex   3.415400e+01 2.319941e+01 1.040000e+00
      vertex   3.154600e+01 2.319941e+01 1.040000e+00
      vertex   3.420000e+01 2.285000e+01 1.040000e+00
    endloop
  endfacet
  facet normal 0.000000e+00 0.000000e+00 1.000000e+00
    outer loop
      vertex   3.420000e+01 2.285000e+01 1.040000e+00
      vertex   3.154600e+01 2.319941e+01 1.040000e+00
      vertex   3.150000e+01 2.285000e+01 1.040000e+00
    endloop
  endfacet
  facet normal 0.000000e+00 0.000000e+00 1.000000e+00
    outer loop
      vertex   3.420000e+01 2.285000e+01 1.040000e+00
      vertex   3.150000e+01 2.285000e+01 1.040000e+00
      vertex   3.415400e+01 2.250059e+01 1.040000e+00
    endloop
  endfacet
  facet normal 0.000000e+00 0.000000e+00 1.000000e+00
    outer loop
      vertex   3.415400e+01 2.250059e+01 1.040000e+00
      vertex   3.150000e+01 2.285000e+01 1.040000e+00
      vertex   3.154600e+01 2.250059e+01 1.040000e+00
    endloop
  endfacet
  facet normal 0.000000e+00 0.000000e+00 1.000000e+00
    outer loop
      vertex   3.415400e+01 2.250059e+01 1.040000e+00
      vertex   3.154600e+01 2.250059e+01 1.040000e+00
      vertex   3.401913e+01 2.217500e+01 1.040000e+00
    endloop
  endfacet
  facet normal 0.000000e+00 0.000000e+00 1.000000e+00
    outer loop
      vertex   3.401913e+01 2.217500e+01 1.040000e+00
      vertex   3.154600e+01 2.250059e+01 1.040000e+00
      vertex   3.168087e+01 2.217500e+01 1.040000e+00
    endloop
  endfacet
  facet normal 0.000000e+00 0.000000e+00 1.000000e+00
    outer loop
      vertex   3.401913e+01 2.217500e+01 1.040000e+00
      vertex   3.168087e+01 2.217500e+01 1.040000e+00
      vertex   3.380459e+01 2.189541e+01 1.040000e+00
    endloop
  endfacet
  facet normal 0.000000e+00 0.000000e+00 1.000000e+00
    outer loop
      vertex   3.380459e+01 2.189541e+01 1.040000e+00
      vertex   3.168087e+01 2.217500e+01 1.040000e+00
      vertex   3.189541e+01 2.189541e+01 1.040000e+00
    endloop
  endfacet
  facet normal 0.000000e+00 0.000000e+00 1.000000e+00
    outer loop
      vertex   3.380459e+01 2.189541e+01 1.040000e+00
      vertex   3.189541e+01 2.189541e+01 1.040000e+00
      vertex   3.352500e+01 2.168087e+01 1.040000e+00
    endloop
  endfacet
  facet normal 0.000000e+00 0.000000e+00 1.000000e+00
    outer loop
      vertex   3.352500e+01 2.168087e+01 1.040000e+00
      vertex   3.189541e+01 2.189541e+01 1.040000e+00
      vertex   3.217500e+01 2.168087e+01 1.040000e+00
    endloop
  endfacet
  facet normal 0.000000e+00 0.000000e+00 1.000000e+00
    outer loop
      vertex   3.352500e+01 2.168087e+01 1.040000e+00
      vertex   3.217500e+01 2.168087e+01 1.040000e+00
      vertex   3.319941e+01 2.154600e+01 1.040000e+00
    endloop
  endfacet
  facet normal 0.000000e+00 0.000000e+00 1.000000e+00
    outer loop
      vertex   3.319941e+01 2.154600e+01 1.040000e+00
      vertex   3.217500e+01 2.168087e+01 1.040000e+00
      vertex   3.250059e+01 2.154600e+01 1.040000e+00
    endloop
  endfacet
  facet normal 0.000000e+00 0.000000e+00 1.000000e+00
    outer loop
      vertex   3.319941e+01 2.154600e+01 1.040000e+00
      vertex   3.250059e+01 2.154600e+01 1.040000e+00
      vertex   3.285000e+01 2.150000e+01 1.040000e+00
    endloop
  endfacet
  facet normal 0.000000e+00 0.000000e+00 1.000000e+00
    outer loop
      vertex   3.154600e+01 2.319941e+01 1.040000e+00
      vertex   3.415400e+01 2.319941e+01 1.040000e+00
      vertex   3.168087e+01 2.352500e+01 1.040000e+00
    endloop
  endfacet
  facet normal 0.000000e+00 0.000000e+00 1.000000e+00
    outer loop
      vertex   3.168087e+01 2.352500e+01 1.040000e+00
      vertex   3.415400e+01 2.319941e+01 1.040000e+00
      vertex   3.401913e+01 2.352500e+01 1.040000e+00
    endloop
  endfacet
  facet normal -0.000000e+00 0.000000e+00 1.000000e+00
    outer loop
      vertex   3.168087e+01 2.352500e+01 1.040000e+00
      vertex   3.401913e+01 2.352500e+01 1.040000e+00
      vertex   3.189541e+01 2.380459e+01 1.040000e+00
    endloop
  endfacet
  facet normal -0.000000e+00 0.000000e+00 1.000000e+00
    outer loop
      vertex   3.189541e+01 2.380459e+01 1.040000e+00
      vertex   3.401913e+01 2.352500e+01 1.040000e+00
      vertex   3.380459e+01 2.380459e+01 1.040000e+00
    endloop
  endfacet
  facet normal 0.000000e+00 0.000000e+00 1.000000e+00
    outer loop
      vertex   3.189541e+01 2.380459e+01 1.040000e+00
      vertex   3.380459e+01 2.380459e+01 1.040000e+00
      vertex   3.217500e+01 2.401913e+01 1.040000e+00
    endloop
  endfacet
  facet normal -0.000000e+00 0.000000e+00 1.000000e+00
    outer loop
      vertex   3.217500e+01 2.401913e+01 1.040000e+00
      vertex   3.380459e+01 2.380459e+01 1.040000e+00
      vertex   3.352500e+01 2.401913e+01 1.040000e+00
    endloop
  endfacet
  facet normal 0.000000e+00 0.000000e+00 1.000000e+00
    outer loop
      vertex   3.217500e+01 2.401913e+01 1.040000e+00
      vertex   3.352500e+01 2.401913e+01 1.040000e+00
      vertex   3.250059e+01 2.415400e+01 1.040000e+00
    endloop
  endfacet
  facet normal -0.000000e+00 0.000000e+00 1.000000e+00
    outer loop
      vertex   3.250059e+01 2.415400e+01 1.040000e+00
      vertex   3.352500e+01 2.401913e+01 1.040000e+00
      vertex   3.319941e+01 2.415400e+01 1.040000e+00
    endloop
  endfacet
  facet normal 0.000000e+00 0.000000e+00 1.000000e+00
    outer loop
      vertex   3.250059e+01 2.415400e+01 1.040000e+00
      vertex   3.319941e+01 2.415400e+01 1.040000e+00
      vertex   3.285000e+01 2.420000e+01 1.040000e+00
    endloop
  endfacet
  facet normal 1.000000e+00 0.000000e+00 0.000000e+00
    outer loop
      vertex   -3.720000e+01 3.800000e+01 2.304000e+01
      vertex   -3.720000e+01 3.600000e+01 2.504000e+01
      vertex   -3.720000e+01 -1.770000e+01 2.504000e+01
    endloop
  endfacet
  facet normal 1.000000e+00 0.000000e+00 0.000000e+00
    outer loop
      vertex   -3.720000e+01 -1.770000e+01 2.504000e+01
      vertex   -3.720000e+01 3.600000e+01 2.504000e+01
      vertex   -3.720000e+01 3.600000e+01 3.104000e+01
    endloop
  endfacet
  facet normal 1.000000e+00 0.000000e+00 0.000000e+00
    outer loop
      vertex   -3.720000e+01 -1.770000e+01 2.504000e+01
      vertex   -3.720000e+01 3.600000e+01 3.104000e+01
      vertex   -3.720000e+01 -1.770000e+01 3.104000e+01
    endloop
  endfacet
  facet normal 1.000000e+00 0.000000e+00 0.000000e+00
    outer loop
      vertex   -3.720000e+01 -1.770000e+01 2.504000e+01
      vertex   -3.720000e+01 -1.970000e+01 2.304000e+01
      vertex   -3.720000e+01 3.800000e+01 2.304000e+01
    endloop
  endfacet
  facet normal 1.000000e+00 0.000000e+00 0.000000e+00
    outer loop
      vertex   -3.720000e+01 3.800000e+01 2.304000e+01
      vertex   -3.720000e+01 -1.970000e+01 2.304000e+01
      vertex   -3.720000e+01 -2.520000e+01 1.040000e+00
    endloop
  endfacet
  facet normal 1.000000e+00 0.000000e+00 0.000000e+00
    outer loop
      vertex   -3.720000e+01 3.800000e+01 2.304000e+01
      vertex   -3.720000e+01 -2.520000e+01 1.040000e+00
      vertex   -3.720000e+01 4.350000e+01 1.040000e+00
    endloop
  endfacet
  facet normal 1.000000e+00 0.000000e+00 0.000000e+00
    outer loop
      vertex   -3.720000e+01 -1.970000e+01 2.304000e+01
      vertex   -3.720000e+01 -2.520000e+01 2.304000e+01
      vertex   -3.720000e+01 -2.520000e+01 1.040000e+00
    endloop
  endfacet
  facet normal 1.000000e+00 0.000000e+00 -0.000000e+00
    outer loop
      vertex   -3.720000e+01 4.350000e+01 1.040000e+00
      vertex   -3.720000e+01 4.350000e+01 2.304000e+01
      vertex   -3.720000e+01 3.800000e+01 2.304000e+01
    endloop
  endfacet
  facet normal -1.000000e+00 0.000000e+00 -1.184238e-15
    outer loop
      vertex   3.720000e+01 -1.770000e+01 3.104000e+01
      vertex   3.720000e+01 3.600000e+01 2.504000e+01
      vertex   3.720000e+01 -1.770000e+01 2.504000e+01
    endloop
  endfacet
  facet normal -1.000000e+00 0.000000e+00 0.000000e+00
    outer loop
      vertex   3.720000e+01 -1.770000e+01 2.504000e+01
      vertex   3.720000e+01 3.600000e+01 2.504000e+01
      vertex   3.720000e+01 3.800000e+01 2.304000e+01
    endloop
  endfacet
  facet normal -1.000000e+00 0.000000e+00 -0.000000e+00
    outer loop
      vertex   3.720000e+01 -1.770000e+01 2.504000e+01
      vertex   3.720000e+01 3.800000e+01 2.304000e+01
      vertex   3.720000e+01 -1.970000e+01 2.304000e+01
    endloop
  endfacet
  facet normal -1.000000e+00 0.000000e+00 0.000000e+00
    outer loop
      vertex   3.720000e+01 -1.970000e+01 2.304000e+01
      vertex   3.720000e+01 3.800000e+01 2.304000e+01
      vertex   3.720000e+01 3.039343e+01 6.891920e+00
    endloop
  endfacet
  facet normal -1.000000e+00 0.000000e+00 0.000000e+00
    outer loop
      vertex   3.720000e+01 -1.970000e+01 2.304000e+01
      vertex   3.720000e+01 3.039343e+01 6.891920e+00
      vertex   3.720000e+01 2.991107e+01 6.692119e+00
    endloop
  endfacet
  facet normal -1.000000e+00 0.000000e+00 -1.184238e-15
    outer loop
      vertex   3.720000e+01 -1.770000e+01 3.104000e+01
      vertex   3.720000e+01 3.600000e+01 3.104000e+01
      vertex   3.720000e+01 3.600000e+01 2.504000e+01
    endloop
  endfacet
  facet normal -1.000000e+00 -1.291896e-15 1.196567e-17
    outer loop
      vertex   3.720000e+01 4.350000e+01 2.304000e+01
      vertex   3.720000e+01 3.785107e+01 6.960069e+00
      vertex   3.720000e+01 3.800000e+01 2.304000e+01
    endloop
  endfacet
  facet normal -1.000000e+00 0.000000e+00 0.000000e+00
    outer loop
      vertex   3.720000e+01 3.800000e+01 2.304000e+01
      vertex   3.720000e+01 3.785107e+01 6.960069e+00
      vertex   3.720000e+01 3.091107e+01 6.960069e+00
    endloop
  endfacet
  facet normal -1.000000e+00 0.000000e+00 0.000000e+00
    outer loop
      vertex   3.720000e+01 3.800000e+01 2.304000e+01
      vertex   3.720000e+01 3.091107e+01 6.960069e+00
      vertex   3.720000e+01 3.039343e+01 6.891920e+00
    endloop
  endfacet
  facet normal -1.000000e+00 -4.056936e-16 -3.229740e-16
    outer loop
      vertex   3.720000e+01 4.350000e+01 1.040000e+00
      vertex   3.720000e+01 3.958312e+01 5.960069e+00
      vertex   3.720000e+01 4.350000e+01 2.304000e+01
    endloop
  endfacet
  facet normal -1.000000e+00 -4.174071e-16 -3.202877e-16
    outer loop
      vertex   3.720000e+01 4.350000e+01 2.304000e+01
      vertex   3.720000e+01 3.958312e+01 5.960069e+00
      vertex   3.720000e+01 3.926528e+01 6.374282e+00
    endloop
  endfacet
  facet normal -1.000000e+00 -2.737710e-16 -3.567853e-16
    outer loop
      vertex   3.720000e+01 4.350000e+01 2.304000e+01
      vertex   3.720000e+01 3.926528e+01 6.374282e+00
      vertex   3.720000e+01 3.885107e+01 6.692119e+00
    endloop
  endfacet
  facet normal -1.000000e+00 0.000000e+00 0.000000e+00
    outer loop
      vertex   3.720000e+01 -2.520000e+01 1.040000e+00
      vertex   3.720000e+01 3.091107e+01 1.750069e+00
      vertex   3.720000e+01 4.350000e+01 1.040000e+00
    endloop
  endfacet
  facet normal -1.000000e+00 0.000000e+00 0.000000e+00
    outer loop
      vertex   3.720000e+01 4.350000e+01 1.040000e+00
      vertex   3.720000e+01 3.091107e+01 1.750069e+00
      vertex   3.720000e+01 3.785107e+01 1.750069e+00
    endloop
  endfacet
  facet normal -1.000000e+00 0.000000e+00 0.000000e+00
    outer loop
      vertex   3.720000e+01 4.350000e+01 1.040000e+00
      vertex   3.720000e+01 3.785107e+01 1.750069e+00
      vertex   3.720000e+01 3.836870e+01 1.818217e+00
    endloop
  endfacet
  facet normal -1.000000e+00 1.291896e-15 -3.229740e-16
    outer loop
      vertex   3.720000e+01 -2.520000e+01 2.304000e+01
      vertex   3.720000e+01 -1.970000e+01 2.304000e+01
      vertex   3.720000e+01 -2.520000e+01 1.040000e+00
    endloop
  endfacet
  facet normal -1.000000e+00 0.000000e+00 0.000000e+00
    outer loop
      vertex   3.720000e+01 -2.520000e+01 1.040000e+00
      vertex   3.720000e+01 -1.970000e+01 2.304000e+01
      vertex   3.720000e+01 2.949685e+01 6.374282e+00
    endloop
  endfacet
  facet normal -1.000000e+00 0.000000e+00 0.000000e+00
    outer loop
      vertex   3.720000e+01 -2.520000e+01 1.040000e+00
      vertex   3.720000e+01 2.949685e+01 6.374282e+00
      vertex   3.720000e+01 2.917902e+01 5.960069e+00
    endloop
  endfacet
  facet normal -1.000000e+00 0.000000e+00 0.000000e+00
    outer loop
      vertex   3.720000e+01 3.836870e+01 1.818217e+00
      vertex   3.720000e+01 3.885107e+01 2.018018e+00
      vertex   3.720000e+01 4.350000e+01 1.040000e+00
    endloop
  endfacet
  facet normal -1.000000e+00 0.000000e+00 0.000000e+00
    outer loop
      vertex   3.720000e+01 4.350000e+01 1.040000e+00
      vertex   3.720000e+01 3.885107e+01 2.018018e+00
      vertex   3.720000e+01 3.926528e+01 2.335855e+00
    endloop
  endfacet
  facet normal -1.000000e+00 0.000000e+00 0.000000e+00
    outer loop
      vertex   3.720000e+01 4.350000e+01 1.040000e+00
      vertex   3.720000e+01 3.926528e+01 2.335855e+00
      vertex   3.720000e+01 3.958312e+01 2.750069e+00
    endloop
  endfacet
  facet normal -1.000000e+00 0.000000e+00 0.000000e+00
    outer loop
      vertex   3.720000e+01 3.958312e+01 2.750069e+00
      vertex   3.720000e+01 3.978292e+01 3.232431e+00
      vertex   3.720000e+01 4.350000e+01 1.040000e+00
    endloop
  endfacet
  facet normal -1.000000e+00 0.000000e+00 0.000000e+00
    outer loop
      vertex   3.720000e+01 4.350000e+01 1.040000e+00
      vertex   3.720000e+01 3.978292e+01 3.232431e+00
      vertex   3.720000e+01 3.985107e+01 3.750069e+00
    endloop
  endfacet
  facet normal -1.000000e+00 0.000000e+00 0.000000e+00
    outer loop
      vertex   3.720000e+01 4.350000e+01 1.040000e+00
      vertex   3.720000e+01 3.985107e+01 3.750069e+00
      vertex   3.720000e+01 3.985107e+01 4.960069e+00
    endloop
  endfacet
  facet normal -1.000000e+00 0.000000e+00 0.000000e+00
    outer loop
      vertex   3.720000e+01 3.985107e+01 4.960069e+00
      vertex   3.720000e+01 3.978292e+01 5.477707e+00
      vertex   3.720000e+01 4.350000e+01 1.040000e+00
    endloop
  endfacet
  facet normal -1.000000e+00 0.000000e+00 0.000000e+00
    outer loop
      vertex   3.720000e+01 4.350000e+01 1.040000e+00
      vertex   3.720000e+01 3.978292e+01 5.477707e+00
      vertex   3.720000e+01 3.958312e+01 5.960069e+00
    endloop
  endfacet
  facet normal -1.000000e+00 -1.610616e-16 -3.888371e-16
    outer loop
      vertex   3.720000e+01 3.885107e+01 6.692119e+00
      vertex   3.720000e+01 3.836870e+01 6.891920e+00
      vertex   3.720000e+01 4.350000e+01 2.304000e+01
    endloop
  endfacet
  facet normal -1.000000e+00 -5.560318e-17 -4.223481e-16
    outer loop
      vertex   3.720000e+01 4.350000e+01 2.304000e+01
      vertex   3.720000e+01 3.836870e+01 6.891920e+00
      vertex   3.720000e+01 3.785107e+01 6.960069e+00
    endloop
  endfacet
  facet normal -1.000000e+00 -0.000000e+00 0.000000e+00
    outer loop
      vertex   3.720000e+01 2.991107e+01 6.692119e+00
      vertex   3.720000e+01 2.949685e+01 6.374282e+00
      vertex   3.720000e+01 -1.970000e+01 2.304000e+01
    endloop
  endfacet
  facet normal -1.000000e+00 0.000000e+00 0.000000e+00
    outer loop
      vertex   3.720000e+01 2.917902e+01 5.960069e+00
      vertex   3.720000e+01 2.897921e+01 5.477707e+00
      vertex   3.720000e+01 -2.520000e+01 1.040000e+00
    endloop
  endfacet
  facet normal -1.000000e+00 0.000000e+00 0.000000e+00
    outer loop
      vertex   3.720000e+01 -2.520000e+01 1.040000e+00
      vertex   3.720000e+01 2.897921e+01 5.477707e+00
      vertex   3.720000e+01 2.891107e+01 4.960069e+00
    endloop
  endfacet
  facet normal -1.000000e+00 0.000000e+00 0.000000e+00
    outer loop
      vertex   3.720000e+01 -2.520000e+01 1.040000e+00
      vertex   3.720000e+01 2.891107e+01 4.960069e+00
      vertex   3.720000e+01 2.891107e+01 3.750069e+00
    endloop
  endfacet
  facet normal -1.000000e+00 0.000000e+00 -0.000000e+00
    outer loop
      vertex   3.720000e+01 2.891107e+01 3.750069e+00
      vertex   3.720000e+01 2.897921e+01 3.232431e+00
      vertex   3.720000e+01 -2.520000e+01 1.040000e+00
    endloop
  endfacet
  facet normal -1.000000e+00 0.000000e+00 0.000000e+00
    outer loop
      vertex   3.720000e+01 -2.520000e+01 1.040000e+00
      vertex   3.720000e+01 2.897921e+01 3.232431e+00
      vertex   3.720000e+01 2.917902e+01 2.750069e+00
    endloop
  endfacet
  facet normal -1.000000e+00 0.000000e+00 0.000000e+00
    outer loop
      vertex   3.720000e+01 -2.520000e+01 1.040000e+00
      vertex   3.720000e+01 2.917902e+01 2.750069e+00
      vertex   3.720000e+01 2.949685e+01 2.335855e+00
    endloop
  endfacet
  facet normal -1.000000e+00 0.000000e+00 -0.000000e+00
    outer loop
      vertex   3.720000e+01 2.949685e+01 2.335855e+00
      vertex   3.720000e+01 2.991107e+01 2.018018e+00
      vertex   3.720000e+01 -2.520000e+01 1.040000e+00
    endloop
  endfacet
  facet normal -1.000000e+00 0.000000e+00 0.000000e+00
    outer loop
      vertex   3.720000e+01 -2.520000e+01 1.040000e+00
      vertex   3.720000e+01 2.991107e+01 2.018018e+00
      vertex   3.720000e+01 3.039343e+01 1.818217e+00
    endloop
  endfacet
  facet normal -1.000000e+00 0.000000e+00 0.000000e+00
    outer loop
      vertex   3.720000e+01 -2.520000e+01 1.040000e+00
      vertex   3.720000e+01 3.039343e+01 1.818217e+00
      vertex   3.720000e+01 3.091107e+01 1.750069e+00
    endloop
  endfacet
endsolid
