solid ASCII
  facet normal 0.000000e+00 1.000000e+00 0.000000e+00
    outer loop
      vertex   -8.100000e+00 3.782160e+01 1.000000e+01
      vertex   -8.100000e+00 3.782160e+01 6.000000e+00
      vertex   -1.122018e+01 3.782160e+01 1.000000e+01
    endloop
  endfacet
  facet normal 0.000000e+00 1.000000e+00 0.000000e+00
    outer loop
      vertex   -1.122018e+01 3.782160e+01 1.000000e+01
      vertex   -8.100000e+00 3.782160e+01 6.000000e+00
      vertex   -1.122018e+01 3.782160e+01 6.000000e+00
    endloop
  endfacet
  facet normal -0.000000e+00 1.000000e+00 0.000000e+00
    outer loop
      vertex   -3.900000e+00 3.782160e+01 1.000000e+01
      vertex   -1.020181e+00 3.782160e+01 1.000000e+01
      vertex   -3.900000e+00 3.782160e+01 6.000000e+00
    endloop
  endfacet
  facet normal -0.000000e+00 1.000000e+00 0.000000e+00
    outer loop
      vertex   -3.900000e+00 3.782160e+01 6.000000e+00
      vertex   -1.020181e+00 3.782160e+01 1.000000e+01
      vertex   -1.020181e+00 3.782160e+01 6.000000e+00
    endloop
  endfacet
  facet normal 1.000000e+00 0.000000e+00 -0.000000e+00
    outer loop
      vertex   -8.100000e+00 3.782160e+01 6.000000e+00
      vertex   -8.100000e+00 3.782160e+01 1.000000e+01
      vertex   -8.100000e+00 3.672160e+01 6.000000e+00
    endloop
  endfacet
  facet normal 1.000000e+00 0.000000e+00 -0.000000e+00
    outer loop
      vertex   -8.100000e+00 3.672160e+01 6.000000e+00
      vertex   -8.100000e+00 3.782160e+01 1.000000e+01
      vertex   -8.100000e+00 3.672160e+01 1.000000e+01
    endloop
  endfacet
  facet normal 1.000000e+00 0.000000e+00 -0.000000e+00
    outer loop
      vertex   -1.020181e+00 3.782160e+01 6.000000e+00
      vertex   -1.020181e+00 3.782160e+01 1.000000e+01
      vertex   -1.020181e+00 2.462160e+01 6.000000e+00
    endloop
  endfacet
  facet normal 1.000000e+00 0.000000e+00 0.000000e+00
    outer loop
      vertex   -1.020181e+00 2.462160e+01 6.000000e+00
      vertex   -1.020181e+00 3.782160e+01 1.000000e+01
      vertex   -1.020181e+00 2.462160e+01 1.000000e+01
    endloop
  endfacet
  facet normal 0.000000e+00 -0.000000e+00 1.000000e+00
    outer loop
      vertex   -1.020181e+00 2.462160e+01 1.000000e+01
      vertex   -1.020181e+00 3.782160e+01 1.000000e+01
      vertex   -2.020181e+00 3.672160e+01 1.000000e+01
    endloop
  endfacet
  facet normal 0.000000e+00 -0.000000e+00 1.000000e+00
    outer loop
      vertex   -2.020181e+00 3.672160e+01 1.000000e+01
      vertex   -1.020181e+00 3.782160e+01 1.000000e+01
      vertex   -3.900000e+00 3.782160e+01 1.000000e+01
    endloop
  endfacet
  facet normal 0.000000e+00 0.000000e+00 1.000000e+00
    outer loop
      vertex   -2.020181e+00 3.672160e+01 1.000000e+01
      vertex   -3.900000e+00 3.782160e+01 1.000000e+01
      vertex   -3.900000e+00 3.672160e+01 1.000000e+01
    endloop
  endfacet
  facet normal 0.000000e+00 0.000000e+00 1.000000e+00
    outer loop
      vertex   -2.020181e+00 3.672160e+01 1.000000e+01
      vertex   -2.020181e+00 2.572160e+01 1.000000e+01
      vertex   -1.020181e+00 2.462160e+01 1.000000e+01
    endloop
  endfacet
  facet normal 0.000000e+00 0.000000e+00 1.000000e+00
    outer loop
      vertex   -1.020181e+00 2.462160e+01 1.000000e+01
      vertex   -2.020181e+00 2.572160e+01 1.000000e+01
      vertex   -3.900000e+00 2.462160e+01 1.000000e+01
    endloop
  endfacet
  facet normal 0.000000e+00 0.000000e+00 1.000000e+00
    outer loop
      vertex   -3.900000e+00 2.462160e+01 1.000000e+01
      vertex   -2.020181e+00 2.572160e+01 1.000000e+01
      vertex   -3.900000e+00 2.572160e+01 1.000000e+01
    endloop
  endfacet
  facet normal -1.000000e+00 -0.000000e+00 -0.000000e+00
    outer loop
      vertex   -3.900000e+00 3.782160e+01 1.000000e+01
      vertex   -3.900000e+00 3.782160e+01 6.000000e+00
      vertex   -3.900000e+00 3.672160e+01 1.000000e+01
    endloop
  endfacet
  facet normal -1.000000e+00 0.000000e+00 0.000000e+00
    outer loop
      vertex   -3.900000e+00 3.672160e+01 1.000000e+01
      vertex   -3.900000e+00 3.782160e+01 6.000000e+00
      vertex   -3.900000e+00 3.672160e+01 6.000000e+00
    endloop
  endfacet
  facet normal 0.000000e+00 -1.000000e+00 0.000000e+00
    outer loop
      vertex   -3.900000e+00 3.672160e+01 1.000000e+01
      vertex   -3.900000e+00 3.672160e+01 6.000000e+00
      vertex   -2.020181e+00 3.672160e+01 1.000000e+01
    endloop
  endfacet
  facet normal 0.000000e+00 -1.000000e+00 -0.000000e+00
    outer loop
      vertex   -2.020181e+00 3.672160e+01 1.000000e+01
      vertex   -3.900000e+00 3.672160e+01 6.000000e+00
      vertex   -2.020181e+00 3.672160e+01 6.000000e+00
    endloop
  endfacet
  facet normal 4.756148e-08 0.000000e+00 1.000000e+00
    outer loop
      vertex   -2.020181e+00 3.672160e+01 6.000000e+00
      vertex   -3.900000e+00 3.672160e+01 6.000000e+00
      vertex   -2.020181e+00 2.572160e+01 6.000000e+00
    endloop
  endfacet
  facet normal 4.756148e-08 0.000000e+00 1.000000e+00
    outer loop
      vertex   -2.020181e+00 2.572160e+01 6.000000e+00
      vertex   -3.900000e+00 3.672160e+01 6.000000e+00
      vertex   -3.900000e+00 2.572160e+01 6.000000e+00
    endloop
  endfacet
  facet normal 0.000000e+00 -0.000000e+00 1.000000e+00
    outer loop
      vertex   -3.900000e+00 2.572160e+01 6.000000e+00
      vertex   -3.900000e+00 3.672160e+01 6.000000e+00
      vertex   -8.100000e+00 3.672160e+01 6.000000e+00
    endloop
  endfacet
  facet normal 0.000000e+00 0.000000e+00 1.000000e+00
    outer loop
      vertex   -3.900000e+00 2.572160e+01 6.000000e+00
      vertex   -8.100000e+00 3.672160e+01 6.000000e+00
      vertex   -8.100000e+00 2.572160e+01 6.000000e+00
    endloop
  endfacet
  facet normal -4.216950e-08 0.000000e+00 1.000000e+00
    outer loop
      vertex   -8.100000e+00 2.572160e+01 6.000000e+00
      vertex   -8.100000e+00 3.672160e+01 6.000000e+00
      vertex   -1.022018e+01 3.672160e+01 6.000000e+00
    endloop
  endfacet
  facet normal -4.216950e-08 0.000000e+00 1.000000e+00
    outer loop
      vertex   -8.100000e+00 2.572160e+01 6.000000e+00
      vertex   -1.022018e+01 3.672160e+01 6.000000e+00
      vertex   -1.022018e+01 2.572160e+01 6.000000e+00
    endloop
  endfacet
  facet normal 0.000000e+00 0.000000e+00 1.000000e+00
    outer loop
      vertex   -8.100000e+00 3.672160e+01 6.000000e+00
      vertex   -3.900000e+00 3.672160e+01 6.000000e+00
      vertex   -8.100000e+00 3.782160e+01 6.000000e+00
    endloop
  endfacet
  facet normal -0.000000e+00 0.000000e+00 1.000000e+00
    outer loop
      vertex   -8.100000e+00 3.782160e+01 6.000000e+00
      vertex   -3.900000e+00 3.672160e+01 6.000000e+00
      vertex   -3.900000e+00 3.782160e+01 6.000000e+00
    endloop
  endfacet
  facet normal -0.000000e+00 3.217934e-08 1.000000e+00
    outer loop
      vertex   -8.100000e+00 3.782160e+01 6.000000e+00
      vertex   -3.900000e+00 3.782160e+01 6.000000e+00
      vertex   -1.322018e+01 4.060000e+01 6.000000e+00
    endloop
  endfacet
  facet normal 3.104604e-08 1.363238e-07 1.000000e+00
    outer loop
      vertex   -1.322018e+01 4.060000e+01 6.000000e+00
      vertex   -3.900000e+00 3.782160e+01 6.000000e+00
      vertex   -1.020181e+00 3.782160e+01 6.000000e+00
    endloop
  endfacet
  facet normal -0.000000e+00 0.000000e+00 1.000000e+00
    outer loop
      vertex   -1.322018e+01 4.060000e+01 6.000000e+00
      vertex   -1.020181e+00 3.782160e+01 6.000000e+00
      vertex   4.186000e+01 4.060000e+01 6.000000e+00
    endloop
  endfacet
  facet normal 0.000000e+00 0.000000e+00 1.000000e+00
    outer loop
      vertex   4.186000e+01 4.060000e+01 6.000000e+00
      vertex   -1.020181e+00 3.782160e+01 6.000000e+00
      vertex   -1.020181e+00 2.462160e+01 6.000000e+00
    endloop
  endfacet
  facet normal 0.000000e+00 0.000000e+00 1.000000e+00
    outer loop
      vertex   4.186000e+01 4.060000e+01 6.000000e+00
      vertex   -1.020181e+00 2.462160e+01 6.000000e+00
      vertex   6.100000e+00 -2.850000e+00 6.000000e+00
    endloop
  endfacet
  facet normal 0.000000e+00 0.000000e+00 1.000000e+00
    outer loop
      vertex   6.100000e+00 -2.850000e+00 6.000000e+00
      vertex   -1.020181e+00 2.462160e+01 6.000000e+00
      vertex   3.100000e+00 -2.850000e+00 6.000000e+00
    endloop
  endfacet
  facet normal 0.000000e+00 0.000000e+00 1.000000e+00
    outer loop
      vertex   3.100000e+00 -2.850000e+00 6.000000e+00
      vertex   -1.020181e+00 2.462160e+01 6.000000e+00
      vertex   2.841181e+00 -2.884074e+00 6.000000e+00
    endloop
  endfacet
  facet normal 0.000000e+00 0.000000e+00 1.000000e+00
    outer loop
      vertex   2.841181e+00 -2.884074e+00 6.000000e+00
      vertex   -1.020181e+00 2.462160e+01 6.000000e+00
      vertex   2.600000e+00 -2.983975e+00 6.000000e+00
    endloop
  endfacet
  facet normal 3.104604e-08 4.071361e-09 1.000000e+00
    outer loop
      vertex   2.600000e+00 -2.983975e+00 6.000000e+00
      vertex   -1.020181e+00 2.462160e+01 6.000000e+00
      vertex   -3.900000e+00 2.462160e+01 6.000000e+00
    endloop
  endfacet
  facet normal 2.104868e-09 -2.743117e-09 1.000000e+00
    outer loop
      vertex   2.600000e+00 -2.983975e+00 6.000000e+00
      vertex   -3.900000e+00 2.462160e+01 6.000000e+00
      vertex   2.392893e+00 -3.142893e+00 6.000000e+00
    endloop
  endfacet
  facet normal -1.073811e-24 -3.220190e-09 1.000000e+00
    outer loop
      vertex   2.392893e+00 -3.142893e+00 6.000000e+00
      vertex   -3.900000e+00 2.462160e+01 6.000000e+00
      vertex   -9.592893e+00 -3.142893e+00 6.000000e+00
    endloop
  endfacet
  facet normal 0.000000e+00 0.000000e+00 1.000000e+00
    outer loop
      vertex   2.392893e+00 -3.142893e+00 6.000000e+00
      vertex   -9.592893e+00 -3.142893e+00 6.000000e+00
      vertex   2.233975e+00 -3.350000e+00 6.000000e+00
    endloop
  endfacet
  facet normal 0.000000e+00 0.000000e+00 1.000000e+00
    outer loop
      vertex   2.233975e+00 -3.350000e+00 6.000000e+00
      vertex   -9.592893e+00 -3.142893e+00 6.000000e+00
      vertex   -9.433975e+00 -3.350000e+00 6.000000e+00
    endloop
  endfacet
  facet normal 0.000000e+00 0.000000e+00 1.000000e+00
    outer loop
      vertex   2.233975e+00 -3.350000e+00 6.000000e+00
      vertex   -9.433975e+00 -3.350000e+00 6.000000e+00
      vertex   1.100000e+00 -4.850000e+00 6.000000e+00
    endloop
  endfacet
  facet normal 0.000000e+00 0.000000e+00 1.000000e+00
    outer loop
      vertex   1.100000e+00 -4.850000e+00 6.000000e+00
      vertex   -9.433975e+00 -3.350000e+00 6.000000e+00
      vertex   -8.300000e+00 -4.850000e+00 6.000000e+00
    endloop
  endfacet
  facet normal 0.000000e+00 0.000000e+00 1.000000e+00
    outer loop
      vertex   1.100000e+00 -4.850000e+00 6.000000e+00
      vertex   -8.300000e+00 -4.850000e+00 6.000000e+00
      vertex   -8.300000e+00 -5.650000e+00 6.000000e+00
    endloop
  endfacet
  facet normal 0.000000e+00 0.000000e+00 1.000000e+00
    outer loop
      vertex   -3.900000e+00 2.572160e+01 6.000000e+00
      vertex   -8.100000e+00 2.572160e+01 6.000000e+00
      vertex   -3.900000e+00 2.462160e+01 6.000000e+00
    endloop
  endfacet
  facet normal 0.000000e+00 0.000000e+00 1.000000e+00
    outer loop
      vertex   -3.900000e+00 2.462160e+01 6.000000e+00
      vertex   -8.100000e+00 2.572160e+01 6.000000e+00
      vertex   -8.100000e+00 2.462160e+01 6.000000e+00
    endloop
  endfacet
  facet normal 0.000000e+00 -3.238728e-09 1.000000e+00
    outer loop
      vertex   -3.900000e+00 2.462160e+01 6.000000e+00
      vertex   -8.100000e+00 2.462160e+01 6.000000e+00
      vertex   -9.800000e+00 -2.983975e+00 6.000000e+00
    endloop
  endfacet
  facet normal -1.308157e-09 -3.158170e-09 1.000000e+00
    outer loop
      vertex   -9.800000e+00 -2.983975e+00 6.000000e+00
      vertex   -8.100000e+00 2.462160e+01 6.000000e+00
      vertex   -1.004118e+01 -2.884074e+00 6.000000e+00
    endloop
  endfacet
  facet normal -4.239959e-10 -3.220568e-09 1.000000e+00
    outer loop
      vertex   -1.004118e+01 -2.884074e+00 6.000000e+00
      vertex   -8.100000e+00 2.462160e+01 6.000000e+00
      vertex   -1.030000e+01 -2.850000e+00 6.000000e+00
    endloop
  endfacet
  facet normal -2.865442e-08 -9.598003e-10 1.000000e+00
    outer loop
      vertex   -1.030000e+01 -2.850000e+00 6.000000e+00
      vertex   -8.100000e+00 2.462160e+01 6.000000e+00
      vertex   -1.122018e+01 2.462160e+01 6.000000e+00
    endloop
  endfacet
  facet normal 0.000000e+00 0.000000e+00 1.000000e+00
    outer loop
      vertex   -1.030000e+01 -2.850000e+00 6.000000e+00
      vertex   -1.122018e+01 2.462160e+01 6.000000e+00
      vertex   -1.322018e+01 -2.850000e+00 6.000000e+00
    endloop
  endfacet
  facet normal 0.000000e+00 0.000000e+00 1.000000e+00
    outer loop
      vertex   -1.322018e+01 -2.850000e+00 6.000000e+00
      vertex   -1.122018e+01 2.462160e+01 6.000000e+00
      vertex   -1.322018e+01 4.060000e+01 6.000000e+00
    endloop
  endfacet
  facet normal 0.000000e+00 0.000000e+00 1.000000e+00
    outer loop
      vertex   -1.322018e+01 4.060000e+01 6.000000e+00
      vertex   -1.122018e+01 2.462160e+01 6.000000e+00
      vertex   -1.122018e+01 3.782160e+01 6.000000e+00
    endloop
  endfacet
  facet normal -2.865442e-08 -2.062659e-08 1.000000e+00
    outer loop
      vertex   -1.322018e+01 4.060000e+01 6.000000e+00
      vertex   -1.122018e+01 3.782160e+01 6.000000e+00
      vertex   -8.100000e+00 3.782160e+01 6.000000e+00
    endloop
  endfacet
  facet normal -2.135026e-09 -2.782420e-09 1.000000e+00
    outer loop
      vertex   -9.800000e+00 -2.983975e+00 6.000000e+00
      vertex   -9.592893e+00 -3.142893e+00 6.000000e+00
      vertex   -3.900000e+00 2.462160e+01 6.000000e+00
    endloop
  endfacet
  facet normal 0.000000e+00 0.000000e+00 1.000000e+00
    outer loop
      vertex   -9.433975e+00 -3.350000e+00 6.000000e+00
      vertex   -9.334074e+00 -3.591181e+00 6.000000e+00
      vertex   -8.300000e+00 -4.850000e+00 6.000000e+00
    endloop
  endfacet
  facet normal 0.000000e+00 0.000000e+00 1.000000e+00
    outer loop
      vertex   -8.300000e+00 -4.850000e+00 6.000000e+00
      vertex   -9.334074e+00 -3.591181e+00 6.000000e+00
      vertex   -9.300000e+00 -3.850000e+00 6.000000e+00
    endloop
  endfacet
  facet normal 0.000000e+00 0.000000e+00 1.000000e+00
    outer loop
      vertex   -8.300000e+00 -4.850000e+00 6.000000e+00
      vertex   -9.300000e+00 -3.850000e+00 6.000000e+00
      vertex   -8.558819e+00 -4.815926e+00 6.000000e+00
    endloop
  endfacet
  facet normal 0.000000e+00 0.000000e+00 1.000000e+00
    outer loop
      vertex   -8.558819e+00 -4.815926e+00 6.000000e+00
      vertex   -9.300000e+00 -3.850000e+00 6.000000e+00
      vertex   -8.800000e+00 -4.716025e+00 6.000000e+00
    endloop
  endfacet
  facet normal 0.000000e+00 0.000000e+00 1.000000e+00
    outer loop
      vertex   -8.800000e+00 -4.716025e+00 6.000000e+00
      vertex   -9.300000e+00 -3.850000e+00 6.000000e+00
      vertex   -9.007107e+00 -4.557107e+00 6.000000e+00
    endloop
  endfacet
  facet normal 0.000000e+00 0.000000e+00 1.000000e+00
    outer loop
      vertex   -9.007107e+00 -4.557107e+00 6.000000e+00
      vertex   -9.300000e+00 -3.850000e+00 6.000000e+00
      vertex   -9.166025e+00 -4.350000e+00 6.000000e+00
    endloop
  endfacet
  facet normal 0.000000e+00 0.000000e+00 1.000000e+00
    outer loop
      vertex   -9.166025e+00 -4.350000e+00 6.000000e+00
      vertex   -9.300000e+00 -3.850000e+00 6.000000e+00
      vertex   -9.265926e+00 -4.108819e+00 6.000000e+00
    endloop
  endfacet
  facet normal 0.000000e+00 0.000000e+00 1.000000e+00
    outer loop
      vertex   -8.728399e+00 -5.598278e+00 6.000000e+00
      vertex   -8.933975e+00 -3.235000e+01 6.000000e+00
      vertex   -8.300000e+00 -5.650000e+00 6.000000e+00
    endloop
  endfacet
  facet normal 0.000000e+00 0.000000e+00 1.000000e+00
    outer loop
      vertex   -8.300000e+00 -5.650000e+00 6.000000e+00
      vertex   -8.933975e+00 -3.235000e+01 6.000000e+00
      vertex   1.733975e+00 -3.235000e+01 6.000000e+00
    endloop
  endfacet
  facet normal 0.000000e+00 0.000000e+00 1.000000e+00
    outer loop
      vertex   -8.300000e+00 -5.650000e+00 6.000000e+00
      vertex   1.733975e+00 -3.235000e+01 6.000000e+00
      vertex   1.100000e+00 -5.650000e+00 6.000000e+00
    endloop
  endfacet
  facet normal -0.000000e+00 0.000000e+00 1.000000e+00
    outer loop
      vertex   1.100000e+00 -5.650000e+00 6.000000e+00
      vertex   1.733975e+00 -3.235000e+01 6.000000e+00
      vertex   1.528399e+00 -5.598278e+00 6.000000e+00
    endloop
  endfacet
  facet normal 0.000000e+00 0.000000e+00 1.000000e+00
    outer loop
      vertex   1.528399e+00 -5.598278e+00 6.000000e+00
      vertex   1.733975e+00 -3.235000e+01 6.000000e+00
      vertex   5.300000e+00 -3.235000e+01 6.000000e+00
    endloop
  endfacet
  facet normal -0.000000e+00 0.000000e+00 1.000000e+00
    outer loop
      vertex   1.528399e+00 -5.598278e+00 6.000000e+00
      vertex   5.300000e+00 -3.235000e+01 6.000000e+00
      vertex   1.932177e+00 -5.446083e+00 6.000000e+00
    endloop
  endfacet
  facet normal -0.000000e+00 0.000000e+00 1.000000e+00
    outer loop
      vertex   1.932177e+00 -5.446083e+00 6.000000e+00
      vertex   5.300000e+00 -3.235000e+01 6.000000e+00
      vertex   2.288131e+00 -5.202163e+00 6.000000e+00
    endloop
  endfacet
  facet normal -0.000000e+00 0.000000e+00 1.000000e+00
    outer loop
      vertex   2.288131e+00 -5.202163e+00 6.000000e+00
      vertex   5.300000e+00 -3.235000e+01 6.000000e+00
      vertex   5.300000e+00 -3.650000e+00 6.000000e+00
    endloop
  endfacet
  facet normal 0.000000e+00 0.000000e+00 1.000000e+00
    outer loop
      vertex   2.288131e+00 -5.202163e+00 6.000000e+00
      vertex   5.300000e+00 -3.650000e+00 6.000000e+00
      vertex   2.575805e+00 -4.880534e+00 6.000000e+00
    endloop
  endfacet
  facet normal 0.000000e+00 0.000000e+00 1.000000e+00
    outer loop
      vertex   2.575805e+00 -4.880534e+00 6.000000e+00
      vertex   5.300000e+00 -3.650000e+00 6.000000e+00
      vertex   2.778664e+00 -4.499682e+00 6.000000e+00
    endloop
  endfacet
  facet normal 0.000000e+00 0.000000e+00 1.000000e+00
    outer loop
      vertex   2.778664e+00 -4.499682e+00 6.000000e+00
      vertex   5.300000e+00 -3.650000e+00 6.000000e+00
      vertex   2.885052e+00 -4.081493e+00 6.000000e+00
    endloop
  endfacet
  facet normal 0.000000e+00 0.000000e+00 1.000000e+00
    outer loop
      vertex   2.885052e+00 -4.081493e+00 6.000000e+00
      vertex   5.300000e+00 -3.650000e+00 6.000000e+00
      vertex   2.888854e+00 -3.650000e+00 6.000000e+00
    endloop
  endfacet
  facet normal 0.000000e+00 -0.000000e+00 1.000000e+00
    outer loop
      vertex   -8.933975e+00 -3.235000e+01 6.000000e+00
      vertex   -8.728399e+00 -5.598278e+00 6.000000e+00
      vertex   -1.250000e+01 -3.235000e+01 6.000000e+00
    endloop
  endfacet
  facet normal 0.000000e+00 0.000000e+00 1.000000e+00
    outer loop
      vertex   -1.250000e+01 -3.235000e+01 6.000000e+00
      vertex   -8.728399e+00 -5.598278e+00 6.000000e+00
      vertex   -9.132177e+00 -5.446083e+00 6.000000e+00
    endloop
  endfacet
  facet normal 0.000000e+00 0.000000e+00 1.000000e+00
    outer loop
      vertex   -1.250000e+01 -3.235000e+01 6.000000e+00
      vertex   -9.132177e+00 -5.446083e+00 6.000000e+00
      vertex   -9.488131e+00 -5.202163e+00 6.000000e+00
    endloop
  endfacet
  facet normal 0.000000e+00 0.000000e+00 1.000000e+00
    outer loop
      vertex   -1.250000e+01 -3.235000e+01 6.000000e+00
      vertex   -9.488131e+00 -5.202163e+00 6.000000e+00
      vertex   -1.250000e+01 -3.650000e+00 6.000000e+00
    endloop
  endfacet
  facet normal 0.000000e+00 0.000000e+00 1.000000e+00
    outer loop
      vertex   -1.250000e+01 -3.650000e+00 6.000000e+00
      vertex   -9.488131e+00 -5.202163e+00 6.000000e+00
      vertex   -9.775805e+00 -4.880534e+00 6.000000e+00
    endloop
  endfacet
  facet normal 0.000000e+00 0.000000e+00 1.000000e+00
    outer loop
      vertex   -1.250000e+01 -3.650000e+00 6.000000e+00
      vertex   -9.775805e+00 -4.880534e+00 6.000000e+00
      vertex   -9.978664e+00 -4.499682e+00 6.000000e+00
    endloop
  endfacet
  facet normal 0.000000e+00 0.000000e+00 1.000000e+00
    outer loop
      vertex   -9.978664e+00 -4.499682e+00 6.000000e+00
      vertex   -1.008505e+01 -4.081493e+00 6.000000e+00
      vertex   -1.250000e+01 -3.650000e+00 6.000000e+00
    endloop
  endfacet
  facet normal 0.000000e+00 0.000000e+00 1.000000e+00
    outer loop
      vertex   -1.250000e+01 -3.650000e+00 6.000000e+00
      vertex   -1.008505e+01 -4.081493e+00 6.000000e+00
      vertex   -1.008885e+01 -3.650000e+00 6.000000e+00
    endloop
  endfacet
  facet normal 0.000000e+00 0.000000e+00 1.000000e+00
    outer loop
      vertex   1.733975e+00 -3.235000e+01 6.000000e+00
      vertex   -8.933975e+00 -3.235000e+01 6.000000e+00
      vertex   1.733975e+00 -3.265000e+01 6.000000e+00
    endloop
  endfacet
  facet normal 0.000000e+00 0.000000e+00 1.000000e+00
    outer loop
      vertex   1.733975e+00 -3.265000e+01 6.000000e+00
      vertex   -8.933975e+00 -3.235000e+01 6.000000e+00
      vertex   -8.933975e+00 -3.265000e+01 6.000000e+00
    endloop
  endfacet
  facet normal 0.000000e+00 0.000000e+00 1.000000e+00
    outer loop
      vertex   1.733975e+00 -3.265000e+01 6.000000e+00
      vertex   -8.933975e+00 -3.265000e+01 6.000000e+00
      vertex   1.827310e+00 -3.278478e+01 6.000000e+00
    endloop
  endfacet
  facet normal 0.000000e+00 0.000000e+00 1.000000e+00
    outer loop
      vertex   1.827310e+00 -3.278478e+01 6.000000e+00
      vertex   -8.933975e+00 -3.265000e+01 6.000000e+00
      vertex   -9.027310e+00 -3.278478e+01 6.000000e+00
    endloop
  endfacet
  facet normal 0.000000e+00 0.000000e+00 1.000000e+00
    outer loop
      vertex   1.827310e+00 -3.278478e+01 6.000000e+00
      vertex   -9.027310e+00 -3.278478e+01 6.000000e+00
      vertex   1.941413e+00 -3.290250e+01 6.000000e+00
    endloop
  endfacet
  facet normal 0.000000e+00 0.000000e+00 1.000000e+00
    outer loop
      vertex   1.941413e+00 -3.290250e+01 6.000000e+00
      vertex   -9.027310e+00 -3.278478e+01 6.000000e+00
      vertex   -9.141413e+00 -3.290250e+01 6.000000e+00
    endloop
  endfacet
  facet normal 0.000000e+00 0.000000e+00 1.000000e+00
    outer loop
      vertex   1.941413e+00 -3.290250e+01 6.000000e+00
      vertex   -9.141413e+00 -3.290250e+01 6.000000e+00
      vertex   2.073217e+00 -3.300000e+01 6.000000e+00
    endloop
  endfacet
  facet normal 0.000000e+00 0.000000e+00 1.000000e+00
    outer loop
      vertex   2.073217e+00 -3.300000e+01 6.000000e+00
      vertex   -9.141413e+00 -3.290250e+01 6.000000e+00
      vertex   -9.273217e+00 -3.300000e+01 6.000000e+00
    endloop
  endfacet
  facet normal 0.000000e+00 -0.000000e+00 1.000000e+00
    outer loop
      vertex   1.100000e+00 -5.650000e+00 6.000000e+00
      vertex   1.100000e+00 -4.850000e+00 6.000000e+00
      vertex   -8.300000e+00 -5.650000e+00 6.000000e+00
    endloop
  endfacet
  facet normal 0.000000e+00 -0.000000e+00 1.000000e+00
    outer loop
      vertex   1.358819e+00 -4.815926e+00 6.000000e+00
      vertex   2.100000e+00 -3.850000e+00 6.000000e+00
      vertex   1.100000e+00 -4.850000e+00 6.000000e+00
    endloop
  endfacet
  facet normal 0.000000e+00 0.000000e+00 1.000000e+00
    outer loop
      vertex   1.100000e+00 -4.850000e+00 6.000000e+00
      vertex   2.100000e+00 -3.850000e+00 6.000000e+00
      vertex   2.134074e+00 -3.591181e+00 6.000000e+00
    endloop
  endfacet
  facet normal 0.000000e+00 0.000000e+00 1.000000e+00
    outer loop
      vertex   1.100000e+00 -4.850000e+00 6.000000e+00
      vertex   2.134074e+00 -3.591181e+00 6.000000e+00
      vertex   2.233975e+00 -3.350000e+00 6.000000e+00
    endloop
  endfacet
  facet normal 0.000000e+00 0.000000e+00 1.000000e+00
    outer loop
      vertex   1.358819e+00 -4.815926e+00 6.000000e+00
      vertex   1.600000e+00 -4.716025e+00 6.000000e+00
      vertex   2.100000e+00 -3.850000e+00 6.000000e+00
    endloop
  endfacet
  facet normal 0.000000e+00 0.000000e+00 1.000000e+00
    outer loop
      vertex   2.100000e+00 -3.850000e+00 6.000000e+00
      vertex   1.600000e+00 -4.716025e+00 6.000000e+00
      vertex   1.807107e+00 -4.557107e+00 6.000000e+00
    endloop
  endfacet
  facet normal 0.000000e+00 0.000000e+00 1.000000e+00
    outer loop
      vertex   2.100000e+00 -3.850000e+00 6.000000e+00
      vertex   1.807107e+00 -4.557107e+00 6.000000e+00
      vertex   1.966025e+00 -4.350000e+00 6.000000e+00
    endloop
  endfacet
  facet normal 0.000000e+00 0.000000e+00 1.000000e+00
    outer loop
      vertex   1.966025e+00 -4.350000e+00 6.000000e+00
      vertex   2.065926e+00 -4.108819e+00 6.000000e+00
      vertex   2.100000e+00 -3.850000e+00 6.000000e+00
    endloop
  endfacet
  facet normal -0.000000e+00 0.000000e+00 1.000000e+00
    outer loop
      vertex   6.100000e+00 -3.300000e+01 6.000000e+00
      vertex   4.186000e+01 -3.300000e+01 6.000000e+00
      vertex   6.100000e+00 -2.850000e+00 6.000000e+00
    endloop
  endfacet
  facet normal -0.000000e+00 0.000000e+00 1.000000e+00
    outer loop
      vertex   6.100000e+00 -2.850000e+00 6.000000e+00
      vertex   4.186000e+01 -3.300000e+01 6.000000e+00
      vertex   4.186000e+01 4.060000e+01 6.000000e+00
    endloop
  endfacet
  facet normal -6.702661e-15 -1.000000e+00 -1.776357e-15
    outer loop
      vertex   -8.100000e+00 3.672160e+01 1.000000e+01
      vertex   -1.022018e+01 3.672160e+01 1.000000e+01
      vertex   -8.100000e+00 3.672160e+01 6.000000e+00
    endloop
  endfacet
  facet normal -3.351331e-15 -1.000000e+00 0.000000e+00
    outer loop
      vertex   -8.100000e+00 3.672160e+01 6.000000e+00
      vertex   -1.022018e+01 3.672160e+01 1.000000e+01
      vertex   -1.022018e+01 3.672160e+01 6.000000e+00
    endloop
  endfacet
  facet normal 0.000000e+00 -0.000000e+00 1.000000e+00
    outer loop
      vertex   -8.100000e+00 3.672160e+01 1.000000e+01
      vertex   -8.100000e+00 3.782160e+01 1.000000e+01
      vertex   -1.022018e+01 3.672160e+01 1.000000e+01
    endloop
  endfacet
  facet normal 0.000000e+00 -0.000000e+00 1.000000e+00
    outer loop
      vertex   -1.022018e+01 3.672160e+01 1.000000e+01
      vertex   -8.100000e+00 3.782160e+01 1.000000e+01
      vertex   -1.122018e+01 3.782160e+01 1.000000e+01
    endloop
  endfacet
  facet normal 0.000000e+00 0.000000e+00 1.000000e+00
    outer loop
      vertex   -1.022018e+01 3.672160e+01 1.000000e+01
      vertex   -1.122018e+01 3.782160e+01 1.000000e+01
      vertex   -1.122018e+01 2.462160e+01 1.000000e+01
    endloop
  endfacet
  facet normal 0.000000e+00 0.000000e+00 1.000000e+00
    outer loop
      vertex   -1.022018e+01 3.672160e+01 1.000000e+01
      vertex   -1.122018e+01 2.462160e+01 1.000000e+01
      vertex   -1.022018e+01 2.572160e+01 1.000000e+01
    endloop
  endfacet
  facet normal 0.000000e+00 0.000000e+00 1.000000e+00
    outer loop
      vertex   -1.022018e+01 2.572160e+01 1.000000e+01
      vertex   -1.122018e+01 2.462160e+01 1.000000e+01
      vertex   -8.100000e+00 2.462160e+01 1.000000e+01
    endloop
  endfacet
  facet normal -0.000000e+00 0.000000e+00 1.000000e+00
    outer loop
      vertex   -1.022018e+01 2.572160e+01 1.000000e+01
      vertex   -8.100000e+00 2.462160e+01 1.000000e+01
      vertex   -8.100000e+00 2.572160e+01 1.000000e+01
    endloop
  endfacet
  facet normal -0.000000e+00 -1.000000e+00 -0.000000e+00
    outer loop
      vertex   -8.100000e+00 2.462160e+01 1.000000e+01
      vertex   -1.122018e+01 2.462160e+01 1.000000e+01
      vertex   -8.100000e+00 2.462160e+01 6.000000e+00
    endloop
  endfacet
  facet normal -0.000000e+00 -1.000000e+00 0.000000e+00
    outer loop
      vertex   -8.100000e+00 2.462160e+01 6.000000e+00
      vertex   -1.122018e+01 2.462160e+01 1.000000e+01
      vertex   -1.122018e+01 2.462160e+01 6.000000e+00
    endloop
  endfacet
  facet normal 0.000000e+00 -1.000000e+00 0.000000e+00
    outer loop
      vertex   -3.900000e+00 2.462160e+01 1.000000e+01
      vertex   -3.900000e+00 2.462160e+01 6.000000e+00
      vertex   -1.020181e+00 2.462160e+01 1.000000e+01
    endloop
  endfacet
  facet normal 0.000000e+00 -1.000000e+00 -0.000000e+00
    outer loop
      vertex   -1.020181e+00 2.462160e+01 1.000000e+01
      vertex   -3.900000e+00 2.462160e+01 6.000000e+00
      vertex   -1.020181e+00 2.462160e+01 6.000000e+00
    endloop
  endfacet
  facet normal -1.000000e+00 -0.000000e+00 -0.000000e+00
    outer loop
      vertex   -1.122018e+01 3.782160e+01 1.000000e+01
      vertex   -1.122018e+01 3.782160e+01 6.000000e+00
      vertex   -1.122018e+01 2.462160e+01 1.000000e+01
    endloop
  endfacet
  facet normal -1.000000e+00 0.000000e+00 0.000000e+00
    outer loop
      vertex   -1.122018e+01 2.462160e+01 1.000000e+01
      vertex   -1.122018e+01 3.782160e+01 6.000000e+00
      vertex   -1.122018e+01 2.462160e+01 6.000000e+00
    endloop
  endfacet
  facet normal 1.000000e+00 -0.000000e+00 0.000000e+00
    outer loop
      vertex   -8.100000e+00 2.462160e+01 1.000000e+01
      vertex   -8.100000e+00 2.462160e+01 6.000000e+00
      vertex   -8.100000e+00 2.572160e+01 1.000000e+01
    endloop
  endfacet
  facet normal 1.000000e+00 0.000000e+00 0.000000e+00
    outer loop
      vertex   -8.100000e+00 2.572160e+01 1.000000e+01
      vertex   -8.100000e+00 2.462160e+01 6.000000e+00
      vertex   -8.100000e+00 2.572160e+01 6.000000e+00
    endloop
  endfacet
  facet normal -1.000000e+00 0.000000e+00 0.000000e+00
    outer loop
      vertex   -3.900000e+00 2.462160e+01 6.000000e+00
      vertex   -3.900000e+00 2.462160e+01 1.000000e+01
      vertex   -3.900000e+00 2.572160e+01 6.000000e+00
    endloop
  endfacet
  facet normal -1.000000e+00 0.000000e+00 0.000000e+00
    outer loop
      vertex   -3.900000e+00 2.572160e+01 6.000000e+00
      vertex   -3.900000e+00 2.462160e+01 1.000000e+01
      vertex   -3.900000e+00 2.572160e+01 1.000000e+01
    endloop
  endfacet
  facet normal 0.000000e+00 1.000000e+00 0.000000e+00
    outer loop
      vertex   -8.100000e+00 2.572160e+01 1.000000e+01
      vertex   -8.100000e+00 2.572160e+01 6.000000e+00
      vertex   -1.022018e+01 2.572160e+01 1.000000e+01
    endloop
  endfacet
  facet normal 0.000000e+00 1.000000e+00 0.000000e+00
    outer loop
      vertex   -1.022018e+01 2.572160e+01 1.000000e+01
      vertex   -8.100000e+00 2.572160e+01 6.000000e+00
      vertex   -1.022018e+01 2.572160e+01 6.000000e+00
    endloop
  endfacet
  facet normal 1.000000e+00 0.000000e+00 -0.000000e+00
    outer loop
      vertex   -1.022018e+01 3.672160e+01 6.000000e+00
      vertex   -1.022018e+01 3.672160e+01 1.000000e+01
      vertex   -1.022018e+01 2.572160e+01 6.000000e+00
    endloop
  endfacet
  facet normal 1.000000e+00 0.000000e+00 0.000000e+00
    outer loop
      vertex   -1.022018e+01 2.572160e+01 6.000000e+00
      vertex   -1.022018e+01 3.672160e+01 1.000000e+01
      vertex   -1.022018e+01 2.572160e+01 1.000000e+01
    endloop
  endfacet
  facet normal -0.000000e+00 1.000000e+00 0.000000e+00
    outer loop
      vertex   -3.900000e+00 2.572160e+01 1.000000e+01
      vertex   -2.020181e+00 2.572160e+01 1.000000e+01
      vertex   -3.900000e+00 2.572160e+01 6.000000e+00
    endloop
  endfacet
  facet normal -0.000000e+00 1.000000e+00 0.000000e+00
    outer loop
      vertex   -3.900000e+00 2.572160e+01 6.000000e+00
      vertex   -2.020181e+00 2.572160e+01 1.000000e+01
      vertex   -2.020181e+00 2.572160e+01 6.000000e+00
    endloop
  endfacet
  facet normal -1.000000e+00 -0.000000e+00 -0.000000e+00
    outer loop
      vertex   -2.020181e+00 3.672160e+01 1.000000e+01
      vertex   -2.020181e+00 3.672160e+01 6.000000e+00
      vertex   -2.020181e+00 2.572160e+01 1.000000e+01
    endloop
  endfacet
  facet normal -1.000000e+00 0.000000e+00 0.000000e+00
    outer loop
      vertex   -2.020181e+00 2.572160e+01 1.000000e+01
      vertex   -2.020181e+00 3.672160e+01 6.000000e+00
      vertex   -2.020181e+00 2.572160e+01 6.000000e+00
    endloop
  endfacet
  facet normal 0.000000e+00 1.000000e+00 0.000000e+00
    outer loop
      vertex   6.100000e+00 -3.300237e+01 1.340000e+01
      vertex   6.100000e+00 -3.300237e+01 1.160000e+01
      vertex   5.300000e+00 -3.300237e+01 1.340000e+01
    endloop
  endfacet
  facet normal 0.000000e+00 1.000000e+00 0.000000e+00
    outer loop
      vertex   5.300000e+00 -3.300237e+01 1.340000e+01
      vertex   6.100000e+00 -3.300237e+01 1.160000e+01
      vertex   5.300000e+00 -3.300237e+01 1.160000e+01
    endloop
  endfacet
  facet normal 1.000000e+00 2.624047e-12 0.000000e+00
    outer loop
      vertex   5.300000e+00 -3.300237e+01 1.340000e+01
      vertex   5.300000e+00 -3.300237e+01 1.160000e+01
      vertex   5.300000e+00 -3.300000e+01 1.340000e+01
    endloop
  endfacet
  facet normal 1.000000e+00 0.000000e+00 3.454027e-15
    outer loop
      vertex   5.300000e+00 -3.300000e+01 1.340000e+01
      vertex   5.300000e+00 -3.300237e+01 1.160000e+01
      vertex   5.300000e+00 -3.300000e+01 1.160000e+01
    endloop
  endfacet
  facet normal -1.000000e+00 -7.497276e-13 -9.868649e-16
    outer loop
      vertex   6.100000e+00 -3.300000e+01 1.340000e+01
      vertex   6.100000e+00 -3.300000e+01 1.160000e+01
      vertex   6.100000e+00 -3.300237e+01 1.340000e+01
    endloop
  endfacet
  facet normal -1.000000e+00 0.000000e+00 0.000000e+00
    outer loop
      vertex   6.100000e+00 -3.300237e+01 1.340000e+01
      vertex   6.100000e+00 -3.300000e+01 1.160000e+01
      vertex   6.100000e+00 -3.300237e+01 1.160000e+01
    endloop
  endfacet
  facet normal 0.000000e+00 0.000000e+00 1.000000e+00
    outer loop
      vertex   -1.472000e+01 3.860000e+01 1.340000e+01
      vertex   -1.472000e+01 -3.100000e+01 1.340000e+01
      vertex   -1.322018e+01 -3.300000e+01 1.340000e+01
    endloop
  endfacet
  facet normal 0.000000e+00 0.000000e+00 1.000000e+00
    outer loop
      vertex   -1.322018e+01 -3.300000e+01 1.340000e+01
      vertex   -1.472000e+01 -3.100000e+01 1.340000e+01
      vertex   -1.466683e+01 -3.160777e+01 1.340000e+01
    endloop
  endfacet
  facet normal 0.000000e+00 0.000000e+00 1.000000e+00
    outer loop
      vertex   -1.322018e+01 -3.300000e+01 1.340000e+01
      vertex   -1.466683e+01 -3.160777e+01 1.340000e+01
      vertex   -1.450892e+01 -3.219707e+01 1.340000e+01
    endloop
  endfacet
  facet normal 0.000000e+00 0.000000e+00 1.000000e+00
    outer loop
      vertex   -1.450892e+01 -3.219707e+01 1.340000e+01
      vertex   -1.425109e+01 -3.275000e+01 1.340000e+01
      vertex   -1.322018e+01 -3.300000e+01 1.340000e+01
    endloop
  endfacet
  facet normal 0.000000e+00 0.000000e+00 1.000000e+00
    outer loop
      vertex   -1.322018e+01 -3.300000e+01 1.340000e+01
      vertex   -1.425109e+01 -3.275000e+01 1.340000e+01
      vertex   -1.390116e+01 -3.324976e+01 1.340000e+01
    endloop
  endfacet
  facet normal 0.000000e+00 0.000000e+00 1.000000e+00
    outer loop
      vertex   -1.322018e+01 -3.300000e+01 1.340000e+01
      vertex   -1.390116e+01 -3.324976e+01 1.340000e+01
      vertex   -1.346976e+01 -3.368116e+01 1.340000e+01
    endloop
  endfacet
  facet normal -0.000000e+00 0.000000e+00 1.000000e+00
    outer loop
      vertex   -1.346976e+01 -3.368116e+01 1.340000e+01
      vertex   -1.297000e+01 -3.403109e+01 1.340000e+01
      vertex   -1.322018e+01 -3.300000e+01 1.340000e+01
    endloop
  endfacet
  facet normal 0.000000e+00 0.000000e+00 1.000000e+00
    outer loop
      vertex   -1.322018e+01 -3.300000e+01 1.340000e+01
      vertex   -1.297000e+01 -3.403109e+01 1.340000e+01
      vertex   -1.241707e+01 -3.428892e+01 1.340000e+01
    endloop
  endfacet
  facet normal 0.000000e+00 0.000000e+00 1.000000e+00
    outer loop
      vertex   -1.322018e+01 -3.300000e+01 1.340000e+01
      vertex   -1.241707e+01 -3.428892e+01 1.340000e+01
      vertex   -1.182777e+01 -3.444683e+01 1.340000e+01
    endloop
  endfacet
  facet normal -0.000000e+00 -0.000000e+00 1.000000e+00
    outer loop
      vertex   -1.182777e+01 -3.444683e+01 1.340000e+01
      vertex   -1.122000e+01 -3.450000e+01 1.340000e+01
      vertex   -1.322018e+01 -3.300000e+01 1.340000e+01
    endloop
  endfacet
  facet normal -0.000000e+00 0.000000e+00 1.000000e+00
    outer loop
      vertex   -1.322018e+01 -3.300000e+01 1.340000e+01
      vertex   -1.122000e+01 -3.450000e+01 1.340000e+01
      vertex   5.300000e+00 -3.300000e+01 1.340000e+01
    endloop
  endfacet
  facet normal 0.000000e+00 0.000000e+00 1.000000e+00
    outer loop
      vertex   5.300000e+00 -3.300000e+01 1.340000e+01
      vertex   -1.122000e+01 -3.450000e+01 1.340000e+01
      vertex   5.300000e+00 -3.300237e+01 1.340000e+01
    endloop
  endfacet
  facet normal -0.000000e+00 0.000000e+00 1.000000e+00
    outer loop
      vertex   5.300000e+00 -3.300237e+01 1.340000e+01
      vertex   -1.122000e+01 -3.450000e+01 1.340000e+01
      vertex   6.100000e+00 -3.300237e+01 1.340000e+01
    endloop
  endfacet
  facet normal 0.000000e+00 0.000000e+00 1.000000e+00
    outer loop
      vertex   6.100000e+00 -3.300237e+01 1.340000e+01
      vertex   -1.122000e+01 -3.450000e+01 1.340000e+01
      vertex   3.986000e+01 -3.450000e+01 1.340000e+01
    endloop
  endfacet
  facet normal -0.000000e+00 -0.000000e+00 1.000000e+00
    outer loop
      vertex   6.100000e+00 -3.300237e+01 1.340000e+01
      vertex   3.986000e+01 -3.450000e+01 1.340000e+01
      vertex   6.100000e+00 -3.300000e+01 1.340000e+01
    endloop
  endfacet
  facet normal 0.000000e+00 0.000000e+00 1.000000e+00
    outer loop
      vertex   6.100000e+00 -3.300000e+01 1.340000e+01
      vertex   3.986000e+01 -3.450000e+01 1.340000e+01
      vertex   4.186000e+01 -3.300000e+01 1.340000e+01
    endloop
  endfacet
  facet normal 0.000000e+00 0.000000e+00 1.000000e+00
    outer loop
      vertex   4.186000e+01 -3.300000e+01 1.340000e+01
      vertex   3.986000e+01 -3.450000e+01 1.340000e+01
      vertex   4.046777e+01 -3.444683e+01 1.340000e+01
    endloop
  endfacet
  facet normal 0.000000e+00 0.000000e+00 1.000000e+00
    outer loop
      vertex   4.186000e+01 -3.300000e+01 1.340000e+01
      vertex   4.046777e+01 -3.444683e+01 1.340000e+01
      vertex   4.105707e+01 -3.428892e+01 1.340000e+01
    endloop
  endfacet
  facet normal 0.000000e+00 0.000000e+00 1.000000e+00
    outer loop
      vertex   4.105707e+01 -3.428892e+01 1.340000e+01
      vertex   4.161000e+01 -3.403109e+01 1.340000e+01
      vertex   4.186000e+01 -3.300000e+01 1.340000e+01
    endloop
  endfacet
  facet normal 0.000000e+00 0.000000e+00 1.000000e+00
    outer loop
      vertex   4.186000e+01 -3.300000e+01 1.340000e+01
      vertex   4.161000e+01 -3.403109e+01 1.340000e+01
      vertex   4.210976e+01 -3.368116e+01 1.340000e+01
    endloop
  endfacet
  facet normal 0.000000e+00 0.000000e+00 1.000000e+00
    outer loop
      vertex   4.186000e+01 -3.300000e+01 1.340000e+01
      vertex   4.210976e+01 -3.368116e+01 1.340000e+01
      vertex   4.254116e+01 -3.324976e+01 1.340000e+01
    endloop
  endfacet
  facet normal 0.000000e+00 -0.000000e+00 1.000000e+00
    outer loop
      vertex   4.254116e+01 -3.324976e+01 1.340000e+01
      vertex   4.289109e+01 -3.275000e+01 1.340000e+01
      vertex   4.186000e+01 -3.300000e+01 1.340000e+01
    endloop
  endfacet
  facet normal 0.000000e+00 0.000000e+00 1.000000e+00
    outer loop
      vertex   4.186000e+01 -3.300000e+01 1.340000e+01
      vertex   4.289109e+01 -3.275000e+01 1.340000e+01
      vertex   4.314892e+01 -3.219707e+01 1.340000e+01
    endloop
  endfacet
  facet normal 0.000000e+00 0.000000e+00 1.000000e+00
    outer loop
      vertex   4.186000e+01 -3.300000e+01 1.340000e+01
      vertex   4.314892e+01 -3.219707e+01 1.340000e+01
      vertex   4.330683e+01 -3.160777e+01 1.340000e+01
    endloop
  endfacet
  facet normal 0.000000e+00 -0.000000e+00 1.000000e+00
    outer loop
      vertex   4.330683e+01 -3.160777e+01 1.340000e+01
      vertex   4.336000e+01 -3.100000e+01 1.340000e+01
      vertex   4.186000e+01 -3.300000e+01 1.340000e+01
    endloop
  endfacet
  facet normal 0.000000e+00 0.000000e+00 1.000000e+00
    outer loop
      vertex   4.186000e+01 -3.300000e+01 1.340000e+01
      vertex   4.336000e+01 -3.100000e+01 1.340000e+01
      vertex   4.336000e+01 3.860000e+01 1.340000e+01
    endloop
  endfacet
  facet normal 0.000000e+00 0.000000e+00 1.000000e+00
    outer loop
      vertex   4.186000e+01 -3.300000e+01 1.340000e+01
      vertex   4.336000e+01 3.860000e+01 1.340000e+01
      vertex   4.186000e+01 4.060000e+01 1.340000e+01
    endloop
  endfacet
  facet normal 0.000000e+00 0.000000e+00 1.000000e+00
    outer loop
      vertex   4.186000e+01 4.060000e+01 1.340000e+01
      vertex   4.336000e+01 3.860000e+01 1.340000e+01
      vertex   4.330683e+01 3.920777e+01 1.340000e+01
    endloop
  endfacet
  facet normal 0.000000e+00 0.000000e+00 1.000000e+00
    outer loop
      vertex   4.186000e+01 4.060000e+01 1.340000e+01
      vertex   4.330683e+01 3.920777e+01 1.340000e+01
      vertex   4.314892e+01 3.979707e+01 1.340000e+01
    endloop
  endfacet
  facet normal 0.000000e+00 0.000000e+00 1.000000e+00
    outer loop
      vertex   4.314892e+01 3.979707e+01 1.340000e+01
      vertex   4.289109e+01 4.035000e+01 1.340000e+01
      vertex   4.186000e+01 4.060000e+01 1.340000e+01
    endloop
  endfacet
  facet normal -0.000000e+00 0.000000e+00 1.000000e+00
    outer loop
      vertex   4.186000e+01 4.060000e+01 1.340000e+01
      vertex   4.289109e+01 4.035000e+01 1.340000e+01
      vertex   4.254116e+01 4.084976e+01 1.340000e+01
    endloop
  endfacet
  facet normal 0.000000e+00 0.000000e+00 1.000000e+00
    outer loop
      vertex   4.186000e+01 4.060000e+01 1.340000e+01
      vertex   4.254116e+01 4.084976e+01 1.340000e+01
      vertex   4.210976e+01 4.128116e+01 1.340000e+01
    endloop
  endfacet
  facet normal 0.000000e+00 0.000000e+00 1.000000e+00
    outer loop
      vertex   4.210976e+01 4.128116e+01 1.340000e+01
      vertex   4.161000e+01 4.163109e+01 1.340000e+01
      vertex   4.186000e+01 4.060000e+01 1.340000e+01
    endloop
  endfacet
  facet normal 0.000000e+00 0.000000e+00 1.000000e+00
    outer loop
      vertex   4.186000e+01 4.060000e+01 1.340000e+01
      vertex   4.161000e+01 4.163109e+01 1.340000e+01
      vertex   4.105707e+01 4.188892e+01 1.340000e+01
    endloop
  endfacet
  facet normal 0.000000e+00 0.000000e+00 1.000000e+00
    outer loop
      vertex   4.186000e+01 4.060000e+01 1.340000e+01
      vertex   4.105707e+01 4.188892e+01 1.340000e+01
      vertex   4.046777e+01 4.204683e+01 1.340000e+01
    endloop
  endfacet
  facet normal 0.000000e+00 0.000000e+00 1.000000e+00
    outer loop
      vertex   4.046777e+01 4.204683e+01 1.340000e+01
      vertex   3.986000e+01 4.210000e+01 1.340000e+01
      vertex   4.186000e+01 4.060000e+01 1.340000e+01
    endloop
  endfacet
  facet normal 0.000000e+00 0.000000e+00 1.000000e+00
    outer loop
      vertex   4.186000e+01 4.060000e+01 1.340000e+01
      vertex   3.986000e+01 4.210000e+01 1.340000e+01
      vertex   -1.122000e+01 4.210000e+01 1.340000e+01
    endloop
  endfacet
  facet normal 0.000000e+00 0.000000e+00 1.000000e+00
    outer loop
      vertex   4.186000e+01 4.060000e+01 1.340000e+01
      vertex   -1.122000e+01 4.210000e+01 1.340000e+01
      vertex   -1.322018e+01 4.060000e+01 1.340000e+01
    endloop
  endfacet
  facet normal 0.000000e+00 0.000000e+00 1.000000e+00
    outer loop
      vertex   -1.322018e+01 4.060000e+01 1.340000e+01
      vertex   -1.122000e+01 4.210000e+01 1.340000e+01
      vertex   -1.182777e+01 4.204683e+01 1.340000e+01
    endloop
  endfacet
  facet normal 0.000000e+00 0.000000e+00 1.000000e+00
    outer loop
      vertex   -1.322018e+01 4.060000e+01 1.340000e+01
      vertex   -1.182777e+01 4.204683e+01 1.340000e+01
      vertex   -1.241707e+01 4.188892e+01 1.340000e+01
    endloop
  endfacet
  facet normal 0.000000e+00 0.000000e+00 1.000000e+00
    outer loop
      vertex   -1.241707e+01 4.188892e+01 1.340000e+01
      vertex   -1.297000e+01 4.163109e+01 1.340000e+01
      vertex   -1.322018e+01 4.060000e+01 1.340000e+01
    endloop
  endfacet
  facet normal 0.000000e+00 -0.000000e+00 1.000000e+00
    outer loop
      vertex   -1.322018e+01 4.060000e+01 1.340000e+01
      vertex   -1.297000e+01 4.163109e+01 1.340000e+01
      vertex   -1.346976e+01 4.128116e+01 1.340000e+01
    endloop
  endfacet
  facet normal 0.000000e+00 0.000000e+00 1.000000e+00
    outer loop
      vertex   -1.322018e+01 4.060000e+01 1.340000e+01
      vertex   -1.346976e+01 4.128116e+01 1.340000e+01
      vertex   -1.390116e+01 4.084976e+01 1.340000e+01
    endloop
  endfacet
  facet normal 0.000000e+00 0.000000e+00 1.000000e+00
    outer loop
      vertex   -1.390116e+01 4.084976e+01 1.340000e+01
      vertex   -1.425109e+01 4.035000e+01 1.340000e+01
      vertex   -1.322018e+01 4.060000e+01 1.340000e+01
    endloop
  endfacet
  facet normal 0.000000e+00 0.000000e+00 1.000000e+00
    outer loop
      vertex   -1.322018e+01 4.060000e+01 1.340000e+01
      vertex   -1.425109e+01 4.035000e+01 1.340000e+01
      vertex   -1.450892e+01 3.979707e+01 1.340000e+01
    endloop
  endfacet
  facet normal 0.000000e+00 0.000000e+00 1.000000e+00
    outer loop
      vertex   -1.322018e+01 4.060000e+01 1.340000e+01
      vertex   -1.450892e+01 3.979707e+01 1.340000e+01
      vertex   -1.466683e+01 3.920777e+01 1.340000e+01
    endloop
  endfacet
  facet normal -0.000000e+00 0.000000e+00 1.000000e+00
    outer loop
      vertex   -1.466683e+01 3.920777e+01 1.340000e+01
      vertex   -1.472000e+01 3.860000e+01 1.340000e+01
      vertex   -1.322018e+01 4.060000e+01 1.340000e+01
    endloop
  endfacet
  facet normal 0.000000e+00 0.000000e+00 1.000000e+00
    outer loop
      vertex   -1.322018e+01 4.060000e+01 1.340000e+01
      vertex   -1.472000e+01 3.860000e+01 1.340000e+01
      vertex   -1.322018e+01 -3.300000e+01 1.340000e+01
    endloop
  endfacet
  facet normal 5.551115e-16 1.000000e+00 0.000000e+00
    outer loop
      vertex   5.300000e+00 -2.850000e+00 1.160000e+01
      vertex   6.100000e+00 -2.850000e+00 1.160000e+01
      vertex   5.300000e+00 -2.850000e+00 9.000000e+00
    endloop
  endfacet
  facet normal 5.551115e-16 1.000000e+00 3.521700e-31
    outer loop
      vertex   5.300000e+00 -2.850000e+00 9.000000e+00
      vertex   6.100000e+00 -2.850000e+00 1.160000e+01
      vertex   6.100000e+00 -2.850000e+00 6.000000e+00
    endloop
  endfacet
  facet normal 5.921189e-16 1.000000e+00 9.868649e-18
    outer loop
      vertex   5.300000e+00 -2.850000e+00 9.000000e+00
      vertex   6.100000e+00 -2.850000e+00 6.000000e+00
      vertex   3.100000e+00 -2.850000e+00 6.000000e+00
    endloop
  endfacet
  facet normal 6.055762e-16 1.000000e+00 -0.000000e+00
    outer loop
      vertex   3.100000e+00 -2.850000e+00 6.000000e+00
      vertex   3.100000e+00 -2.850000e+00 9.000000e+00
      vertex   5.300000e+00 -2.850000e+00 9.000000e+00
    endloop
  endfacet
  facet normal 1.000000e+00 0.000000e+00 0.000000e+00
    outer loop
      vertex   -1.322018e+01 -2.850000e+00 6.000000e+00
      vertex   -1.322018e+01 4.060000e+01 6.000000e+00
      vertex   -1.322018e+01 -2.850000e+00 1.065000e+01
    endloop
  endfacet
  facet normal 1.000000e+00 -0.000000e+00 0.000000e+00
    outer loop
      vertex   -1.322018e+01 -2.850000e+00 1.065000e+01
      vertex   -1.322018e+01 4.060000e+01 6.000000e+00
      vertex   -1.322018e+01 4.060000e+01 1.340000e+01
    endloop
  endfacet
  facet normal 1.000000e+00 0.000000e+00 -0.000000e+00
    outer loop
      vertex   -1.322018e+01 -2.850000e+00 1.065000e+01
      vertex   -1.322018e+01 4.060000e+01 1.340000e+01
      vertex   -1.322018e+01 -3.300000e+01 1.340000e+01
    endloop
  endfacet
  facet normal 1.000000e+00 0.000000e+00 0.000000e+00
    outer loop
      vertex   -1.322018e+01 -3.300000e+01 1.340000e+01
      vertex   -1.322018e+01 -3.300000e+01 1.065000e+01
      vertex   -1.322018e+01 -2.850000e+00 1.065000e+01
    endloop
  endfacet
  facet normal -1.000000e+00 0.000000e+00 0.000000e+00
    outer loop
      vertex   -1.070000e+01 -3.235000e+01 1.070000e+01
      vertex   -1.070000e+01 -3.300000e+01 1.070000e+01
      vertex   -1.070000e+01 -3.235000e+01 1.165000e+01
    endloop
  endfacet
  facet normal -1.000000e+00 -0.000000e+00 0.000000e+00
    outer loop
      vertex   -1.070000e+01 -3.235000e+01 1.165000e+01
      vertex   -1.070000e+01 -3.300000e+01 1.070000e+01
      vertex   -1.070000e+01 -3.300000e+01 1.165000e+01
    endloop
  endfacet
  facet normal 0.000000e+00 0.000000e+00 1.000000e+00
    outer loop
      vertex   -1.070000e+01 -3.235000e+01 1.070000e+01
      vertex   -1.250000e+01 -3.235000e+01 1.070000e+01
      vertex   -1.070000e+01 -3.300000e+01 1.070000e+01
    endloop
  endfacet
  facet normal 0.000000e+00 0.000000e+00 1.000000e+00
    outer loop
      vertex   -1.070000e+01 -3.300000e+01 1.070000e+01
      vertex   -1.250000e+01 -3.235000e+01 1.070000e+01
      vertex   -1.310000e+01 -3.300000e+01 1.070000e+01
    endloop
  endfacet
  facet normal 0.000000e+00 0.000000e+00 1.000000e+00
    outer loop
      vertex   -1.310000e+01 -3.300000e+01 1.070000e+01
      vertex   -1.250000e+01 -3.235000e+01 1.070000e+01
      vertex   -1.310000e+01 -3.106730e+01 1.070000e+01
    endloop
  endfacet
  facet normal -0.000000e+00 0.000000e+00 1.000000e+00
    outer loop
      vertex   -1.310000e+01 -3.106730e+01 1.070000e+01
      vertex   -1.250000e+01 -3.235000e+01 1.070000e+01
      vertex   -1.250000e+01 -3.106730e+01 1.070000e+01
    endloop
  endfacet
  facet normal -0.000000e+00 1.000000e+00 0.000000e+00
    outer loop
      vertex   -1.250000e+01 -3.235000e+01 1.070000e+01
      vertex   -1.070000e+01 -3.235000e+01 1.070000e+01
      vertex   -1.250000e+01 -3.235000e+01 6.000000e+00
    endloop
  endfacet
  facet normal -1.287177e-12 1.000000e+00 4.929614e-13
    outer loop
      vertex   -1.250000e+01 -3.235000e+01 6.000000e+00
      vertex   -1.070000e+01 -3.235000e+01 1.070000e+01
      vertex   -8.933975e+00 -3.235000e+01 6.000000e+00
    endloop
  endfacet
  facet normal -2.599117e-12 1.000000e+00 0.000000e+00
    outer loop
      vertex   -8.933975e+00 -3.235000e+01 6.000000e+00
      vertex   -1.070000e+01 -3.235000e+01 1.070000e+01
      vertex   -8.933975e+00 -3.235000e+01 1.165000e+01
    endloop
  endfacet
  facet normal 0.000000e+00 1.000000e+00 -4.831691e-12
    outer loop
      vertex   -8.933975e+00 -3.235000e+01 1.165000e+01
      vertex   -1.070000e+01 -3.235000e+01 1.070000e+01
      vertex   -1.070000e+01 -3.235000e+01 1.165000e+01
    endloop
  endfacet
  facet normal 0.000000e+00 -0.000000e+00 1.000000e+00
    outer loop
      vertex   -1.250000e+01 -5.042369e+00 1.070000e+01
      vertex   -1.250000e+01 -3.650000e+00 1.070000e+01
      vertex   -1.320000e+01 -5.042369e+00 1.070000e+01
    endloop
  endfacet
  facet normal 0.000000e+00 0.000000e+00 1.000000e+00
    outer loop
      vertex   -1.320000e+01 -5.042369e+00 1.070000e+01
      vertex   -1.250000e+01 -3.650000e+00 1.070000e+01
      vertex   -1.320000e+01 -2.850000e+00 1.070000e+01
    endloop
  endfacet
  facet normal -0.000000e+00 0.000000e+00 1.000000e+00
    outer loop
      vertex   -1.320000e+01 -2.850000e+00 1.070000e+01
      vertex   -1.250000e+01 -3.650000e+00 1.070000e+01
      vertex   -1.070000e+01 -2.850000e+00 1.070000e+01
    endloop
  endfacet
  facet normal 0.000000e+00 0.000000e+00 1.000000e+00
    outer loop
      vertex   -1.070000e+01 -2.850000e+00 1.070000e+01
      vertex   -1.250000e+01 -3.650000e+00 1.070000e+01
      vertex   -1.070000e+01 -3.650000e+00 1.070000e+01
    endloop
  endfacet
  facet normal -1.000000e+00 -0.000000e+00 -0.000000e+00
    outer loop
      vertex   -1.320000e+01 -2.850000e+00 1.070000e+01
      vertex   -1.320000e+01 -2.850000e+00 1.065000e+01
      vertex   -1.320000e+01 -5.042369e+00 1.070000e+01
    endloop
  endfacet
  facet normal -1.000000e+00 0.000000e+00 0.000000e+00
    outer loop
      vertex   -1.320000e+01 -5.042369e+00 1.070000e+01
      vertex   -1.320000e+01 -2.850000e+00 1.065000e+01
      vertex   -1.320000e+01 -5.042369e+00 1.065000e+01
    endloop
  endfacet
  facet normal -0.000000e+00 1.000000e+00 0.000000e+00
    outer loop
      vertex   -1.320000e+01 -2.850000e+00 1.070000e+01
      vertex   -1.070000e+01 -2.850000e+00 1.070000e+01
      vertex   -1.320000e+01 -2.850000e+00 1.065000e+01
    endloop
  endfacet
  facet normal 0.000000e+00 1.000000e+00 0.000000e+00
    outer loop
      vertex   -1.320000e+01 -2.850000e+00 1.065000e+01
      vertex   -1.070000e+01 -2.850000e+00 1.070000e+01
      vertex   -1.070000e+01 -2.850000e+00 1.065000e+01
    endloop
  endfacet
  facet normal -0.000000e+00 1.000000e+00 1.050534e-15
    outer loop
      vertex   -1.320000e+01 -2.850000e+00 1.065000e+01
      vertex   -1.070000e+01 -2.850000e+00 1.065000e+01
      vertex   -1.322018e+01 -2.850000e+00 6.000000e+00
    endloop
  endfacet
  facet normal 4.562277e-16 1.000000e+00 8.032698e-16
    outer loop
      vertex   -1.322018e+01 -2.850000e+00 6.000000e+00
      vertex   -1.070000e+01 -2.850000e+00 1.065000e+01
      vertex   -1.030000e+01 -2.850000e+00 6.000000e+00
    endloop
  endfacet
  facet normal -1.110223e-14 1.000000e+00 -1.910061e-16
    outer loop
      vertex   -1.030000e+01 -2.850000e+00 6.000000e+00
      vertex   -1.070000e+01 -2.850000e+00 1.065000e+01
      vertex   -1.030000e+01 -2.850000e+00 1.065000e+01
    endloop
  endfacet
  facet normal 2.420569e-13 1.000000e+00 -0.000000e+00
    outer loop
      vertex   -1.322018e+01 -2.850000e+00 6.000000e+00
      vertex   -1.322018e+01 -2.850000e+00 1.065000e+01
      vertex   -1.320000e+01 -2.850000e+00 1.065000e+01
    endloop
  endfacet
  facet normal 1.000000e+00 -0.000000e+00 0.000000e+00
    outer loop
      vertex   -1.070000e+01 -3.650000e+00 1.070000e+01
      vertex   -1.070000e+01 -3.650000e+00 1.065000e+01
      vertex   -1.070000e+01 -2.850000e+00 1.070000e+01
    endloop
  endfacet
  facet normal 1.000000e+00 0.000000e+00 0.000000e+00
    outer loop
      vertex   -1.070000e+01 -2.850000e+00 1.070000e+01
      vertex   -1.070000e+01 -3.650000e+00 1.065000e+01
      vertex   -1.070000e+01 -2.850000e+00 1.065000e+01
    endloop
  endfacet
  facet normal -1.290015e-16 -1.000000e+00 -0.000000e+00
    outer loop
      vertex   -1.322018e+01 4.060000e+01 1.340000e+01
      vertex   -1.322018e+01 4.060000e+01 6.000000e+00
      vertex   4.186000e+01 4.060000e+01 1.340000e+01
    endloop
  endfacet
  facet normal 0.000000e+00 -1.000000e+00 -9.601929e-16
    outer loop
      vertex   4.186000e+01 4.060000e+01 1.340000e+01
      vertex   -1.322018e+01 4.060000e+01 6.000000e+00
      vertex   4.186000e+01 4.060000e+01 6.000000e+00
    endloop
  endfacet
  facet normal -3.836586e-16 1.000000e+00 3.194937e-15
    outer loop
      vertex   5.300000e+00 -3.300000e+01 1.340000e+01
      vertex   -9.273217e+00 -3.300000e+01 1.165000e+01
      vertex   -1.322018e+01 -3.300000e+01 1.340000e+01
    endloop
  endfacet
  facet normal 0.000000e+00 1.000000e+00 4.060244e-15
    outer loop
      vertex   -1.322018e+01 -3.300000e+01 1.340000e+01
      vertex   -9.273217e+00 -3.300000e+01 1.165000e+01
      vertex   -1.070000e+01 -3.300000e+01 1.165000e+01
    endloop
  endfacet
  facet normal -1.023655e-15 1.000000e+00 2.586075e-15
    outer loop
      vertex   -1.322018e+01 -3.300000e+01 1.340000e+01
      vertex   -1.070000e+01 -3.300000e+01 1.165000e+01
      vertex   -1.310000e+01 -3.300000e+01 1.070000e+01
    endloop
  endfacet
  facet normal 0.000000e+00 1.000000e+00 0.000000e+00
    outer loop
      vertex   -1.310000e+01 -3.300000e+01 1.070000e+01
      vertex   -1.070000e+01 -3.300000e+01 1.165000e+01
      vertex   -1.070000e+01 -3.300000e+01 1.070000e+01
    endloop
  endfacet
  facet normal -0.000000e+00 1.000000e+00 0.000000e+00
    outer loop
      vertex   -9.273217e+00 -3.300000e+01 1.165000e+01
      vertex   5.300000e+00 -3.300000e+01 1.340000e+01
      vertex   -7.100000e-01 -3.300000e+01 1.064000e+01
    endloop
  endfacet
  facet normal 0.000000e+00 1.000000e+00 0.000000e+00
    outer loop
      vertex   -7.100000e-01 -3.300000e+01 1.064000e+01
      vertex   5.300000e+00 -3.300000e+01 1.340000e+01
      vertex   5.300000e+00 -3.300000e+01 1.160000e+01
    endloop
  endfacet
  facet normal -0.000000e+00 1.000000e+00 0.000000e+00
    outer loop
      vertex   -7.100000e-01 -3.300000e+01 1.064000e+01
      vertex   5.300000e+00 -3.300000e+01 1.160000e+01
      vertex   -2.542234e-01 -3.300000e+01 1.058201e+01
    endloop
  endfacet
  facet normal -0.000000e+00 1.000000e+00 0.000000e+00
    outer loop
      vertex   -2.542234e-01 -3.300000e+01 1.058201e+01
      vertex   5.300000e+00 -3.300000e+01 1.160000e+01
      vertex   1.725071e-01 -3.300000e+01 1.041172e+01
    endloop
  endfacet
  facet normal -0.000000e+00 1.000000e+00 0.000000e+00
    outer loop
      vertex   1.725071e-01 -3.300000e+01 1.041172e+01
      vertex   5.300000e+00 -3.300000e+01 1.160000e+01
      vertex   7.100000e-01 -3.300000e+01 1.014000e+01
    endloop
  endfacet
  facet normal 0.000000e+00 1.000000e+00 0.000000e+00
    outer loop
      vertex   1.725071e-01 -3.300000e+01 1.041172e+01
      vertex   7.100000e-01 -3.300000e+01 1.014000e+01
      vertex   5.429964e-01 -3.300000e+01 1.014000e+01
    endloop
  endfacet
  facet normal 0.000000e+00 1.000000e+00 0.000000e+00
    outer loop
      vertex   5.300000e+00 -3.300000e+01 1.160000e+01
      vertex   5.300000e+00 -3.300000e+01 9.000000e+00
      vertex   7.100000e-01 -3.300000e+01 1.014000e+01
    endloop
  endfacet
  facet normal 0.000000e+00 1.000000e+00 0.000000e+00
    outer loop
      vertex   7.100000e-01 -3.300000e+01 1.014000e+01
      vertex   5.300000e+00 -3.300000e+01 9.000000e+00
      vertex   7.100000e-01 -3.300000e+01 9.958420e+00
    endloop
  endfacet
  facet normal 0.000000e+00 1.000000e+00 0.000000e+00
    outer loop
      vertex   7.100000e-01 -3.300000e+01 9.958420e+00
      vertex   5.300000e+00 -3.300000e+01 9.000000e+00
      vertex   9.284023e-01 -3.300000e+01 9.612488e+00
    endloop
  endfacet
  facet normal 0.000000e+00 1.000000e+00 0.000000e+00
    outer loop
      vertex   9.284023e-01 -3.300000e+01 9.612488e+00
      vertex   5.300000e+00 -3.300000e+01 9.000000e+00
      vertex   2.073217e+00 -3.300000e+01 9.000000e+00
    endloop
  endfacet
  facet normal 0.000000e+00 1.000000e+00 0.000000e+00
    outer loop
      vertex   9.284023e-01 -3.300000e+01 9.612488e+00
      vertex   2.073217e+00 -3.300000e+01 9.000000e+00
      vertex   1.064020e+00 -3.300000e+01 9.226514e+00
    endloop
  endfacet
  facet normal 0.000000e+00 1.000000e+00 0.000000e+00
    outer loop
      vertex   1.064020e+00 -3.300000e+01 9.226514e+00
      vertex   2.073217e+00 -3.300000e+01 9.000000e+00
      vertex   1.110000e+00 -3.300000e+01 8.820000e+00
    endloop
  endfacet
  facet normal -0.000000e+00 1.000000e+00 0.000000e+00
    outer loop
      vertex   1.110000e+00 -3.300000e+01 8.820000e+00
      vertex   2.073217e+00 -3.300000e+01 9.000000e+00
      vertex   1.064020e+00 -3.300000e+01 8.413486e+00
    endloop
  endfacet
  facet normal -0.000000e+00 1.000000e+00 0.000000e+00
    outer loop
      vertex   1.064020e+00 -3.300000e+01 8.413486e+00
      vertex   2.073217e+00 -3.300000e+01 9.000000e+00
      vertex   9.284023e-01 -3.300000e+01 8.027512e+00
    endloop
  endfacet
  facet normal -0.000000e+00 1.000000e+00 0.000000e+00
    outer loop
      vertex   9.284023e-01 -3.300000e+01 8.027512e+00
      vertex   2.073217e+00 -3.300000e+01 9.000000e+00
      vertex   2.073217e+00 -3.300000e+01 6.000000e+00
    endloop
  endfacet
  facet normal 0.000000e+00 1.000000e+00 0.000000e+00
    outer loop
      vertex   9.284023e-01 -3.300000e+01 8.027512e+00
      vertex   2.073217e+00 -3.300000e+01 6.000000e+00
      vertex   7.100000e-01 -3.300000e+01 7.440000e+00
    endloop
  endfacet
  facet normal 0.000000e+00 1.000000e+00 0.000000e+00
    outer loop
      vertex   7.100000e-01 -3.300000e+01 7.440000e+00
      vertex   2.073217e+00 -3.300000e+01 6.000000e+00
      vertex   1.198563e-01 -3.300000e+01 7.200204e+00
    endloop
  endfacet
  facet normal 0.000000e+00 1.000000e+00 0.000000e+00
    outer loop
      vertex   7.100000e-01 -3.300000e+01 7.440000e+00
      vertex   1.198563e-01 -3.300000e+01 7.200204e+00
      vertex   4.765918e-01 -3.300000e+01 7.440000e+00
    endloop
  endfacet
  facet normal 0.000000e+00 1.000000e+00 0.000000e+00
    outer loop
      vertex   -9.273217e+00 -3.300000e+01 6.000000e+00
      vertex   -7.100000e-01 -3.300000e+01 7.000000e+00
      vertex   2.073217e+00 -3.300000e+01 6.000000e+00
    endloop
  endfacet
  facet normal 0.000000e+00 1.000000e+00 0.000000e+00
    outer loop
      vertex   2.073217e+00 -3.300000e+01 6.000000e+00
      vertex   -7.100000e-01 -3.300000e+01 7.000000e+00
      vertex   -2.831677e-01 -3.300000e+01 7.050759e+00
    endloop
  endfacet
  facet normal 0.000000e+00 1.000000e+00 0.000000e+00
    outer loop
      vertex   2.073217e+00 -3.300000e+01 6.000000e+00
      vertex   -2.831677e-01 -3.300000e+01 7.050759e+00
      vertex   1.198563e-01 -3.300000e+01 7.200204e+00
    endloop
  endfacet
  facet normal 0.000000e+00 1.000000e+00 0.000000e+00
    outer loop
      vertex   -9.273217e+00 -3.300000e+01 1.165000e+01
      vertex   -8.310000e+00 -3.300000e+01 8.820000e+00
      vertex   -9.273217e+00 -3.300000e+01 6.000000e+00
    endloop
  endfacet
  facet normal 0.000000e+00 1.000000e+00 0.000000e+00
    outer loop
      vertex   -9.273217e+00 -3.300000e+01 6.000000e+00
      vertex   -8.310000e+00 -3.300000e+01 8.820000e+00
      vertex   -8.252007e+00 -3.300000e+01 8.364223e+00
    endloop
  endfacet
  facet normal 0.000000e+00 1.000000e+00 0.000000e+00
    outer loop
      vertex   -9.273217e+00 -3.300000e+01 6.000000e+00
      vertex   -8.252007e+00 -3.300000e+01 8.364223e+00
      vertex   -8.081723e+00 -3.300000e+01 7.937493e+00
    endloop
  endfacet
  facet normal -5.912266e-14 1.000000e+00 0.000000e+00
    outer loop
      vertex   -1.310000e+01 -3.300000e+01 1.065000e+01
      vertex   -1.322018e+01 -3.300000e+01 1.065000e+01
      vertex   -1.310000e+01 -3.300000e+01 1.070000e+01
    endloop
  endfacet
  facet normal -5.912266e-14 1.000000e+00 0.000000e+00
    outer loop
      vertex   -1.310000e+01 -3.300000e+01 1.070000e+01
      vertex   -1.322018e+01 -3.300000e+01 1.065000e+01
      vertex   -1.322018e+01 -3.300000e+01 1.340000e+01
    endloop
  endfacet
  facet normal -0.000000e+00 1.000000e+00 0.000000e+00
    outer loop
      vertex   7.100000e-01 -3.300000e+01 7.681580e+00
      vertex   9.284023e-01 -3.300000e+01 8.027512e+00
      vertex   7.100000e-01 -3.300000e+01 7.440000e+00
    endloop
  endfacet
  facet normal 0.000000e+00 1.000000e+00 0.000000e+00
    outer loop
      vertex   -7.100000e-01 -3.300000e+01 1.064000e+01
      vertex   -6.490000e+00 -3.300000e+01 1.064000e+01
      vertex   -9.273217e+00 -3.300000e+01 1.165000e+01
    endloop
  endfacet
  facet normal 0.000000e+00 1.000000e+00 0.000000e+00
    outer loop
      vertex   -9.273217e+00 -3.300000e+01 1.165000e+01
      vertex   -6.490000e+00 -3.300000e+01 1.064000e+01
      vertex   -6.945777e+00 -3.300000e+01 1.058201e+01
    endloop
  endfacet
  facet normal 0.000000e+00 1.000000e+00 0.000000e+00
    outer loop
      vertex   -9.273217e+00 -3.300000e+01 1.165000e+01
      vertex   -6.945777e+00 -3.300000e+01 1.058201e+01
      vertex   -7.372507e+00 -3.300000e+01 1.041172e+01
    endloop
  endfacet
  facet normal 0.000000e+00 1.000000e+00 -0.000000e+00
    outer loop
      vertex   -7.742996e+00 -3.300000e+01 1.014000e+01
      vertex   -7.810000e+00 -3.300000e+01 1.014000e+01
      vertex   -7.372507e+00 -3.300000e+01 1.041172e+01
    endloop
  endfacet
  facet normal 0.000000e+00 1.000000e+00 0.000000e+00
    outer loop
      vertex   -7.372507e+00 -3.300000e+01 1.041172e+01
      vertex   -7.810000e+00 -3.300000e+01 1.014000e+01
      vertex   -9.273217e+00 -3.300000e+01 1.165000e+01
    endloop
  endfacet
  facet normal 0.000000e+00 1.000000e+00 -0.000000e+00
    outer loop
      vertex   -7.810000e+00 -3.300000e+01 1.007300e+01
      vertex   -8.081723e+00 -3.300000e+01 9.702507e+00
      vertex   -7.810000e+00 -3.300000e+01 1.014000e+01
    endloop
  endfacet
  facet normal 0.000000e+00 1.000000e+00 0.000000e+00
    outer loop
      vertex   -7.810000e+00 -3.300000e+01 1.014000e+01
      vertex   -8.081723e+00 -3.300000e+01 9.702507e+00
      vertex   -9.273217e+00 -3.300000e+01 1.165000e+01
    endloop
  endfacet
  facet normal 0.000000e+00 1.000000e+00 0.000000e+00
    outer loop
      vertex   -8.081723e+00 -3.300000e+01 9.702507e+00
      vertex   -8.252007e+00 -3.300000e+01 9.275777e+00
      vertex   -9.273217e+00 -3.300000e+01 1.165000e+01
    endloop
  endfacet
  facet normal 0.000000e+00 1.000000e+00 0.000000e+00
    outer loop
      vertex   -9.273217e+00 -3.300000e+01 1.165000e+01
      vertex   -8.252007e+00 -3.300000e+01 9.275777e+00
      vertex   -8.310000e+00 -3.300000e+01 8.820000e+00
    endloop
  endfacet
  facet normal 0.000000e+00 1.000000e+00 0.000000e+00
    outer loop
      vertex   -7.810000e+00 -3.300000e+01 7.567004e+00
      vertex   -7.810000e+00 -3.300000e+01 7.440000e+00
      vertex   -8.081723e+00 -3.300000e+01 7.937493e+00
    endloop
  endfacet
  facet normal 0.000000e+00 1.000000e+00 0.000000e+00
    outer loop
      vertex   -8.081723e+00 -3.300000e+01 7.937493e+00
      vertex   -7.810000e+00 -3.300000e+01 7.440000e+00
      vertex   -9.273217e+00 -3.300000e+01 6.000000e+00
    endloop
  endfacet
  facet normal 0.000000e+00 1.000000e+00 0.000000e+00
    outer loop
      vertex   -7.676592e+00 -3.300000e+01 7.440000e+00
      vertex   -7.319856e+00 -3.300000e+01 7.200204e+00
      vertex   -7.810000e+00 -3.300000e+01 7.440000e+00
    endloop
  endfacet
  facet normal 0.000000e+00 1.000000e+00 0.000000e+00
    outer loop
      vertex   -7.810000e+00 -3.300000e+01 7.440000e+00
      vertex   -7.319856e+00 -3.300000e+01 7.200204e+00
      vertex   -9.273217e+00 -3.300000e+01 6.000000e+00
    endloop
  endfacet
  facet normal 0.000000e+00 1.000000e+00 0.000000e+00
    outer loop
      vertex   -7.319856e+00 -3.300000e+01 7.200204e+00
      vertex   -6.916832e+00 -3.300000e+01 7.050759e+00
      vertex   -9.273217e+00 -3.300000e+01 6.000000e+00
    endloop
  endfacet
  facet normal 0.000000e+00 1.000000e+00 0.000000e+00
    outer loop
      vertex   -9.273217e+00 -3.300000e+01 6.000000e+00
      vertex   -6.916832e+00 -3.300000e+01 7.050759e+00
      vertex   -6.490000e+00 -3.300000e+01 7.000000e+00
    endloop
  endfacet
  facet normal 0.000000e+00 1.000000e+00 0.000000e+00
    outer loop
      vertex   -9.273217e+00 -3.300000e+01 6.000000e+00
      vertex   -6.490000e+00 -3.300000e+01 7.000000e+00
      vertex   -7.100000e-01 -3.300000e+01 7.000000e+00
    endloop
  endfacet
  facet normal 1.000000e+00 -0.000000e+00 0.000000e+00
    outer loop
      vertex   4.336000e+01 -3.100000e+01 1.340000e+01
      vertex   4.336000e+01 -3.100000e+01 6.500000e+00
      vertex   4.336000e+01 3.860000e+01 1.340000e+01
    endloop
  endfacet
  facet normal 1.000000e+00 0.000000e+00 0.000000e+00
    outer loop
      vertex   4.336000e+01 3.860000e+01 1.340000e+01
      vertex   4.336000e+01 -3.100000e+01 6.500000e+00
      vertex   4.336000e+01 3.860000e+01 6.500000e+00
    endloop
  endfacet
  facet normal 9.961947e-01 -8.715574e-02 0.000000e+00
    outer loop
      vertex   4.336000e+01 -3.100000e+01 6.500000e+00
      vertex   4.336000e+01 -3.100000e+01 1.340000e+01
      vertex   4.330683e+01 -3.160777e+01 6.500000e+00
    endloop
  endfacet
  facet normal 9.961947e-01 -8.715574e-02 4.487528e-17
    outer loop
      vertex   4.330683e+01 -3.160777e+01 6.500000e+00
      vertex   4.336000e+01 -3.100000e+01 1.340000e+01
      vertex   4.330683e+01 -3.160777e+01 1.340000e+01
    endloop
  endfacet
  facet normal 9.659258e-01 -2.588190e-01 1.332623e-16
    outer loop
      vertex   4.330683e+01 -3.160777e+01 6.500000e+00
      vertex   4.330683e+01 -3.160777e+01 1.340000e+01
      vertex   4.314892e+01 -3.219707e+01 6.500000e+00
    endloop
  endfacet
  facet normal 9.659258e-01 -2.588190e-01 0.000000e+00
    outer loop
      vertex   4.314892e+01 -3.219707e+01 6.500000e+00
      vertex   4.330683e+01 -3.160777e+01 1.340000e+01
      vertex   4.314892e+01 -3.219707e+01 1.340000e+01
    endloop
  endfacet
  facet normal 9.063078e-01 -4.226183e-01 0.000000e+00
    outer loop
      vertex   4.314892e+01 -3.219707e+01 6.500000e+00
      vertex   4.314892e+01 -3.219707e+01 1.340000e+01
      vertex   4.289109e+01 -3.275000e+01 6.500000e+00
    endloop
  endfacet
  facet normal 9.063078e-01 -4.226183e-01 0.000000e+00
    outer loop
      vertex   4.289109e+01 -3.275000e+01 6.500000e+00
      vertex   4.314892e+01 -3.219707e+01 1.340000e+01
      vertex   4.289109e+01 -3.275000e+01 1.340000e+01
    endloop
  endfacet
  facet normal 8.191520e-01 -5.735764e-01 0.000000e+00
    outer loop
      vertex   4.289109e+01 -3.275000e+01 6.500000e+00
      vertex   4.289109e+01 -3.275000e+01 1.340000e+01
      vertex   4.254116e+01 -3.324976e+01 6.500000e+00
    endloop
  endfacet
  facet normal 8.191520e-01 -5.735764e-01 5.906530e-16
    outer loop
      vertex   4.254116e+01 -3.324976e+01 6.500000e+00
      vertex   4.289109e+01 -3.275000e+01 1.340000e+01
      vertex   4.254116e+01 -3.324976e+01 1.340000e+01
    endloop
  endfacet
  facet normal 7.071068e-01 -7.071068e-01 7.281588e-16
    outer loop
      vertex   4.254116e+01 -3.324976e+01 6.500000e+00
      vertex   4.254116e+01 -3.324976e+01 1.340000e+01
      vertex   4.210976e+01 -3.368116e+01 6.500000e+00
    endloop
  endfacet
  facet normal 7.071068e-01 -7.071068e-01 1.456318e-15
    outer loop
      vertex   4.210976e+01 -3.368116e+01 6.500000e+00
      vertex   4.254116e+01 -3.324976e+01 1.340000e+01
      vertex   4.210976e+01 -3.368116e+01 1.340000e+01
    endloop
  endfacet
  facet normal 5.735764e-01 -8.191520e-01 1.434193e-15
    outer loop
      vertex   4.210976e+01 -3.368116e+01 6.500000e+00
      vertex   4.210976e+01 -3.368116e+01 1.340000e+01
      vertex   4.161000e+01 -3.403109e+01 6.500000e+00
    endloop
  endfacet
  facet normal 5.735764e-01 -8.191520e-01 8.435399e-16
    outer loop
      vertex   4.161000e+01 -3.403109e+01 6.500000e+00
      vertex   4.210976e+01 -3.368116e+01 1.340000e+01
      vertex   4.161000e+01 -3.403109e+01 1.340000e+01
    endloop
  endfacet
  facet normal 4.226183e-01 -9.063078e-01 9.332905e-16
    outer loop
      vertex   4.161000e+01 -3.403109e+01 6.500000e+00
      vertex   4.161000e+01 -3.403109e+01 1.340000e+01
      vertex   4.105707e+01 -3.428892e+01 6.500000e+00
    endloop
  endfacet
  facet normal 4.226183e-01 -9.063078e-01 0.000000e+00
    outer loop
      vertex   4.105707e+01 -3.428892e+01 6.500000e+00
      vertex   4.161000e+01 -3.403109e+01 1.340000e+01
      vertex   4.105707e+01 -3.428892e+01 1.340000e+01
    endloop
  endfacet
  facet normal 2.588190e-01 -9.659258e-01 0.000000e+00
    outer loop
      vertex   4.105707e+01 -3.428892e+01 6.500000e+00
      vertex   4.105707e+01 -3.428892e+01 1.340000e+01
      vertex   4.046777e+01 -3.444683e+01 6.500000e+00
    endloop
  endfacet
  facet normal 2.588190e-01 -9.659258e-01 0.000000e+00
    outer loop
      vertex   4.046777e+01 -3.444683e+01 6.500000e+00
      vertex   4.105707e+01 -3.428892e+01 1.340000e+01
      vertex   4.046777e+01 -3.444683e+01 1.340000e+01
    endloop
  endfacet
  facet normal 8.715574e-02 -9.961947e-01 0.000000e+00
    outer loop
      vertex   4.046777e+01 -3.444683e+01 6.500000e+00
      vertex   4.046777e+01 -3.444683e+01 1.340000e+01
      vertex   3.986000e+01 -3.450000e+01 6.500000e+00
    endloop
  endfacet
  facet normal 8.715574e-02 -9.961947e-01 -8.975055e-17
    outer loop
      vertex   3.986000e+01 -3.450000e+01 6.500000e+00
      vertex   4.046777e+01 -3.444683e+01 1.340000e+01
      vertex   3.986000e+01 -3.450000e+01 1.340000e+01
    endloop
  endfacet
  facet normal 0.000000e+00 -1.000000e+00 -0.000000e+00
    outer loop
      vertex   -6.490000e+00 -3.450000e+01 7.000000e+00
      vertex   -1.122000e+01 -3.450000e+01 6.500000e+00
      vertex   -7.100000e-01 -3.450000e+01 7.000000e+00
    endloop
  endfacet
  facet normal 0.000000e+00 -1.000000e+00 -0.000000e+00
    outer loop
      vertex   -7.100000e-01 -3.450000e+01 7.000000e+00
      vertex   -1.122000e+01 -3.450000e+01 6.500000e+00
      vertex   3.986000e+01 -3.450000e+01 6.500000e+00
    endloop
  endfacet
  facet normal 0.000000e+00 -1.000000e+00 0.000000e+00
    outer loop
      vertex   -7.100000e-01 -3.450000e+01 7.000000e+00
      vertex   3.986000e+01 -3.450000e+01 6.500000e+00
      vertex   -2.744455e-01 -3.450000e+01 7.052886e+00
    endloop
  endfacet
  facet normal 0.000000e+00 -1.000000e+00 0.000000e+00
    outer loop
      vertex   -2.744455e-01 -3.450000e+01 7.052886e+00
      vertex   3.986000e+01 -3.450000e+01 6.500000e+00
      vertex   1.357962e-01 -3.450000e+01 7.208470e+00
    endloop
  endfacet
  facet normal 0.000000e+00 -1.000000e+00 0.000000e+00
    outer loop
      vertex   1.357962e-01 -3.450000e+01 7.208470e+00
      vertex   3.986000e+01 -3.450000e+01 6.500000e+00
      vertex   4.968832e-01 -3.450000e+01 7.457710e+00
    endloop
  endfacet
  facet normal 0.000000e+00 -1.000000e+00 0.000000e+00
    outer loop
      vertex   4.968832e-01 -3.450000e+01 7.457710e+00
      vertex   3.986000e+01 -3.450000e+01 6.500000e+00
      vertex   7.878306e-01 -3.450000e+01 7.786122e+00
    endloop
  endfacet
  facet normal 0.000000e+00 -1.000000e+00 0.000000e+00
    outer loop
      vertex   7.878306e-01 -3.450000e+01 7.786122e+00
      vertex   3.986000e+01 -3.450000e+01 6.500000e+00
      vertex   9.917296e-01 -3.450000e+01 8.174619e+00
    endloop
  endfacet
  facet normal 0.000000e+00 -1.000000e+00 0.000000e+00
    outer loop
      vertex   9.917296e-01 -3.450000e+01 8.174619e+00
      vertex   3.986000e+01 -3.450000e+01 6.500000e+00
      vertex   1.096730e+00 -3.450000e+01 8.600623e+00
    endloop
  endfacet
  facet normal 0.000000e+00 -1.000000e+00 0.000000e+00
    outer loop
      vertex   1.096730e+00 -3.450000e+01 8.600623e+00
      vertex   3.986000e+01 -3.450000e+01 6.500000e+00
      vertex   1.096730e+00 -3.450000e+01 9.039377e+00
    endloop
  endfacet
  facet normal 0.000000e+00 -1.000000e+00 0.000000e+00
    outer loop
      vertex   1.096730e+00 -3.450000e+01 9.039377e+00
      vertex   3.986000e+01 -3.450000e+01 6.500000e+00
      vertex   9.917296e-01 -3.450000e+01 9.465381e+00
    endloop
  endfacet
  facet normal 0.000000e+00 -1.000000e+00 0.000000e+00
    outer loop
      vertex   9.917296e-01 -3.450000e+01 9.465381e+00
      vertex   3.986000e+01 -3.450000e+01 6.500000e+00
      vertex   7.878306e-01 -3.450000e+01 9.853878e+00
    endloop
  endfacet
  facet normal 0.000000e+00 -1.000000e+00 0.000000e+00
    outer loop
      vertex   7.878306e-01 -3.450000e+01 9.853878e+00
      vertex   3.986000e+01 -3.450000e+01 6.500000e+00
      vertex   3.986000e+01 -3.450000e+01 1.340000e+01
    endloop
  endfacet
  facet normal 0.000000e+00 -1.000000e+00 0.000000e+00
    outer loop
      vertex   7.878306e-01 -3.450000e+01 9.853878e+00
      vertex   3.986000e+01 -3.450000e+01 1.340000e+01
      vertex   4.968832e-01 -3.450000e+01 1.018229e+01
    endloop
  endfacet
  facet normal 0.000000e+00 -1.000000e+00 0.000000e+00
    outer loop
      vertex   4.968832e-01 -3.450000e+01 1.018229e+01
      vertex   3.986000e+01 -3.450000e+01 1.340000e+01
      vertex   1.357962e-01 -3.450000e+01 1.043153e+01
    endloop
  endfacet
  facet normal 0.000000e+00 -1.000000e+00 0.000000e+00
    outer loop
      vertex   1.357962e-01 -3.450000e+01 1.043153e+01
      vertex   3.986000e+01 -3.450000e+01 1.340000e+01
      vertex   -2.744455e-01 -3.450000e+01 1.058711e+01
    endloop
  endfacet
  facet normal 0.000000e+00 -1.000000e+00 0.000000e+00
    outer loop
      vertex   -2.744455e-01 -3.450000e+01 1.058711e+01
      vertex   3.986000e+01 -3.450000e+01 1.340000e+01
      vertex   -7.100000e-01 -3.450000e+01 1.064000e+01
    endloop
  endfacet
  facet normal 0.000000e+00 -1.000000e+00 0.000000e+00
    outer loop
      vertex   -7.100000e-01 -3.450000e+01 1.064000e+01
      vertex   3.986000e+01 -3.450000e+01 1.340000e+01
      vertex   -1.122000e+01 -3.450000e+01 1.340000e+01
    endloop
  endfacet
  facet normal 0.000000e+00 -1.000000e+00 0.000000e+00
    outer loop
      vertex   -7.100000e-01 -3.450000e+01 1.064000e+01
      vertex   -1.122000e+01 -3.450000e+01 1.340000e+01
      vertex   -6.490000e+00 -3.450000e+01 1.064000e+01
    endloop
  endfacet
  facet normal -0.000000e+00 -1.000000e+00 0.000000e+00
    outer loop
      vertex   -6.490000e+00 -3.450000e+01 1.064000e+01
      vertex   -1.122000e+01 -3.450000e+01 1.340000e+01
      vertex   -6.925555e+00 -3.450000e+01 1.058711e+01
    endloop
  endfacet
  facet normal -0.000000e+00 -1.000000e+00 0.000000e+00
    outer loop
      vertex   -6.925555e+00 -3.450000e+01 1.058711e+01
      vertex   -1.122000e+01 -3.450000e+01 1.340000e+01
      vertex   -7.335796e+00 -3.450000e+01 1.043153e+01
    endloop
  endfacet
  facet normal -0.000000e+00 -1.000000e+00 0.000000e+00
    outer loop
      vertex   -7.335796e+00 -3.450000e+01 1.043153e+01
      vertex   -1.122000e+01 -3.450000e+01 1.340000e+01
      vertex   -7.696883e+00 -3.450000e+01 1.018229e+01
    endloop
  endfacet
  facet normal -0.000000e+00 -1.000000e+00 0.000000e+00
    outer loop
      vertex   -7.696883e+00 -3.450000e+01 1.018229e+01
      vertex   -1.122000e+01 -3.450000e+01 1.340000e+01
      vertex   -7.987831e+00 -3.450000e+01 9.853878e+00
    endloop
  endfacet
  facet normal -0.000000e+00 -1.000000e+00 0.000000e+00
    outer loop
      vertex   -7.987831e+00 -3.450000e+01 9.853878e+00
      vertex   -1.122000e+01 -3.450000e+01 1.340000e+01
      vertex   -8.191730e+00 -3.450000e+01 9.465381e+00
    endloop
  endfacet
  facet normal -0.000000e+00 -1.000000e+00 0.000000e+00
    outer loop
      vertex   -8.191730e+00 -3.450000e+01 9.465381e+00
      vertex   -1.122000e+01 -3.450000e+01 1.340000e+01
      vertex   -1.122000e+01 -3.450000e+01 6.500000e+00
    endloop
  endfacet
  facet normal 0.000000e+00 -1.000000e+00 0.000000e+00
    outer loop
      vertex   -8.191730e+00 -3.450000e+01 9.465381e+00
      vertex   -1.122000e+01 -3.450000e+01 6.500000e+00
      vertex   -8.296730e+00 -3.450000e+01 9.039377e+00
    endloop
  endfacet
  facet normal 0.000000e+00 -1.000000e+00 -0.000000e+00
    outer loop
      vertex   -8.296730e+00 -3.450000e+01 9.039377e+00
      vertex   -1.122000e+01 -3.450000e+01 6.500000e+00
      vertex   -8.296730e+00 -3.450000e+01 8.600623e+00
    endloop
  endfacet
  facet normal 0.000000e+00 -1.000000e+00 -0.000000e+00
    outer loop
      vertex   -8.296730e+00 -3.450000e+01 8.600623e+00
      vertex   -1.122000e+01 -3.450000e+01 6.500000e+00
      vertex   -8.191730e+00 -3.450000e+01 8.174619e+00
    endloop
  endfacet
  facet normal 0.000000e+00 -1.000000e+00 -0.000000e+00
    outer loop
      vertex   -8.191730e+00 -3.450000e+01 8.174619e+00
      vertex   -1.122000e+01 -3.450000e+01 6.500000e+00
      vertex   -7.987831e+00 -3.450000e+01 7.786122e+00
    endloop
  endfacet
  facet normal 0.000000e+00 -1.000000e+00 -0.000000e+00
    outer loop
      vertex   -7.987831e+00 -3.450000e+01 7.786122e+00
      vertex   -1.122000e+01 -3.450000e+01 6.500000e+00
      vertex   -7.696883e+00 -3.450000e+01 7.457710e+00
    endloop
  endfacet
  facet normal 0.000000e+00 -1.000000e+00 -0.000000e+00
    outer loop
      vertex   -7.696883e+00 -3.450000e+01 7.457710e+00
      vertex   -1.122000e+01 -3.450000e+01 6.500000e+00
      vertex   -7.335796e+00 -3.450000e+01 7.208470e+00
    endloop
  endfacet
  facet normal 0.000000e+00 -1.000000e+00 -0.000000e+00
    outer loop
      vertex   -7.335796e+00 -3.450000e+01 7.208470e+00
      vertex   -1.122000e+01 -3.450000e+01 6.500000e+00
      vertex   -6.925555e+00 -3.450000e+01 7.052886e+00
    endloop
  endfacet
  facet normal 0.000000e+00 -1.000000e+00 -0.000000e+00
    outer loop
      vertex   -6.925555e+00 -3.450000e+01 7.052886e+00
      vertex   -1.122000e+01 -3.450000e+01 6.500000e+00
      vertex   -6.490000e+00 -3.450000e+01 7.000000e+00
    endloop
  endfacet
  facet normal -8.715574e-02 -9.961947e-01 0.000000e+00
    outer loop
      vertex   -1.122000e+01 -3.450000e+01 6.500000e+00
      vertex   -1.122000e+01 -3.450000e+01 1.340000e+01
      vertex   -1.182777e+01 -3.444683e+01 6.500000e+00
    endloop
  endfacet
  facet normal -8.715574e-02 -9.961947e-01 0.000000e+00
    outer loop
      vertex   -1.182777e+01 -3.444683e+01 6.500000e+00
      vertex   -1.122000e+01 -3.450000e+01 1.340000e+01
      vertex   -1.182777e+01 -3.444683e+01 1.340000e+01
    endloop
  endfacet
  facet normal -2.588190e-01 -9.659258e-01 0.000000e+00
    outer loop
      vertex   -1.182777e+01 -3.444683e+01 6.500000e+00
      vertex   -1.182777e+01 -3.444683e+01 1.340000e+01
      vertex   -1.241707e+01 -3.428892e+01 6.500000e+00
    endloop
  endfacet
  facet normal -2.588190e-01 -9.659258e-01 0.000000e+00
    outer loop
      vertex   -1.241707e+01 -3.428892e+01 6.500000e+00
      vertex   -1.182777e+01 -3.444683e+01 1.340000e+01
      vertex   -1.241707e+01 -3.428892e+01 1.340000e+01
    endloop
  endfacet
  facet normal -4.226183e-01 -9.063078e-01 0.000000e+00
    outer loop
      vertex   -1.241707e+01 -3.428892e+01 6.500000e+00
      vertex   -1.241707e+01 -3.428892e+01 1.340000e+01
      vertex   -1.297000e+01 -3.403109e+01 6.500000e+00
    endloop
  endfacet
  facet normal -4.226183e-01 -9.063078e-01 -1.088001e-16
    outer loop
      vertex   -1.297000e+01 -3.403109e+01 6.500000e+00
      vertex   -1.241707e+01 -3.428892e+01 1.340000e+01
      vertex   -1.297000e+01 -3.403109e+01 1.340000e+01
    endloop
  endfacet
  facet normal -5.735764e-01 -8.191520e-01 -1.476633e-16
    outer loop
      vertex   -1.297000e+01 -3.403109e+01 6.500000e+00
      vertex   -1.297000e+01 -3.403109e+01 1.340000e+01
      vertex   -1.346976e+01 -3.368116e+01 6.500000e+00
    endloop
  endfacet
  facet normal -5.735764e-01 -8.191520e-01 2.953265e-16
    outer loop
      vertex   -1.346976e+01 -3.368116e+01 6.500000e+00
      vertex   -1.297000e+01 -3.403109e+01 1.340000e+01
      vertex   -1.346976e+01 -3.368116e+01 1.340000e+01
    endloop
  endfacet
  facet normal -7.071068e-01 -7.071068e-01 3.640794e-16
    outer loop
      vertex   -1.346976e+01 -3.368116e+01 6.500000e+00
      vertex   -1.346976e+01 -3.368116e+01 1.340000e+01
      vertex   -1.390116e+01 -3.324976e+01 6.500000e+00
    endloop
  endfacet
  facet normal -7.071068e-01 -7.071068e-01 0.000000e+00
    outer loop
      vertex   -1.390116e+01 -3.324976e+01 6.500000e+00
      vertex   -1.346976e+01 -3.368116e+01 1.340000e+01
      vertex   -1.390116e+01 -3.324976e+01 1.340000e+01
    endloop
  endfacet
  facet normal -8.191520e-01 -5.735764e-01 0.000000e+00
    outer loop
      vertex   -1.390116e+01 -3.324976e+01 6.500000e+00
      vertex   -1.390116e+01 -3.324976e+01 1.340000e+01
      vertex   -1.425109e+01 -3.275000e+01 6.500000e+00
    endloop
  endfacet
  facet normal -8.191520e-01 -5.735764e-01 0.000000e+00
    outer loop
      vertex   -1.425109e+01 -3.275000e+01 6.500000e+00
      vertex   -1.390116e+01 -3.324976e+01 1.340000e+01
      vertex   -1.425109e+01 -3.275000e+01 1.340000e+01
    endloop
  endfacet
  facet normal -9.063078e-01 -4.226183e-01 0.000000e+00
    outer loop
      vertex   -1.425109e+01 -3.275000e+01 6.500000e+00
      vertex   -1.425109e+01 -3.275000e+01 1.340000e+01
      vertex   -1.450892e+01 -3.219707e+01 6.500000e+00
    endloop
  endfacet
  facet normal -9.063078e-01 -4.226183e-01 0.000000e+00
    outer loop
      vertex   -1.450892e+01 -3.219707e+01 6.500000e+00
      vertex   -1.425109e+01 -3.275000e+01 1.340000e+01
      vertex   -1.450892e+01 -3.219707e+01 1.340000e+01
    endloop
  endfacet
  facet normal -9.659258e-01 -2.588190e-01 0.000000e+00
    outer loop
      vertex   -1.450892e+01 -3.219707e+01 6.500000e+00
      vertex   -1.450892e+01 -3.219707e+01 1.340000e+01
      vertex   -1.466683e+01 -3.160777e+01 6.500000e+00
    endloop
  endfacet
  facet normal -9.659258e-01 -2.588190e-01 1.154085e-16
    outer loop
      vertex   -1.466683e+01 -3.160777e+01 6.500000e+00
      vertex   -1.450892e+01 -3.219707e+01 1.340000e+01
      vertex   -1.466683e+01 -3.160777e+01 1.340000e+01
    endloop
  endfacet
  facet normal -9.961947e-01 -8.715574e-02 2.115881e-16
    outer loop
      vertex   -1.466683e+01 -3.160777e+01 6.500000e+00
      vertex   -1.466683e+01 -3.160777e+01 1.340000e+01
      vertex   -1.472000e+01 -3.100000e+01 6.500000e+00
    endloop
  endfacet
  facet normal -9.961947e-01 -8.715574e-02 0.000000e+00
    outer loop
      vertex   -1.472000e+01 -3.100000e+01 6.500000e+00
      vertex   -1.466683e+01 -3.160777e+01 1.340000e+01
      vertex   -1.472000e+01 -3.100000e+01 1.340000e+01
    endloop
  endfacet
  facet normal -9.899780e-01 -8.661185e-02 -1.115437e-01
    outer loop
      vertex   -1.472000e+01 -3.100000e+01 6.500000e+00
      vertex   -1.466986e+01 -3.100000e+01 6.054958e+00
      vertex   -1.466683e+01 -3.160777e+01 6.500000e+00
    endloop
  endfacet
  facet normal -9.899780e-01 -8.661185e-02 -1.115437e-01
    outer loop
      vertex   -1.466683e+01 -3.160777e+01 6.500000e+00
      vertex   -1.466986e+01 -3.100000e+01 6.054958e+00
      vertex   -1.461744e+01 -3.159906e+01 6.054958e+00
    endloop
  endfacet
  facet normal -9.598980e-01 -2.572039e-01 -1.115437e-01
    outer loop
      vertex   -1.466683e+01 -3.160777e+01 6.500000e+00
      vertex   -1.461744e+01 -3.159906e+01 6.054958e+00
      vertex   -1.450892e+01 -3.219707e+01 6.500000e+00
    endloop
  endfacet
  facet normal -9.598980e-01 -2.572039e-01 -1.115437e-01
    outer loop
      vertex   -1.450892e+01 -3.219707e+01 6.500000e+00
      vertex   -1.461744e+01 -3.159906e+01 6.054958e+00
      vertex   -1.446180e+01 -3.217992e+01 6.054958e+00
    endloop
  endfacet
  facet normal -9.006520e-01 -4.199809e-01 -1.115437e-01
    outer loop
      vertex   -1.450892e+01 -3.219707e+01 6.500000e+00
      vertex   -1.446180e+01 -3.217992e+01 6.054958e+00
      vertex   -1.425109e+01 -3.275000e+01 6.500000e+00
    endloop
  endfacet
  facet normal -9.006520e-01 -4.199809e-01 -1.115437e-01
    outer loop
      vertex   -1.425109e+01 -3.275000e+01 6.500000e+00
      vertex   -1.446180e+01 -3.217992e+01 6.054958e+00
      vertex   -1.420766e+01 -3.272493e+01 6.054958e+00
    endloop
  endfacet
  facet normal -8.140401e-01 -5.699970e-01 -1.115437e-01
    outer loop
      vertex   -1.425109e+01 -3.275000e+01 6.500000e+00
      vertex   -1.420766e+01 -3.272493e+01 6.054958e+00
      vertex   -1.390116e+01 -3.324976e+01 6.500000e+00
    endloop
  endfacet
  facet normal -8.140401e-01 -5.699970e-01 -1.115437e-01
    outer loop
      vertex   -1.390116e+01 -3.324976e+01 6.500000e+00
      vertex   -1.420766e+01 -3.272493e+01 6.054958e+00
      vertex   -1.386274e+01 -3.321752e+01 6.054958e+00
    endloop
  endfacet
  facet normal -7.026941e-01 -7.026941e-01 -1.115437e-01
    outer loop
      vertex   -1.390116e+01 -3.324976e+01 6.500000e+00
      vertex   -1.386274e+01 -3.321752e+01 6.054958e+00
      vertex   -1.346976e+01 -3.368116e+01 6.500000e+00
    endloop
  endfacet
  facet normal -7.026941e-01 -7.026941e-01 -1.115437e-01
    outer loop
      vertex   -1.346976e+01 -3.368116e+01 6.500000e+00
      vertex   -1.386274e+01 -3.321752e+01 6.054958e+00
      vertex   -1.343752e+01 -3.364274e+01 6.054958e+00
    endloop
  endfacet
  facet normal -5.699970e-01 -8.140401e-01 -1.115437e-01
    outer loop
      vertex   -1.346976e+01 -3.368116e+01 6.500000e+00
      vertex   -1.343752e+01 -3.364274e+01 6.054958e+00
      vertex   -1.297000e+01 -3.403109e+01 6.500000e+00
    endloop
  endfacet
  facet normal -5.699970e-01 -8.140401e-01 -1.115437e-01
    outer loop
      vertex   -1.297000e+01 -3.403109e+01 6.500000e+00
      vertex   -1.343752e+01 -3.364274e+01 6.054958e+00
      vertex   -1.294493e+01 -3.398766e+01 6.054958e+00
    endloop
  endfacet
  facet normal -4.199809e-01 -9.006520e-01 -1.115437e-01
    outer loop
      vertex   -1.297000e+01 -3.403109e+01 6.500000e+00
      vertex   -1.294493e+01 -3.398766e+01 6.054958e+00
      vertex   -1.241707e+01 -3.428892e+01 6.500000e+00
    endloop
  endfacet
  facet normal -4.199809e-01 -9.006520e-01 -1.115437e-01
    outer loop
      vertex   -1.241707e+01 -3.428892e+01 6.500000e+00
      vertex   -1.294493e+01 -3.398766e+01 6.054958e+00
      vertex   -1.239992e+01 -3.424180e+01 6.054958e+00
    endloop
  endfacet
  facet normal -2.572039e-01 -9.598980e-01 -1.115437e-01
    outer loop
      vertex   -1.241707e+01 -3.428892e+01 6.500000e+00
      vertex   -1.239992e+01 -3.424180e+01 6.054958e+00
      vertex   -1.182777e+01 -3.444683e+01 6.500000e+00
    endloop
  endfacet
  facet normal -2.572039e-01 -9.598980e-01 -1.115437e-01
    outer loop
      vertex   -1.182777e+01 -3.444683e+01 6.500000e+00
      vertex   -1.239992e+01 -3.424180e+01 6.054958e+00
      vertex   -1.181906e+01 -3.439744e+01 6.054958e+00
    endloop
  endfacet
  facet normal -8.661185e-02 -9.899780e-01 -1.115437e-01
    outer loop
      vertex   -1.182777e+01 -3.444683e+01 6.500000e+00
      vertex   -1.181906e+01 -3.439744e+01 6.054958e+00
      vertex   -1.122000e+01 -3.450000e+01 6.500000e+00
    endloop
  endfacet
  facet normal -8.661185e-02 -9.899780e-01 -1.115437e-01
    outer loop
      vertex   -1.122000e+01 -3.450000e+01 6.500000e+00
      vertex   -1.181906e+01 -3.439744e+01 6.054958e+00
      vertex   -1.122000e+01 -3.444986e+01 6.054958e+00
    endloop
  endfacet
  facet normal -8.229896e-02 -9.406814e-01 -3.291587e-01
    outer loop
      vertex   -1.122000e+01 -3.444986e+01 6.054958e+00
      vertex   -1.181906e+01 -3.439744e+01 6.054958e+00
      vertex   -1.179338e+01 -3.425177e+01 5.632233e+00
    endloop
  endfacet
  facet normal -8.229896e-02 -9.406814e-01 -3.291587e-01
    outer loop
      vertex   -1.122000e+01 -3.444986e+01 6.054958e+00
      vertex   -1.179338e+01 -3.425177e+01 5.632233e+00
      vertex   -1.122000e+01 -3.430194e+01 5.632233e+00
    endloop
  endfacet
  facet normal -7.387634e-02 -8.444104e-01 -5.305783e-01
    outer loop
      vertex   -1.122000e+01 -3.430194e+01 5.632233e+00
      vertex   -1.179338e+01 -3.425177e+01 5.632233e+00
      vertex   -1.175200e+01 -3.401712e+01 5.253020e+00
    endloop
  endfacet
  facet normal -7.387634e-02 -8.444104e-01 -5.305783e-01
    outer loop
      vertex   -1.122000e+01 -3.430194e+01 5.632233e+00
      vertex   -1.175200e+01 -3.401712e+01 5.253020e+00
      vertex   -1.122000e+01 -3.406366e+01 5.253020e+00
    endloop
  endfacet
  facet normal -6.174579e-02 -7.057576e-01 -7.057576e-01
    outer loop
      vertex   -1.122000e+01 -3.406366e+01 5.253020e+00
      vertex   -1.175200e+01 -3.401712e+01 5.253020e+00
      vertex   -1.169701e+01 -3.370525e+01 4.936337e+00
    endloop
  endfacet
  facet normal -6.174579e-02 -7.057576e-01 -7.057576e-01
    outer loop
      vertex   -1.122000e+01 -3.406366e+01 5.253020e+00
      vertex   -1.169701e+01 -3.370525e+01 4.936337e+00
      vertex   -1.122000e+01 -3.374698e+01 4.936337e+00
    endloop
  endfacet
  facet normal -4.649643e-02 -5.314567e-01 -8.458084e-01
    outer loop
      vertex   -1.122000e+01 -3.374698e+01 4.936337e+00
      vertex   -1.169701e+01 -3.370525e+01 4.936337e+00
      vertex   -1.163116e+01 -3.333180e+01 4.698062e+00
    endloop
  endfacet
  facet normal -4.649643e-02 -5.314567e-01 -8.458084e-01
    outer loop
      vertex   -1.122000e+01 -3.374698e+01 4.936337e+00
      vertex   -1.163116e+01 -3.333180e+01 4.698062e+00
      vertex   -1.122000e+01 -3.336777e+01 4.698062e+00
    endloop
  endfacet
  facet normal -2.888362e-02 -3.301413e-01 -9.434895e-01
    outer loop
      vertex   -1.122000e+01 -3.336777e+01 4.698062e+00
      vertex   -1.163116e+01 -3.333180e+01 4.698062e+00
      vertex   -1.155775e+01 -3.291549e+01 4.550144e+00
    endloop
  endfacet
  facet normal -2.888362e-02 -3.301413e-01 -9.434895e-01
    outer loop
      vertex   -1.122000e+01 -3.336777e+01 4.698062e+00
      vertex   -1.155775e+01 -3.291549e+01 4.550144e+00
      vertex   -1.122000e+01 -3.294504e+01 4.550144e+00
    endloop
  endfacet
  facet normal -9.795152e-03 -1.119591e-01 -9.936645e-01
    outer loop
      vertex   -1.122000e+01 -3.294504e+01 4.550144e+00
      vertex   -1.155775e+01 -3.291549e+01 4.550144e+00
      vertex   -1.122000e+01 -3.250000e+01 4.500000e+00
    endloop
  endfacet
  facet normal -1.426663e-02 -1.083658e-01 -9.940087e-01
    outer loop
      vertex   -1.122000e+01 -3.250000e+01 4.500000e+00
      vertex   -1.155775e+01 -3.291549e+01 4.550144e+00
      vertex   -1.160823e+01 -3.244889e+01 4.500000e+00
    endloop
  endfacet
  facet normal -2.946233e-02 -1.099549e-01 -9.934998e-01
    outer loop
      vertex   -1.160823e+01 -3.244889e+01 4.500000e+00
      vertex   -1.155775e+01 -3.291549e+01 4.550144e+00
      vertex   -1.188524e+01 -3.282774e+01 4.550144e+00
    endloop
  endfacet
  facet normal -4.182763e-02 -1.009808e-01 -9.940087e-01
    outer loop
      vertex   -1.160823e+01 -3.244889e+01 4.500000e+00
      vertex   -1.188524e+01 -3.282774e+01 4.550144e+00
      vertex   -1.197000e+01 -3.229904e+01 4.500000e+00
    endloop
  endfacet
  facet normal -4.749670e-02 -1.018570e-01 -9.936645e-01
    outer loop
      vertex   -1.197000e+01 -3.229904e+01 4.500000e+00
      vertex   -1.188524e+01 -3.282774e+01 4.550144e+00
      vertex   -1.219252e+01 -3.268446e+01 4.550144e+00
    endloop
  endfacet
  facet normal -6.446240e-02 -9.206185e-02 -9.936645e-01
    outer loop
      vertex   -1.197000e+01 -3.229904e+01 4.500000e+00
      vertex   -1.219252e+01 -3.268446e+01 4.550144e+00
      vertex   -1.247025e+01 -3.248999e+01 4.550144e+00
    endloop
  endfacet
  facet normal -1.900846e-01 -2.714689e-01 -9.434895e-01
    outer loop
      vertex   -1.247025e+01 -3.248999e+01 4.550144e+00
      vertex   -1.219252e+01 -3.268446e+01 4.550144e+00
      vertex   -1.240388e+01 -3.305055e+01 4.698062e+00
    endloop
  endfacet
  facet normal -1.900846e-01 -2.714689e-01 -9.434895e-01
    outer loop
      vertex   -1.247025e+01 -3.248999e+01 4.550144e+00
      vertex   -1.240388e+01 -3.305055e+01 4.698062e+00
      vertex   -1.274197e+01 -3.281382e+01 4.698062e+00
    endloop
  endfacet
  facet normal -3.059954e-01 -4.370068e-01 -8.458084e-01
    outer loop
      vertex   -1.274197e+01 -3.281382e+01 4.698062e+00
      vertex   -1.240388e+01 -3.305055e+01 4.698062e+00
      vertex   -1.259349e+01 -3.337895e+01 4.936337e+00
    endloop
  endfacet
  facet normal -3.059954e-01 -4.370068e-01 -8.458084e-01
    outer loop
      vertex   -1.274197e+01 -3.281382e+01 4.698062e+00
      vertex   -1.259349e+01 -3.337895e+01 4.936337e+00
      vertex   -1.298572e+01 -3.310431e+01 4.936337e+00
    endloop
  endfacet
  facet normal -4.063522e-01 -5.803311e-01 -7.057576e-01
    outer loop
      vertex   -1.298572e+01 -3.310431e+01 4.936337e+00
      vertex   -1.259349e+01 -3.337895e+01 4.936337e+00
      vertex   -1.275183e+01 -3.365321e+01 5.253020e+00
    endloop
  endfacet
  facet normal -4.063522e-01 -5.803311e-01 -7.057576e-01
    outer loop
      vertex   -1.298572e+01 -3.310431e+01 4.936337e+00
      vertex   -1.275183e+01 -3.365321e+01 5.253020e+00
      vertex   -1.318928e+01 -3.334690e+01 5.253020e+00
    endloop
  endfacet
  facet normal -4.861840e-01 -6.943427e-01 -5.305783e-01
    outer loop
      vertex   -1.318928e+01 -3.334690e+01 5.253020e+00
      vertex   -1.275183e+01 -3.365321e+01 5.253020e+00
      vertex   -1.287097e+01 -3.385956e+01 5.632233e+00
    endloop
  endfacet
  facet normal -4.861840e-01 -6.943427e-01 -5.305783e-01
    outer loop
      vertex   -1.318928e+01 -3.334690e+01 5.253020e+00
      vertex   -1.287097e+01 -3.385956e+01 5.632233e+00
      vertex   -1.334244e+01 -3.352943e+01 5.632233e+00
    endloop
  endfacet
  facet normal -5.416137e-01 -7.735045e-01 -3.291587e-01
    outer loop
      vertex   -1.334244e+01 -3.352943e+01 5.632233e+00
      vertex   -1.287097e+01 -3.385956e+01 5.632233e+00
      vertex   -1.294493e+01 -3.398766e+01 6.054958e+00
    endloop
  endfacet
  facet normal -5.416137e-01 -7.735045e-01 -3.291587e-01
    outer loop
      vertex   -1.334244e+01 -3.352943e+01 5.632233e+00
      vertex   -1.294493e+01 -3.398766e+01 6.054958e+00
      vertex   -1.343752e+01 -3.364274e+01 6.054958e+00
    endloop
  endfacet
  facet normal -9.406814e-01 -8.229896e-02 -3.291587e-01
    outer loop
      vertex   -1.466986e+01 -3.100000e+01 6.054958e+00
      vertex   -1.452194e+01 -3.100000e+01 5.632233e+00
      vertex   -1.461744e+01 -3.159906e+01 6.054958e+00
    endloop
  endfacet
  facet normal -9.406814e-01 -8.229896e-02 -3.291587e-01
    outer loop
      vertex   -1.461744e+01 -3.159906e+01 6.054958e+00
      vertex   -1.452194e+01 -3.100000e+01 5.632233e+00
      vertex   -1.447177e+01 -3.157338e+01 5.632233e+00
    endloop
  endfacet
  facet normal -9.120993e-01 -2.443963e-01 -3.291587e-01
    outer loop
      vertex   -1.461744e+01 -3.159906e+01 6.054958e+00
      vertex   -1.447177e+01 -3.157338e+01 5.632233e+00
      vertex   -1.446180e+01 -3.217992e+01 6.054958e+00
    endloop
  endfacet
  facet normal -9.120993e-01 -2.443963e-01 -3.291587e-01
    outer loop
      vertex   -1.446180e+01 -3.217992e+01 6.054958e+00
      vertex   -1.447177e+01 -3.157338e+01 5.632233e+00
      vertex   -1.432281e+01 -3.212933e+01 5.632233e+00
    endloop
  endfacet
  facet normal -8.558035e-01 -3.990677e-01 -3.291587e-01
    outer loop
      vertex   -1.446180e+01 -3.217992e+01 6.054958e+00
      vertex   -1.432281e+01 -3.212933e+01 5.632233e+00
      vertex   -1.420766e+01 -3.272493e+01 6.054958e+00
    endloop
  endfacet
  facet normal -8.558035e-01 -3.990677e-01 -3.291587e-01
    outer loop
      vertex   -1.420766e+01 -3.272493e+01 6.054958e+00
      vertex   -1.432281e+01 -3.212933e+01 5.632233e+00
      vertex   -1.407956e+01 -3.265097e+01 5.632233e+00
    endloop
  endfacet
  facet normal -7.735045e-01 -5.416137e-01 -3.291587e-01
    outer loop
      vertex   -1.420766e+01 -3.272493e+01 6.054958e+00
      vertex   -1.407956e+01 -3.265097e+01 5.632233e+00
      vertex   -1.386274e+01 -3.321752e+01 6.054958e+00
    endloop
  endfacet
  facet normal -7.735045e-01 -5.416137e-01 -3.291587e-01
    outer loop
      vertex   -1.386274e+01 -3.321752e+01 6.054958e+00
      vertex   -1.407956e+01 -3.265097e+01 5.632233e+00
      vertex   -1.374943e+01 -3.312244e+01 5.632233e+00
    endloop
  endfacet
  facet normal -6.677030e-01 -6.677030e-01 -3.291587e-01
    outer loop
      vertex   -1.386274e+01 -3.321752e+01 6.054958e+00
      vertex   -1.374943e+01 -3.312244e+01 5.632233e+00
      vertex   -1.343752e+01 -3.364274e+01 6.054958e+00
    endloop
  endfacet
  facet normal -6.677030e-01 -6.677030e-01 -3.291587e-01
    outer loop
      vertex   -1.343752e+01 -3.364274e+01 6.054958e+00
      vertex   -1.374943e+01 -3.312244e+01 5.632233e+00
      vertex   -1.334244e+01 -3.352943e+01 5.632233e+00
    endloop
  endfacet
  facet normal -8.444104e-01 -7.387634e-02 -5.305783e-01
    outer loop
      vertex   -1.452194e+01 -3.100000e+01 5.632233e+00
      vertex   -1.428366e+01 -3.100000e+01 5.253020e+00
      vertex   -1.447177e+01 -3.157338e+01 5.632233e+00
    endloop
  endfacet
  facet normal -8.444104e-01 -7.387634e-02 -5.305783e-01
    outer loop
      vertex   -1.447177e+01 -3.157338e+01 5.632233e+00
      vertex   -1.428366e+01 -3.100000e+01 5.253020e+00
      vertex   -1.423712e+01 -3.153200e+01 5.253020e+00
    endloop
  endfacet
  facet normal -8.187535e-01 -2.193843e-01 -5.305783e-01
    outer loop
      vertex   -1.447177e+01 -3.157338e+01 5.632233e+00
      vertex   -1.423712e+01 -3.153200e+01 5.253020e+00
      vertex   -1.432281e+01 -3.212933e+01 5.632233e+00
    endloop
  endfacet
  facet normal -8.187535e-01 -2.193843e-01 -5.305783e-01
    outer loop
      vertex   -1.432281e+01 -3.212933e+01 5.632233e+00
      vertex   -1.423712e+01 -3.153200e+01 5.253020e+00
      vertex   -1.409890e+01 -3.204783e+01 5.253020e+00
    endloop
  endfacet
  facet normal -7.682191e-01 -3.582264e-01 -5.305783e-01
    outer loop
      vertex   -1.432281e+01 -3.212933e+01 5.632233e+00
      vertex   -1.409890e+01 -3.204783e+01 5.253020e+00
      vertex   -1.407956e+01 -3.265097e+01 5.632233e+00
    endloop
  endfacet
  facet normal -7.682191e-01 -3.582264e-01 -5.305783e-01
    outer loop
      vertex   -1.407956e+01 -3.265097e+01 5.632233e+00
      vertex   -1.409890e+01 -3.204783e+01 5.253020e+00
      vertex   -1.387321e+01 -3.253183e+01 5.253020e+00
    endloop
  endfacet
  facet normal -6.943427e-01 -4.861840e-01 -5.305783e-01
    outer loop
      vertex   -1.407956e+01 -3.265097e+01 5.632233e+00
      vertex   -1.387321e+01 -3.253183e+01 5.253020e+00
      vertex   -1.374943e+01 -3.312244e+01 5.632233e+00
    endloop
  endfacet
  facet normal -6.943427e-01 -4.861840e-01 -5.305783e-01
    outer loop
      vertex   -1.374943e+01 -3.312244e+01 5.632233e+00
      vertex   -1.387321e+01 -3.253183e+01 5.253020e+00
      vertex   -1.356690e+01 -3.296928e+01 5.253020e+00
    endloop
  endfacet
  facet normal -5.993691e-01 -5.993691e-01 -5.305783e-01
    outer loop
      vertex   -1.374943e+01 -3.312244e+01 5.632233e+00
      vertex   -1.356690e+01 -3.296928e+01 5.253020e+00
      vertex   -1.334244e+01 -3.352943e+01 5.632233e+00
    endloop
  endfacet
  facet normal -5.993691e-01 -5.993691e-01 -5.305783e-01
    outer loop
      vertex   -1.334244e+01 -3.352943e+01 5.632233e+00
      vertex   -1.356690e+01 -3.296928e+01 5.253020e+00
      vertex   -1.318928e+01 -3.334690e+01 5.253020e+00
    endloop
  endfacet
  facet normal -7.057576e-01 -6.174579e-02 -7.057576e-01
    outer loop
      vertex   -1.428366e+01 -3.100000e+01 5.253020e+00
      vertex   -1.396698e+01 -3.100000e+01 4.936337e+00
      vertex   -1.423712e+01 -3.153200e+01 5.253020e+00
    endloop
  endfacet
  facet normal -7.057576e-01 -6.174579e-02 -7.057576e-01
    outer loop
      vertex   -1.423712e+01 -3.153200e+01 5.253020e+00
      vertex   -1.396698e+01 -3.100000e+01 4.936337e+00
      vertex   -1.392525e+01 -3.147701e+01 4.936337e+00
    endloop
  endfacet
  facet normal -6.843135e-01 -1.833612e-01 -7.057576e-01
    outer loop
      vertex   -1.423712e+01 -3.153200e+01 5.253020e+00
      vertex   -1.392525e+01 -3.147701e+01 4.936337e+00
      vertex   -1.409890e+01 -3.204783e+01 5.253020e+00
    endloop
  endfacet
  facet normal -6.843135e-01 -1.833612e-01 -7.057576e-01
    outer loop
      vertex   -1.409890e+01 -3.204783e+01 5.253020e+00
      vertex   -1.392525e+01 -3.147701e+01 4.936337e+00
      vertex   -1.380132e+01 -3.193952e+01 4.936337e+00
    endloop
  endfacet
  facet normal -6.420769e-01 -2.994054e-01 -7.057576e-01
    outer loop
      vertex   -1.409890e+01 -3.204783e+01 5.253020e+00
      vertex   -1.380132e+01 -3.193952e+01 4.936337e+00
      vertex   -1.387321e+01 -3.253183e+01 5.253020e+00
    endloop
  endfacet
  facet normal -6.420769e-01 -2.994054e-01 -7.057576e-01
    outer loop
      vertex   -1.387321e+01 -3.253183e+01 5.253020e+00
      vertex   -1.380132e+01 -3.193952e+01 4.936337e+00
      vertex   -1.359895e+01 -3.237349e+01 4.936337e+00
    endloop
  endfacet
  facet normal -5.803311e-01 -4.063522e-01 -7.057576e-01
    outer loop
      vertex   -1.387321e+01 -3.253183e+01 5.253020e+00
      vertex   -1.359895e+01 -3.237349e+01 4.936337e+00
      vertex   -1.356690e+01 -3.296928e+01 5.253020e+00
    endloop
  endfacet
  facet normal -5.803311e-01 -4.063522e-01 -7.057576e-01
    outer loop
      vertex   -1.356690e+01 -3.296928e+01 5.253020e+00
      vertex   -1.359895e+01 -3.237349e+01 4.936337e+00
      vertex   -1.332431e+01 -3.276572e+01 4.936337e+00
    endloop
  endfacet
  facet normal -5.009522e-01 -5.009522e-01 -7.057576e-01
    outer loop
      vertex   -1.356690e+01 -3.296928e+01 5.253020e+00
      vertex   -1.332431e+01 -3.276572e+01 4.936337e+00
      vertex   -1.318928e+01 -3.334690e+01 5.253020e+00
    endloop
  endfacet
  facet normal -5.009522e-01 -5.009522e-01 -7.057576e-01
    outer loop
      vertex   -1.318928e+01 -3.334690e+01 5.253020e+00
      vertex   -1.332431e+01 -3.276572e+01 4.936337e+00
      vertex   -1.298572e+01 -3.310431e+01 4.936337e+00
    endloop
  endfacet
  facet normal -5.314567e-01 -4.649643e-02 -8.458084e-01
    outer loop
      vertex   -1.396698e+01 -3.100000e+01 4.936337e+00
      vertex   -1.358777e+01 -3.100000e+01 4.698062e+00
      vertex   -1.392525e+01 -3.147701e+01 4.936337e+00
    endloop
  endfacet
  facet normal -5.314567e-01 -4.649643e-02 -8.458084e-01
    outer loop
      vertex   -1.392525e+01 -3.147701e+01 4.936337e+00
      vertex   -1.358777e+01 -3.100000e+01 4.698062e+00
      vertex   -1.355180e+01 -3.141116e+01 4.698062e+00
    endloop
  endfacet
  facet normal -5.153086e-01 -1.380765e-01 -8.458084e-01
    outer loop
      vertex   -1.392525e+01 -3.147701e+01 4.936337e+00
      vertex   -1.355180e+01 -3.141116e+01 4.698062e+00
      vertex   -1.380132e+01 -3.193952e+01 4.936337e+00
    endloop
  endfacet
  facet normal -5.153086e-01 -1.380765e-01 -8.458084e-01
    outer loop
      vertex   -1.380132e+01 -3.193952e+01 4.936337e+00
      vertex   -1.355180e+01 -3.141116e+01 4.698062e+00
      vertex   -1.344497e+01 -3.180982e+01 4.698062e+00
    endloop
  endfacet
  facet normal -4.835032e-01 -2.254612e-01 -8.458084e-01
    outer loop
      vertex   -1.380132e+01 -3.193952e+01 4.936337e+00
      vertex   -1.344497e+01 -3.180982e+01 4.698062e+00
      vertex   -1.359895e+01 -3.237349e+01 4.936337e+00
    endloop
  endfacet
  facet normal -4.835032e-01 -2.254612e-01 -8.458084e-01
    outer loop
      vertex   -1.359895e+01 -3.237349e+01 4.936337e+00
      vertex   -1.344497e+01 -3.180982e+01 4.698062e+00
      vertex   -1.327055e+01 -3.218388e+01 4.698062e+00
    endloop
  endfacet
  facet normal -4.370068e-01 -3.059954e-01 -8.458084e-01
    outer loop
      vertex   -1.359895e+01 -3.237349e+01 4.936337e+00
      vertex   -1.327055e+01 -3.218388e+01 4.698062e+00
      vertex   -1.332431e+01 -3.276572e+01 4.936337e+00
    endloop
  endfacet
  facet normal -4.370068e-01 -3.059954e-01 -8.458084e-01
    outer loop
      vertex   -1.332431e+01 -3.276572e+01 4.936337e+00
      vertex   -1.327055e+01 -3.218388e+01 4.698062e+00
      vertex   -1.303382e+01 -3.252197e+01 4.698062e+00
    endloop
  endfacet
  facet normal -3.772321e-01 -3.772321e-01 -8.458084e-01
    outer loop
      vertex   -1.332431e+01 -3.276572e+01 4.936337e+00
      vertex   -1.303382e+01 -3.252197e+01 4.698062e+00
      vertex   -1.298572e+01 -3.310431e+01 4.936337e+00
    endloop
  endfacet
  facet normal -3.772321e-01 -3.772321e-01 -8.458084e-01
    outer loop
      vertex   -1.298572e+01 -3.310431e+01 4.936337e+00
      vertex   -1.303382e+01 -3.252197e+01 4.698062e+00
      vertex   -1.274197e+01 -3.281382e+01 4.698062e+00
    endloop
  endfacet
  facet normal -3.301413e-01 -2.888362e-02 -9.434895e-01
    outer loop
      vertex   -1.358777e+01 -3.100000e+01 4.698062e+00
      vertex   -1.316504e+01 -3.100000e+01 4.550144e+00
      vertex   -1.355180e+01 -3.141116e+01 4.698062e+00
    endloop
  endfacet
  facet normal -3.301413e-01 -2.888362e-02 -9.434895e-01
    outer loop
      vertex   -1.355180e+01 -3.141116e+01 4.698062e+00
      vertex   -1.316504e+01 -3.100000e+01 4.550144e+00
      vertex   -1.313549e+01 -3.133775e+01 4.550144e+00
    endloop
  endfacet
  facet normal -3.201101e-01 -8.577324e-02 -9.434895e-01
    outer loop
      vertex   -1.355180e+01 -3.141116e+01 4.698062e+00
      vertex   -1.313549e+01 -3.133775e+01 4.550144e+00
      vertex   -1.344497e+01 -3.180982e+01 4.698062e+00
    endloop
  endfacet
  facet normal -3.201101e-01 -8.577324e-02 -9.434895e-01
    outer loop
      vertex   -1.344497e+01 -3.180982e+01 4.698062e+00
      vertex   -1.313549e+01 -3.133775e+01 4.550144e+00
      vertex   -1.304774e+01 -3.166524e+01 4.550144e+00
    endloop
  endfacet
  facet normal -3.003525e-01 -1.400567e-01 -9.434895e-01
    outer loop
      vertex   -1.344497e+01 -3.180982e+01 4.698062e+00
      vertex   -1.304774e+01 -3.166524e+01 4.550144e+00
      vertex   -1.327055e+01 -3.218388e+01 4.698062e+00
    endloop
  endfacet
  facet normal -3.003525e-01 -1.400567e-01 -9.434895e-01
    outer loop
      vertex   -1.327055e+01 -3.218388e+01 4.698062e+00
      vertex   -1.304774e+01 -3.166524e+01 4.550144e+00
      vertex   -1.290446e+01 -3.197252e+01 4.550144e+00
    endloop
  endfacet
  facet normal -2.714689e-01 -1.900846e-01 -9.434895e-01
    outer loop
      vertex   -1.327055e+01 -3.218388e+01 4.698062e+00
      vertex   -1.290446e+01 -3.197252e+01 4.550144e+00
      vertex   -1.303382e+01 -3.252197e+01 4.698062e+00
    endloop
  endfacet
  facet normal -2.714689e-01 -1.900846e-01 -9.434895e-01
    outer loop
      vertex   -1.303382e+01 -3.252197e+01 4.698062e+00
      vertex   -1.290446e+01 -3.197252e+01 4.550144e+00
      vertex   -1.270999e+01 -3.225025e+01 4.550144e+00
    endloop
  endfacet
  facet normal -2.343368e-01 -2.343368e-01 -9.434895e-01
    outer loop
      vertex   -1.303382e+01 -3.252197e+01 4.698062e+00
      vertex   -1.270999e+01 -3.225025e+01 4.550144e+00
      vertex   -1.274197e+01 -3.281382e+01 4.698062e+00
    endloop
  endfacet
  facet normal -2.343368e-01 -2.343368e-01 -9.434895e-01
    outer loop
      vertex   -1.274197e+01 -3.281382e+01 4.698062e+00
      vertex   -1.270999e+01 -3.225025e+01 4.550144e+00
      vertex   -1.247025e+01 -3.248999e+01 4.550144e+00
    endloop
  endfacet
  facet normal -1.119591e-01 -9.795152e-03 -9.936645e-01
    outer loop
      vertex   -1.316504e+01 -3.100000e+01 4.550144e+00
      vertex   -1.272000e+01 -3.100000e+01 4.500000e+00
      vertex   -1.313549e+01 -3.133775e+01 4.550144e+00
    endloop
  endfacet
  facet normal -1.083658e-01 -1.426663e-02 -9.940087e-01
    outer loop
      vertex   -1.313549e+01 -3.133775e+01 4.550144e+00
      vertex   -1.272000e+01 -3.100000e+01 4.500000e+00
      vertex   -1.266889e+01 -3.138823e+01 4.500000e+00
    endloop
  endfacet
  facet normal -1.099549e-01 -2.946233e-02 -9.934998e-01
    outer loop
      vertex   -1.313549e+01 -3.133775e+01 4.550144e+00
      vertex   -1.266889e+01 -3.138823e+01 4.500000e+00
      vertex   -1.304774e+01 -3.166524e+01 4.550144e+00
    endloop
  endfacet
  facet normal -1.009808e-01 -4.182763e-02 -9.940087e-01
    outer loop
      vertex   -1.304774e+01 -3.166524e+01 4.550144e+00
      vertex   -1.266889e+01 -3.138823e+01 4.500000e+00
      vertex   -1.251904e+01 -3.175000e+01 4.500000e+00
    endloop
  endfacet
  facet normal -1.018570e-01 -4.749670e-02 -9.936645e-01
    outer loop
      vertex   -1.304774e+01 -3.166524e+01 4.550144e+00
      vertex   -1.251904e+01 -3.175000e+01 4.500000e+00
      vertex   -1.290446e+01 -3.197252e+01 4.550144e+00
    endloop
  endfacet
  facet normal -9.206185e-02 -6.446240e-02 -9.936645e-01
    outer loop
      vertex   -1.290446e+01 -3.197252e+01 4.550144e+00
      vertex   -1.251904e+01 -3.175000e+01 4.500000e+00
      vertex   -1.270999e+01 -3.225025e+01 4.550144e+00
    endloop
  endfacet
  facet normal -8.671421e-02 -6.653816e-02 -9.940087e-01
    outer loop
      vertex   -1.251904e+01 -3.175000e+01 4.500000e+00
      vertex   -1.228066e+01 -3.206066e+01 4.500000e+00
      vertex   -1.270999e+01 -3.225025e+01 4.550144e+00
    endloop
  endfacet
  facet normal -8.049259e-02 -8.049259e-02 -9.934998e-01
    outer loop
      vertex   -1.270999e+01 -3.225025e+01 4.550144e+00
      vertex   -1.228066e+01 -3.206066e+01 4.500000e+00
      vertex   -1.247025e+01 -3.248999e+01 4.550144e+00
    endloop
  endfacet
  facet normal -6.653816e-02 -8.671421e-02 -9.940087e-01
    outer loop
      vertex   -1.228066e+01 -3.206066e+01 4.500000e+00
      vertex   -1.197000e+01 -3.229904e+01 4.500000e+00
      vertex   -1.247025e+01 -3.248999e+01 4.550144e+00
    endloop
  endfacet
  facet normal -1.400567e-01 -3.003525e-01 -9.434895e-01
    outer loop
      vertex   -1.240388e+01 -3.305055e+01 4.698062e+00
      vertex   -1.219252e+01 -3.268446e+01 4.550144e+00
      vertex   -1.202982e+01 -3.322497e+01 4.698062e+00
    endloop
  endfacet
  facet normal -1.400567e-01 -3.003525e-01 -9.434895e-01
    outer loop
      vertex   -1.202982e+01 -3.322497e+01 4.698062e+00
      vertex   -1.219252e+01 -3.268446e+01 4.550144e+00
      vertex   -1.188524e+01 -3.282774e+01 4.550144e+00
    endloop
  endfacet
  facet normal -8.577324e-02 -3.201101e-01 -9.434895e-01
    outer loop
      vertex   -1.202982e+01 -3.322497e+01 4.698062e+00
      vertex   -1.188524e+01 -3.282774e+01 4.550144e+00
      vertex   -1.163116e+01 -3.333180e+01 4.698062e+00
    endloop
  endfacet
  facet normal -8.577324e-02 -3.201101e-01 -9.434895e-01
    outer loop
      vertex   -1.163116e+01 -3.333180e+01 4.698062e+00
      vertex   -1.188524e+01 -3.282774e+01 4.550144e+00
      vertex   -1.155775e+01 -3.291549e+01 4.550144e+00
    endloop
  endfacet
  facet normal -2.254612e-01 -4.835032e-01 -8.458084e-01
    outer loop
      vertex   -1.259349e+01 -3.337895e+01 4.936337e+00
      vertex   -1.240388e+01 -3.305055e+01 4.698062e+00
      vertex   -1.215952e+01 -3.358132e+01 4.936337e+00
    endloop
  endfacet
  facet normal -2.254612e-01 -4.835032e-01 -8.458084e-01
    outer loop
      vertex   -1.215952e+01 -3.358132e+01 4.936337e+00
      vertex   -1.240388e+01 -3.305055e+01 4.698062e+00
      vertex   -1.202982e+01 -3.322497e+01 4.698062e+00
    endloop
  endfacet
  facet normal -1.380765e-01 -5.153086e-01 -8.458084e-01
    outer loop
      vertex   -1.215952e+01 -3.358132e+01 4.936337e+00
      vertex   -1.202982e+01 -3.322497e+01 4.698062e+00
      vertex   -1.169701e+01 -3.370525e+01 4.936337e+00
    endloop
  endfacet
  facet normal -1.380765e-01 -5.153086e-01 -8.458084e-01
    outer loop
      vertex   -1.169701e+01 -3.370525e+01 4.936337e+00
      vertex   -1.202982e+01 -3.322497e+01 4.698062e+00
      vertex   -1.163116e+01 -3.333180e+01 4.698062e+00
    endloop
  endfacet
  facet normal -2.994054e-01 -6.420769e-01 -7.057576e-01
    outer loop
      vertex   -1.275183e+01 -3.365321e+01 5.253020e+00
      vertex   -1.259349e+01 -3.337895e+01 4.936337e+00
      vertex   -1.226783e+01 -3.387890e+01 5.253020e+00
    endloop
  endfacet
  facet normal -2.994054e-01 -6.420769e-01 -7.057576e-01
    outer loop
      vertex   -1.226783e+01 -3.387890e+01 5.253020e+00
      vertex   -1.259349e+01 -3.337895e+01 4.936337e+00
      vertex   -1.215952e+01 -3.358132e+01 4.936337e+00
    endloop
  endfacet
  facet normal -1.833612e-01 -6.843135e-01 -7.057576e-01
    outer loop
      vertex   -1.226783e+01 -3.387890e+01 5.253020e+00
      vertex   -1.215952e+01 -3.358132e+01 4.936337e+00
      vertex   -1.175200e+01 -3.401712e+01 5.253020e+00
    endloop
  endfacet
  facet normal -1.833612e-01 -6.843135e-01 -7.057576e-01
    outer loop
      vertex   -1.175200e+01 -3.401712e+01 5.253020e+00
      vertex   -1.215952e+01 -3.358132e+01 4.936337e+00
      vertex   -1.169701e+01 -3.370525e+01 4.936337e+00
    endloop
  endfacet
  facet normal -3.582264e-01 -7.682191e-01 -5.305783e-01
    outer loop
      vertex   -1.287097e+01 -3.385956e+01 5.632233e+00
      vertex   -1.275183e+01 -3.365321e+01 5.253020e+00
      vertex   -1.234933e+01 -3.410281e+01 5.632233e+00
    endloop
  endfacet
  facet normal -3.582264e-01 -7.682191e-01 -5.305783e-01
    outer loop
      vertex   -1.234933e+01 -3.410281e+01 5.632233e+00
      vertex   -1.275183e+01 -3.365321e+01 5.253020e+00
      vertex   -1.226783e+01 -3.387890e+01 5.253020e+00
    endloop
  endfacet
  facet normal -2.193843e-01 -8.187535e-01 -5.305783e-01
    outer loop
      vertex   -1.234933e+01 -3.410281e+01 5.632233e+00
      vertex   -1.226783e+01 -3.387890e+01 5.253020e+00
      vertex   -1.179338e+01 -3.425177e+01 5.632233e+00
    endloop
  endfacet
  facet normal -2.193843e-01 -8.187535e-01 -5.305783e-01
    outer loop
      vertex   -1.179338e+01 -3.425177e+01 5.632233e+00
      vertex   -1.226783e+01 -3.387890e+01 5.253020e+00
      vertex   -1.175200e+01 -3.401712e+01 5.253020e+00
    endloop
  endfacet
  facet normal -3.990677e-01 -8.558035e-01 -3.291587e-01
    outer loop
      vertex   -1.294493e+01 -3.398766e+01 6.054958e+00
      vertex   -1.287097e+01 -3.385956e+01 5.632233e+00
      vertex   -1.239992e+01 -3.424180e+01 6.054958e+00
    endloop
  endfacet
  facet normal -3.990677e-01 -8.558035e-01 -3.291587e-01
    outer loop
      vertex   -1.239992e+01 -3.424180e+01 6.054958e+00
      vertex   -1.287097e+01 -3.385956e+01 5.632233e+00
      vertex   -1.234933e+01 -3.410281e+01 5.632233e+00
    endloop
  endfacet
  facet normal -2.443963e-01 -9.120993e-01 -3.291587e-01
    outer loop
      vertex   -1.239992e+01 -3.424180e+01 6.054958e+00
      vertex   -1.234933e+01 -3.410281e+01 5.632233e+00
      vertex   -1.181906e+01 -3.439744e+01 6.054958e+00
    endloop
  endfacet
  facet normal -2.443963e-01 -9.120993e-01 -3.291587e-01
    outer loop
      vertex   -1.181906e+01 -3.439744e+01 6.054958e+00
      vertex   -1.234933e+01 -3.410281e+01 5.632233e+00
      vertex   -1.179338e+01 -3.425177e+01 5.632233e+00
    endloop
  endfacet
  facet normal -0.000000e+00 -1.119645e-01 -9.937122e-01
    outer loop
      vertex   3.986000e+01 -3.294504e+01 4.550144e+00
      vertex   3.134667e+01 -3.294504e+01 4.550144e+00
      vertex   3.986000e+01 -3.250000e+01 4.500000e+00
    endloop
  endfacet
  facet normal 0.000000e+00 -1.119645e-01 -9.937122e-01
    outer loop
      vertex   3.986000e+01 -3.250000e+01 4.500000e+00
      vertex   3.134667e+01 -3.294504e+01 4.550144e+00
      vertex   2.283333e+01 -3.294504e+01 4.550144e+00
    endloop
  endfacet
  facet normal 0.000000e+00 -1.119645e-01 -9.937122e-01
    outer loop
      vertex   3.986000e+01 -3.250000e+01 4.500000e+00
      vertex   2.283333e+01 -3.294504e+01 4.550144e+00
      vertex   1.432000e+01 -3.294504e+01 4.550144e+00
    endloop
  endfacet
  facet normal 0.000000e+00 -3.302791e-01 -9.438833e-01
    outer loop
      vertex   1.432000e+01 -3.294504e+01 4.550144e+00
      vertex   2.283333e+01 -3.294504e+01 4.550144e+00
      vertex   1.432000e+01 -3.336777e+01 4.698062e+00
    endloop
  endfacet
  facet normal -9.827524e-17 -3.302791e-01 -9.438833e-01
    outer loop
      vertex   1.432000e+01 -3.294504e+01 4.550144e+00
      vertex   1.432000e+01 -3.336777e+01 4.698062e+00
      vertex   5.806667e+00 -3.336777e+01 4.698062e+00
    endloop
  endfacet
  facet normal -8.833698e-17 -5.320321e-01 -8.467242e-01
    outer loop
      vertex   5.806667e+00 -3.336777e+01 4.698062e+00
      vertex   1.432000e+01 -3.336777e+01 4.698062e+00
      vertex   5.806667e+00 -3.374698e+01 4.936337e+00
    endloop
  endfacet
  facet normal 0.000000e+00 -5.320321e-01 -8.467242e-01
    outer loop
      vertex   5.806667e+00 -3.336777e+01 4.698062e+00
      vertex   5.806667e+00 -3.374698e+01 4.936337e+00
      vertex   -2.706667e+00 -3.374698e+01 4.936337e+00
    endloop
  endfacet
  facet normal 0.000000e+00 -7.071068e-01 -7.071068e-01
    outer loop
      vertex   -2.706667e+00 -3.374698e+01 4.936337e+00
      vertex   5.806667e+00 -3.374698e+01 4.936337e+00
      vertex   -2.706667e+00 -3.406366e+01 5.253020e+00
    endloop
  endfacet
  facet normal 7.279648e-17 -7.071068e-01 -7.071068e-01
    outer loop
      vertex   -2.706667e+00 -3.374698e+01 4.936337e+00
      vertex   -2.706667e+00 -3.406366e+01 5.253020e+00
      vertex   -1.122000e+01 -3.406366e+01 5.253020e+00
    endloop
  endfacet
  facet normal 5.550580e-17 -8.467242e-01 -5.320321e-01
    outer loop
      vertex   -1.122000e+01 -3.406366e+01 5.253020e+00
      vertex   -2.706667e+00 -3.406366e+01 5.253020e+00
      vertex   -1.122000e+01 -3.430194e+01 5.632233e+00
    endloop
  endfacet
  facet normal 5.550580e-17 -8.467242e-01 -5.320321e-01
    outer loop
      vertex   -1.122000e+01 -3.430194e+01 5.632233e+00
      vertex   -2.706667e+00 -3.406366e+01 5.253020e+00
      vertex   -2.706667e+00 -3.430194e+01 5.632233e+00
    endloop
  endfacet
  facet normal 3.445733e-17 -9.438833e-01 -3.302791e-01
    outer loop
      vertex   -1.122000e+01 -3.430194e+01 5.632233e+00
      vertex   -2.706667e+00 -3.430194e+01 5.632233e+00
      vertex   -1.122000e+01 -3.444986e+01 6.054958e+00
    endloop
  endfacet
  facet normal 3.445733e-17 -9.438833e-01 -3.302791e-01
    outer loop
      vertex   -1.122000e+01 -3.444986e+01 6.054958e+00
      vertex   -2.706667e+00 -3.430194e+01 5.632233e+00
      vertex   -2.706667e+00 -3.444986e+01 6.054958e+00
    endloop
  endfacet
  facet normal 1.168102e-17 -9.937122e-01 -1.119645e-01
    outer loop
      vertex   -1.122000e+01 -3.444986e+01 6.054958e+00
      vertex   -2.706667e+00 -3.444986e+01 6.054958e+00
      vertex   -1.122000e+01 -3.450000e+01 6.500000e+00
    endloop
  endfacet
  facet normal 0.000000e+00 -9.937122e-01 -1.119645e-01
    outer loop
      vertex   -1.122000e+01 -3.450000e+01 6.500000e+00
      vertex   -2.706667e+00 -3.444986e+01 6.054958e+00
      vertex   5.806667e+00 -3.444986e+01 6.054958e+00
    endloop
  endfacet
  facet normal 0.000000e+00 -9.937122e-01 -1.119645e-01
    outer loop
      vertex   -1.122000e+01 -3.450000e+01 6.500000e+00
      vertex   5.806667e+00 -3.444986e+01 6.054958e+00
      vertex   1.432000e+01 -3.444986e+01 6.054958e+00
    endloop
  endfacet
  facet normal -0.000000e+00 -9.438833e-01 -3.302791e-01
    outer loop
      vertex   1.432000e+01 -3.444986e+01 6.054958e+00
      vertex   5.806667e+00 -3.444986e+01 6.054958e+00
      vertex   1.432000e+01 -3.430194e+01 5.632233e+00
    endloop
  endfacet
  facet normal 0.000000e+00 -9.438833e-01 -3.302791e-01
    outer loop
      vertex   1.432000e+01 -3.444986e+01 6.054958e+00
      vertex   1.432000e+01 -3.430194e+01 5.632233e+00
      vertex   2.283333e+01 -3.430194e+01 5.632233e+00
    endloop
  endfacet
  facet normal -0.000000e+00 -8.467242e-01 -5.320321e-01
    outer loop
      vertex   2.283333e+01 -3.430194e+01 5.632233e+00
      vertex   1.432000e+01 -3.430194e+01 5.632233e+00
      vertex   2.283333e+01 -3.406366e+01 5.253020e+00
    endloop
  endfacet
  facet normal 0.000000e+00 -8.467242e-01 -5.320321e-01
    outer loop
      vertex   2.283333e+01 -3.430194e+01 5.632233e+00
      vertex   2.283333e+01 -3.406366e+01 5.253020e+00
      vertex   3.134667e+01 -3.406366e+01 5.253020e+00
    endloop
  endfacet
  facet normal -0.000000e+00 -7.071068e-01 -7.071068e-01
    outer loop
      vertex   3.134667e+01 -3.406366e+01 5.253020e+00
      vertex   2.283333e+01 -3.406366e+01 5.253020e+00
      vertex   3.134667e+01 -3.374698e+01 4.936337e+00
    endloop
  endfacet
  facet normal -7.279648e-17 -7.071068e-01 -7.071068e-01
    outer loop
      vertex   3.134667e+01 -3.406366e+01 5.253020e+00
      vertex   3.134667e+01 -3.374698e+01 4.936337e+00
      vertex   3.986000e+01 -3.374698e+01 4.936337e+00
    endloop
  endfacet
  facet normal -8.833698e-17 -5.320321e-01 -8.467242e-01
    outer loop
      vertex   3.986000e+01 -3.374698e+01 4.936337e+00
      vertex   3.134667e+01 -3.374698e+01 4.936337e+00
      vertex   3.986000e+01 -3.336777e+01 4.698062e+00
    endloop
  endfacet
  facet normal 8.833698e-17 -5.320321e-01 -8.467242e-01
    outer loop
      vertex   3.986000e+01 -3.336777e+01 4.698062e+00
      vertex   3.134667e+01 -3.374698e+01 4.936337e+00
      vertex   3.134667e+01 -3.336777e+01 4.698062e+00
    endloop
  endfacet
  facet normal 9.847339e-17 -3.302791e-01 -9.438833e-01
    outer loop
      vertex   3.986000e+01 -3.336777e+01 4.698062e+00
      vertex   3.134667e+01 -3.336777e+01 4.698062e+00
      vertex   3.986000e+01 -3.294504e+01 4.550144e+00
    endloop
  endfacet
  facet normal -0.000000e+00 -3.302791e-01 -9.438833e-01
    outer loop
      vertex   3.986000e+01 -3.294504e+01 4.550144e+00
      vertex   3.134667e+01 -3.336777e+01 4.698062e+00
      vertex   3.134667e+01 -3.294504e+01 4.550144e+00
    endloop
  endfacet
  facet normal 0.000000e+00 -7.071068e-01 -7.071068e-01
    outer loop
      vertex   3.986000e+01 -3.374698e+01 4.936337e+00
      vertex   3.986000e+01 -3.406366e+01 5.253020e+00
      vertex   3.134667e+01 -3.406366e+01 5.253020e+00
    endloop
  endfacet
  facet normal 0.000000e+00 -8.467242e-01 -5.320321e-01
    outer loop
      vertex   3.134667e+01 -3.406366e+01 5.253020e+00
      vertex   3.986000e+01 -3.406366e+01 5.253020e+00
      vertex   3.134667e+01 -3.430194e+01 5.632233e+00
    endloop
  endfacet
  facet normal 0.000000e+00 -8.467242e-01 -5.320321e-01
    outer loop
      vertex   3.134667e+01 -3.406366e+01 5.253020e+00
      vertex   3.134667e+01 -3.430194e+01 5.632233e+00
      vertex   2.283333e+01 -3.430194e+01 5.632233e+00
    endloop
  endfacet
  facet normal 0.000000e+00 -9.438833e-01 -3.302791e-01
    outer loop
      vertex   2.283333e+01 -3.430194e+01 5.632233e+00
      vertex   3.134667e+01 -3.430194e+01 5.632233e+00
      vertex   2.283333e+01 -3.444986e+01 6.054958e+00
    endloop
  endfacet
  facet normal 0.000000e+00 -9.438833e-01 -3.302791e-01
    outer loop
      vertex   2.283333e+01 -3.430194e+01 5.632233e+00
      vertex   2.283333e+01 -3.444986e+01 6.054958e+00
      vertex   1.432000e+01 -3.444986e+01 6.054958e+00
    endloop
  endfacet
  facet normal 0.000000e+00 -9.937122e-01 -1.119645e-01
    outer loop
      vertex   1.432000e+01 -3.444986e+01 6.054958e+00
      vertex   2.283333e+01 -3.444986e+01 6.054958e+00
      vertex   3.986000e+01 -3.450000e+01 6.500000e+00
    endloop
  endfacet
  facet normal 0.000000e+00 -9.937122e-01 -1.119645e-01
    outer loop
      vertex   1.432000e+01 -3.444986e+01 6.054958e+00
      vertex   3.986000e+01 -3.450000e+01 6.500000e+00
      vertex   -1.122000e+01 -3.450000e+01 6.500000e+00
    endloop
  endfacet
  facet normal 0.000000e+00 -8.467242e-01 -5.320321e-01
    outer loop
      vertex   3.986000e+01 -3.406366e+01 5.253020e+00
      vertex   3.986000e+01 -3.430194e+01 5.632233e+00
      vertex   3.134667e+01 -3.430194e+01 5.632233e+00
    endloop
  endfacet
  facet normal 0.000000e+00 -9.438833e-01 -3.302791e-01
    outer loop
      vertex   3.134667e+01 -3.430194e+01 5.632233e+00
      vertex   3.986000e+01 -3.430194e+01 5.632233e+00
      vertex   3.134667e+01 -3.444986e+01 6.054958e+00
    endloop
  endfacet
  facet normal -3.275841e-17 -9.438833e-01 -3.302791e-01
    outer loop
      vertex   3.134667e+01 -3.430194e+01 5.632233e+00
      vertex   3.134667e+01 -3.444986e+01 6.054958e+00
      vertex   2.283333e+01 -3.444986e+01 6.054958e+00
    endloop
  endfacet
  facet normal -1.168102e-17 -9.937122e-01 -1.119645e-01
    outer loop
      vertex   2.283333e+01 -3.444986e+01 6.054958e+00
      vertex   3.134667e+01 -3.444986e+01 6.054958e+00
      vertex   3.986000e+01 -3.450000e+01 6.500000e+00
    endloop
  endfacet
  facet normal 0.000000e+00 -9.438833e-01 -3.302791e-01
    outer loop
      vertex   3.986000e+01 -3.430194e+01 5.632233e+00
      vertex   3.986000e+01 -3.444986e+01 6.054958e+00
      vertex   3.134667e+01 -3.444986e+01 6.054958e+00
    endloop
  endfacet
  facet normal 0.000000e+00 -9.937122e-01 -1.119645e-01
    outer loop
      vertex   3.134667e+01 -3.444986e+01 6.054958e+00
      vertex   3.986000e+01 -3.444986e+01 6.054958e+00
      vertex   3.986000e+01 -3.450000e+01 6.500000e+00
    endloop
  endfacet
  facet normal 8.116807e-16 -7.071068e-01 -7.071068e-01
    outer loop
      vertex   -1.122000e+01 -3.406366e+01 5.253020e+00
      vertex   -1.122000e+01 -3.374698e+01 4.936337e+00
      vertex   -2.706667e+00 -3.374698e+01 4.936337e+00
    endloop
  endfacet
  facet normal 7.090574e-16 -5.320321e-01 -8.467242e-01
    outer loop
      vertex   -2.706667e+00 -3.374698e+01 4.936337e+00
      vertex   -1.122000e+01 -3.374698e+01 4.936337e+00
      vertex   -2.706667e+00 -3.336777e+01 4.698062e+00
    endloop
  endfacet
  facet normal 0.000000e+00 -5.320321e-01 -8.467242e-01
    outer loop
      vertex   -2.706667e+00 -3.374698e+01 4.936337e+00
      vertex   -2.706667e+00 -3.336777e+01 4.698062e+00
      vertex   5.806667e+00 -3.336777e+01 4.698062e+00
    endloop
  endfacet
  facet normal -0.000000e+00 -3.302791e-01 -9.438833e-01
    outer loop
      vertex   5.806667e+00 -3.336777e+01 4.698062e+00
      vertex   -2.706667e+00 -3.336777e+01 4.698062e+00
      vertex   5.806667e+00 -3.294504e+01 4.550144e+00
    endloop
  endfacet
  facet normal 2.729868e-16 -3.302791e-01 -9.438833e-01
    outer loop
      vertex   5.806667e+00 -3.336777e+01 4.698062e+00
      vertex   5.806667e+00 -3.294504e+01 4.550144e+00
      vertex   1.432000e+01 -3.294504e+01 4.550144e+00
    endloop
  endfacet
  facet normal 9.344817e-17 -1.119645e-01 -9.937122e-01
    outer loop
      vertex   1.432000e+01 -3.294504e+01 4.550144e+00
      vertex   5.806667e+00 -3.294504e+01 4.550144e+00
      vertex   -1.122000e+01 -3.250000e+01 4.500000e+00
    endloop
  endfacet
  facet normal 1.562091e-17 -1.119645e-01 -9.937122e-01
    outer loop
      vertex   1.432000e+01 -3.294504e+01 4.550144e+00
      vertex   -1.122000e+01 -3.250000e+01 4.500000e+00
      vertex   3.986000e+01 -3.250000e+01 4.500000e+00
    endloop
  endfacet
  facet normal 8.735577e-17 -5.320321e-01 -8.467242e-01
    outer loop
      vertex   -1.122000e+01 -3.374698e+01 4.936337e+00
      vertex   -1.122000e+01 -3.336777e+01 4.698062e+00
      vertex   -2.706667e+00 -3.336777e+01 4.698062e+00
    endloop
  endfacet
  facet normal 9.847339e-17 -3.302791e-01 -9.438833e-01
    outer loop
      vertex   -2.706667e+00 -3.336777e+01 4.698062e+00
      vertex   -1.122000e+01 -3.336777e+01 4.698062e+00
      vertex   -2.706667e+00 -3.294504e+01 4.550144e+00
    endloop
  endfacet
  facet normal 0.000000e+00 -3.302791e-01 -9.438833e-01
    outer loop
      vertex   -2.706667e+00 -3.336777e+01 4.698062e+00
      vertex   -2.706667e+00 -3.294504e+01 4.550144e+00
      vertex   5.806667e+00 -3.294504e+01 4.550144e+00
    endloop
  endfacet
  facet normal -0.000000e+00 -1.119645e-01 -9.937122e-01
    outer loop
      vertex   5.806667e+00 -3.294504e+01 4.550144e+00
      vertex   -2.706667e+00 -3.294504e+01 4.550144e+00
      vertex   -1.122000e+01 -3.250000e+01 4.500000e+00
    endloop
  endfacet
  facet normal 0.000000e+00 -3.302791e-01 -9.438833e-01
    outer loop
      vertex   -1.122000e+01 -3.336777e+01 4.698062e+00
      vertex   -1.122000e+01 -3.294504e+01 4.550144e+00
      vertex   -2.706667e+00 -3.294504e+01 4.550144e+00
    endloop
  endfacet
  facet normal -0.000000e+00 -1.119645e-01 -9.937122e-01
    outer loop
      vertex   -2.706667e+00 -3.294504e+01 4.550144e+00
      vertex   -1.122000e+01 -3.294504e+01 4.550144e+00
      vertex   -1.122000e+01 -3.250000e+01 4.500000e+00
    endloop
  endfacet
  facet normal 0.000000e+00 -3.302791e-01 -9.438833e-01
    outer loop
      vertex   2.283333e+01 -3.294504e+01 4.550144e+00
      vertex   3.134667e+01 -3.294504e+01 4.550144e+00
      vertex   2.283333e+01 -3.336777e+01 4.698062e+00
    endloop
  endfacet
  facet normal -9.847339e-17 -3.302791e-01 -9.438833e-01
    outer loop
      vertex   2.283333e+01 -3.336777e+01 4.698062e+00
      vertex   3.134667e+01 -3.294504e+01 4.550144e+00
      vertex   3.134667e+01 -3.336777e+01 4.698062e+00
    endloop
  endfacet
  facet normal -8.833698e-17 -5.320321e-01 -8.467242e-01
    outer loop
      vertex   2.283333e+01 -3.336777e+01 4.698062e+00
      vertex   3.134667e+01 -3.336777e+01 4.698062e+00
      vertex   2.283333e+01 -3.374698e+01 4.936337e+00
    endloop
  endfacet
  facet normal 0.000000e+00 -5.320321e-01 -8.467242e-01
    outer loop
      vertex   2.283333e+01 -3.374698e+01 4.936337e+00
      vertex   3.134667e+01 -3.336777e+01 4.698062e+00
      vertex   3.134667e+01 -3.374698e+01 4.936337e+00
    endloop
  endfacet
  facet normal 0.000000e+00 -7.071068e-01 -7.071068e-01
    outer loop
      vertex   2.283333e+01 -3.374698e+01 4.936337e+00
      vertex   3.134667e+01 -3.374698e+01 4.936337e+00
      vertex   2.283333e+01 -3.406366e+01 5.253020e+00
    endloop
  endfacet
  facet normal 2.729868e-16 -3.302791e-01 -9.438833e-01
    outer loop
      vertex   2.283333e+01 -3.294504e+01 4.550144e+00
      vertex   2.283333e+01 -3.336777e+01 4.698062e+00
      vertex   1.432000e+01 -3.336777e+01 4.698062e+00
    endloop
  endfacet
  facet normal 4.440464e-16 -5.320321e-01 -8.467242e-01
    outer loop
      vertex   1.432000e+01 -3.336777e+01 4.698062e+00
      vertex   2.283333e+01 -3.336777e+01 4.698062e+00
      vertex   1.432000e+01 -3.374698e+01 4.936337e+00
    endloop
  endfacet
  facet normal -8.735577e-17 -5.320321e-01 -8.467242e-01
    outer loop
      vertex   1.432000e+01 -3.336777e+01 4.698062e+00
      vertex   1.432000e+01 -3.374698e+01 4.936337e+00
      vertex   5.806667e+00 -3.374698e+01 4.936337e+00
    endloop
  endfacet
  facet normal -7.377098e-17 -7.071068e-01 -7.071068e-01
    outer loop
      vertex   5.806667e+00 -3.374698e+01 4.936337e+00
      vertex   1.432000e+01 -3.374698e+01 4.936337e+00
      vertex   5.806667e+00 -3.406366e+01 5.253020e+00
    endloop
  endfacet
  facet normal 0.000000e+00 -7.071068e-01 -7.071068e-01
    outer loop
      vertex   5.806667e+00 -3.374698e+01 4.936337e+00
      vertex   5.806667e+00 -3.406366e+01 5.253020e+00
      vertex   -2.706667e+00 -3.406366e+01 5.253020e+00
    endloop
  endfacet
  facet normal 0.000000e+00 -8.467242e-01 -5.320321e-01
    outer loop
      vertex   -2.706667e+00 -3.406366e+01 5.253020e+00
      vertex   5.806667e+00 -3.406366e+01 5.253020e+00
      vertex   -2.706667e+00 -3.430194e+01 5.632233e+00
    endloop
  endfacet
  facet normal -8.833698e-17 -5.320321e-01 -8.467242e-01
    outer loop
      vertex   1.432000e+01 -3.374698e+01 4.936337e+00
      vertex   2.283333e+01 -3.336777e+01 4.698062e+00
      vertex   2.283333e+01 -3.374698e+01 4.936337e+00
    endloop
  endfacet
  facet normal -7.377098e-17 -7.071068e-01 -7.071068e-01
    outer loop
      vertex   1.432000e+01 -3.374698e+01 4.936337e+00
      vertex   2.283333e+01 -3.374698e+01 4.936337e+00
      vertex   1.432000e+01 -3.406366e+01 5.253020e+00
    endloop
  endfacet
  facet normal -7.377098e-17 -7.071068e-01 -7.071068e-01
    outer loop
      vertex   1.432000e+01 -3.406366e+01 5.253020e+00
      vertex   2.283333e+01 -3.374698e+01 4.936337e+00
      vertex   2.283333e+01 -3.406366e+01 5.253020e+00
    endloop
  endfacet
  facet normal -5.550580e-17 -8.467242e-01 -5.320321e-01
    outer loop
      vertex   1.432000e+01 -3.406366e+01 5.253020e+00
      vertex   2.283333e+01 -3.406366e+01 5.253020e+00
      vertex   1.432000e+01 -3.430194e+01 5.632233e+00
    endloop
  endfacet
  facet normal 0.000000e+00 -7.071068e-01 -7.071068e-01
    outer loop
      vertex   1.432000e+01 -3.374698e+01 4.936337e+00
      vertex   1.432000e+01 -3.406366e+01 5.253020e+00
      vertex   5.806667e+00 -3.406366e+01 5.253020e+00
    endloop
  endfacet
  facet normal 0.000000e+00 -8.467242e-01 -5.320321e-01
    outer loop
      vertex   5.806667e+00 -3.406366e+01 5.253020e+00
      vertex   1.432000e+01 -3.406366e+01 5.253020e+00
      vertex   5.806667e+00 -3.430194e+01 5.632233e+00
    endloop
  endfacet
  facet normal 0.000000e+00 -8.467242e-01 -5.320321e-01
    outer loop
      vertex   5.806667e+00 -3.406366e+01 5.253020e+00
      vertex   5.806667e+00 -3.430194e+01 5.632233e+00
      vertex   -2.706667e+00 -3.430194e+01 5.632233e+00
    endloop
  endfacet
  facet normal 0.000000e+00 -9.438833e-01 -3.302791e-01
    outer loop
      vertex   -2.706667e+00 -3.430194e+01 5.632233e+00
      vertex   5.806667e+00 -3.430194e+01 5.632233e+00
      vertex   -2.706667e+00 -3.444986e+01 6.054958e+00
    endloop
  endfacet
  facet normal -5.550580e-17 -8.467242e-01 -5.320321e-01
    outer loop
      vertex   5.806667e+00 -3.430194e+01 5.632233e+00
      vertex   1.432000e+01 -3.406366e+01 5.253020e+00
      vertex   1.432000e+01 -3.430194e+01 5.632233e+00
    endloop
  endfacet
  facet normal 0.000000e+00 -9.438833e-01 -3.302791e-01
    outer loop
      vertex   -2.706667e+00 -3.444986e+01 6.054958e+00
      vertex   5.806667e+00 -3.430194e+01 5.632233e+00
      vertex   5.806667e+00 -3.444986e+01 6.054958e+00
    endloop
  endfacet
  facet normal -3.275841e-17 -9.438833e-01 -3.302791e-01
    outer loop
      vertex   5.806667e+00 -3.444986e+01 6.054958e+00
      vertex   5.806667e+00 -3.430194e+01 5.632233e+00
      vertex   1.432000e+01 -3.430194e+01 5.632233e+00
    endloop
  endfacet
  facet normal 1.083658e-01 -1.426663e-02 -9.940087e-01
    outer loop
      vertex   4.130889e+01 -3.138823e+01 4.500000e+00
      vertex   4.136000e+01 -3.100000e+01 4.500000e+00
      vertex   4.177549e+01 -3.133775e+01 4.550144e+00
    endloop
  endfacet
  facet normal 1.119591e-01 -9.795152e-03 -9.936645e-01
    outer loop
      vertex   4.177549e+01 -3.133775e+01 4.550144e+00
      vertex   4.136000e+01 -3.100000e+01 4.500000e+00
      vertex   4.180504e+01 -3.100000e+01 4.550144e+00
    endloop
  endfacet
  facet normal 3.301413e-01 -2.888362e-02 -9.434895e-01
    outer loop
      vertex   4.177549e+01 -3.133775e+01 4.550144e+00
      vertex   4.180504e+01 -3.100000e+01 4.550144e+00
      vertex   4.222777e+01 -3.100000e+01 4.698062e+00
    endloop
  endfacet
  facet normal 3.301413e-01 -2.888362e-02 -9.434895e-01
    outer loop
      vertex   4.177549e+01 -3.133775e+01 4.550144e+00
      vertex   4.222777e+01 -3.100000e+01 4.698062e+00
      vertex   4.219180e+01 -3.141116e+01 4.698062e+00
    endloop
  endfacet
  facet normal 5.314567e-01 -4.649643e-02 -8.458084e-01
    outer loop
      vertex   4.219180e+01 -3.141116e+01 4.698062e+00
      vertex   4.222777e+01 -3.100000e+01 4.698062e+00
      vertex   4.260698e+01 -3.100000e+01 4.936337e+00
    endloop
  endfacet
  facet normal 5.314567e-01 -4.649643e-02 -8.458084e-01
    outer loop
      vertex   4.219180e+01 -3.141116e+01 4.698062e+00
      vertex   4.260698e+01 -3.100000e+01 4.936337e+00
      vertex   4.256525e+01 -3.147701e+01 4.936337e+00
    endloop
  endfacet
  facet normal 7.057576e-01 -6.174579e-02 -7.057576e-01
    outer loop
      vertex   4.256525e+01 -3.147701e+01 4.936337e+00
      vertex   4.260698e+01 -3.100000e+01 4.936337e+00
      vertex   4.292366e+01 -3.100000e+01 5.253020e+00
    endloop
  endfacet
  facet normal 7.057576e-01 -6.174579e-02 -7.057576e-01
    outer loop
      vertex   4.256525e+01 -3.147701e+01 4.936337e+00
      vertex   4.292366e+01 -3.100000e+01 5.253020e+00
      vertex   4.287712e+01 -3.153200e+01 5.253020e+00
    endloop
  endfacet
  facet normal 8.444104e-01 -7.387634e-02 -5.305783e-01
    outer loop
      vertex   4.287712e+01 -3.153200e+01 5.253020e+00
      vertex   4.292366e+01 -3.100000e+01 5.253020e+00
      vertex   4.316194e+01 -3.100000e+01 5.632233e+00
    endloop
  endfacet
  facet normal 8.444104e-01 -7.387634e-02 -5.305783e-01
    outer loop
      vertex   4.287712e+01 -3.153200e+01 5.253020e+00
      vertex   4.316194e+01 -3.100000e+01 5.632233e+00
      vertex   4.311177e+01 -3.157338e+01 5.632233e+00
    endloop
  endfacet
  facet normal 9.406814e-01 -8.229896e-02 -3.291587e-01
    outer loop
      vertex   4.311177e+01 -3.157338e+01 5.632233e+00
      vertex   4.316194e+01 -3.100000e+01 5.632233e+00
      vertex   4.330986e+01 -3.100000e+01 6.054958e+00
    endloop
  endfacet
  facet normal 9.406814e-01 -8.229896e-02 -3.291587e-01
    outer loop
      vertex   4.311177e+01 -3.157338e+01 5.632233e+00
      vertex   4.330986e+01 -3.100000e+01 6.054958e+00
      vertex   4.325744e+01 -3.159906e+01 6.054958e+00
    endloop
  endfacet
  facet normal 9.899780e-01 -8.661185e-02 -1.115437e-01
    outer loop
      vertex   4.325744e+01 -3.159906e+01 6.054958e+00
      vertex   4.330986e+01 -3.100000e+01 6.054958e+00
      vertex   4.336000e+01 -3.100000e+01 6.500000e+00
    endloop
  endfacet
  facet normal 9.899780e-01 -8.661185e-02 -1.115437e-01
    outer loop
      vertex   4.325744e+01 -3.159906e+01 6.054958e+00
      vertex   4.336000e+01 -3.100000e+01 6.500000e+00
      vertex   4.330683e+01 -3.160777e+01 6.500000e+00
    endloop
  endfacet
  facet normal 9.598980e-01 -2.572039e-01 -1.115437e-01
    outer loop
      vertex   4.325744e+01 -3.159906e+01 6.054958e+00
      vertex   4.330683e+01 -3.160777e+01 6.500000e+00
      vertex   4.310180e+01 -3.217992e+01 6.054958e+00
    endloop
  endfacet
  facet normal 9.598980e-01 -2.572039e-01 -1.115437e-01
    outer loop
      vertex   4.310180e+01 -3.217992e+01 6.054958e+00
      vertex   4.330683e+01 -3.160777e+01 6.500000e+00
      vertex   4.314892e+01 -3.219707e+01 6.500000e+00
    endloop
  endfacet
  facet normal 9.006520e-01 -4.199809e-01 -1.115437e-01
    outer loop
      vertex   4.310180e+01 -3.217992e+01 6.054958e+00
      vertex   4.314892e+01 -3.219707e+01 6.500000e+00
      vertex   4.284766e+01 -3.272493e+01 6.054958e+00
    endloop
  endfacet
  facet normal 9.006520e-01 -4.199809e-01 -1.115437e-01
    outer loop
      vertex   4.284766e+01 -3.272493e+01 6.054958e+00
      vertex   4.314892e+01 -3.219707e+01 6.500000e+00
      vertex   4.289109e+01 -3.275000e+01 6.500000e+00
    endloop
  endfacet
  facet normal 8.140401e-01 -5.699970e-01 -1.115437e-01
    outer loop
      vertex   4.284766e+01 -3.272493e+01 6.054958e+00
      vertex   4.289109e+01 -3.275000e+01 6.500000e+00
      vertex   4.250274e+01 -3.321752e+01 6.054958e+00
    endloop
  endfacet
  facet normal 8.140401e-01 -5.699970e-01 -1.115437e-01
    outer loop
      vertex   4.250274e+01 -3.321752e+01 6.054958e+00
      vertex   4.289109e+01 -3.275000e+01 6.500000e+00
      vertex   4.254116e+01 -3.324976e+01 6.500000e+00
    endloop
  endfacet
  facet normal 7.026941e-01 -7.026941e-01 -1.115437e-01
    outer loop
      vertex   4.250274e+01 -3.321752e+01 6.054958e+00
      vertex   4.254116e+01 -3.324976e+01 6.500000e+00
      vertex   4.207752e+01 -3.364274e+01 6.054958e+00
    endloop
  endfacet
  facet normal 7.026941e-01 -7.026941e-01 -1.115437e-01
    outer loop
      vertex   4.207752e+01 -3.364274e+01 6.054958e+00
      vertex   4.254116e+01 -3.324976e+01 6.500000e+00
      vertex   4.210976e+01 -3.368116e+01 6.500000e+00
    endloop
  endfacet
  facet normal 5.699970e-01 -8.140401e-01 -1.115437e-01
    outer loop
      vertex   4.207752e+01 -3.364274e+01 6.054958e+00
      vertex   4.210976e+01 -3.368116e+01 6.500000e+00
      vertex   4.158493e+01 -3.398766e+01 6.054958e+00
    endloop
  endfacet
  facet normal 5.699970e-01 -8.140401e-01 -1.115437e-01
    outer loop
      vertex   4.158493e+01 -3.398766e+01 6.054958e+00
      vertex   4.210976e+01 -3.368116e+01 6.500000e+00
      vertex   4.161000e+01 -3.403109e+01 6.500000e+00
    endloop
  endfacet
  facet normal 4.199809e-01 -9.006520e-01 -1.115437e-01
    outer loop
      vertex   4.158493e+01 -3.398766e+01 6.054958e+00
      vertex   4.161000e+01 -3.403109e+01 6.500000e+00
      vertex   4.103992e+01 -3.424180e+01 6.054958e+00
    endloop
  endfacet
  facet normal 4.199809e-01 -9.006520e-01 -1.115437e-01
    outer loop
      vertex   4.103992e+01 -3.424180e+01 6.054958e+00
      vertex   4.161000e+01 -3.403109e+01 6.500000e+00
      vertex   4.105707e+01 -3.428892e+01 6.500000e+00
    endloop
  endfacet
  facet normal 2.572039e-01 -9.598980e-01 -1.115437e-01
    outer loop
      vertex   4.103992e+01 -3.424180e+01 6.054958e+00
      vertex   4.105707e+01 -3.428892e+01 6.500000e+00
      vertex   4.045906e+01 -3.439744e+01 6.054958e+00
    endloop
  endfacet
  facet normal 2.572039e-01 -9.598980e-01 -1.115437e-01
    outer loop
      vertex   4.045906e+01 -3.439744e+01 6.054958e+00
      vertex   4.105707e+01 -3.428892e+01 6.500000e+00
      vertex   4.046777e+01 -3.444683e+01 6.500000e+00
    endloop
  endfacet
  facet normal 8.661185e-02 -9.899780e-01 -1.115437e-01
    outer loop
      vertex   4.045906e+01 -3.439744e+01 6.054958e+00
      vertex   4.046777e+01 -3.444683e+01 6.500000e+00
      vertex   3.986000e+01 -3.444986e+01 6.054958e+00
    endloop
  endfacet
  facet normal 8.661185e-02 -9.899780e-01 -1.115437e-01
    outer loop
      vertex   3.986000e+01 -3.444986e+01 6.054958e+00
      vertex   4.046777e+01 -3.444683e+01 6.500000e+00
      vertex   3.986000e+01 -3.450000e+01 6.500000e+00
    endloop
  endfacet
  facet normal 8.229896e-02 -9.406814e-01 -3.291587e-01
    outer loop
      vertex   3.986000e+01 -3.444986e+01 6.054958e+00
      vertex   3.986000e+01 -3.430194e+01 5.632233e+00
      vertex   4.045906e+01 -3.439744e+01 6.054958e+00
    endloop
  endfacet
  facet normal 8.229896e-02 -9.406814e-01 -3.291587e-01
    outer loop
      vertex   4.045906e+01 -3.439744e+01 6.054958e+00
      vertex   3.986000e+01 -3.430194e+01 5.632233e+00
      vertex   4.043338e+01 -3.425177e+01 5.632233e+00
    endloop
  endfacet
  facet normal 2.443963e-01 -9.120993e-01 -3.291587e-01
    outer loop
      vertex   4.045906e+01 -3.439744e+01 6.054958e+00
      vertex   4.043338e+01 -3.425177e+01 5.632233e+00
      vertex   4.103992e+01 -3.424180e+01 6.054958e+00
    endloop
  endfacet
  facet normal 2.443963e-01 -9.120993e-01 -3.291587e-01
    outer loop
      vertex   4.103992e+01 -3.424180e+01 6.054958e+00
      vertex   4.043338e+01 -3.425177e+01 5.632233e+00
      vertex   4.098933e+01 -3.410281e+01 5.632233e+00
    endloop
  endfacet
  facet normal 3.990677e-01 -8.558035e-01 -3.291587e-01
    outer loop
      vertex   4.103992e+01 -3.424180e+01 6.054958e+00
      vertex   4.098933e+01 -3.410281e+01 5.632233e+00
      vertex   4.158493e+01 -3.398766e+01 6.054958e+00
    endloop
  endfacet
  facet normal 3.990677e-01 -8.558035e-01 -3.291587e-01
    outer loop
      vertex   4.158493e+01 -3.398766e+01 6.054958e+00
      vertex   4.098933e+01 -3.410281e+01 5.632233e+00
      vertex   4.151097e+01 -3.385956e+01 5.632233e+00
    endloop
  endfacet
  facet normal 5.416137e-01 -7.735045e-01 -3.291587e-01
    outer loop
      vertex   4.158493e+01 -3.398766e+01 6.054958e+00
      vertex   4.151097e+01 -3.385956e+01 5.632233e+00
      vertex   4.207752e+01 -3.364274e+01 6.054958e+00
    endloop
  endfacet
  facet normal 5.416137e-01 -7.735045e-01 -3.291587e-01
    outer loop
      vertex   4.207752e+01 -3.364274e+01 6.054958e+00
      vertex   4.151097e+01 -3.385956e+01 5.632233e+00
      vertex   4.198244e+01 -3.352943e+01 5.632233e+00
    endloop
  endfacet
  facet normal 6.677030e-01 -6.677030e-01 -3.291587e-01
    outer loop
      vertex   4.207752e+01 -3.364274e+01 6.054958e+00
      vertex   4.198244e+01 -3.352943e+01 5.632233e+00
      vertex   4.250274e+01 -3.321752e+01 6.054958e+00
    endloop
  endfacet
  facet normal 6.677030e-01 -6.677030e-01 -3.291587e-01
    outer loop
      vertex   4.250274e+01 -3.321752e+01 6.054958e+00
      vertex   4.198244e+01 -3.352943e+01 5.632233e+00
      vertex   4.238943e+01 -3.312244e+01 5.632233e+00
    endloop
  endfacet
  facet normal 7.735045e-01 -5.416137e-01 -3.291587e-01
    outer loop
      vertex   4.250274e+01 -3.321752e+01 6.054958e+00
      vertex   4.238943e+01 -3.312244e+01 5.632233e+00
      vertex   4.284766e+01 -3.272493e+01 6.054958e+00
    endloop
  endfacet
  facet normal 7.735045e-01 -5.416137e-01 -3.291587e-01
    outer loop
      vertex   4.284766e+01 -3.272493e+01 6.054958e+00
      vertex   4.238943e+01 -3.312244e+01 5.632233e+00
      vertex   4.271956e+01 -3.265097e+01 5.632233e+00
    endloop
  endfacet
  facet normal 8.558035e-01 -3.990677e-01 -3.291587e-01
    outer loop
      vertex   4.284766e+01 -3.272493e+01 6.054958e+00
      vertex   4.271956e+01 -3.265097e+01 5.632233e+00
      vertex   4.310180e+01 -3.217992e+01 6.054958e+00
    endloop
  endfacet
  facet normal 8.558035e-01 -3.990677e-01 -3.291587e-01
    outer loop
      vertex   4.310180e+01 -3.217992e+01 6.054958e+00
      vertex   4.271956e+01 -3.265097e+01 5.632233e+00
      vertex   4.296281e+01 -3.212933e+01 5.632233e+00
    endloop
  endfacet
  facet normal 9.120993e-01 -2.443963e-01 -3.291587e-01
    outer loop
      vertex   4.310180e+01 -3.217992e+01 6.054958e+00
      vertex   4.296281e+01 -3.212933e+01 5.632233e+00
      vertex   4.325744e+01 -3.159906e+01 6.054958e+00
    endloop
  endfacet
  facet normal 9.120993e-01 -2.443963e-01 -3.291587e-01
    outer loop
      vertex   4.325744e+01 -3.159906e+01 6.054958e+00
      vertex   4.296281e+01 -3.212933e+01 5.632233e+00
      vertex   4.311177e+01 -3.157338e+01 5.632233e+00
    endloop
  endfacet
  facet normal 7.387634e-02 -8.444104e-01 -5.305783e-01
    outer loop
      vertex   3.986000e+01 -3.430194e+01 5.632233e+00
      vertex   3.986000e+01 -3.406366e+01 5.253020e+00
      vertex   4.043338e+01 -3.425177e+01 5.632233e+00
    endloop
  endfacet
  facet normal 7.387634e-02 -8.444104e-01 -5.305783e-01
    outer loop
      vertex   4.043338e+01 -3.425177e+01 5.632233e+00
      vertex   3.986000e+01 -3.406366e+01 5.253020e+00
      vertex   4.039200e+01 -3.401712e+01 5.253020e+00
    endloop
  endfacet
  facet normal 2.193843e-01 -8.187535e-01 -5.305783e-01
    outer loop
      vertex   4.043338e+01 -3.425177e+01 5.632233e+00
      vertex   4.039200e+01 -3.401712e+01 5.253020e+00
      vertex   4.098933e+01 -3.410281e+01 5.632233e+00
    endloop
  endfacet
  facet normal 2.193843e-01 -8.187535e-01 -5.305783e-01
    outer loop
      vertex   4.098933e+01 -3.410281e+01 5.632233e+00
      vertex   4.039200e+01 -3.401712e+01 5.253020e+00
      vertex   4.090783e+01 -3.387890e+01 5.253020e+00
    endloop
  endfacet
  facet normal 3.582264e-01 -7.682191e-01 -5.305783e-01
    outer loop
      vertex   4.098933e+01 -3.410281e+01 5.632233e+00
      vertex   4.090783e+01 -3.387890e+01 5.253020e+00
      vertex   4.151097e+01 -3.385956e+01 5.632233e+00
    endloop
  endfacet
  facet normal 3.582264e-01 -7.682191e-01 -5.305783e-01
    outer loop
      vertex   4.151097e+01 -3.385956e+01 5.632233e+00
      vertex   4.090783e+01 -3.387890e+01 5.253020e+00
      vertex   4.139183e+01 -3.365321e+01 5.253020e+00
    endloop
  endfacet
  facet normal 4.861840e-01 -6.943427e-01 -5.305783e-01
    outer loop
      vertex   4.151097e+01 -3.385956e+01 5.632233e+00
      vertex   4.139183e+01 -3.365321e+01 5.253020e+00
      vertex   4.198244e+01 -3.352943e+01 5.632233e+00
    endloop
  endfacet
  facet normal 4.861840e-01 -6.943427e-01 -5.305783e-01
    outer loop
      vertex   4.198244e+01 -3.352943e+01 5.632233e+00
      vertex   4.139183e+01 -3.365321e+01 5.253020e+00
      vertex   4.182928e+01 -3.334690e+01 5.253020e+00
    endloop
  endfacet
  facet normal 5.993691e-01 -5.993691e-01 -5.305783e-01
    outer loop
      vertex   4.198244e+01 -3.352943e+01 5.632233e+00
      vertex   4.182928e+01 -3.334690e+01 5.253020e+00
      vertex   4.238943e+01 -3.312244e+01 5.632233e+00
    endloop
  endfacet
  facet normal 5.993691e-01 -5.993691e-01 -5.305783e-01
    outer loop
      vertex   4.238943e+01 -3.312244e+01 5.632233e+00
      vertex   4.182928e+01 -3.334690e+01 5.253020e+00
      vertex   4.220690e+01 -3.296928e+01 5.253020e+00
    endloop
  endfacet
  facet normal 6.943427e-01 -4.861840e-01 -5.305783e-01
    outer loop
      vertex   4.238943e+01 -3.312244e+01 5.632233e+00
      vertex   4.220690e+01 -3.296928e+01 5.253020e+00
      vertex   4.271956e+01 -3.265097e+01 5.632233e+00
    endloop
  endfacet
  facet normal 6.943427e-01 -4.861840e-01 -5.305783e-01
    outer loop
      vertex   4.271956e+01 -3.265097e+01 5.632233e+00
      vertex   4.220690e+01 -3.296928e+01 5.253020e+00
      vertex   4.251321e+01 -3.253183e+01 5.253020e+00
    endloop
  endfacet
  facet normal 7.682191e-01 -3.582264e-01 -5.305783e-01
    outer loop
      vertex   4.271956e+01 -3.265097e+01 5.632233e+00
      vertex   4.251321e+01 -3.253183e+01 5.253020e+00
      vertex   4.296281e+01 -3.212933e+01 5.632233e+00
    endloop
  endfacet
  facet normal 7.682191e-01 -3.582264e-01 -5.305783e-01
    outer loop
      vertex   4.296281e+01 -3.212933e+01 5.632233e+00
      vertex   4.251321e+01 -3.253183e+01 5.253020e+00
      vertex   4.273890e+01 -3.204783e+01 5.253020e+00
    endloop
  endfacet
  facet normal 8.187535e-01 -2.193843e-01 -5.305783e-01
    outer loop
      vertex   4.296281e+01 -3.212933e+01 5.632233e+00
      vertex   4.273890e+01 -3.204783e+01 5.253020e+00
      vertex   4.311177e+01 -3.157338e+01 5.632233e+00
    endloop
  endfacet
  facet normal 8.187535e-01 -2.193843e-01 -5.305783e-01
    outer loop
      vertex   4.311177e+01 -3.157338e+01 5.632233e+00
      vertex   4.273890e+01 -3.204783e+01 5.253020e+00
      vertex   4.287712e+01 -3.153200e+01 5.253020e+00
    endloop
  endfacet
  facet normal 6.174579e-02 -7.057576e-01 -7.057576e-01
    outer loop
      vertex   3.986000e+01 -3.406366e+01 5.253020e+00
      vertex   3.986000e+01 -3.374698e+01 4.936337e+00
      vertex   4.039200e+01 -3.401712e+01 5.253020e+00
    endloop
  endfacet
  facet normal 6.174579e-02 -7.057576e-01 -7.057576e-01
    outer loop
      vertex   4.039200e+01 -3.401712e+01 5.253020e+00
      vertex   3.986000e+01 -3.374698e+01 4.936337e+00
      vertex   4.033701e+01 -3.370525e+01 4.936337e+00
    endloop
  endfacet
  facet normal 1.833612e-01 -6.843135e-01 -7.057576e-01
    outer loop
      vertex   4.039200e+01 -3.401712e+01 5.253020e+00
      vertex   4.033701e+01 -3.370525e+01 4.936337e+00
      vertex   4.090783e+01 -3.387890e+01 5.253020e+00
    endloop
  endfacet
  facet normal 1.833612e-01 -6.843135e-01 -7.057576e-01
    outer loop
      vertex   4.090783e+01 -3.387890e+01 5.253020e+00
      vertex   4.033701e+01 -3.370525e+01 4.936337e+00
      vertex   4.079952e+01 -3.358132e+01 4.936337e+00
    endloop
  endfacet
  facet normal 2.994054e-01 -6.420769e-01 -7.057576e-01
    outer loop
      vertex   4.090783e+01 -3.387890e+01 5.253020e+00
      vertex   4.079952e+01 -3.358132e+01 4.936337e+00
      vertex   4.139183e+01 -3.365321e+01 5.253020e+00
    endloop
  endfacet
  facet normal 2.994054e-01 -6.420769e-01 -7.057576e-01
    outer loop
      vertex   4.139183e+01 -3.365321e+01 5.253020e+00
      vertex   4.079952e+01 -3.358132e+01 4.936337e+00
      vertex   4.123349e+01 -3.337895e+01 4.936337e+00
    endloop
  endfacet
  facet normal 4.063522e-01 -5.803311e-01 -7.057576e-01
    outer loop
      vertex   4.139183e+01 -3.365321e+01 5.253020e+00
      vertex   4.123349e+01 -3.337895e+01 4.936337e+00
      vertex   4.182928e+01 -3.334690e+01 5.253020e+00
    endloop
  endfacet
  facet normal 4.063522e-01 -5.803311e-01 -7.057576e-01
    outer loop
      vertex   4.182928e+01 -3.334690e+01 5.253020e+00
      vertex   4.123349e+01 -3.337895e+01 4.936337e+00
      vertex   4.162572e+01 -3.310431e+01 4.936337e+00
    endloop
  endfacet
  facet normal 5.009522e-01 -5.009522e-01 -7.057576e-01
    outer loop
      vertex   4.182928e+01 -3.334690e+01 5.253020e+00
      vertex   4.162572e+01 -3.310431e+01 4.936337e+00
      vertex   4.220690e+01 -3.296928e+01 5.253020e+00
    endloop
  endfacet
  facet normal 5.009522e-01 -5.009522e-01 -7.057576e-01
    outer loop
      vertex   4.220690e+01 -3.296928e+01 5.253020e+00
      vertex   4.162572e+01 -3.310431e+01 4.936337e+00
      vertex   4.196431e+01 -3.276572e+01 4.936337e+00
    endloop
  endfacet
  facet normal 5.803311e-01 -4.063522e-01 -7.057576e-01
    outer loop
      vertex   4.220690e+01 -3.296928e+01 5.253020e+00
      vertex   4.196431e+01 -3.276572e+01 4.936337e+00
      vertex   4.251321e+01 -3.253183e+01 5.253020e+00
    endloop
  endfacet
  facet normal 5.803311e-01 -4.063522e-01 -7.057576e-01
    outer loop
      vertex   4.251321e+01 -3.253183e+01 5.253020e+00
      vertex   4.196431e+01 -3.276572e+01 4.936337e+00
      vertex   4.223895e+01 -3.237349e+01 4.936337e+00
    endloop
  endfacet
  facet normal 6.420769e-01 -2.994054e-01 -7.057576e-01
    outer loop
      vertex   4.251321e+01 -3.253183e+01 5.253020e+00
      vertex   4.223895e+01 -3.237349e+01 4.936337e+00
      vertex   4.273890e+01 -3.204783e+01 5.253020e+00
    endloop
  endfacet
  facet normal 6.420769e-01 -2.994054e-01 -7.057576e-01
    outer loop
      vertex   4.273890e+01 -3.204783e+01 5.253020e+00
      vertex   4.223895e+01 -3.237349e+01 4.936337e+00
      vertex   4.244132e+01 -3.193952e+01 4.936337e+00
    endloop
  endfacet
  facet normal 6.843135e-01 -1.833612e-01 -7.057576e-01
    outer loop
      vertex   4.273890e+01 -3.204783e+01 5.253020e+00
      vertex   4.244132e+01 -3.193952e+01 4.936337e+00
      vertex   4.287712e+01 -3.153200e+01 5.253020e+00
    endloop
  endfacet
  facet normal 6.843135e-01 -1.833612e-01 -7.057576e-01
    outer loop
      vertex   4.287712e+01 -3.153200e+01 5.253020e+00
      vertex   4.244132e+01 -3.193952e+01 4.936337e+00
      vertex   4.256525e+01 -3.147701e+01 4.936337e+00
    endloop
  endfacet
  facet normal 4.649643e-02 -5.314567e-01 -8.458084e-01
    outer loop
      vertex   3.986000e+01 -3.374698e+01 4.936337e+00
      vertex   3.986000e+01 -3.336777e+01 4.698062e+00
      vertex   4.033701e+01 -3.370525e+01 4.936337e+00
    endloop
  endfacet
  facet normal 4.649643e-02 -5.314567e-01 -8.458084e-01
    outer loop
      vertex   4.033701e+01 -3.370525e+01 4.936337e+00
      vertex   3.986000e+01 -3.336777e+01 4.698062e+00
      vertex   4.027116e+01 -3.333180e+01 4.698062e+00
    endloop
  endfacet
  facet normal 1.380765e-01 -5.153086e-01 -8.458084e-01
    outer loop
      vertex   4.033701e+01 -3.370525e+01 4.936337e+00
      vertex   4.027116e+01 -3.333180e+01 4.698062e+00
      vertex   4.079952e+01 -3.358132e+01 4.936337e+00
    endloop
  endfacet
  facet normal 1.380765e-01 -5.153086e-01 -8.458084e-01
    outer loop
      vertex   4.079952e+01 -3.358132e+01 4.936337e+00
      vertex   4.027116e+01 -3.333180e+01 4.698062e+00
      vertex   4.066982e+01 -3.322497e+01 4.698062e+00
    endloop
  endfacet
  facet normal 2.254612e-01 -4.835032e-01 -8.458084e-01
    outer loop
      vertex   4.079952e+01 -3.358132e+01 4.936337e+00
      vertex   4.066982e+01 -3.322497e+01 4.698062e+00
      vertex   4.123349e+01 -3.337895e+01 4.936337e+00
    endloop
  endfacet
  facet normal 2.254612e-01 -4.835032e-01 -8.458084e-01
    outer loop
      vertex   4.123349e+01 -3.337895e+01 4.936337e+00
      vertex   4.066982e+01 -3.322497e+01 4.698062e+00
      vertex   4.104388e+01 -3.305055e+01 4.698062e+00
    endloop
  endfacet
  facet normal 3.059954e-01 -4.370068e-01 -8.458084e-01
    outer loop
      vertex   4.123349e+01 -3.337895e+01 4.936337e+00
      vertex   4.104388e+01 -3.305055e+01 4.698062e+00
      vertex   4.162572e+01 -3.310431e+01 4.936337e+00
    endloop
  endfacet
  facet normal 3.059954e-01 -4.370068e-01 -8.458084e-01
    outer loop
      vertex   4.162572e+01 -3.310431e+01 4.936337e+00
      vertex   4.104388e+01 -3.305055e+01 4.698062e+00
      vertex   4.138197e+01 -3.281382e+01 4.698062e+00
    endloop
  endfacet
  facet normal 3.772321e-01 -3.772321e-01 -8.458084e-01
    outer loop
      vertex   4.162572e+01 -3.310431e+01 4.936337e+00
      vertex   4.138197e+01 -3.281382e+01 4.698062e+00
      vertex   4.196431e+01 -3.276572e+01 4.936337e+00
    endloop
  endfacet
  facet normal 3.772321e-01 -3.772321e-01 -8.458084e-01
    outer loop
      vertex   4.196431e+01 -3.276572e+01 4.936337e+00
      vertex   4.138197e+01 -3.281382e+01 4.698062e+00
      vertex   4.167382e+01 -3.252197e+01 4.698062e+00
    endloop
  endfacet
  facet normal 4.370068e-01 -3.059954e-01 -8.458084e-01
    outer loop
      vertex   4.196431e+01 -3.276572e+01 4.936337e+00
      vertex   4.167382e+01 -3.252197e+01 4.698062e+00
      vertex   4.223895e+01 -3.237349e+01 4.936337e+00
    endloop
  endfacet
  facet normal 4.370068e-01 -3.059954e-01 -8.458084e-01
    outer loop
      vertex   4.223895e+01 -3.237349e+01 4.936337e+00
      vertex   4.167382e+01 -3.252197e+01 4.698062e+00
      vertex   4.191055e+01 -3.218388e+01 4.698062e+00
    endloop
  endfacet
  facet normal 4.835032e-01 -2.254612e-01 -8.458084e-01
    outer loop
      vertex   4.223895e+01 -3.237349e+01 4.936337e+00
      vertex   4.191055e+01 -3.218388e+01 4.698062e+00
      vertex   4.244132e+01 -3.193952e+01 4.936337e+00
    endloop
  endfacet
  facet normal 4.835032e-01 -2.254612e-01 -8.458084e-01
    outer loop
      vertex   4.244132e+01 -3.193952e+01 4.936337e+00
      vertex   4.191055e+01 -3.218388e+01 4.698062e+00
      vertex   4.208497e+01 -3.180982e+01 4.698062e+00
    endloop
  endfacet
  facet normal 5.153086e-01 -1.380765e-01 -8.458084e-01
    outer loop
      vertex   4.244132e+01 -3.193952e+01 4.936337e+00
      vertex   4.208497e+01 -3.180982e+01 4.698062e+00
      vertex   4.256525e+01 -3.147701e+01 4.936337e+00
    endloop
  endfacet
  facet normal 5.153086e-01 -1.380765e-01 -8.458084e-01
    outer loop
      vertex   4.256525e+01 -3.147701e+01 4.936337e+00
      vertex   4.208497e+01 -3.180982e+01 4.698062e+00
      vertex   4.219180e+01 -3.141116e+01 4.698062e+00
    endloop
  endfacet
  facet normal 2.888362e-02 -3.301413e-01 -9.434895e-01
    outer loop
      vertex   3.986000e+01 -3.336777e+01 4.698062e+00
      vertex   3.986000e+01 -3.294504e+01 4.550144e+00
      vertex   4.027116e+01 -3.333180e+01 4.698062e+00
    endloop
  endfacet
  facet normal 2.888362e-02 -3.301413e-01 -9.434895e-01
    outer loop
      vertex   4.027116e+01 -3.333180e+01 4.698062e+00
      vertex   3.986000e+01 -3.294504e+01 4.550144e+00
      vertex   4.019775e+01 -3.291549e+01 4.550144e+00
    endloop
  endfacet
  facet normal 8.577324e-02 -3.201101e-01 -9.434895e-01
    outer loop
      vertex   4.027116e+01 -3.333180e+01 4.698062e+00
      vertex   4.019775e+01 -3.291549e+01 4.550144e+00
      vertex   4.066982e+01 -3.322497e+01 4.698062e+00
    endloop
  endfacet
  facet normal 8.577324e-02 -3.201101e-01 -9.434895e-01
    outer loop
      vertex   4.066982e+01 -3.322497e+01 4.698062e+00
      vertex   4.019775e+01 -3.291549e+01 4.550144e+00
      vertex   4.052524e+01 -3.282774e+01 4.550144e+00
    endloop
  endfacet
  facet normal 1.400567e-01 -3.003525e-01 -9.434895e-01
    outer loop
      vertex   4.066982e+01 -3.322497e+01 4.698062e+00
      vertex   4.052524e+01 -3.282774e+01 4.550144e+00
      vertex   4.104388e+01 -3.305055e+01 4.698062e+00
    endloop
  endfacet
  facet normal 1.400567e-01 -3.003525e-01 -9.434895e-01
    outer loop
      vertex   4.104388e+01 -3.305055e+01 4.698062e+00
      vertex   4.052524e+01 -3.282774e+01 4.550144e+00
      vertex   4.083252e+01 -3.268446e+01 4.550144e+00
    endloop
  endfacet
  facet normal 1.900846e-01 -2.714689e-01 -9.434895e-01
    outer loop
      vertex   4.104388e+01 -3.305055e+01 4.698062e+00
      vertex   4.083252e+01 -3.268446e+01 4.550144e+00
      vertex   4.138197e+01 -3.281382e+01 4.698062e+00
    endloop
  endfacet
  facet normal 1.900846e-01 -2.714689e-01 -9.434895e-01
    outer loop
      vertex   4.138197e+01 -3.281382e+01 4.698062e+00
      vertex   4.083252e+01 -3.268446e+01 4.550144e+00
      vertex   4.111025e+01 -3.248999e+01 4.550144e+00
    endloop
  endfacet
  facet normal 2.343368e-01 -2.343368e-01 -9.434895e-01
    outer loop
      vertex   4.138197e+01 -3.281382e+01 4.698062e+00
      vertex   4.111025e+01 -3.248999e+01 4.550144e+00
      vertex   4.167382e+01 -3.252197e+01 4.698062e+00
    endloop
  endfacet
  facet normal 2.343368e-01 -2.343368e-01 -9.434895e-01
    outer loop
      vertex   4.167382e+01 -3.252197e+01 4.698062e+00
      vertex   4.111025e+01 -3.248999e+01 4.550144e+00
      vertex   4.134999e+01 -3.225025e+01 4.550144e+00
    endloop
  endfacet
  facet normal 2.714689e-01 -1.900846e-01 -9.434895e-01
    outer loop
      vertex   4.167382e+01 -3.252197e+01 4.698062e+00
      vertex   4.134999e+01 -3.225025e+01 4.550144e+00
      vertex   4.191055e+01 -3.218388e+01 4.698062e+00
    endloop
  endfacet
  facet normal 2.714689e-01 -1.900846e-01 -9.434895e-01
    outer loop
      vertex   4.191055e+01 -3.218388e+01 4.698062e+00
      vertex   4.134999e+01 -3.225025e+01 4.550144e+00
      vertex   4.154446e+01 -3.197252e+01 4.550144e+00
    endloop
  endfacet
  facet normal 3.003525e-01 -1.400567e-01 -9.434895e-01
    outer loop
      vertex   4.191055e+01 -3.218388e+01 4.698062e+00
      vertex   4.154446e+01 -3.197252e+01 4.550144e+00
      vertex   4.208497e+01 -3.180982e+01 4.698062e+00
    endloop
  endfacet
  facet normal 3.003525e-01 -1.400567e-01 -9.434895e-01
    outer loop
      vertex   4.208497e+01 -3.180982e+01 4.698062e+00
      vertex   4.154446e+01 -3.197252e+01 4.550144e+00
      vertex   4.168774e+01 -3.166524e+01 4.550144e+00
    endloop
  endfacet
  facet normal 3.201101e-01 -8.577324e-02 -9.434895e-01
    outer loop
      vertex   4.208497e+01 -3.180982e+01 4.698062e+00
      vertex   4.168774e+01 -3.166524e+01 4.550144e+00
      vertex   4.219180e+01 -3.141116e+01 4.698062e+00
    endloop
  endfacet
  facet normal 3.201101e-01 -8.577324e-02 -9.434895e-01
    outer loop
      vertex   4.219180e+01 -3.141116e+01 4.698062e+00
      vertex   4.168774e+01 -3.166524e+01 4.550144e+00
      vertex   4.177549e+01 -3.133775e+01 4.550144e+00
    endloop
  endfacet
  facet normal 9.795152e-03 -1.119591e-01 -9.936645e-01
    outer loop
      vertex   3.986000e+01 -3.294504e+01 4.550144e+00
      vertex   3.986000e+01 -3.250000e+01 4.500000e+00
      vertex   4.019775e+01 -3.291549e+01 4.550144e+00
    endloop
  endfacet
  facet normal 1.426663e-02 -1.083658e-01 -9.940087e-01
    outer loop
      vertex   4.019775e+01 -3.291549e+01 4.550144e+00
      vertex   3.986000e+01 -3.250000e+01 4.500000e+00
      vertex   4.024823e+01 -3.244889e+01 4.500000e+00
    endloop
  endfacet
  facet normal 2.946233e-02 -1.099549e-01 -9.934998e-01
    outer loop
      vertex   4.019775e+01 -3.291549e+01 4.550144e+00
      vertex   4.024823e+01 -3.244889e+01 4.500000e+00
      vertex   4.052524e+01 -3.282774e+01 4.550144e+00
    endloop
  endfacet
  facet normal 4.182763e-02 -1.009808e-01 -9.940087e-01
    outer loop
      vertex   4.052524e+01 -3.282774e+01 4.550144e+00
      vertex   4.024823e+01 -3.244889e+01 4.500000e+00
      vertex   4.061000e+01 -3.229904e+01 4.500000e+00
    endloop
  endfacet
  facet normal 4.749670e-02 -1.018570e-01 -9.936645e-01
    outer loop
      vertex   4.052524e+01 -3.282774e+01 4.550144e+00
      vertex   4.061000e+01 -3.229904e+01 4.500000e+00
      vertex   4.083252e+01 -3.268446e+01 4.550144e+00
    endloop
  endfacet
  facet normal 6.446240e-02 -9.206185e-02 -9.936645e-01
    outer loop
      vertex   4.083252e+01 -3.268446e+01 4.550144e+00
      vertex   4.061000e+01 -3.229904e+01 4.500000e+00
      vertex   4.111025e+01 -3.248999e+01 4.550144e+00
    endloop
  endfacet
  facet normal 6.653816e-02 -8.671421e-02 -9.940087e-01
    outer loop
      vertex   4.061000e+01 -3.229904e+01 4.500000e+00
      vertex   4.092066e+01 -3.206066e+01 4.500000e+00
      vertex   4.111025e+01 -3.248999e+01 4.550144e+00
    endloop
  endfacet
  facet normal 8.049259e-02 -8.049259e-02 -9.934998e-01
    outer loop
      vertex   4.111025e+01 -3.248999e+01 4.550144e+00
      vertex   4.092066e+01 -3.206066e+01 4.500000e+00
      vertex   4.134999e+01 -3.225025e+01 4.550144e+00
    endloop
  endfacet
  facet normal 8.671421e-02 -6.653816e-02 -9.940087e-01
    outer loop
      vertex   4.092066e+01 -3.206066e+01 4.500000e+00
      vertex   4.115904e+01 -3.175000e+01 4.500000e+00
      vertex   4.134999e+01 -3.225025e+01 4.550144e+00
    endloop
  endfacet
  facet normal 9.206185e-02 -6.446240e-02 -9.936645e-01
    outer loop
      vertex   4.134999e+01 -3.225025e+01 4.550144e+00
      vertex   4.115904e+01 -3.175000e+01 4.500000e+00
      vertex   4.154446e+01 -3.197252e+01 4.550144e+00
    endloop
  endfacet
  facet normal 1.018570e-01 -4.749670e-02 -9.936645e-01
    outer loop
      vertex   4.154446e+01 -3.197252e+01 4.550144e+00
      vertex   4.115904e+01 -3.175000e+01 4.500000e+00
      vertex   4.168774e+01 -3.166524e+01 4.550144e+00
    endloop
  endfacet
  facet normal 1.009808e-01 -4.182763e-02 -9.940087e-01
    outer loop
      vertex   4.168774e+01 -3.166524e+01 4.550144e+00
      vertex   4.115904e+01 -3.175000e+01 4.500000e+00
      vertex   4.130889e+01 -3.138823e+01 4.500000e+00
    endloop
  endfacet
  facet normal 1.099549e-01 -2.946233e-02 -9.934998e-01
    outer loop
      vertex   4.168774e+01 -3.166524e+01 4.550144e+00
      vertex   4.130889e+01 -3.138823e+01 4.500000e+00
      vertex   4.177549e+01 -3.133775e+01 4.550144e+00
    endloop
  endfacet
  facet normal 1.119645e-01 -1.014476e-16 -9.937122e-01
    outer loop
      vertex   4.180504e+01 3.860000e+01 4.550144e+00
      vertex   4.180504e+01 2.990000e+01 4.550144e+00
      vertex   4.136000e+01 3.860000e+01 4.500000e+00
    endloop
  endfacet
  facet normal 1.119645e-01 0.000000e+00 -9.937122e-01
    outer loop
      vertex   4.136000e+01 3.860000e+01 4.500000e+00
      vertex   4.180504e+01 2.990000e+01 4.550144e+00
      vertex   4.180504e+01 2.120000e+01 4.550144e+00
    endloop
  endfacet
  facet normal 1.119645e-01 0.000000e+00 -9.937122e-01
    outer loop
      vertex   4.136000e+01 3.860000e+01 4.500000e+00
      vertex   4.180504e+01 2.120000e+01 4.550144e+00
      vertex   4.180504e+01 1.250000e+01 4.550144e+00
    endloop
  endfacet
  facet normal 3.302791e-01 0.000000e+00 -9.438833e-01
    outer loop
      vertex   4.180504e+01 1.250000e+01 4.550144e+00
      vertex   4.180504e+01 2.120000e+01 4.550144e+00
      vertex   4.222777e+01 1.250000e+01 4.698062e+00
    endloop
  endfacet
  facet normal 3.302791e-01 0.000000e+00 -9.438833e-01
    outer loop
      vertex   4.180504e+01 1.250000e+01 4.550144e+00
      vertex   4.222777e+01 1.250000e+01 4.698062e+00
      vertex   4.222777e+01 3.800000e+00 4.698062e+00
    endloop
  endfacet
  facet normal 5.320321e-01 0.000000e+00 -8.467242e-01
    outer loop
      vertex   4.222777e+01 3.800000e+00 4.698062e+00
      vertex   4.222777e+01 1.250000e+01 4.698062e+00
      vertex   4.260698e+01 3.800000e+00 4.936337e+00
    endloop
  endfacet
  facet normal 5.320321e-01 0.000000e+00 -8.467242e-01
    outer loop
      vertex   4.222777e+01 3.800000e+00 4.698062e+00
      vertex   4.260698e+01 3.800000e+00 4.936337e+00
      vertex   4.260698e+01 -4.900000e+00 4.936337e+00
    endloop
  endfacet
  facet normal 7.071068e-01 0.000000e+00 -7.071068e-01
    outer loop
      vertex   4.260698e+01 -4.900000e+00 4.936337e+00
      vertex   4.260698e+01 3.800000e+00 4.936337e+00
      vertex   4.292366e+01 -4.900000e+00 5.253020e+00
    endloop
  endfacet
  facet normal 7.071068e-01 0.000000e+00 -7.071068e-01
    outer loop
      vertex   4.260698e+01 -4.900000e+00 4.936337e+00
      vertex   4.292366e+01 -4.900000e+00 5.253020e+00
      vertex   4.292366e+01 -1.360000e+01 5.253020e+00
    endloop
  endfacet
  facet normal 8.467242e-01 0.000000e+00 -5.320321e-01
    outer loop
      vertex   4.292366e+01 -1.360000e+01 5.253020e+00
      vertex   4.292366e+01 -4.900000e+00 5.253020e+00
      vertex   4.316194e+01 -1.360000e+01 5.632233e+00
    endloop
  endfacet
  facet normal 8.467242e-01 0.000000e+00 -5.320321e-01
    outer loop
      vertex   4.292366e+01 -1.360000e+01 5.253020e+00
      vertex   4.316194e+01 -1.360000e+01 5.632233e+00
      vertex   4.316194e+01 -2.230000e+01 5.632233e+00
    endloop
  endfacet
  facet normal 9.438833e-01 0.000000e+00 -3.302791e-01
    outer loop
      vertex   4.316194e+01 -2.230000e+01 5.632233e+00
      vertex   4.316194e+01 -1.360000e+01 5.632233e+00
      vertex   4.330986e+01 -2.230000e+01 6.054958e+00
    endloop
  endfacet
  facet normal 9.438833e-01 0.000000e+00 -3.302791e-01
    outer loop
      vertex   4.316194e+01 -2.230000e+01 5.632233e+00
      vertex   4.330986e+01 -2.230000e+01 6.054958e+00
      vertex   4.330986e+01 -3.100000e+01 6.054958e+00
    endloop
  endfacet
  facet normal 9.937122e-01 0.000000e+00 -1.119645e-01
    outer loop
      vertex   4.330986e+01 -3.100000e+01 6.054958e+00
      vertex   4.330986e+01 -2.230000e+01 6.054958e+00
      vertex   4.336000e+01 -3.100000e+01 6.500000e+00
    endloop
  endfacet
  facet normal 9.937122e-01 0.000000e+00 -1.119645e-01
    outer loop
      vertex   4.336000e+01 -3.100000e+01 6.500000e+00
      vertex   4.330986e+01 -2.230000e+01 6.054958e+00
      vertex   4.330986e+01 -1.360000e+01 6.054958e+00
    endloop
  endfacet
  facet normal 9.937122e-01 0.000000e+00 -1.119645e-01
    outer loop
      vertex   4.336000e+01 -3.100000e+01 6.500000e+00
      vertex   4.330986e+01 -1.360000e+01 6.054958e+00
      vertex   4.330986e+01 -4.900000e+00 6.054958e+00
    endloop
  endfacet
  facet normal 9.438833e-01 0.000000e+00 -3.302791e-01
    outer loop
      vertex   4.330986e+01 -4.900000e+00 6.054958e+00
      vertex   4.330986e+01 -1.360000e+01 6.054958e+00
      vertex   4.316194e+01 -4.900000e+00 5.632233e+00
    endloop
  endfacet
  facet normal 9.438833e-01 0.000000e+00 -3.302791e-01
    outer loop
      vertex   4.330986e+01 -4.900000e+00 6.054958e+00
      vertex   4.316194e+01 -4.900000e+00 5.632233e+00
      vertex   4.316194e+01 3.800000e+00 5.632233e+00
    endloop
  endfacet
  facet normal 8.467242e-01 0.000000e+00 -5.320321e-01
    outer loop
      vertex   4.316194e+01 3.800000e+00 5.632233e+00
      vertex   4.316194e+01 -4.900000e+00 5.632233e+00
      vertex   4.292366e+01 3.800000e+00 5.253020e+00
    endloop
  endfacet
  facet normal 8.467242e-01 0.000000e+00 -5.320321e-01
    outer loop
      vertex   4.316194e+01 3.800000e+00 5.632233e+00
      vertex   4.292366e+01 3.800000e+00 5.253020e+00
      vertex   4.292366e+01 1.250000e+01 5.253020e+00
    endloop
  endfacet
  facet normal 7.071068e-01 0.000000e+00 -7.071068e-01
    outer loop
      vertex   4.292366e+01 1.250000e+01 5.253020e+00
      vertex   4.292366e+01 3.800000e+00 5.253020e+00
      vertex   4.260698e+01 1.250000e+01 4.936337e+00
    endloop
  endfacet
  facet normal 7.071068e-01 0.000000e+00 -7.071068e-01
    outer loop
      vertex   4.292366e+01 1.250000e+01 5.253020e+00
      vertex   4.260698e+01 1.250000e+01 4.936337e+00
      vertex   4.260698e+01 2.120000e+01 4.936337e+00
    endloop
  endfacet
  facet normal 5.320321e-01 0.000000e+00 -8.467242e-01
    outer loop
      vertex   4.260698e+01 2.120000e+01 4.936337e+00
      vertex   4.260698e+01 1.250000e+01 4.936337e+00
      vertex   4.222777e+01 2.120000e+01 4.698062e+00
    endloop
  endfacet
  facet normal 5.320321e-01 0.000000e+00 -8.467242e-01
    outer loop
      vertex   4.260698e+01 2.120000e+01 4.936337e+00
      vertex   4.222777e+01 2.120000e+01 4.698062e+00
      vertex   4.222777e+01 2.990000e+01 4.698062e+00
    endloop
  endfacet
  facet normal 3.302791e-01 0.000000e+00 -9.438833e-01
    outer loop
      vertex   4.222777e+01 2.990000e+01 4.698062e+00
      vertex   4.222777e+01 2.120000e+01 4.698062e+00
      vertex   4.180504e+01 2.990000e+01 4.550144e+00
    endloop
  endfacet
  facet normal 3.302791e-01 -9.616666e-17 -9.438833e-01
    outer loop
      vertex   4.222777e+01 2.990000e+01 4.698062e+00
      vertex   4.180504e+01 2.990000e+01 4.550144e+00
      vertex   4.180504e+01 3.860000e+01 4.550144e+00
    endloop
  endfacet
  facet normal 3.302791e-01 -9.616666e-17 -9.438833e-01
    outer loop
      vertex   4.180504e+01 3.860000e+01 4.550144e+00
      vertex   4.222777e+01 3.860000e+01 4.698062e+00
      vertex   4.222777e+01 2.990000e+01 4.698062e+00
    endloop
  endfacet
  facet normal 5.320321e-01 -8.644163e-17 -8.467242e-01
    outer loop
      vertex   4.222777e+01 2.990000e+01 4.698062e+00
      vertex   4.222777e+01 3.860000e+01 4.698062e+00
      vertex   4.260698e+01 2.990000e+01 4.936337e+00
    endloop
  endfacet
  facet normal 5.320321e-01 0.000000e+00 -8.467242e-01
    outer loop
      vertex   4.222777e+01 2.990000e+01 4.698062e+00
      vertex   4.260698e+01 2.990000e+01 4.936337e+00
      vertex   4.260698e+01 2.120000e+01 4.936337e+00
    endloop
  endfacet
  facet normal 7.071068e-01 0.000000e+00 -7.071068e-01
    outer loop
      vertex   4.260698e+01 2.120000e+01 4.936337e+00
      vertex   4.260698e+01 2.990000e+01 4.936337e+00
      vertex   4.292366e+01 2.120000e+01 5.253020e+00
    endloop
  endfacet
  facet normal 7.071068e-01 0.000000e+00 -7.071068e-01
    outer loop
      vertex   4.260698e+01 2.120000e+01 4.936337e+00
      vertex   4.292366e+01 2.120000e+01 5.253020e+00
      vertex   4.292366e+01 1.250000e+01 5.253020e+00
    endloop
  endfacet
  facet normal 8.467242e-01 0.000000e+00 -5.320321e-01
    outer loop
      vertex   4.292366e+01 1.250000e+01 5.253020e+00
      vertex   4.292366e+01 2.120000e+01 5.253020e+00
      vertex   4.316194e+01 1.250000e+01 5.632233e+00
    endloop
  endfacet
  facet normal 8.467242e-01 0.000000e+00 -5.320321e-01
    outer loop
      vertex   4.292366e+01 1.250000e+01 5.253020e+00
      vertex   4.316194e+01 1.250000e+01 5.632233e+00
      vertex   4.316194e+01 3.800000e+00 5.632233e+00
    endloop
  endfacet
  facet normal 9.438833e-01 0.000000e+00 -3.302791e-01
    outer loop
      vertex   4.316194e+01 3.800000e+00 5.632233e+00
      vertex   4.316194e+01 1.250000e+01 5.632233e+00
      vertex   4.330986e+01 3.800000e+00 6.054958e+00
    endloop
  endfacet
  facet normal 9.438833e-01 0.000000e+00 -3.302791e-01
    outer loop
      vertex   4.316194e+01 3.800000e+00 5.632233e+00
      vertex   4.330986e+01 3.800000e+00 6.054958e+00
      vertex   4.330986e+01 -4.900000e+00 6.054958e+00
    endloop
  endfacet
  facet normal 9.937122e-01 0.000000e+00 -1.119645e-01
    outer loop
      vertex   4.330986e+01 -4.900000e+00 6.054958e+00
      vertex   4.330986e+01 3.800000e+00 6.054958e+00
      vertex   4.336000e+01 -3.100000e+01 6.500000e+00
    endloop
  endfacet
  facet normal 5.320321e-01 -8.548147e-17 -8.467242e-01
    outer loop
      vertex   4.222777e+01 3.860000e+01 4.698062e+00
      vertex   4.260698e+01 3.860000e+01 4.936337e+00
      vertex   4.260698e+01 2.990000e+01 4.936337e+00
    endloop
  endfacet
  facet normal 7.071068e-01 -7.218816e-17 -7.071068e-01
    outer loop
      vertex   4.260698e+01 2.990000e+01 4.936337e+00
      vertex   4.260698e+01 3.860000e+01 4.936337e+00
      vertex   4.292366e+01 2.990000e+01 5.253020e+00
    endloop
  endfacet
  facet normal 7.071068e-01 0.000000e+00 -7.071068e-01
    outer loop
      vertex   4.260698e+01 2.990000e+01 4.936337e+00
      vertex   4.292366e+01 2.990000e+01 5.253020e+00
      vertex   4.292366e+01 2.120000e+01 5.253020e+00
    endloop
  endfacet
  facet normal 8.467242e-01 0.000000e+00 -5.320321e-01
    outer loop
      vertex   4.292366e+01 2.120000e+01 5.253020e+00
      vertex   4.292366e+01 2.990000e+01 5.253020e+00
      vertex   4.316194e+01 2.120000e+01 5.632233e+00
    endloop
  endfacet
  facet normal 8.467242e-01 0.000000e+00 -5.320321e-01
    outer loop
      vertex   4.292366e+01 2.120000e+01 5.253020e+00
      vertex   4.316194e+01 2.120000e+01 5.632233e+00
      vertex   4.316194e+01 1.250000e+01 5.632233e+00
    endloop
  endfacet
  facet normal 9.438833e-01 0.000000e+00 -3.302791e-01
    outer loop
      vertex   4.316194e+01 1.250000e+01 5.632233e+00
      vertex   4.316194e+01 2.120000e+01 5.632233e+00
      vertex   4.330986e+01 1.250000e+01 6.054958e+00
    endloop
  endfacet
  facet normal 9.438833e-01 0.000000e+00 -3.302791e-01
    outer loop
      vertex   4.316194e+01 1.250000e+01 5.632233e+00
      vertex   4.330986e+01 1.250000e+01 6.054958e+00
      vertex   4.330986e+01 3.800000e+00 6.054958e+00
    endloop
  endfacet
  facet normal 9.937122e-01 0.000000e+00 -1.119645e-01
    outer loop
      vertex   4.330986e+01 3.800000e+00 6.054958e+00
      vertex   4.330986e+01 1.250000e+01 6.054958e+00
      vertex   4.336000e+01 3.860000e+01 6.500000e+00
    endloop
  endfacet
  facet normal 9.937122e-01 0.000000e+00 -1.119645e-01
    outer loop
      vertex   4.330986e+01 3.800000e+00 6.054958e+00
      vertex   4.336000e+01 3.860000e+01 6.500000e+00
      vertex   4.336000e+01 -3.100000e+01 6.500000e+00
    endloop
  endfacet
  facet normal 7.071068e-01 0.000000e+00 -7.071068e-01
    outer loop
      vertex   4.260698e+01 3.860000e+01 4.936337e+00
      vertex   4.292366e+01 3.860000e+01 5.253020e+00
      vertex   4.292366e+01 2.990000e+01 5.253020e+00
    endloop
  endfacet
  facet normal 8.467242e-01 0.000000e+00 -5.320321e-01
    outer loop
      vertex   4.292366e+01 2.990000e+01 5.253020e+00
      vertex   4.292366e+01 3.860000e+01 5.253020e+00
      vertex   4.316194e+01 2.990000e+01 5.632233e+00
    endloop
  endfacet
  facet normal 8.467242e-01 0.000000e+00 -5.320321e-01
    outer loop
      vertex   4.292366e+01 2.990000e+01 5.253020e+00
      vertex   4.316194e+01 2.990000e+01 5.632233e+00
      vertex   4.316194e+01 2.120000e+01 5.632233e+00
    endloop
  endfacet
  facet normal 9.438833e-01 0.000000e+00 -3.302791e-01
    outer loop
      vertex   4.316194e+01 2.120000e+01 5.632233e+00
      vertex   4.316194e+01 2.990000e+01 5.632233e+00
      vertex   4.330986e+01 2.120000e+01 6.054958e+00
    endloop
  endfacet
  facet normal 9.438833e-01 0.000000e+00 -3.302791e-01
    outer loop
      vertex   4.316194e+01 2.120000e+01 5.632233e+00
      vertex   4.330986e+01 2.120000e+01 6.054958e+00
      vertex   4.330986e+01 1.250000e+01 6.054958e+00
    endloop
  endfacet
  facet normal 9.937122e-01 0.000000e+00 -1.119645e-01
    outer loop
      vertex   4.330986e+01 1.250000e+01 6.054958e+00
      vertex   4.330986e+01 2.120000e+01 6.054958e+00
      vertex   4.336000e+01 3.860000e+01 6.500000e+00
    endloop
  endfacet
  facet normal 8.467242e-01 -5.342592e-17 -5.320321e-01
    outer loop
      vertex   4.292366e+01 3.860000e+01 5.253020e+00
      vertex   4.316194e+01 3.860000e+01 5.632233e+00
      vertex   4.316194e+01 2.990000e+01 5.632233e+00
    endloop
  endfacet
  facet normal 9.438833e-01 -3.371802e-17 -3.302791e-01
    outer loop
      vertex   4.316194e+01 2.990000e+01 5.632233e+00
      vertex   4.316194e+01 3.860000e+01 5.632233e+00
      vertex   4.330986e+01 2.990000e+01 6.054958e+00
    endloop
  endfacet
  facet normal 9.438833e-01 0.000000e+00 -3.302791e-01
    outer loop
      vertex   4.316194e+01 2.990000e+01 5.632233e+00
      vertex   4.330986e+01 2.990000e+01 6.054958e+00
      vertex   4.330986e+01 2.120000e+01 6.054958e+00
    endloop
  endfacet
  facet normal 9.937122e-01 0.000000e+00 -1.119645e-01
    outer loop
      vertex   4.330986e+01 2.120000e+01 6.054958e+00
      vertex   4.330986e+01 2.990000e+01 6.054958e+00
      vertex   4.336000e+01 3.860000e+01 6.500000e+00
    endloop
  endfacet
  facet normal 9.438833e-01 0.000000e+00 -3.302791e-01
    outer loop
      vertex   4.316194e+01 3.860000e+01 5.632233e+00
      vertex   4.330986e+01 3.860000e+01 6.054958e+00
      vertex   4.330986e+01 2.990000e+01 6.054958e+00
    endloop
  endfacet
  facet normal 9.937122e-01 0.000000e+00 -1.119645e-01
    outer loop
      vertex   4.330986e+01 2.990000e+01 6.054958e+00
      vertex   4.330986e+01 3.860000e+01 6.054958e+00
      vertex   4.336000e+01 3.860000e+01 6.500000e+00
    endloop
  endfacet
  facet normal 9.438833e-01 3.561728e-17 -3.302791e-01
    outer loop
      vertex   4.330986e+01 -3.100000e+01 6.054958e+00
      vertex   4.316194e+01 -3.100000e+01 5.632233e+00
      vertex   4.316194e+01 -2.230000e+01 5.632233e+00
    endloop
  endfacet
  facet normal 8.467242e-01 5.431487e-17 -5.320321e-01
    outer loop
      vertex   4.316194e+01 -2.230000e+01 5.632233e+00
      vertex   4.316194e+01 -3.100000e+01 5.632233e+00
      vertex   4.292366e+01 -2.230000e+01 5.253020e+00
    endloop
  endfacet
  facet normal 8.467242e-01 0.000000e+00 -5.320321e-01
    outer loop
      vertex   4.316194e+01 -2.230000e+01 5.632233e+00
      vertex   4.292366e+01 -2.230000e+01 5.253020e+00
      vertex   4.292366e+01 -1.360000e+01 5.253020e+00
    endloop
  endfacet
  facet normal 7.071068e-01 0.000000e+00 -7.071068e-01
    outer loop
      vertex   4.292366e+01 -1.360000e+01 5.253020e+00
      vertex   4.292366e+01 -2.230000e+01 5.253020e+00
      vertex   4.260698e+01 -1.360000e+01 4.936337e+00
    endloop
  endfacet
  facet normal 7.071068e-01 0.000000e+00 -7.071068e-01
    outer loop
      vertex   4.292366e+01 -1.360000e+01 5.253020e+00
      vertex   4.260698e+01 -1.360000e+01 4.936337e+00
      vertex   4.260698e+01 -4.900000e+00 4.936337e+00
    endloop
  endfacet
  facet normal 5.320321e-01 0.000000e+00 -8.467242e-01
    outer loop
      vertex   4.260698e+01 -4.900000e+00 4.936337e+00
      vertex   4.260698e+01 -1.360000e+01 4.936337e+00
      vertex   4.222777e+01 -4.900000e+00 4.698062e+00
    endloop
  endfacet
  facet normal 5.320321e-01 0.000000e+00 -8.467242e-01
    outer loop
      vertex   4.260698e+01 -4.900000e+00 4.936337e+00
      vertex   4.222777e+01 -4.900000e+00 4.698062e+00
      vertex   4.222777e+01 3.800000e+00 4.698062e+00
    endloop
  endfacet
  facet normal 3.302791e-01 0.000000e+00 -9.438833e-01
    outer loop
      vertex   4.222777e+01 3.800000e+00 4.698062e+00
      vertex   4.222777e+01 -4.900000e+00 4.698062e+00
      vertex   4.180504e+01 3.800000e+00 4.550144e+00
    endloop
  endfacet
  facet normal 3.302791e-01 0.000000e+00 -9.438833e-01
    outer loop
      vertex   4.222777e+01 3.800000e+00 4.698062e+00
      vertex   4.180504e+01 3.800000e+00 4.550144e+00
      vertex   4.180504e+01 1.250000e+01 4.550144e+00
    endloop
  endfacet
  facet normal 1.119645e-01 0.000000e+00 -9.937122e-01
    outer loop
      vertex   4.180504e+01 1.250000e+01 4.550144e+00
      vertex   4.180504e+01 3.800000e+00 4.550144e+00
      vertex   4.136000e+01 3.860000e+01 4.500000e+00
    endloop
  endfacet
  facet normal 8.467242e-01 0.000000e+00 -5.320321e-01
    outer loop
      vertex   4.316194e+01 -3.100000e+01 5.632233e+00
      vertex   4.292366e+01 -3.100000e+01 5.253020e+00
      vertex   4.292366e+01 -2.230000e+01 5.253020e+00
    endloop
  endfacet
  facet normal 7.071068e-01 0.000000e+00 -7.071068e-01
    outer loop
      vertex   4.292366e+01 -2.230000e+01 5.253020e+00
      vertex   4.292366e+01 -3.100000e+01 5.253020e+00
      vertex   4.260698e+01 -2.230000e+01 4.936337e+00
    endloop
  endfacet
  facet normal 7.071068e-01 0.000000e+00 -7.071068e-01
    outer loop
      vertex   4.292366e+01 -2.230000e+01 5.253020e+00
      vertex   4.260698e+01 -2.230000e+01 4.936337e+00
      vertex   4.260698e+01 -1.360000e+01 4.936337e+00
    endloop
  endfacet
  facet normal 5.320321e-01 0.000000e+00 -8.467242e-01
    outer loop
      vertex   4.260698e+01 -1.360000e+01 4.936337e+00
      vertex   4.260698e+01 -2.230000e+01 4.936337e+00
      vertex   4.222777e+01 -1.360000e+01 4.698062e+00
    endloop
  endfacet
  facet normal 5.320321e-01 0.000000e+00 -8.467242e-01
    outer loop
      vertex   4.260698e+01 -1.360000e+01 4.936337e+00
      vertex   4.222777e+01 -1.360000e+01 4.698062e+00
      vertex   4.222777e+01 -4.900000e+00 4.698062e+00
    endloop
  endfacet
  facet normal 3.302791e-01 0.000000e+00 -9.438833e-01
    outer loop
      vertex   4.222777e+01 -4.900000e+00 4.698062e+00
      vertex   4.222777e+01 -1.360000e+01 4.698062e+00
      vertex   4.180504e+01 -4.900000e+00 4.550144e+00
    endloop
  endfacet
  facet normal 3.302791e-01 0.000000e+00 -9.438833e-01
    outer loop
      vertex   4.222777e+01 -4.900000e+00 4.698062e+00
      vertex   4.180504e+01 -4.900000e+00 4.550144e+00
      vertex   4.180504e+01 3.800000e+00 4.550144e+00
    endloop
  endfacet
  facet normal 1.119645e-01 0.000000e+00 -9.937122e-01
    outer loop
      vertex   4.180504e+01 3.800000e+00 4.550144e+00
      vertex   4.180504e+01 -4.900000e+00 4.550144e+00
      vertex   4.136000e+01 -3.100000e+01 4.500000e+00
    endloop
  endfacet
  facet normal 1.119645e-01 0.000000e+00 -9.937122e-01
    outer loop
      vertex   4.180504e+01 3.800000e+00 4.550144e+00
      vertex   4.136000e+01 -3.100000e+01 4.500000e+00
      vertex   4.136000e+01 3.860000e+01 4.500000e+00
    endloop
  endfacet
  facet normal 7.071068e-01 7.123456e-17 -7.071068e-01
    outer loop
      vertex   4.292366e+01 -3.100000e+01 5.253020e+00
      vertex   4.260698e+01 -3.100000e+01 4.936337e+00
      vertex   4.260698e+01 -2.230000e+01 4.936337e+00
    endloop
  endfacet
  facet normal 5.320321e-01 8.644163e-17 -8.467242e-01
    outer loop
      vertex   4.260698e+01 -2.230000e+01 4.936337e+00
      vertex   4.260698e+01 -3.100000e+01 4.936337e+00
      vertex   4.222777e+01 -2.230000e+01 4.698062e+00
    endloop
  endfacet
  facet normal 5.320321e-01 0.000000e+00 -8.467242e-01
    outer loop
      vertex   4.260698e+01 -2.230000e+01 4.936337e+00
      vertex   4.222777e+01 -2.230000e+01 4.698062e+00
      vertex   4.222777e+01 -1.360000e+01 4.698062e+00
    endloop
  endfacet
  facet normal 3.302791e-01 0.000000e+00 -9.438833e-01
    outer loop
      vertex   4.222777e+01 -1.360000e+01 4.698062e+00
      vertex   4.222777e+01 -2.230000e+01 4.698062e+00
      vertex   4.180504e+01 -1.360000e+01 4.550144e+00
    endloop
  endfacet
  facet normal 3.302791e-01 0.000000e+00 -9.438833e-01
    outer loop
      vertex   4.222777e+01 -1.360000e+01 4.698062e+00
      vertex   4.180504e+01 -1.360000e+01 4.550144e+00
      vertex   4.180504e+01 -4.900000e+00 4.550144e+00
    endloop
  endfacet
  facet normal 1.119645e-01 0.000000e+00 -9.937122e-01
    outer loop
      vertex   4.180504e+01 -4.900000e+00 4.550144e+00
      vertex   4.180504e+01 -1.360000e+01 4.550144e+00
      vertex   4.136000e+01 -3.100000e+01 4.500000e+00
    endloop
  endfacet
  facet normal 5.320321e-01 8.548147e-17 -8.467242e-01
    outer loop
      vertex   4.260698e+01 -3.100000e+01 4.936337e+00
      vertex   4.222777e+01 -3.100000e+01 4.698062e+00
      vertex   4.222777e+01 -2.230000e+01 4.698062e+00
    endloop
  endfacet
  facet normal 3.302791e-01 9.636055e-17 -9.438833e-01
    outer loop
      vertex   4.222777e+01 -2.230000e+01 4.698062e+00
      vertex   4.222777e+01 -3.100000e+01 4.698062e+00
      vertex   4.180504e+01 -2.230000e+01 4.550144e+00
    endloop
  endfacet
  facet normal 3.302791e-01 0.000000e+00 -9.438833e-01
    outer loop
      vertex   4.222777e+01 -2.230000e+01 4.698062e+00
      vertex   4.180504e+01 -2.230000e+01 4.550144e+00
      vertex   4.180504e+01 -1.360000e+01 4.550144e+00
    endloop
  endfacet
  facet normal 1.119645e-01 0.000000e+00 -9.937122e-01
    outer loop
      vertex   4.180504e+01 -1.360000e+01 4.550144e+00
      vertex   4.180504e+01 -2.230000e+01 4.550144e+00
      vertex   4.136000e+01 -3.100000e+01 4.500000e+00
    endloop
  endfacet
  facet normal 3.302791e-01 9.616666e-17 -9.438833e-01
    outer loop
      vertex   4.222777e+01 -3.100000e+01 4.698062e+00
      vertex   4.180504e+01 -3.100000e+01 4.550144e+00
      vertex   4.180504e+01 -2.230000e+01 4.550144e+00
    endloop
  endfacet
  facet normal 1.119645e-01 1.014476e-16 -9.937122e-01
    outer loop
      vertex   4.180504e+01 -2.230000e+01 4.550144e+00
      vertex   4.180504e+01 -3.100000e+01 4.550144e+00
      vertex   4.136000e+01 -3.100000e+01 4.500000e+00
    endloop
  endfacet
  facet normal 3.302791e-01 0.000000e+00 -9.438833e-01
    outer loop
      vertex   4.222777e+01 1.250000e+01 4.698062e+00
      vertex   4.180504e+01 2.120000e+01 4.550144e+00
      vertex   4.222777e+01 2.120000e+01 4.698062e+00
    endloop
  endfacet
  facet normal 3.302791e-01 0.000000e+00 -9.438833e-01
    outer loop
      vertex   4.222777e+01 2.120000e+01 4.698062e+00
      vertex   4.180504e+01 2.120000e+01 4.550144e+00
      vertex   4.180504e+01 2.990000e+01 4.550144e+00
    endloop
  endfacet
  facet normal 5.320321e-01 0.000000e+00 -8.467242e-01
    outer loop
      vertex   4.260698e+01 3.800000e+00 4.936337e+00
      vertex   4.222777e+01 1.250000e+01 4.698062e+00
      vertex   4.260698e+01 1.250000e+01 4.936337e+00
    endloop
  endfacet
  facet normal 5.320321e-01 0.000000e+00 -8.467242e-01
    outer loop
      vertex   4.260698e+01 1.250000e+01 4.936337e+00
      vertex   4.222777e+01 1.250000e+01 4.698062e+00
      vertex   4.222777e+01 2.120000e+01 4.698062e+00
    endloop
  endfacet
  facet normal 7.071068e-01 0.000000e+00 -7.071068e-01
    outer loop
      vertex   4.292366e+01 -4.900000e+00 5.253020e+00
      vertex   4.260698e+01 3.800000e+00 4.936337e+00
      vertex   4.292366e+01 3.800000e+00 5.253020e+00
    endloop
  endfacet
  facet normal 7.071068e-01 0.000000e+00 -7.071068e-01
    outer loop
      vertex   4.292366e+01 3.800000e+00 5.253020e+00
      vertex   4.260698e+01 3.800000e+00 4.936337e+00
      vertex   4.260698e+01 1.250000e+01 4.936337e+00
    endloop
  endfacet
  facet normal 8.467242e-01 0.000000e+00 -5.320321e-01
    outer loop
      vertex   4.316194e+01 -1.360000e+01 5.632233e+00
      vertex   4.292366e+01 -4.900000e+00 5.253020e+00
      vertex   4.316194e+01 -4.900000e+00 5.632233e+00
    endloop
  endfacet
  facet normal 8.467242e-01 0.000000e+00 -5.320321e-01
    outer loop
      vertex   4.316194e+01 -4.900000e+00 5.632233e+00
      vertex   4.292366e+01 -4.900000e+00 5.253020e+00
      vertex   4.292366e+01 3.800000e+00 5.253020e+00
    endloop
  endfacet
  facet normal 9.438833e-01 0.000000e+00 -3.302791e-01
    outer loop
      vertex   4.330986e+01 -2.230000e+01 6.054958e+00
      vertex   4.316194e+01 -1.360000e+01 5.632233e+00
      vertex   4.330986e+01 -1.360000e+01 6.054958e+00
    endloop
  endfacet
  facet normal 9.438833e-01 0.000000e+00 -3.302791e-01
    outer loop
      vertex   4.330986e+01 -1.360000e+01 6.054958e+00
      vertex   4.316194e+01 -1.360000e+01 5.632233e+00
      vertex   4.316194e+01 -4.900000e+00 5.632233e+00
    endloop
  endfacet
  facet normal 1.426663e-02 1.083658e-01 -9.940087e-01
    outer loop
      vertex   4.024823e+01 4.004889e+01 4.500000e+00
      vertex   3.986000e+01 4.010000e+01 4.500000e+00
      vertex   4.019775e+01 4.051549e+01 4.550144e+00
    endloop
  endfacet
  facet normal 9.795152e-03 1.119591e-01 -9.936645e-01
    outer loop
      vertex   4.019775e+01 4.051549e+01 4.550144e+00
      vertex   3.986000e+01 4.010000e+01 4.500000e+00
      vertex   3.986000e+01 4.054504e+01 4.550144e+00
    endloop
  endfacet
  facet normal 2.888362e-02 3.301413e-01 -9.434895e-01
    outer loop
      vertex   4.019775e+01 4.051549e+01 4.550144e+00
      vertex   3.986000e+01 4.054504e+01 4.550144e+00
      vertex   3.986000e+01 4.096777e+01 4.698062e+00
    endloop
  endfacet
  facet normal 2.888362e-02 3.301413e-01 -9.434895e-01
    outer loop
      vertex   4.019775e+01 4.051549e+01 4.550144e+00
      vertex   3.986000e+01 4.096777e+01 4.698062e+00
      vertex   4.027116e+01 4.093180e+01 4.698062e+00
    endloop
  endfacet
  facet normal 4.649643e-02 5.314567e-01 -8.458084e-01
    outer loop
      vertex   4.027116e+01 4.093180e+01 4.698062e+00
      vertex   3.986000e+01 4.096777e+01 4.698062e+00
      vertex   3.986000e+01 4.134698e+01 4.936337e+00
    endloop
  endfacet
  facet normal 4.649643e-02 5.314567e-01 -8.458084e-01
    outer loop
      vertex   4.027116e+01 4.093180e+01 4.698062e+00
      vertex   3.986000e+01 4.134698e+01 4.936337e+00
      vertex   4.033701e+01 4.130525e+01 4.936337e+00
    endloop
  endfacet
  facet normal 6.174579e-02 7.057576e-01 -7.057576e-01
    outer loop
      vertex   4.033701e+01 4.130525e+01 4.936337e+00
      vertex   3.986000e+01 4.134698e+01 4.936337e+00
      vertex   3.986000e+01 4.166366e+01 5.253020e+00
    endloop
  endfacet
  facet normal 6.174579e-02 7.057576e-01 -7.057576e-01
    outer loop
      vertex   4.033701e+01 4.130525e+01 4.936337e+00
      vertex   3.986000e+01 4.166366e+01 5.253020e+00
      vertex   4.039200e+01 4.161712e+01 5.253020e+00
    endloop
  endfacet
  facet normal 7.387634e-02 8.444104e-01 -5.305783e-01
    outer loop
      vertex   4.039200e+01 4.161712e+01 5.253020e+00
      vertex   3.986000e+01 4.166366e+01 5.253020e+00
      vertex   3.986000e+01 4.190194e+01 5.632233e+00
    endloop
  endfacet
  facet normal 7.387634e-02 8.444104e-01 -5.305783e-01
    outer loop
      vertex   4.039200e+01 4.161712e+01 5.253020e+00
      vertex   3.986000e+01 4.190194e+01 5.632233e+00
      vertex   4.043338e+01 4.185177e+01 5.632233e+00
    endloop
  endfacet
  facet normal 8.229896e-02 9.406814e-01 -3.291587e-01
    outer loop
      vertex   4.043338e+01 4.185177e+01 5.632233e+00
      vertex   3.986000e+01 4.190194e+01 5.632233e+00
      vertex   3.986000e+01 4.204986e+01 6.054958e+00
    endloop
  endfacet
  facet normal 8.229896e-02 9.406814e-01 -3.291587e-01
    outer loop
      vertex   4.043338e+01 4.185177e+01 5.632233e+00
      vertex   3.986000e+01 4.204986e+01 6.054958e+00
      vertex   4.045906e+01 4.199744e+01 6.054958e+00
    endloop
  endfacet
  facet normal 8.661185e-02 9.899780e-01 -1.115437e-01
    outer loop
      vertex   4.045906e+01 4.199744e+01 6.054958e+00
      vertex   3.986000e+01 4.204986e+01 6.054958e+00
      vertex   3.986000e+01 4.210000e+01 6.500000e+00
    endloop
  endfacet
  facet normal 8.661185e-02 9.899780e-01 -1.115437e-01
    outer loop
      vertex   4.045906e+01 4.199744e+01 6.054958e+00
      vertex   3.986000e+01 4.210000e+01 6.500000e+00
      vertex   4.046777e+01 4.204683e+01 6.500000e+00
    endloop
  endfacet
  facet normal 2.572039e-01 9.598980e-01 -1.115437e-01
    outer loop
      vertex   4.045906e+01 4.199744e+01 6.054958e+00
      vertex   4.046777e+01 4.204683e+01 6.500000e+00
      vertex   4.103992e+01 4.184180e+01 6.054958e+00
    endloop
  endfacet
  facet normal 2.572039e-01 9.598980e-01 -1.115437e-01
    outer loop
      vertex   4.103992e+01 4.184180e+01 6.054958e+00
      vertex   4.046777e+01 4.204683e+01 6.500000e+00
      vertex   4.105707e+01 4.188892e+01 6.500000e+00
    endloop
  endfacet
  facet normal 4.199809e-01 9.006520e-01 -1.115437e-01
    outer loop
      vertex   4.103992e+01 4.184180e+01 6.054958e+00
      vertex   4.105707e+01 4.188892e+01 6.500000e+00
      vertex   4.158493e+01 4.158766e+01 6.054958e+00
    endloop
  endfacet
  facet normal 4.199809e-01 9.006520e-01 -1.115437e-01
    outer loop
      vertex   4.158493e+01 4.158766e+01 6.054958e+00
      vertex   4.105707e+01 4.188892e+01 6.500000e+00
      vertex   4.161000e+01 4.163109e+01 6.500000e+00
    endloop
  endfacet
  facet normal 5.699970e-01 8.140401e-01 -1.115437e-01
    outer loop
      vertex   4.158493e+01 4.158766e+01 6.054958e+00
      vertex   4.161000e+01 4.163109e+01 6.500000e+00
      vertex   4.207752e+01 4.124274e+01 6.054958e+00
    endloop
  endfacet
  facet normal 5.699970e-01 8.140401e-01 -1.115437e-01
    outer loop
      vertex   4.207752e+01 4.124274e+01 6.054958e+00
      vertex   4.161000e+01 4.163109e+01 6.500000e+00
      vertex   4.210976e+01 4.128116e+01 6.500000e+00
    endloop
  endfacet
  facet normal 7.026941e-01 7.026941e-01 -1.115437e-01
    outer loop
      vertex   4.207752e+01 4.124274e+01 6.054958e+00
      vertex   4.210976e+01 4.128116e+01 6.500000e+00
      vertex   4.250274e+01 4.081752e+01 6.054958e+00
    endloop
  endfacet
  facet normal 7.026941e-01 7.026941e-01 -1.115437e-01
    outer loop
      vertex   4.250274e+01 4.081752e+01 6.054958e+00
      vertex   4.210976e+01 4.128116e+01 6.500000e+00
      vertex   4.254116e+01 4.084976e+01 6.500000e+00
    endloop
  endfacet
  facet normal 8.140401e-01 5.699970e-01 -1.115437e-01
    outer loop
      vertex   4.250274e+01 4.081752e+01 6.054958e+00
      vertex   4.254116e+01 4.084976e+01 6.500000e+00
      vertex   4.284766e+01 4.032493e+01 6.054958e+00
    endloop
  endfacet
  facet normal 8.140401e-01 5.699970e-01 -1.115437e-01
    outer loop
      vertex   4.284766e+01 4.032493e+01 6.054958e+00
      vertex   4.254116e+01 4.084976e+01 6.500000e+00
      vertex   4.289109e+01 4.035000e+01 6.500000e+00
    endloop
  endfacet
  facet normal 9.006520e-01 4.199809e-01 -1.115437e-01
    outer loop
      vertex   4.284766e+01 4.032493e+01 6.054958e+00
      vertex   4.289109e+01 4.035000e+01 6.500000e+00
      vertex   4.310180e+01 3.977992e+01 6.054958e+00
    endloop
  endfacet
  facet normal 9.006520e-01 4.199809e-01 -1.115437e-01
    outer loop
      vertex   4.310180e+01 3.977992e+01 6.054958e+00
      vertex   4.289109e+01 4.035000e+01 6.500000e+00
      vertex   4.314892e+01 3.979707e+01 6.500000e+00
    endloop
  endfacet
  facet normal 9.598980e-01 2.572039e-01 -1.115437e-01
    outer loop
      vertex   4.310180e+01 3.977992e+01 6.054958e+00
      vertex   4.314892e+01 3.979707e+01 6.500000e+00
      vertex   4.325744e+01 3.919906e+01 6.054958e+00
    endloop
  endfacet
  facet normal 9.598980e-01 2.572039e-01 -1.115437e-01
    outer loop
      vertex   4.325744e+01 3.919906e+01 6.054958e+00
      vertex   4.314892e+01 3.979707e+01 6.500000e+00
      vertex   4.330683e+01 3.920777e+01 6.500000e+00
    endloop
  endfacet
  facet normal 9.899780e-01 8.661185e-02 -1.115437e-01
    outer loop
      vertex   4.325744e+01 3.919906e+01 6.054958e+00
      vertex   4.330683e+01 3.920777e+01 6.500000e+00
      vertex   4.330986e+01 3.860000e+01 6.054958e+00
    endloop
  endfacet
  facet normal 9.899780e-01 8.661185e-02 -1.115437e-01
    outer loop
      vertex   4.330986e+01 3.860000e+01 6.054958e+00
      vertex   4.330683e+01 3.920777e+01 6.500000e+00
      vertex   4.336000e+01 3.860000e+01 6.500000e+00
    endloop
  endfacet
  facet normal 9.406814e-01 8.229896e-02 -3.291587e-01
    outer loop
      vertex   4.330986e+01 3.860000e+01 6.054958e+00
      vertex   4.316194e+01 3.860000e+01 5.632233e+00
      vertex   4.325744e+01 3.919906e+01 6.054958e+00
    endloop
  endfacet
  facet normal 9.406814e-01 8.229896e-02 -3.291587e-01
    outer loop
      vertex   4.325744e+01 3.919906e+01 6.054958e+00
      vertex   4.316194e+01 3.860000e+01 5.632233e+00
      vertex   4.311177e+01 3.917338e+01 5.632233e+00
    endloop
  endfacet
  facet normal 9.120993e-01 2.443963e-01 -3.291587e-01
    outer loop
      vertex   4.325744e+01 3.919906e+01 6.054958e+00
      vertex   4.311177e+01 3.917338e+01 5.632233e+00
      vertex   4.310180e+01 3.977992e+01 6.054958e+00
    endloop
  endfacet
  facet normal 9.120993e-01 2.443963e-01 -3.291587e-01
    outer loop
      vertex   4.310180e+01 3.977992e+01 6.054958e+00
      vertex   4.311177e+01 3.917338e+01 5.632233e+00
      vertex   4.296281e+01 3.972933e+01 5.632233e+00
    endloop
  endfacet
  facet normal 8.558035e-01 3.990677e-01 -3.291587e-01
    outer loop
      vertex   4.310180e+01 3.977992e+01 6.054958e+00
      vertex   4.296281e+01 3.972933e+01 5.632233e+00
      vertex   4.284766e+01 4.032493e+01 6.054958e+00
    endloop
  endfacet
  facet normal 8.558035e-01 3.990677e-01 -3.291587e-01
    outer loop
      vertex   4.284766e+01 4.032493e+01 6.054958e+00
      vertex   4.296281e+01 3.972933e+01 5.632233e+00
      vertex   4.271956e+01 4.025097e+01 5.632233e+00
    endloop
  endfacet
  facet normal 7.735045e-01 5.416137e-01 -3.291587e-01
    outer loop
      vertex   4.284766e+01 4.032493e+01 6.054958e+00
      vertex   4.271956e+01 4.025097e+01 5.632233e+00
      vertex   4.250274e+01 4.081752e+01 6.054958e+00
    endloop
  endfacet
  facet normal 7.735045e-01 5.416137e-01 -3.291587e-01
    outer loop
      vertex   4.250274e+01 4.081752e+01 6.054958e+00
      vertex   4.271956e+01 4.025097e+01 5.632233e+00
      vertex   4.238943e+01 4.072244e+01 5.632233e+00
    endloop
  endfacet
  facet normal 6.677030e-01 6.677030e-01 -3.291587e-01
    outer loop
      vertex   4.250274e+01 4.081752e+01 6.054958e+00
      vertex   4.238943e+01 4.072244e+01 5.632233e+00
      vertex   4.207752e+01 4.124274e+01 6.054958e+00
    endloop
  endfacet
  facet normal 6.677030e-01 6.677030e-01 -3.291587e-01
    outer loop
      vertex   4.207752e+01 4.124274e+01 6.054958e+00
      vertex   4.238943e+01 4.072244e+01 5.632233e+00
      vertex   4.198244e+01 4.112943e+01 5.632233e+00
    endloop
  endfacet
  facet normal 5.416137e-01 7.735045e-01 -3.291587e-01
    outer loop
      vertex   4.207752e+01 4.124274e+01 6.054958e+00
      vertex   4.198244e+01 4.112943e+01 5.632233e+00
      vertex   4.158493e+01 4.158766e+01 6.054958e+00
    endloop
  endfacet
  facet normal 5.416137e-01 7.735045e-01 -3.291587e-01
    outer loop
      vertex   4.158493e+01 4.158766e+01 6.054958e+00
      vertex   4.198244e+01 4.112943e+01 5.632233e+00
      vertex   4.151097e+01 4.145956e+01 5.632233e+00
    endloop
  endfacet
  facet normal 3.990677e-01 8.558035e-01 -3.291587e-01
    outer loop
      vertex   4.158493e+01 4.158766e+01 6.054958e+00
      vertex   4.151097e+01 4.145956e+01 5.632233e+00
      vertex   4.103992e+01 4.184180e+01 6.054958e+00
    endloop
  endfacet
  facet normal 3.990677e-01 8.558035e-01 -3.291587e-01
    outer loop
      vertex   4.103992e+01 4.184180e+01 6.054958e+00
      vertex   4.151097e+01 4.145956e+01 5.632233e+00
      vertex   4.098933e+01 4.170281e+01 5.632233e+00
    endloop
  endfacet
  facet normal 2.443963e-01 9.120993e-01 -3.291587e-01
    outer loop
      vertex   4.103992e+01 4.184180e+01 6.054958e+00
      vertex   4.098933e+01 4.170281e+01 5.632233e+00
      vertex   4.045906e+01 4.199744e+01 6.054958e+00
    endloop
  endfacet
  facet normal 2.443963e-01 9.120993e-01 -3.291587e-01
    outer loop
      vertex   4.045906e+01 4.199744e+01 6.054958e+00
      vertex   4.098933e+01 4.170281e+01 5.632233e+00
      vertex   4.043338e+01 4.185177e+01 5.632233e+00
    endloop
  endfacet
  facet normal 8.444104e-01 7.387634e-02 -5.305783e-01
    outer loop
      vertex   4.316194e+01 3.860000e+01 5.632233e+00
      vertex   4.292366e+01 3.860000e+01 5.253020e+00
      vertex   4.311177e+01 3.917338e+01 5.632233e+00
    endloop
  endfacet
  facet normal 8.444104e-01 7.387634e-02 -5.305783e-01
    outer loop
      vertex   4.311177e+01 3.917338e+01 5.632233e+00
      vertex   4.292366e+01 3.860000e+01 5.253020e+00
      vertex   4.287712e+01 3.913200e+01 5.253020e+00
    endloop
  endfacet
  facet normal 8.187535e-01 2.193843e-01 -5.305783e-01
    outer loop
      vertex   4.311177e+01 3.917338e+01 5.632233e+00
      vertex   4.287712e+01 3.913200e+01 5.253020e+00
      vertex   4.296281e+01 3.972933e+01 5.632233e+00
    endloop
  endfacet
  facet normal 8.187535e-01 2.193843e-01 -5.305783e-01
    outer loop
      vertex   4.296281e+01 3.972933e+01 5.632233e+00
      vertex   4.287712e+01 3.913200e+01 5.253020e+00
      vertex   4.273890e+01 3.964783e+01 5.253020e+00
    endloop
  endfacet
  facet normal 7.682191e-01 3.582264e-01 -5.305783e-01
    outer loop
      vertex   4.296281e+01 3.972933e+01 5.632233e+00
      vertex   4.273890e+01 3.964783e+01 5.253020e+00
      vertex   4.271956e+01 4.025097e+01 5.632233e+00
    endloop
  endfacet
  facet normal 7.682191e-01 3.582264e-01 -5.305783e-01
    outer loop
      vertex   4.271956e+01 4.025097e+01 5.632233e+00
      vertex   4.273890e+01 3.964783e+01 5.253020e+00
      vertex   4.251321e+01 4.013183e+01 5.253020e+00
    endloop
  endfacet
  facet normal 6.943427e-01 4.861840e-01 -5.305783e-01
    outer loop
      vertex   4.271956e+01 4.025097e+01 5.632233e+00
      vertex   4.251321e+01 4.013183e+01 5.253020e+00
      vertex   4.238943e+01 4.072244e+01 5.632233e+00
    endloop
  endfacet
  facet normal 6.943427e-01 4.861840e-01 -5.305783e-01
    outer loop
      vertex   4.238943e+01 4.072244e+01 5.632233e+00
      vertex   4.251321e+01 4.013183e+01 5.253020e+00
      vertex   4.220690e+01 4.056928e+01 5.253020e+00
    endloop
  endfacet
  facet normal 5.993691e-01 5.993691e-01 -5.305783e-01
    outer loop
      vertex   4.238943e+01 4.072244e+01 5.632233e+00
      vertex   4.220690e+01 4.056928e+01 5.253020e+00
      vertex   4.198244e+01 4.112943e+01 5.632233e+00
    endloop
  endfacet
  facet normal 5.993691e-01 5.993691e-01 -5.305783e-01
    outer loop
      vertex   4.198244e+01 4.112943e+01 5.632233e+00
      vertex   4.220690e+01 4.056928e+01 5.253020e+00
      vertex   4.182928e+01 4.094690e+01 5.253020e+00
    endloop
  endfacet
  facet normal 4.861840e-01 6.943427e-01 -5.305783e-01
    outer loop
      vertex   4.198244e+01 4.112943e+01 5.632233e+00
      vertex   4.182928e+01 4.094690e+01 5.253020e+00
      vertex   4.151097e+01 4.145956e+01 5.632233e+00
    endloop
  endfacet
  facet normal 4.861840e-01 6.943427e-01 -5.305783e-01
    outer loop
      vertex   4.151097e+01 4.145956e+01 5.632233e+00
      vertex   4.182928e+01 4.094690e+01 5.253020e+00
      vertex   4.139183e+01 4.125321e+01 5.253020e+00
    endloop
  endfacet
  facet normal 3.582264e-01 7.682191e-01 -5.305783e-01
    outer loop
      vertex   4.151097e+01 4.145956e+01 5.632233e+00
      vertex   4.139183e+01 4.125321e+01 5.253020e+00
      vertex   4.098933e+01 4.170281e+01 5.632233e+00
    endloop
  endfacet
  facet normal 3.582264e-01 7.682191e-01 -5.305783e-01
    outer loop
      vertex   4.098933e+01 4.170281e+01 5.632233e+00
      vertex   4.139183e+01 4.125321e+01 5.253020e+00
      vertex   4.090783e+01 4.147890e+01 5.253020e+00
    endloop
  endfacet
  facet normal 2.193843e-01 8.187535e-01 -5.305783e-01
    outer loop
      vertex   4.098933e+01 4.170281e+01 5.632233e+00
      vertex   4.090783e+01 4.147890e+01 5.253020e+00
      vertex   4.043338e+01 4.185177e+01 5.632233e+00
    endloop
  endfacet
  facet normal 2.193843e-01 8.187535e-01 -5.305783e-01
    outer loop
      vertex   4.043338e+01 4.185177e+01 5.632233e+00
      vertex   4.090783e+01 4.147890e+01 5.253020e+00
      vertex   4.039200e+01 4.161712e+01 5.253020e+00
    endloop
  endfacet
  facet normal 7.057576e-01 6.174579e-02 -7.057576e-01
    outer loop
      vertex   4.292366e+01 3.860000e+01 5.253020e+00
      vertex   4.260698e+01 3.860000e+01 4.936337e+00
      vertex   4.287712e+01 3.913200e+01 5.253020e+00
    endloop
  endfacet
  facet normal 7.057576e-01 6.174579e-02 -7.057576e-01
    outer loop
      vertex   4.287712e+01 3.913200e+01 5.253020e+00
      vertex   4.260698e+01 3.860000e+01 4.936337e+00
      vertex   4.256525e+01 3.907701e+01 4.936337e+00
    endloop
  endfacet
  facet normal 6.843135e-01 1.833612e-01 -7.057576e-01
    outer loop
      vertex   4.287712e+01 3.913200e+01 5.253020e+00
      vertex   4.256525e+01 3.907701e+01 4.936337e+00
      vertex   4.273890e+01 3.964783e+01 5.253020e+00
    endloop
  endfacet
  facet normal 6.843135e-01 1.833612e-01 -7.057576e-01
    outer loop
      vertex   4.273890e+01 3.964783e+01 5.253020e+00
      vertex   4.256525e+01 3.907701e+01 4.936337e+00
      vertex   4.244132e+01 3.953952e+01 4.936337e+00
    endloop
  endfacet
  facet normal 6.420769e-01 2.994054e-01 -7.057576e-01
    outer loop
      vertex   4.273890e+01 3.964783e+01 5.253020e+00
      vertex   4.244132e+01 3.953952e+01 4.936337e+00
      vertex   4.251321e+01 4.013183e+01 5.253020e+00
    endloop
  endfacet
  facet normal 6.420769e-01 2.994054e-01 -7.057576e-01
    outer loop
      vertex   4.251321e+01 4.013183e+01 5.253020e+00
      vertex   4.244132e+01 3.953952e+01 4.936337e+00
      vertex   4.223895e+01 3.997349e+01 4.936337e+00
    endloop
  endfacet
  facet normal 5.803311e-01 4.063522e-01 -7.057576e-01
    outer loop
      vertex   4.251321e+01 4.013183e+01 5.253020e+00
      vertex   4.223895e+01 3.997349e+01 4.936337e+00
      vertex   4.220690e+01 4.056928e+01 5.253020e+00
    endloop
  endfacet
  facet normal 5.803311e-01 4.063522e-01 -7.057576e-01
    outer loop
      vertex   4.220690e+01 4.056928e+01 5.253020e+00
      vertex   4.223895e+01 3.997349e+01 4.936337e+00
      vertex   4.196431e+01 4.036572e+01 4.936337e+00
    endloop
  endfacet
  facet normal 5.009522e-01 5.009522e-01 -7.057576e-01
    outer loop
      vertex   4.220690e+01 4.056928e+01 5.253020e+00
      vertex   4.196431e+01 4.036572e+01 4.936337e+00
      vertex   4.182928e+01 4.094690e+01 5.253020e+00
    endloop
  endfacet
  facet normal 5.009522e-01 5.009522e-01 -7.057576e-01
    outer loop
      vertex   4.182928e+01 4.094690e+01 5.253020e+00
      vertex   4.196431e+01 4.036572e+01 4.936337e+00
      vertex   4.162572e+01 4.070431e+01 4.936337e+00
    endloop
  endfacet
  facet normal 4.063522e-01 5.803311e-01 -7.057576e-01
    outer loop
      vertex   4.182928e+01 4.094690e+01 5.253020e+00
      vertex   4.162572e+01 4.070431e+01 4.936337e+00
      vertex   4.139183e+01 4.125321e+01 5.253020e+00
    endloop
  endfacet
  facet normal 4.063522e-01 5.803311e-01 -7.057576e-01
    outer loop
      vertex   4.139183e+01 4.125321e+01 5.253020e+00
      vertex   4.162572e+01 4.070431e+01 4.936337e+00
      vertex   4.123349e+01 4.097895e+01 4.936337e+00
    endloop
  endfacet
  facet normal 2.994054e-01 6.420769e-01 -7.057576e-01
    outer loop
      vertex   4.139183e+01 4.125321e+01 5.253020e+00
      vertex   4.123349e+01 4.097895e+01 4.936337e+00
      vertex   4.090783e+01 4.147890e+01 5.253020e+00
    endloop
  endfacet
  facet normal 2.994054e-01 6.420769e-01 -7.057576e-01
    outer loop
      vertex   4.090783e+01 4.147890e+01 5.253020e+00
      vertex   4.123349e+01 4.097895e+01 4.936337e+00
      vertex   4.079952e+01 4.118132e+01 4.936337e+00
    endloop
  endfacet
  facet normal 1.833612e-01 6.843135e-01 -7.057576e-01
    outer loop
      vertex   4.090783e+01 4.147890e+01 5.253020e+00
      vertex   4.079952e+01 4.118132e+01 4.936337e+00
      vertex   4.039200e+01 4.161712e+01 5.253020e+00
    endloop
  endfacet
  facet normal 1.833612e-01 6.843135e-01 -7.057576e-01
    outer loop
      vertex   4.039200e+01 4.161712e+01 5.253020e+00
      vertex   4.079952e+01 4.118132e+01 4.936337e+00
      vertex   4.033701e+01 4.130525e+01 4.936337e+00
    endloop
  endfacet
  facet normal 5.314567e-01 4.649643e-02 -8.458084e-01
    outer loop
      vertex   4.260698e+01 3.860000e+01 4.936337e+00
      vertex   4.222777e+01 3.860000e+01 4.698062e+00
      vertex   4.256525e+01 3.907701e+01 4.936337e+00
    endloop
  endfacet
  facet normal 5.314567e-01 4.649643e-02 -8.458084e-01
    outer loop
      vertex   4.256525e+01 3.907701e+01 4.936337e+00
      vertex   4.222777e+01 3.860000e+01 4.698062e+00
      vertex   4.219180e+01 3.901116e+01 4.698062e+00
    endloop
  endfacet
  facet normal 5.153086e-01 1.380765e-01 -8.458084e-01
    outer loop
      vertex   4.256525e+01 3.907701e+01 4.936337e+00
      vertex   4.219180e+01 3.901116e+01 4.698062e+00
      vertex   4.244132e+01 3.953952e+01 4.936337e+00
    endloop
  endfacet
  facet normal 5.153086e-01 1.380765e-01 -8.458084e-01
    outer loop
      vertex   4.244132e+01 3.953952e+01 4.936337e+00
      vertex   4.219180e+01 3.901116e+01 4.698062e+00
      vertex   4.208497e+01 3.940982e+01 4.698062e+00
    endloop
  endfacet
  facet normal 4.835032e-01 2.254612e-01 -8.458084e-01
    outer loop
      vertex   4.244132e+01 3.953952e+01 4.936337e+00
      vertex   4.208497e+01 3.940982e+01 4.698062e+00
      vertex   4.223895e+01 3.997349e+01 4.936337e+00
    endloop
  endfacet
  facet normal 4.835032e-01 2.254612e-01 -8.458084e-01
    outer loop
      vertex   4.223895e+01 3.997349e+01 4.936337e+00
      vertex   4.208497e+01 3.940982e+01 4.698062e+00
      vertex   4.191055e+01 3.978388e+01 4.698062e+00
    endloop
  endfacet
  facet normal 4.370068e-01 3.059954e-01 -8.458084e-01
    outer loop
      vertex   4.223895e+01 3.997349e+01 4.936337e+00
      vertex   4.191055e+01 3.978388e+01 4.698062e+00
      vertex   4.196431e+01 4.036572e+01 4.936337e+00
    endloop
  endfacet
  facet normal 4.370068e-01 3.059954e-01 -8.458084e-01
    outer loop
      vertex   4.196431e+01 4.036572e+01 4.936337e+00
      vertex   4.191055e+01 3.978388e+01 4.698062e+00
      vertex   4.167382e+01 4.012197e+01 4.698062e+00
    endloop
  endfacet
  facet normal 3.772321e-01 3.772321e-01 -8.458084e-01
    outer loop
      vertex   4.196431e+01 4.036572e+01 4.936337e+00
      vertex   4.167382e+01 4.012197e+01 4.698062e+00
      vertex   4.162572e+01 4.070431e+01 4.936337e+00
    endloop
  endfacet
  facet normal 3.772321e-01 3.772321e-01 -8.458084e-01
    outer loop
      vertex   4.162572e+01 4.070431e+01 4.936337e+00
      vertex   4.167382e+01 4.012197e+01 4.698062e+00
      vertex   4.138197e+01 4.041382e+01 4.698062e+00
    endloop
  endfacet
  facet normal 3.059954e-01 4.370068e-01 -8.458084e-01
    outer loop
      vertex   4.162572e+01 4.070431e+01 4.936337e+00
      vertex   4.138197e+01 4.041382e+01 4.698062e+00
      vertex   4.123349e+01 4.097895e+01 4.936337e+00
    endloop
  endfacet
  facet normal 3.059954e-01 4.370068e-01 -8.458084e-01
    outer loop
      vertex   4.123349e+01 4.097895e+01 4.936337e+00
      vertex   4.138197e+01 4.041382e+01 4.698062e+00
      vertex   4.104388e+01 4.065055e+01 4.698062e+00
    endloop
  endfacet
  facet normal 2.254612e-01 4.835032e-01 -8.458084e-01
    outer loop
      vertex   4.123349e+01 4.097895e+01 4.936337e+00
      vertex   4.104388e+01 4.065055e+01 4.698062e+00
      vertex   4.079952e+01 4.118132e+01 4.936337e+00
    endloop
  endfacet
  facet normal 2.254612e-01 4.835032e-01 -8.458084e-01
    outer loop
      vertex   4.079952e+01 4.118132e+01 4.936337e+00
      vertex   4.104388e+01 4.065055e+01 4.698062e+00
      vertex   4.066982e+01 4.082497e+01 4.698062e+00
    endloop
  endfacet
  facet normal 1.380765e-01 5.153086e-01 -8.458084e-01
    outer loop
      vertex   4.079952e+01 4.118132e+01 4.936337e+00
      vertex   4.066982e+01 4.082497e+01 4.698062e+00
      vertex   4.033701e+01 4.130525e+01 4.936337e+00
    endloop
  endfacet
  facet normal 1.380765e-01 5.153086e-01 -8.458084e-01
    outer loop
      vertex   4.033701e+01 4.130525e+01 4.936337e+00
      vertex   4.066982e+01 4.082497e+01 4.698062e+00
      vertex   4.027116e+01 4.093180e+01 4.698062e+00
    endloop
  endfacet
  facet normal 3.301413e-01 2.888362e-02 -9.434895e-01
    outer loop
      vertex   4.222777e+01 3.860000e+01 4.698062e+00
      vertex   4.180504e+01 3.860000e+01 4.550144e+00
      vertex   4.219180e+01 3.901116e+01 4.698062e+00
    endloop
  endfacet
  facet normal 3.301413e-01 2.888362e-02 -9.434895e-01
    outer loop
      vertex   4.219180e+01 3.901116e+01 4.698062e+00
      vertex   4.180504e+01 3.860000e+01 4.550144e+00
      vertex   4.177549e+01 3.893775e+01 4.550144e+00
    endloop
  endfacet
  facet normal 3.201101e-01 8.577324e-02 -9.434895e-01
    outer loop
      vertex   4.219180e+01 3.901116e+01 4.698062e+00
      vertex   4.177549e+01 3.893775e+01 4.550144e+00
      vertex   4.208497e+01 3.940982e+01 4.698062e+00
    endloop
  endfacet
  facet normal 3.201101e-01 8.577324e-02 -9.434895e-01
    outer loop
      vertex   4.208497e+01 3.940982e+01 4.698062e+00
      vertex   4.177549e+01 3.893775e+01 4.550144e+00
      vertex   4.168774e+01 3.926524e+01 4.550144e+00
    endloop
  endfacet
  facet normal 3.003525e-01 1.400567e-01 -9.434895e-01
    outer loop
      vertex   4.208497e+01 3.940982e+01 4.698062e+00
      vertex   4.168774e+01 3.926524e+01 4.550144e+00
      vertex   4.191055e+01 3.978388e+01 4.698062e+00
    endloop
  endfacet
  facet normal 3.003525e-01 1.400567e-01 -9.434895e-01
    outer loop
      vertex   4.191055e+01 3.978388e+01 4.698062e+00
      vertex   4.168774e+01 3.926524e+01 4.550144e+00
      vertex   4.154446e+01 3.957252e+01 4.550144e+00
    endloop
  endfacet
  facet normal 2.714689e-01 1.900846e-01 -9.434895e-01
    outer loop
      vertex   4.191055e+01 3.978388e+01 4.698062e+00
      vertex   4.154446e+01 3.957252e+01 4.550144e+00
      vertex   4.167382e+01 4.012197e+01 4.698062e+00
    endloop
  endfacet
  facet normal 2.714689e-01 1.900846e-01 -9.434895e-01
    outer loop
      vertex   4.167382e+01 4.012197e+01 4.698062e+00
      vertex   4.154446e+01 3.957252e+01 4.550144e+00
      vertex   4.134999e+01 3.985025e+01 4.550144e+00
    endloop
  endfacet
  facet normal 2.343368e-01 2.343368e-01 -9.434895e-01
    outer loop
      vertex   4.167382e+01 4.012197e+01 4.698062e+00
      vertex   4.134999e+01 3.985025e+01 4.550144e+00
      vertex   4.138197e+01 4.041382e+01 4.698062e+00
    endloop
  endfacet
  facet normal 2.343368e-01 2.343368e-01 -9.434895e-01
    outer loop
      vertex   4.138197e+01 4.041382e+01 4.698062e+00
      vertex   4.134999e+01 3.985025e+01 4.550144e+00
      vertex   4.111025e+01 4.008999e+01 4.550144e+00
    endloop
  endfacet
  facet normal 1.900846e-01 2.714689e-01 -9.434895e-01
    outer loop
      vertex   4.138197e+01 4.041382e+01 4.698062e+00
      vertex   4.111025e+01 4.008999e+01 4.550144e+00
      vertex   4.104388e+01 4.065055e+01 4.698062e+00
    endloop
  endfacet
  facet normal 1.900846e-01 2.714689e-01 -9.434895e-01
    outer loop
      vertex   4.104388e+01 4.065055e+01 4.698062e+00
      vertex   4.111025e+01 4.008999e+01 4.550144e+00
      vertex   4.083252e+01 4.028446e+01 4.550144e+00
    endloop
  endfacet
  facet normal 1.400567e-01 3.003525e-01 -9.434895e-01
    outer loop
      vertex   4.104388e+01 4.065055e+01 4.698062e+00
      vertex   4.083252e+01 4.028446e+01 4.550144e+00
      vertex   4.066982e+01 4.082497e+01 4.698062e+00
    endloop
  endfacet
  facet normal 1.400567e-01 3.003525e-01 -9.434895e-01
    outer loop
      vertex   4.066982e+01 4.082497e+01 4.698062e+00
      vertex   4.083252e+01 4.028446e+01 4.550144e+00
      vertex   4.052524e+01 4.042774e+01 4.550144e+00
    endloop
  endfacet
  facet normal 8.577324e-02 3.201101e-01 -9.434895e-01
    outer loop
      vertex   4.066982e+01 4.082497e+01 4.698062e+00
      vertex   4.052524e+01 4.042774e+01 4.550144e+00
      vertex   4.027116e+01 4.093180e+01 4.698062e+00
    endloop
  endfacet
  facet normal 8.577324e-02 3.201101e-01 -9.434895e-01
    outer loop
      vertex   4.027116e+01 4.093180e+01 4.698062e+00
      vertex   4.052524e+01 4.042774e+01 4.550144e+00
      vertex   4.019775e+01 4.051549e+01 4.550144e+00
    endloop
  endfacet
  facet normal 1.119591e-01 9.795152e-03 -9.936645e-01
    outer loop
      vertex   4.180504e+01 3.860000e+01 4.550144e+00
      vertex   4.136000e+01 3.860000e+01 4.500000e+00
      vertex   4.177549e+01 3.893775e+01 4.550144e+00
    endloop
  endfacet
  facet normal 1.083658e-01 1.426663e-02 -9.940087e-01
    outer loop
      vertex   4.177549e+01 3.893775e+01 4.550144e+00
      vertex   4.136000e+01 3.860000e+01 4.500000e+00
      vertex   4.130889e+01 3.898823e+01 4.500000e+00
    endloop
  endfacet
  facet normal 1.099549e-01 2.946233e-02 -9.934998e-01
    outer loop
      vertex   4.177549e+01 3.893775e+01 4.550144e+00
      vertex   4.130889e+01 3.898823e+01 4.500000e+00
      vertex   4.168774e+01 3.926524e+01 4.550144e+00
    endloop
  endfacet
  facet normal 1.009808e-01 4.182763e-02 -9.940087e-01
    outer loop
      vertex   4.168774e+01 3.926524e+01 4.550144e+00
      vertex   4.130889e+01 3.898823e+01 4.500000e+00
      vertex   4.115904e+01 3.935000e+01 4.500000e+00
    endloop
  endfacet
  facet normal 1.018570e-01 4.749670e-02 -9.936645e-01
    outer loop
      vertex   4.168774e+01 3.926524e+01 4.550144e+00
      vertex   4.115904e+01 3.935000e+01 4.500000e+00
      vertex   4.154446e+01 3.957252e+01 4.550144e+00
    endloop
  endfacet
  facet normal 9.206185e-02 6.446240e-02 -9.936645e-01
    outer loop
      vertex   4.154446e+01 3.957252e+01 4.550144e+00
      vertex   4.115904e+01 3.935000e+01 4.500000e+00
      vertex   4.134999e+01 3.985025e+01 4.550144e+00
    endloop
  endfacet
  facet normal 8.671421e-02 6.653816e-02 -9.940087e-01
    outer loop
      vertex   4.115904e+01 3.935000e+01 4.500000e+00
      vertex   4.092066e+01 3.966066e+01 4.500000e+00
      vertex   4.134999e+01 3.985025e+01 4.550144e+00
    endloop
  endfacet
  facet normal 8.049259e-02 8.049259e-02 -9.934998e-01
    outer loop
      vertex   4.134999e+01 3.985025e+01 4.550144e+00
      vertex   4.092066e+01 3.966066e+01 4.500000e+00
      vertex   4.111025e+01 4.008999e+01 4.550144e+00
    endloop
  endfacet
  facet normal 6.653816e-02 8.671421e-02 -9.940087e-01
    outer loop
      vertex   4.092066e+01 3.966066e+01 4.500000e+00
      vertex   4.061000e+01 3.989904e+01 4.500000e+00
      vertex   4.111025e+01 4.008999e+01 4.550144e+00
    endloop
  endfacet
  facet normal 6.446240e-02 9.206185e-02 -9.936645e-01
    outer loop
      vertex   4.111025e+01 4.008999e+01 4.550144e+00
      vertex   4.061000e+01 3.989904e+01 4.500000e+00
      vertex   4.083252e+01 4.028446e+01 4.550144e+00
    endloop
  endfacet
  facet normal 4.749670e-02 1.018570e-01 -9.936645e-01
    outer loop
      vertex   4.083252e+01 4.028446e+01 4.550144e+00
      vertex   4.061000e+01 3.989904e+01 4.500000e+00
      vertex   4.052524e+01 4.042774e+01 4.550144e+00
    endloop
  endfacet
  facet normal 4.182763e-02 1.009808e-01 -9.940087e-01
    outer loop
      vertex   4.052524e+01 4.042774e+01 4.550144e+00
      vertex   4.061000e+01 3.989904e+01 4.500000e+00
      vertex   4.024823e+01 4.004889e+01 4.500000e+00
    endloop
  endfacet
  facet normal 2.946233e-02 1.099549e-01 -9.934998e-01
    outer loop
      vertex   4.052524e+01 4.042774e+01 4.550144e+00
      vertex   4.024823e+01 4.004889e+01 4.500000e+00
      vertex   4.019775e+01 4.051549e+01 4.550144e+00
    endloop
  endfacet
  facet normal 5.961985e-03 9.999785e-01 -2.746507e-03
    outer loop
      vertex   -2.400000e+00 4.210000e+01 6.495606e+00
      vertex   5.806667e+00 4.204986e+01 6.054958e+00
      vertex   -2.400000e+00 4.209999e+01 6.493408e+00
    endloop
  endfacet
  facet normal 0.000000e+00 9.935264e-01 -1.136019e-01
    outer loop
      vertex   -2.400000e+00 4.209999e+01 6.493408e+00
      vertex   5.806667e+00 4.204986e+01 6.054958e+00
      vertex   -2.706667e+00 4.204986e+01 6.054958e+00
    endloop
  endfacet
  facet normal 7.164409e-17 9.935264e-01 -1.136019e-01
    outer loop
      vertex   -2.400000e+00 4.209999e+01 6.493408e+00
      vertex   -2.706667e+00 4.204986e+01 6.054958e+00
      vertex   -1.085000e+01 4.209999e+01 6.493408e+00
    endloop
  endfacet
  facet normal 0.000000e+00 9.935264e-01 -1.136019e-01
    outer loop
      vertex   -1.085000e+01 4.209999e+01 6.493408e+00
      vertex   -2.706667e+00 4.204986e+01 6.054958e+00
      vertex   -1.122000e+01 4.204986e+01 6.054958e+00
    endloop
  endfacet
  facet normal -1.965523e-03 9.937103e-01 -1.119643e-01
    outer loop
      vertex   -1.085000e+01 4.209999e+01 6.493408e+00
      vertex   -1.122000e+01 4.204986e+01 6.054958e+00
      vertex   -1.122000e+01 4.210000e+01 6.500000e+00
    endloop
  endfacet
  facet normal 6.020986e-03 9.999805e-01 -1.647905e-03
    outer loop
      vertex   -2.400000e+00 4.210000e+01 6.495606e+00
      vertex   -2.400000e+00 4.210000e+01 6.497803e+00
      vertex   5.806667e+00 4.204986e+01 6.054958e+00
    endloop
  endfacet
  facet normal 0.000000e+00 9.936506e-01 -1.125103e-01
    outer loop
      vertex   5.806667e+00 4.204986e+01 6.054958e+00
      vertex   -2.400000e+00 4.210000e+01 6.497803e+00
      vertex   1.432000e+01 4.204986e+01 6.054958e+00
    endloop
  endfacet
  facet normal 0.000000e+00 9.438833e-01 -3.302791e-01
    outer loop
      vertex   5.806667e+00 4.204986e+01 6.054958e+00
      vertex   1.432000e+01 4.204986e+01 6.054958e+00
      vertex   5.806667e+00 4.190194e+01 5.632233e+00
    endloop
  endfacet
  facet normal 0.000000e+00 9.438833e-01 -3.302791e-01
    outer loop
      vertex   5.806667e+00 4.190194e+01 5.632233e+00
      vertex   1.432000e+01 4.204986e+01 6.054958e+00
      vertex   1.432000e+01 4.190194e+01 5.632233e+00
    endloop
  endfacet
  facet normal 0.000000e+00 8.467242e-01 -5.320321e-01
    outer loop
      vertex   5.806667e+00 4.190194e+01 5.632233e+00
      vertex   1.432000e+01 4.190194e+01 5.632233e+00
      vertex   5.806667e+00 4.166366e+01 5.253020e+00
    endloop
  endfacet
  facet normal 0.000000e+00 8.467242e-01 -5.320321e-01
    outer loop
      vertex   5.806667e+00 4.166366e+01 5.253020e+00
      vertex   1.432000e+01 4.190194e+01 5.632233e+00
      vertex   1.432000e+01 4.166366e+01 5.253020e+00
    endloop
  endfacet
  facet normal 0.000000e+00 7.071068e-01 -7.071068e-01
    outer loop
      vertex   5.806667e+00 4.166366e+01 5.253020e+00
      vertex   1.432000e+01 4.166366e+01 5.253020e+00
      vertex   5.806667e+00 4.134698e+01 4.936337e+00
    endloop
  endfacet
  facet normal 0.000000e+00 7.071068e-01 -7.071068e-01
    outer loop
      vertex   5.806667e+00 4.134698e+01 4.936337e+00
      vertex   1.432000e+01 4.166366e+01 5.253020e+00
      vertex   1.432000e+01 4.134698e+01 4.936337e+00
    endloop
  endfacet
  facet normal 0.000000e+00 5.320321e-01 -8.467242e-01
    outer loop
      vertex   5.806667e+00 4.134698e+01 4.936337e+00
      vertex   1.432000e+01 4.134698e+01 4.936337e+00
      vertex   5.806667e+00 4.096777e+01 4.698062e+00
    endloop
  endfacet
  facet normal 0.000000e+00 5.320321e-01 -8.467242e-01
    outer loop
      vertex   5.806667e+00 4.096777e+01 4.698062e+00
      vertex   1.432000e+01 4.134698e+01 4.936337e+00
      vertex   1.432000e+01 4.096777e+01 4.698062e+00
    endloop
  endfacet
  facet normal 0.000000e+00 3.302791e-01 -9.438833e-01
    outer loop
      vertex   5.806667e+00 4.096777e+01 4.698062e+00
      vertex   1.432000e+01 4.096777e+01 4.698062e+00
      vertex   5.806667e+00 4.054504e+01 4.550144e+00
    endloop
  endfacet
  facet normal 0.000000e+00 3.302791e-01 -9.438833e-01
    outer loop
      vertex   5.806667e+00 4.054504e+01 4.550144e+00
      vertex   1.432000e+01 4.096777e+01 4.698062e+00
      vertex   1.432000e+01 4.054504e+01 4.550144e+00
    endloop
  endfacet
  facet normal 0.000000e+00 1.119645e-01 -9.937122e-01
    outer loop
      vertex   5.806667e+00 4.054504e+01 4.550144e+00
      vertex   1.432000e+01 4.054504e+01 4.550144e+00
      vertex   -1.122000e+01 4.010000e+01 4.500000e+00
    endloop
  endfacet
  facet normal 0.000000e+00 1.119645e-01 -9.937122e-01
    outer loop
      vertex   -1.122000e+01 4.010000e+01 4.500000e+00
      vertex   1.432000e+01 4.054504e+01 4.550144e+00
      vertex   3.986000e+01 4.010000e+01 4.500000e+00
    endloop
  endfacet
  facet normal 0.000000e+00 1.119645e-01 -9.937122e-01
    outer loop
      vertex   3.986000e+01 4.010000e+01 4.500000e+00
      vertex   1.432000e+01 4.054504e+01 4.550144e+00
      vertex   2.283333e+01 4.054504e+01 4.550144e+00
    endloop
  endfacet
  facet normal 0.000000e+00 1.119645e-01 -9.937122e-01
    outer loop
      vertex   3.986000e+01 4.010000e+01 4.500000e+00
      vertex   2.283333e+01 4.054504e+01 4.550144e+00
      vertex   3.134667e+01 4.054504e+01 4.550144e+00
    endloop
  endfacet
  facet normal 0.000000e+00 3.302791e-01 -9.438833e-01
    outer loop
      vertex   3.134667e+01 4.054504e+01 4.550144e+00
      vertex   2.283333e+01 4.054504e+01 4.550144e+00
      vertex   3.134667e+01 4.096777e+01 4.698062e+00
    endloop
  endfacet
  facet normal -9.827524e-17 3.302791e-01 -9.438833e-01
    outer loop
      vertex   3.134667e+01 4.054504e+01 4.550144e+00
      vertex   3.134667e+01 4.096777e+01 4.698062e+00
      vertex   3.986000e+01 4.096777e+01 4.698062e+00
    endloop
  endfacet
  facet normal -8.833698e-17 5.320321e-01 -8.467242e-01
    outer loop
      vertex   3.986000e+01 4.096777e+01 4.698062e+00
      vertex   3.134667e+01 4.096777e+01 4.698062e+00
      vertex   3.986000e+01 4.134698e+01 4.936337e+00
    endloop
  endfacet
  facet normal -8.833698e-17 5.320321e-01 -8.467242e-01
    outer loop
      vertex   3.986000e+01 4.134698e+01 4.936337e+00
      vertex   3.134667e+01 4.096777e+01 4.698062e+00
      vertex   3.134667e+01 4.134698e+01 4.936337e+00
    endloop
  endfacet
  facet normal -7.377098e-17 7.071068e-01 -7.071068e-01
    outer loop
      vertex   3.986000e+01 4.134698e+01 4.936337e+00
      vertex   3.134667e+01 4.134698e+01 4.936337e+00
      vertex   3.986000e+01 4.166366e+01 5.253020e+00
    endloop
  endfacet
  facet normal 0.000000e+00 7.071068e-01 -7.071068e-01
    outer loop
      vertex   3.986000e+01 4.166366e+01 5.253020e+00
      vertex   3.134667e+01 4.134698e+01 4.936337e+00
      vertex   3.134667e+01 4.166366e+01 5.253020e+00
    endloop
  endfacet
  facet normal 0.000000e+00 8.467242e-01 -5.320321e-01
    outer loop
      vertex   3.986000e+01 4.166366e+01 5.253020e+00
      vertex   3.134667e+01 4.166366e+01 5.253020e+00
      vertex   3.986000e+01 4.190194e+01 5.632233e+00
    endloop
  endfacet
  facet normal -5.550580e-17 8.467242e-01 -5.320321e-01
    outer loop
      vertex   3.986000e+01 4.190194e+01 5.632233e+00
      vertex   3.134667e+01 4.166366e+01 5.253020e+00
      vertex   3.134667e+01 4.190194e+01 5.632233e+00
    endloop
  endfacet
  facet normal -3.445733e-17 9.438833e-01 -3.302791e-01
    outer loop
      vertex   3.986000e+01 4.190194e+01 5.632233e+00
      vertex   3.134667e+01 4.190194e+01 5.632233e+00
      vertex   3.986000e+01 4.204986e+01 6.054958e+00
    endloop
  endfacet
  facet normal 0.000000e+00 9.438833e-01 -3.302791e-01
    outer loop
      vertex   3.986000e+01 4.204986e+01 6.054958e+00
      vertex   3.134667e+01 4.190194e+01 5.632233e+00
      vertex   3.134667e+01 4.204986e+01 6.054958e+00
    endloop
  endfacet
  facet normal 0.000000e+00 9.937122e-01 -1.119645e-01
    outer loop
      vertex   3.986000e+01 4.204986e+01 6.054958e+00
      vertex   3.134667e+01 4.204986e+01 6.054958e+00
      vertex   3.986000e+01 4.210000e+01 6.500000e+00
    endloop
  endfacet
  facet normal 0.000000e+00 9.937122e-01 -1.119645e-01
    outer loop
      vertex   3.986000e+01 4.210000e+01 6.500000e+00
      vertex   3.134667e+01 4.204986e+01 6.054958e+00
      vertex   2.283333e+01 4.204986e+01 6.054958e+00
    endloop
  endfacet
  facet normal 5.804449e-06 9.936875e-01 -1.121838e-01
    outer loop
      vertex   3.986000e+01 4.210000e+01 6.500000e+00
      vertex   2.283333e+01 4.204986e+01 6.054958e+00
      vertex   -2.400000e+00 4.210000e+01 6.497803e+00
    endloop
  endfacet
  facet normal 0.000000e+00 9.936506e-01 -1.125103e-01
    outer loop
      vertex   -2.400000e+00 4.210000e+01 6.497803e+00
      vertex   2.283333e+01 4.204986e+01 6.054958e+00
      vertex   1.432000e+01 4.204986e+01 6.054958e+00
    endloop
  endfacet
  facet normal 0.000000e+00 9.999998e-01 -5.493117e-04
    outer loop
      vertex   -2.400000e+00 4.210000e+01 6.497803e+00
      vertex   -2.400000e+00 4.210000e+01 6.500000e+00
      vertex   3.986000e+01 4.210000e+01 6.500000e+00
    endloop
  endfacet
  facet normal -9.827524e-17 3.302791e-01 -9.438833e-01
    outer loop
      vertex   3.986000e+01 4.096777e+01 4.698062e+00
      vertex   3.986000e+01 4.054504e+01 4.550144e+00
      vertex   3.134667e+01 4.054504e+01 4.550144e+00
    endloop
  endfacet
  facet normal -1.036719e-16 1.119645e-01 -9.937122e-01
    outer loop
      vertex   3.134667e+01 4.054504e+01 4.550144e+00
      vertex   3.986000e+01 4.054504e+01 4.550144e+00
      vertex   3.986000e+01 4.010000e+01 4.500000e+00
    endloop
  endfacet
  facet normal 0.000000e+00 1.119645e-01 -9.937122e-01
    outer loop
      vertex   5.806667e+00 4.054504e+01 4.550144e+00
      vertex   -1.122000e+01 4.010000e+01 4.500000e+00
      vertex   -2.706667e+00 4.054504e+01 4.550144e+00
    endloop
  endfacet
  facet normal 1.036719e-16 1.119645e-01 -9.937122e-01
    outer loop
      vertex   -2.706667e+00 4.054504e+01 4.550144e+00
      vertex   -1.122000e+01 4.010000e+01 4.500000e+00
      vertex   -1.122000e+01 4.054504e+01 4.550144e+00
    endloop
  endfacet
  facet normal 9.847339e-17 3.302791e-01 -9.438833e-01
    outer loop
      vertex   -2.706667e+00 4.054504e+01 4.550144e+00
      vertex   -1.122000e+01 4.054504e+01 4.550144e+00
      vertex   -2.706667e+00 4.096777e+01 4.698062e+00
    endloop
  endfacet
  facet normal 9.847339e-17 3.302791e-01 -9.438833e-01
    outer loop
      vertex   -2.706667e+00 4.096777e+01 4.698062e+00
      vertex   -1.122000e+01 4.054504e+01 4.550144e+00
      vertex   -1.122000e+01 4.096777e+01 4.698062e+00
    endloop
  endfacet
  facet normal 8.833698e-17 5.320321e-01 -8.467242e-01
    outer loop
      vertex   -2.706667e+00 4.096777e+01 4.698062e+00
      vertex   -1.122000e+01 4.096777e+01 4.698062e+00
      vertex   -2.706667e+00 4.134698e+01 4.936337e+00
    endloop
  endfacet
  facet normal 8.833698e-17 5.320321e-01 -8.467242e-01
    outer loop
      vertex   -2.706667e+00 4.134698e+01 4.936337e+00
      vertex   -1.122000e+01 4.096777e+01 4.698062e+00
      vertex   -1.122000e+01 4.134698e+01 4.936337e+00
    endloop
  endfacet
  facet normal 7.377098e-17 7.071068e-01 -7.071068e-01
    outer loop
      vertex   -2.706667e+00 4.134698e+01 4.936337e+00
      vertex   -1.122000e+01 4.134698e+01 4.936337e+00
      vertex   -2.706667e+00 4.166366e+01 5.253020e+00
    endloop
  endfacet
  facet normal 0.000000e+00 7.071068e-01 -7.071068e-01
    outer loop
      vertex   -2.706667e+00 4.166366e+01 5.253020e+00
      vertex   -1.122000e+01 4.134698e+01 4.936337e+00
      vertex   -1.122000e+01 4.166366e+01 5.253020e+00
    endloop
  endfacet
  facet normal 0.000000e+00 8.467242e-01 -5.320321e-01
    outer loop
      vertex   -2.706667e+00 4.166366e+01 5.253020e+00
      vertex   -1.122000e+01 4.166366e+01 5.253020e+00
      vertex   -2.706667e+00 4.190194e+01 5.632233e+00
    endloop
  endfacet
  facet normal 5.550580e-17 8.467242e-01 -5.320321e-01
    outer loop
      vertex   -2.706667e+00 4.190194e+01 5.632233e+00
      vertex   -1.122000e+01 4.166366e+01 5.253020e+00
      vertex   -1.122000e+01 4.190194e+01 5.632233e+00
    endloop
  endfacet
  facet normal 3.445733e-17 9.438833e-01 -3.302791e-01
    outer loop
      vertex   -2.706667e+00 4.190194e+01 5.632233e+00
      vertex   -1.122000e+01 4.190194e+01 5.632233e+00
      vertex   -2.706667e+00 4.204986e+01 6.054958e+00
    endloop
  endfacet
  facet normal 0.000000e+00 9.438833e-01 -3.302791e-01
    outer loop
      vertex   -2.706667e+00 4.204986e+01 6.054958e+00
      vertex   -1.122000e+01 4.190194e+01 5.632233e+00
      vertex   -1.122000e+01 4.204986e+01 6.054958e+00
    endloop
  endfacet
  facet normal 0.000000e+00 9.999998e-01 -5.493117e-04
    outer loop
      vertex   -1.085000e+01 4.210000e+01 6.500000e+00
      vertex   -1.085000e+01 4.210000e+01 6.497803e+00
      vertex   -1.122000e+01 4.210000e+01 6.500000e+00
    endloop
  endfacet
  facet normal -6.524180e-06 9.999986e-01 -1.647935e-03
    outer loop
      vertex   -1.122000e+01 4.210000e+01 6.500000e+00
      vertex   -1.085000e+01 4.210000e+01 6.497803e+00
      vertex   -1.085000e+01 4.210000e+01 6.495606e+00
    endloop
  endfacet
  facet normal -1.957253e-05 9.999962e-01 -2.746555e-03
    outer loop
      vertex   -1.122000e+01 4.210000e+01 6.500000e+00
      vertex   -1.085000e+01 4.210000e+01 6.495606e+00
      vertex   -1.085000e+01 4.209999e+01 6.493408e+00
    endloop
  endfacet
  facet normal 0.000000e+00 9.438833e-01 -3.302791e-01
    outer loop
      vertex   1.432000e+01 4.190194e+01 5.632233e+00
      vertex   1.432000e+01 4.204986e+01 6.054958e+00
      vertex   2.283333e+01 4.204986e+01 6.054958e+00
    endloop
  endfacet
  facet normal 0.000000e+00 9.438833e-01 -3.302791e-01
    outer loop
      vertex   2.283333e+01 4.204986e+01 6.054958e+00
      vertex   3.134667e+01 4.204986e+01 6.054958e+00
      vertex   2.283333e+01 4.190194e+01 5.632233e+00
    endloop
  endfacet
  facet normal 0.000000e+00 9.438833e-01 -3.302791e-01
    outer loop
      vertex   2.283333e+01 4.190194e+01 5.632233e+00
      vertex   3.134667e+01 4.204986e+01 6.054958e+00
      vertex   3.134667e+01 4.190194e+01 5.632233e+00
    endloop
  endfacet
  facet normal 0.000000e+00 8.467242e-01 -5.320321e-01
    outer loop
      vertex   2.283333e+01 4.190194e+01 5.632233e+00
      vertex   3.134667e+01 4.190194e+01 5.632233e+00
      vertex   2.283333e+01 4.166366e+01 5.253020e+00
    endloop
  endfacet
  facet normal 0.000000e+00 8.467242e-01 -5.320321e-01
    outer loop
      vertex   2.283333e+01 4.166366e+01 5.253020e+00
      vertex   3.134667e+01 4.190194e+01 5.632233e+00
      vertex   3.134667e+01 4.166366e+01 5.253020e+00
    endloop
  endfacet
  facet normal 0.000000e+00 7.071068e-01 -7.071068e-01
    outer loop
      vertex   2.283333e+01 4.166366e+01 5.253020e+00
      vertex   3.134667e+01 4.166366e+01 5.253020e+00
      vertex   2.283333e+01 4.134698e+01 4.936337e+00
    endloop
  endfacet
  facet normal 0.000000e+00 7.071068e-01 -7.071068e-01
    outer loop
      vertex   2.283333e+01 4.134698e+01 4.936337e+00
      vertex   3.134667e+01 4.166366e+01 5.253020e+00
      vertex   3.134667e+01 4.134698e+01 4.936337e+00
    endloop
  endfacet
  facet normal 0.000000e+00 5.320321e-01 -8.467242e-01
    outer loop
      vertex   2.283333e+01 4.134698e+01 4.936337e+00
      vertex   3.134667e+01 4.134698e+01 4.936337e+00
      vertex   2.283333e+01 4.096777e+01 4.698062e+00
    endloop
  endfacet
  facet normal 0.000000e+00 5.320321e-01 -8.467242e-01
    outer loop
      vertex   2.283333e+01 4.096777e+01 4.698062e+00
      vertex   3.134667e+01 4.134698e+01 4.936337e+00
      vertex   3.134667e+01 4.096777e+01 4.698062e+00
    endloop
  endfacet
  facet normal 0.000000e+00 3.302791e-01 -9.438833e-01
    outer loop
      vertex   2.283333e+01 4.096777e+01 4.698062e+00
      vertex   3.134667e+01 4.096777e+01 4.698062e+00
      vertex   2.283333e+01 4.054504e+01 4.550144e+00
    endloop
  endfacet
  facet normal 0.000000e+00 9.438833e-01 -3.302791e-01
    outer loop
      vertex   -2.706667e+00 4.190194e+01 5.632233e+00
      vertex   -2.706667e+00 4.204986e+01 6.054958e+00
      vertex   5.806667e+00 4.204986e+01 6.054958e+00
    endloop
  endfacet
  facet normal 0.000000e+00 9.438833e-01 -3.302791e-01
    outer loop
      vertex   -2.706667e+00 4.190194e+01 5.632233e+00
      vertex   5.806667e+00 4.204986e+01 6.054958e+00
      vertex   5.806667e+00 4.190194e+01 5.632233e+00
    endloop
  endfacet
  facet normal 0.000000e+00 8.467242e-01 -5.320321e-01
    outer loop
      vertex   1.432000e+01 4.166366e+01 5.253020e+00
      vertex   1.432000e+01 4.190194e+01 5.632233e+00
      vertex   2.283333e+01 4.190194e+01 5.632233e+00
    endloop
  endfacet
  facet normal 0.000000e+00 9.438833e-01 -3.302791e-01
    outer loop
      vertex   2.283333e+01 4.190194e+01 5.632233e+00
      vertex   1.432000e+01 4.190194e+01 5.632233e+00
      vertex   2.283333e+01 4.204986e+01 6.054958e+00
    endloop
  endfacet
  facet normal 0.000000e+00 8.467242e-01 -5.320321e-01
    outer loop
      vertex   1.432000e+01 4.166366e+01 5.253020e+00
      vertex   2.283333e+01 4.190194e+01 5.632233e+00
      vertex   2.283333e+01 4.166366e+01 5.253020e+00
    endloop
  endfacet
  facet normal 0.000000e+00 8.467242e-01 -5.320321e-01
    outer loop
      vertex   -2.706667e+00 4.166366e+01 5.253020e+00
      vertex   -2.706667e+00 4.190194e+01 5.632233e+00
      vertex   5.806667e+00 4.190194e+01 5.632233e+00
    endloop
  endfacet
  facet normal 0.000000e+00 8.467242e-01 -5.320321e-01
    outer loop
      vertex   -2.706667e+00 4.166366e+01 5.253020e+00
      vertex   5.806667e+00 4.190194e+01 5.632233e+00
      vertex   5.806667e+00 4.166366e+01 5.253020e+00
    endloop
  endfacet
  facet normal 0.000000e+00 7.071068e-01 -7.071068e-01
    outer loop
      vertex   1.432000e+01 4.134698e+01 4.936337e+00
      vertex   1.432000e+01 4.166366e+01 5.253020e+00
      vertex   2.283333e+01 4.166366e+01 5.253020e+00
    endloop
  endfacet
  facet normal 0.000000e+00 7.071068e-01 -7.071068e-01
    outer loop
      vertex   1.432000e+01 4.134698e+01 4.936337e+00
      vertex   2.283333e+01 4.166366e+01 5.253020e+00
      vertex   2.283333e+01 4.134698e+01 4.936337e+00
    endloop
  endfacet
  facet normal 0.000000e+00 7.071068e-01 -7.071068e-01
    outer loop
      vertex   -2.706667e+00 4.134698e+01 4.936337e+00
      vertex   -2.706667e+00 4.166366e+01 5.253020e+00
      vertex   5.806667e+00 4.166366e+01 5.253020e+00
    endloop
  endfacet
  facet normal 0.000000e+00 7.071068e-01 -7.071068e-01
    outer loop
      vertex   -2.706667e+00 4.134698e+01 4.936337e+00
      vertex   5.806667e+00 4.166366e+01 5.253020e+00
      vertex   5.806667e+00 4.134698e+01 4.936337e+00
    endloop
  endfacet
  facet normal 0.000000e+00 5.320321e-01 -8.467242e-01
    outer loop
      vertex   1.432000e+01 4.096777e+01 4.698062e+00
      vertex   1.432000e+01 4.134698e+01 4.936337e+00
      vertex   2.283333e+01 4.134698e+01 4.936337e+00
    endloop
  endfacet
  facet normal 0.000000e+00 5.320321e-01 -8.467242e-01
    outer loop
      vertex   1.432000e+01 4.096777e+01 4.698062e+00
      vertex   2.283333e+01 4.134698e+01 4.936337e+00
      vertex   2.283333e+01 4.096777e+01 4.698062e+00
    endloop
  endfacet
  facet normal 0.000000e+00 5.320321e-01 -8.467242e-01
    outer loop
      vertex   -2.706667e+00 4.096777e+01 4.698062e+00
      vertex   -2.706667e+00 4.134698e+01 4.936337e+00
      vertex   5.806667e+00 4.134698e+01 4.936337e+00
    endloop
  endfacet
  facet normal 0.000000e+00 5.320321e-01 -8.467242e-01
    outer loop
      vertex   -2.706667e+00 4.096777e+01 4.698062e+00
      vertex   5.806667e+00 4.134698e+01 4.936337e+00
      vertex   5.806667e+00 4.096777e+01 4.698062e+00
    endloop
  endfacet
  facet normal 0.000000e+00 3.302791e-01 -9.438833e-01
    outer loop
      vertex   1.432000e+01 4.054504e+01 4.550144e+00
      vertex   1.432000e+01 4.096777e+01 4.698062e+00
      vertex   2.283333e+01 4.096777e+01 4.698062e+00
    endloop
  endfacet
  facet normal 0.000000e+00 3.302791e-01 -9.438833e-01
    outer loop
      vertex   1.432000e+01 4.054504e+01 4.550144e+00
      vertex   2.283333e+01 4.096777e+01 4.698062e+00
      vertex   2.283333e+01 4.054504e+01 4.550144e+00
    endloop
  endfacet
  facet normal 0.000000e+00 3.302791e-01 -9.438833e-01
    outer loop
      vertex   -2.706667e+00 4.054504e+01 4.550144e+00
      vertex   -2.706667e+00 4.096777e+01 4.698062e+00
      vertex   5.806667e+00 4.096777e+01 4.698062e+00
    endloop
  endfacet
  facet normal 0.000000e+00 3.302791e-01 -9.438833e-01
    outer loop
      vertex   -2.706667e+00 4.054504e+01 4.550144e+00
      vertex   5.806667e+00 4.096777e+01 4.698062e+00
      vertex   5.806667e+00 4.054504e+01 4.550144e+00
    endloop
  endfacet
  facet normal -1.083658e-01 1.426663e-02 -9.940087e-01
    outer loop
      vertex   -1.266889e+01 3.898823e+01 4.500000e+00
      vertex   -1.272000e+01 3.860000e+01 4.500000e+00
      vertex   -1.313549e+01 3.893775e+01 4.550144e+00
    endloop
  endfacet
  facet normal -1.119591e-01 9.795152e-03 -9.936645e-01
    outer loop
      vertex   -1.313549e+01 3.893775e+01 4.550144e+00
      vertex   -1.272000e+01 3.860000e+01 4.500000e+00
      vertex   -1.316504e+01 3.860000e+01 4.550144e+00
    endloop
  endfacet
  facet normal -3.301413e-01 2.888362e-02 -9.434895e-01
    outer loop
      vertex   -1.313549e+01 3.893775e+01 4.550144e+00
      vertex   -1.316504e+01 3.860000e+01 4.550144e+00
      vertex   -1.358777e+01 3.860000e+01 4.698062e+00
    endloop
  endfacet
  facet normal -3.301413e-01 2.888362e-02 -9.434895e-01
    outer loop
      vertex   -1.313549e+01 3.893775e+01 4.550144e+00
      vertex   -1.358777e+01 3.860000e+01 4.698062e+00
      vertex   -1.355180e+01 3.901116e+01 4.698062e+00
    endloop
  endfacet
  facet normal -5.314567e-01 4.649643e-02 -8.458084e-01
    outer loop
      vertex   -1.355180e+01 3.901116e+01 4.698062e+00
      vertex   -1.358777e+01 3.860000e+01 4.698062e+00
      vertex   -1.396698e+01 3.860000e+01 4.936337e+00
    endloop
  endfacet
  facet normal -5.314567e-01 4.649643e-02 -8.458084e-01
    outer loop
      vertex   -1.355180e+01 3.901116e+01 4.698062e+00
      vertex   -1.396698e+01 3.860000e+01 4.936337e+00
      vertex   -1.392525e+01 3.907701e+01 4.936337e+00
    endloop
  endfacet
  facet normal -7.057576e-01 6.174579e-02 -7.057576e-01
    outer loop
      vertex   -1.392525e+01 3.907701e+01 4.936337e+00
      vertex   -1.396698e+01 3.860000e+01 4.936337e+00
      vertex   -1.428366e+01 3.860000e+01 5.253020e+00
    endloop
  endfacet
  facet normal -7.057576e-01 6.174579e-02 -7.057576e-01
    outer loop
      vertex   -1.392525e+01 3.907701e+01 4.936337e+00
      vertex   -1.428366e+01 3.860000e+01 5.253020e+00
      vertex   -1.423712e+01 3.913200e+01 5.253020e+00
    endloop
  endfacet
  facet normal -8.444104e-01 7.387634e-02 -5.305783e-01
    outer loop
      vertex   -1.423712e+01 3.913200e+01 5.253020e+00
      vertex   -1.428366e+01 3.860000e+01 5.253020e+00
      vertex   -1.452194e+01 3.860000e+01 5.632233e+00
    endloop
  endfacet
  facet normal -8.444104e-01 7.387634e-02 -5.305783e-01
    outer loop
      vertex   -1.423712e+01 3.913200e+01 5.253020e+00
      vertex   -1.452194e+01 3.860000e+01 5.632233e+00
      vertex   -1.447177e+01 3.917338e+01 5.632233e+00
    endloop
  endfacet
  facet normal -9.406814e-01 8.229896e-02 -3.291587e-01
    outer loop
      vertex   -1.447177e+01 3.917338e+01 5.632233e+00
      vertex   -1.452194e+01 3.860000e+01 5.632233e+00
      vertex   -1.466986e+01 3.860000e+01 6.054958e+00
    endloop
  endfacet
  facet normal -9.406814e-01 8.229896e-02 -3.291587e-01
    outer loop
      vertex   -1.447177e+01 3.917338e+01 5.632233e+00
      vertex   -1.466986e+01 3.860000e+01 6.054958e+00
      vertex   -1.461744e+01 3.919906e+01 6.054958e+00
    endloop
  endfacet
  facet normal -9.899780e-01 8.661185e-02 -1.115437e-01
    outer loop
      vertex   -1.461744e+01 3.919906e+01 6.054958e+00
      vertex   -1.466986e+01 3.860000e+01 6.054958e+00
      vertex   -1.472000e+01 3.860000e+01 6.500000e+00
    endloop
  endfacet
  facet normal -9.899780e-01 8.661185e-02 -1.115437e-01
    outer loop
      vertex   -1.461744e+01 3.919906e+01 6.054958e+00
      vertex   -1.472000e+01 3.860000e+01 6.500000e+00
      vertex   -1.466683e+01 3.920777e+01 6.500000e+00
    endloop
  endfacet
  facet normal -9.598980e-01 2.572039e-01 -1.115437e-01
    outer loop
      vertex   -1.461744e+01 3.919906e+01 6.054958e+00
      vertex   -1.466683e+01 3.920777e+01 6.500000e+00
      vertex   -1.446180e+01 3.977992e+01 6.054958e+00
    endloop
  endfacet
  facet normal -9.598980e-01 2.572039e-01 -1.115437e-01
    outer loop
      vertex   -1.446180e+01 3.977992e+01 6.054958e+00
      vertex   -1.466683e+01 3.920777e+01 6.500000e+00
      vertex   -1.450892e+01 3.979707e+01 6.500000e+00
    endloop
  endfacet
  facet normal -9.006520e-01 4.199809e-01 -1.115437e-01
    outer loop
      vertex   -1.446180e+01 3.977992e+01 6.054958e+00
      vertex   -1.450892e+01 3.979707e+01 6.500000e+00
      vertex   -1.420766e+01 4.032493e+01 6.054958e+00
    endloop
  endfacet
  facet normal -9.006520e-01 4.199809e-01 -1.115437e-01
    outer loop
      vertex   -1.420766e+01 4.032493e+01 6.054958e+00
      vertex   -1.450892e+01 3.979707e+01 6.500000e+00
      vertex   -1.425109e+01 4.035000e+01 6.500000e+00
    endloop
  endfacet
  facet normal -8.140401e-01 5.699970e-01 -1.115437e-01
    outer loop
      vertex   -1.420766e+01 4.032493e+01 6.054958e+00
      vertex   -1.425109e+01 4.035000e+01 6.500000e+00
      vertex   -1.386274e+01 4.081752e+01 6.054958e+00
    endloop
  endfacet
  facet normal -8.140401e-01 5.699970e-01 -1.115437e-01
    outer loop
      vertex   -1.386274e+01 4.081752e+01 6.054958e+00
      vertex   -1.425109e+01 4.035000e+01 6.500000e+00
      vertex   -1.390116e+01 4.084976e+01 6.500000e+00
    endloop
  endfacet
  facet normal -7.026941e-01 7.026941e-01 -1.115437e-01
    outer loop
      vertex   -1.386274e+01 4.081752e+01 6.054958e+00
      vertex   -1.390116e+01 4.084976e+01 6.500000e+00
      vertex   -1.343752e+01 4.124274e+01 6.054958e+00
    endloop
  endfacet
  facet normal -7.026941e-01 7.026941e-01 -1.115437e-01
    outer loop
      vertex   -1.343752e+01 4.124274e+01 6.054958e+00
      vertex   -1.390116e+01 4.084976e+01 6.500000e+00
      vertex   -1.346976e+01 4.128116e+01 6.500000e+00
    endloop
  endfacet
  facet normal -5.699970e-01 8.140401e-01 -1.115437e-01
    outer loop
      vertex   -1.343752e+01 4.124274e+01 6.054958e+00
      vertex   -1.346976e+01 4.128116e+01 6.500000e+00
      vertex   -1.294493e+01 4.158766e+01 6.054958e+00
    endloop
  endfacet
  facet normal -5.699970e-01 8.140401e-01 -1.115437e-01
    outer loop
      vertex   -1.294493e+01 4.158766e+01 6.054958e+00
      vertex   -1.346976e+01 4.128116e+01 6.500000e+00
      vertex   -1.297000e+01 4.163109e+01 6.500000e+00
    endloop
  endfacet
  facet normal -4.199809e-01 9.006520e-01 -1.115437e-01
    outer loop
      vertex   -1.294493e+01 4.158766e+01 6.054958e+00
      vertex   -1.297000e+01 4.163109e+01 6.500000e+00
      vertex   -1.239992e+01 4.184180e+01 6.054958e+00
    endloop
  endfacet
  facet normal -4.199809e-01 9.006520e-01 -1.115437e-01
    outer loop
      vertex   -1.239992e+01 4.184180e+01 6.054958e+00
      vertex   -1.297000e+01 4.163109e+01 6.500000e+00
      vertex   -1.241707e+01 4.188892e+01 6.500000e+00
    endloop
  endfacet
  facet normal -2.572039e-01 9.598980e-01 -1.115437e-01
    outer loop
      vertex   -1.239992e+01 4.184180e+01 6.054958e+00
      vertex   -1.241707e+01 4.188892e+01 6.500000e+00
      vertex   -1.181906e+01 4.199744e+01 6.054958e+00
    endloop
  endfacet
  facet normal -2.572039e-01 9.598980e-01 -1.115437e-01
    outer loop
      vertex   -1.181906e+01 4.199744e+01 6.054958e+00
      vertex   -1.241707e+01 4.188892e+01 6.500000e+00
      vertex   -1.182777e+01 4.204683e+01 6.500000e+00
    endloop
  endfacet
  facet normal -8.661185e-02 9.899780e-01 -1.115437e-01
    outer loop
      vertex   -1.181906e+01 4.199744e+01 6.054958e+00
      vertex   -1.182777e+01 4.204683e+01 6.500000e+00
      vertex   -1.122000e+01 4.204986e+01 6.054958e+00
    endloop
  endfacet
  facet normal -8.661185e-02 9.899780e-01 -1.115437e-01
    outer loop
      vertex   -1.122000e+01 4.204986e+01 6.054958e+00
      vertex   -1.182777e+01 4.204683e+01 6.500000e+00
      vertex   -1.122000e+01 4.210000e+01 6.500000e+00
    endloop
  endfacet
  facet normal -8.229896e-02 9.406814e-01 -3.291587e-01
    outer loop
      vertex   -1.122000e+01 4.204986e+01 6.054958e+00
      vertex   -1.122000e+01 4.190194e+01 5.632233e+00
      vertex   -1.181906e+01 4.199744e+01 6.054958e+00
    endloop
  endfacet
  facet normal -8.229896e-02 9.406814e-01 -3.291587e-01
    outer loop
      vertex   -1.181906e+01 4.199744e+01 6.054958e+00
      vertex   -1.122000e+01 4.190194e+01 5.632233e+00
      vertex   -1.179338e+01 4.185177e+01 5.632233e+00
    endloop
  endfacet
  facet normal -2.443963e-01 9.120993e-01 -3.291587e-01
    outer loop
      vertex   -1.181906e+01 4.199744e+01 6.054958e+00
      vertex   -1.179338e+01 4.185177e+01 5.632233e+00
      vertex   -1.239992e+01 4.184180e+01 6.054958e+00
    endloop
  endfacet
  facet normal -2.443963e-01 9.120993e-01 -3.291587e-01
    outer loop
      vertex   -1.239992e+01 4.184180e+01 6.054958e+00
      vertex   -1.179338e+01 4.185177e+01 5.632233e+00
      vertex   -1.234933e+01 4.170281e+01 5.632233e+00
    endloop
  endfacet
  facet normal -3.990677e-01 8.558035e-01 -3.291587e-01
    outer loop
      vertex   -1.239992e+01 4.184180e+01 6.054958e+00
      vertex   -1.234933e+01 4.170281e+01 5.632233e+00
      vertex   -1.294493e+01 4.158766e+01 6.054958e+00
    endloop
  endfacet
  facet normal -3.990677e-01 8.558035e-01 -3.291587e-01
    outer loop
      vertex   -1.294493e+01 4.158766e+01 6.054958e+00
      vertex   -1.234933e+01 4.170281e+01 5.632233e+00
      vertex   -1.287097e+01 4.145956e+01 5.632233e+00
    endloop
  endfacet
  facet normal -5.416137e-01 7.735045e-01 -3.291587e-01
    outer loop
      vertex   -1.294493e+01 4.158766e+01 6.054958e+00
      vertex   -1.287097e+01 4.145956e+01 5.632233e+00
      vertex   -1.343752e+01 4.124274e+01 6.054958e+00
    endloop
  endfacet
  facet normal -5.416137e-01 7.735045e-01 -3.291587e-01
    outer loop
      vertex   -1.343752e+01 4.124274e+01 6.054958e+00
      vertex   -1.287097e+01 4.145956e+01 5.632233e+00
      vertex   -1.334244e+01 4.112943e+01 5.632233e+00
    endloop
  endfacet
  facet normal -6.677030e-01 6.677030e-01 -3.291587e-01
    outer loop
      vertex   -1.343752e+01 4.124274e+01 6.054958e+00
      vertex   -1.334244e+01 4.112943e+01 5.632233e+00
      vertex   -1.386274e+01 4.081752e+01 6.054958e+00
    endloop
  endfacet
  facet normal -6.677030e-01 6.677030e-01 -3.291587e-01
    outer loop
      vertex   -1.386274e+01 4.081752e+01 6.054958e+00
      vertex   -1.334244e+01 4.112943e+01 5.632233e+00
      vertex   -1.374943e+01 4.072244e+01 5.632233e+00
    endloop
  endfacet
  facet normal -7.735045e-01 5.416137e-01 -3.291587e-01
    outer loop
      vertex   -1.386274e+01 4.081752e+01 6.054958e+00
      vertex   -1.374943e+01 4.072244e+01 5.632233e+00
      vertex   -1.420766e+01 4.032493e+01 6.054958e+00
    endloop
  endfacet
  facet normal -7.735045e-01 5.416137e-01 -3.291587e-01
    outer loop
      vertex   -1.420766e+01 4.032493e+01 6.054958e+00
      vertex   -1.374943e+01 4.072244e+01 5.632233e+00
      vertex   -1.407956e+01 4.025097e+01 5.632233e+00
    endloop
  endfacet
  facet normal -8.558035e-01 3.990677e-01 -3.291587e-01
    outer loop
      vertex   -1.420766e+01 4.032493e+01 6.054958e+00
      vertex   -1.407956e+01 4.025097e+01 5.632233e+00
      vertex   -1.446180e+01 3.977992e+01 6.054958e+00
    endloop
  endfacet
  facet normal -8.558035e-01 3.990677e-01 -3.291587e-01
    outer loop
      vertex   -1.446180e+01 3.977992e+01 6.054958e+00
      vertex   -1.407956e+01 4.025097e+01 5.632233e+00
      vertex   -1.432281e+01 3.972933e+01 5.632233e+00
    endloop
  endfacet
  facet normal -9.120993e-01 2.443963e-01 -3.291587e-01
    outer loop
      vertex   -1.446180e+01 3.977992e+01 6.054958e+00
      vertex   -1.432281e+01 3.972933e+01 5.632233e+00
      vertex   -1.461744e+01 3.919906e+01 6.054958e+00
    endloop
  endfacet
  facet normal -9.120993e-01 2.443963e-01 -3.291587e-01
    outer loop
      vertex   -1.461744e+01 3.919906e+01 6.054958e+00
      vertex   -1.432281e+01 3.972933e+01 5.632233e+00
      vertex   -1.447177e+01 3.917338e+01 5.632233e+00
    endloop
  endfacet
  facet normal -7.387634e-02 8.444104e-01 -5.305783e-01
    outer loop
      vertex   -1.122000e+01 4.190194e+01 5.632233e+00
      vertex   -1.122000e+01 4.166366e+01 5.253020e+00
      vertex   -1.179338e+01 4.185177e+01 5.632233e+00
    endloop
  endfacet
  facet normal -7.387634e-02 8.444104e-01 -5.305783e-01
    outer loop
      vertex   -1.179338e+01 4.185177e+01 5.632233e+00
      vertex   -1.122000e+01 4.166366e+01 5.253020e+00
      vertex   -1.175200e+01 4.161712e+01 5.253020e+00
    endloop
  endfacet
  facet normal -2.193843e-01 8.187535e-01 -5.305783e-01
    outer loop
      vertex   -1.179338e+01 4.185177e+01 5.632233e+00
      vertex   -1.175200e+01 4.161712e+01 5.253020e+00
      vertex   -1.234933e+01 4.170281e+01 5.632233e+00
    endloop
  endfacet
  facet normal -2.193843e-01 8.187535e-01 -5.305783e-01
    outer loop
      vertex   -1.234933e+01 4.170281e+01 5.632233e+00
      vertex   -1.175200e+01 4.161712e+01 5.253020e+00
      vertex   -1.226783e+01 4.147890e+01 5.253020e+00
    endloop
  endfacet
  facet normal -3.582264e-01 7.682191e-01 -5.305783e-01
    outer loop
      vertex   -1.234933e+01 4.170281e+01 5.632233e+00
      vertex   -1.226783e+01 4.147890e+01 5.253020e+00
      vertex   -1.287097e+01 4.145956e+01 5.632233e+00
    endloop
  endfacet
  facet normal -3.582264e-01 7.682191e-01 -5.305783e-01
    outer loop
      vertex   -1.287097e+01 4.145956e+01 5.632233e+00
      vertex   -1.226783e+01 4.147890e+01 5.253020e+00
      vertex   -1.275183e+01 4.125321e+01 5.253020e+00
    endloop
  endfacet
  facet normal -4.861840e-01 6.943427e-01 -5.305783e-01
    outer loop
      vertex   -1.287097e+01 4.145956e+01 5.632233e+00
      vertex   -1.275183e+01 4.125321e+01 5.253020e+00
      vertex   -1.334244e+01 4.112943e+01 5.632233e+00
    endloop
  endfacet
  facet normal -4.861840e-01 6.943427e-01 -5.305783e-01
    outer loop
      vertex   -1.334244e+01 4.112943e+01 5.632233e+00
      vertex   -1.275183e+01 4.125321e+01 5.253020e+00
      vertex   -1.318928e+01 4.094690e+01 5.253020e+00
    endloop
  endfacet
  facet normal -5.993691e-01 5.993691e-01 -5.305783e-01
    outer loop
      vertex   -1.334244e+01 4.112943e+01 5.632233e+00
      vertex   -1.318928e+01 4.094690e+01 5.253020e+00
      vertex   -1.374943e+01 4.072244e+01 5.632233e+00
    endloop
  endfacet
  facet normal -5.993691e-01 5.993691e-01 -5.305783e-01
    outer loop
      vertex   -1.374943e+01 4.072244e+01 5.632233e+00
      vertex   -1.318928e+01 4.094690e+01 5.253020e+00
      vertex   -1.356690e+01 4.056928e+01 5.253020e+00
    endloop
  endfacet
  facet normal -6.943427e-01 4.861840e-01 -5.305783e-01
    outer loop
      vertex   -1.374943e+01 4.072244e+01 5.632233e+00
      vertex   -1.356690e+01 4.056928e+01 5.253020e+00
      vertex   -1.407956e+01 4.025097e+01 5.632233e+00
    endloop
  endfacet
  facet normal -6.943427e-01 4.861840e-01 -5.305783e-01
    outer loop
      vertex   -1.407956e+01 4.025097e+01 5.632233e+00
      vertex   -1.356690e+01 4.056928e+01 5.253020e+00
      vertex   -1.387321e+01 4.013183e+01 5.253020e+00
    endloop
  endfacet
  facet normal -7.682191e-01 3.582264e-01 -5.305783e-01
    outer loop
      vertex   -1.407956e+01 4.025097e+01 5.632233e+00
      vertex   -1.387321e+01 4.013183e+01 5.253020e+00
      vertex   -1.432281e+01 3.972933e+01 5.632233e+00
    endloop
  endfacet
  facet normal -7.682191e-01 3.582264e-01 -5.305783e-01
    outer loop
      vertex   -1.432281e+01 3.972933e+01 5.632233e+00
      vertex   -1.387321e+01 4.013183e+01 5.253020e+00
      vertex   -1.409890e+01 3.964783e+01 5.253020e+00
    endloop
  endfacet
  facet normal -8.187535e-01 2.193843e-01 -5.305783e-01
    outer loop
      vertex   -1.432281e+01 3.972933e+01 5.632233e+00
      vertex   -1.409890e+01 3.964783e+01 5.253020e+00
      vertex   -1.447177e+01 3.917338e+01 5.632233e+00
    endloop
  endfacet
  facet normal -8.187535e-01 2.193843e-01 -5.305783e-01
    outer loop
      vertex   -1.447177e+01 3.917338e+01 5.632233e+00
      vertex   -1.409890e+01 3.964783e+01 5.253020e+00
      vertex   -1.423712e+01 3.913200e+01 5.253020e+00
    endloop
  endfacet
  facet normal -6.174579e-02 7.057576e-01 -7.057576e-01
    outer loop
      vertex   -1.122000e+01 4.166366e+01 5.253020e+00
      vertex   -1.122000e+01 4.134698e+01 4.936337e+00
      vertex   -1.175200e+01 4.161712e+01 5.253020e+00
    endloop
  endfacet
  facet normal -6.174579e-02 7.057576e-01 -7.057576e-01
    outer loop
      vertex   -1.175200e+01 4.161712e+01 5.253020e+00
      vertex   -1.122000e+01 4.134698e+01 4.936337e+00
      vertex   -1.169701e+01 4.130525e+01 4.936337e+00
    endloop
  endfacet
  facet normal -1.833612e-01 6.843135e-01 -7.057576e-01
    outer loop
      vertex   -1.175200e+01 4.161712e+01 5.253020e+00
      vertex   -1.169701e+01 4.130525e+01 4.936337e+00
      vertex   -1.226783e+01 4.147890e+01 5.253020e+00
    endloop
  endfacet
  facet normal -1.833612e-01 6.843135e-01 -7.057576e-01
    outer loop
      vertex   -1.226783e+01 4.147890e+01 5.253020e+00
      vertex   -1.169701e+01 4.130525e+01 4.936337e+00
      vertex   -1.215952e+01 4.118132e+01 4.936337e+00
    endloop
  endfacet
  facet normal -2.994054e-01 6.420769e-01 -7.057576e-01
    outer loop
      vertex   -1.226783e+01 4.147890e+01 5.253020e+00
      vertex   -1.215952e+01 4.118132e+01 4.936337e+00
      vertex   -1.275183e+01 4.125321e+01 5.253020e+00
    endloop
  endfacet
  facet normal -2.994054e-01 6.420769e-01 -7.057576e-01
    outer loop
      vertex   -1.275183e+01 4.125321e+01 5.253020e+00
      vertex   -1.215952e+01 4.118132e+01 4.936337e+00
      vertex   -1.259349e+01 4.097895e+01 4.936337e+00
    endloop
  endfacet
  facet normal -4.063522e-01 5.803311e-01 -7.057576e-01
    outer loop
      vertex   -1.275183e+01 4.125321e+01 5.253020e+00
      vertex   -1.259349e+01 4.097895e+01 4.936337e+00
      vertex   -1.318928e+01 4.094690e+01 5.253020e+00
    endloop
  endfacet
  facet normal -4.063522e-01 5.803311e-01 -7.057576e-01
    outer loop
      vertex   -1.318928e+01 4.094690e+01 5.253020e+00
      vertex   -1.259349e+01 4.097895e+01 4.936337e+00
      vertex   -1.298572e+01 4.070431e+01 4.936337e+00
    endloop
  endfacet
  facet normal -5.009522e-01 5.009522e-01 -7.057576e-01
    outer loop
      vertex   -1.318928e+01 4.094690e+01 5.253020e+00
      vertex   -1.298572e+01 4.070431e+01 4.936337e+00
      vertex   -1.356690e+01 4.056928e+01 5.253020e+00
    endloop
  endfacet
  facet normal -5.009522e-01 5.009522e-01 -7.057576e-01
    outer loop
      vertex   -1.356690e+01 4.056928e+01 5.253020e+00
      vertex   -1.298572e+01 4.070431e+01 4.936337e+00
      vertex   -1.332431e+01 4.036572e+01 4.936337e+00
    endloop
  endfacet
  facet normal -5.803311e-01 4.063522e-01 -7.057576e-01
    outer loop
      vertex   -1.356690e+01 4.056928e+01 5.253020e+00
      vertex   -1.332431e+01 4.036572e+01 4.936337e+00
      vertex   -1.387321e+01 4.013183e+01 5.253020e+00
    endloop
  endfacet
  facet normal -5.803311e-01 4.063522e-01 -7.057576e-01
    outer loop
      vertex   -1.387321e+01 4.013183e+01 5.253020e+00
      vertex   -1.332431e+01 4.036572e+01 4.936337e+00
      vertex   -1.359895e+01 3.997349e+01 4.936337e+00
    endloop
  endfacet
  facet normal -6.420769e-01 2.994054e-01 -7.057576e-01
    outer loop
      vertex   -1.387321e+01 4.013183e+01 5.253020e+00
      vertex   -1.359895e+01 3.997349e+01 4.936337e+00
      vertex   -1.409890e+01 3.964783e+01 5.253020e+00
    endloop
  endfacet
  facet normal -6.420769e-01 2.994054e-01 -7.057576e-01
    outer loop
      vertex   -1.409890e+01 3.964783e+01 5.253020e+00
      vertex   -1.359895e+01 3.997349e+01 4.936337e+00
      vertex   -1.380132e+01 3.953952e+01 4.936337e+00
    endloop
  endfacet
  facet normal -6.843135e-01 1.833612e-01 -7.057576e-01
    outer loop
      vertex   -1.409890e+01 3.964783e+01 5.253020e+00
      vertex   -1.380132e+01 3.953952e+01 4.936337e+00
      vertex   -1.423712e+01 3.913200e+01 5.253020e+00
    endloop
  endfacet
  facet normal -6.843135e-01 1.833612e-01 -7.057576e-01
    outer loop
      vertex   -1.423712e+01 3.913200e+01 5.253020e+00
      vertex   -1.380132e+01 3.953952e+01 4.936337e+00
      vertex   -1.392525e+01 3.907701e+01 4.936337e+00
    endloop
  endfacet
  facet normal -4.649643e-02 5.314567e-01 -8.458084e-01
    outer loop
      vertex   -1.122000e+01 4.134698e+01 4.936337e+00
      vertex   -1.122000e+01 4.096777e+01 4.698062e+00
      vertex   -1.169701e+01 4.130525e+01 4.936337e+00
    endloop
  endfacet
  facet normal -4.649643e-02 5.314567e-01 -8.458084e-01
    outer loop
      vertex   -1.169701e+01 4.130525e+01 4.936337e+00
      vertex   -1.122000e+01 4.096777e+01 4.698062e+00
      vertex   -1.163116e+01 4.093180e+01 4.698062e+00
    endloop
  endfacet
  facet normal -1.380765e-01 5.153086e-01 -8.458084e-01
    outer loop
      vertex   -1.169701e+01 4.130525e+01 4.936337e+00
      vertex   -1.163116e+01 4.093180e+01 4.698062e+00
      vertex   -1.215952e+01 4.118132e+01 4.936337e+00
    endloop
  endfacet
  facet normal -1.380765e-01 5.153086e-01 -8.458084e-01
    outer loop
      vertex   -1.215952e+01 4.118132e+01 4.936337e+00
      vertex   -1.163116e+01 4.093180e+01 4.698062e+00
      vertex   -1.202982e+01 4.082497e+01 4.698062e+00
    endloop
  endfacet
  facet normal -2.254612e-01 4.835032e-01 -8.458084e-01
    outer loop
      vertex   -1.215952e+01 4.118132e+01 4.936337e+00
      vertex   -1.202982e+01 4.082497e+01 4.698062e+00
      vertex   -1.259349e+01 4.097895e+01 4.936337e+00
    endloop
  endfacet
  facet normal -2.254612e-01 4.835032e-01 -8.458084e-01
    outer loop
      vertex   -1.259349e+01 4.097895e+01 4.936337e+00
      vertex   -1.202982e+01 4.082497e+01 4.698062e+00
      vertex   -1.240388e+01 4.065055e+01 4.698062e+00
    endloop
  endfacet
  facet normal -3.059954e-01 4.370068e-01 -8.458084e-01
    outer loop
      vertex   -1.259349e+01 4.097895e+01 4.936337e+00
      vertex   -1.240388e+01 4.065055e+01 4.698062e+00
      vertex   -1.298572e+01 4.070431e+01 4.936337e+00
    endloop
  endfacet
  facet normal -3.059954e-01 4.370068e-01 -8.458084e-01
    outer loop
      vertex   -1.298572e+01 4.070431e+01 4.936337e+00
      vertex   -1.240388e+01 4.065055e+01 4.698062e+00
      vertex   -1.274197e+01 4.041382e+01 4.698062e+00
    endloop
  endfacet
  facet normal -3.772321e-01 3.772321e-01 -8.458084e-01
    outer loop
      vertex   -1.298572e+01 4.070431e+01 4.936337e+00
      vertex   -1.274197e+01 4.041382e+01 4.698062e+00
      vertex   -1.332431e+01 4.036572e+01 4.936337e+00
    endloop
  endfacet
  facet normal -3.772321e-01 3.772321e-01 -8.458084e-01
    outer loop
      vertex   -1.332431e+01 4.036572e+01 4.936337e+00
      vertex   -1.274197e+01 4.041382e+01 4.698062e+00
      vertex   -1.303382e+01 4.012197e+01 4.698062e+00
    endloop
  endfacet
  facet normal -4.370068e-01 3.059954e-01 -8.458084e-01
    outer loop
      vertex   -1.332431e+01 4.036572e+01 4.936337e+00
      vertex   -1.303382e+01 4.012197e+01 4.698062e+00
      vertex   -1.359895e+01 3.997349e+01 4.936337e+00
    endloop
  endfacet
  facet normal -4.370068e-01 3.059954e-01 -8.458084e-01
    outer loop
      vertex   -1.359895e+01 3.997349e+01 4.936337e+00
      vertex   -1.303382e+01 4.012197e+01 4.698062e+00
      vertex   -1.327055e+01 3.978388e+01 4.698062e+00
    endloop
  endfacet
  facet normal -4.835032e-01 2.254612e-01 -8.458084e-01
    outer loop
      vertex   -1.359895e+01 3.997349e+01 4.936337e+00
      vertex   -1.327055e+01 3.978388e+01 4.698062e+00
      vertex   -1.380132e+01 3.953952e+01 4.936337e+00
    endloop
  endfacet
  facet normal -4.835032e-01 2.254612e-01 -8.458084e-01
    outer loop
      vertex   -1.380132e+01 3.953952e+01 4.936337e+00
      vertex   -1.327055e+01 3.978388e+01 4.698062e+00
      vertex   -1.344497e+01 3.940982e+01 4.698062e+00
    endloop
  endfacet
  facet normal -5.153086e-01 1.380765e-01 -8.458084e-01
    outer loop
      vertex   -1.380132e+01 3.953952e+01 4.936337e+00
      vertex   -1.344497e+01 3.940982e+01 4.698062e+00
      vertex   -1.392525e+01 3.907701e+01 4.936337e+00
    endloop
  endfacet
  facet normal -5.153086e-01 1.380765e-01 -8.458084e-01
    outer loop
      vertex   -1.392525e+01 3.907701e+01 4.936337e+00
      vertex   -1.344497e+01 3.940982e+01 4.698062e+00
      vertex   -1.355180e+01 3.901116e+01 4.698062e+00
    endloop
  endfacet
  facet normal -2.888362e-02 3.301413e-01 -9.434895e-01
    outer loop
      vertex   -1.122000e+01 4.096777e+01 4.698062e+00
      vertex   -1.122000e+01 4.054504e+01 4.550144e+00
      vertex   -1.163116e+01 4.093180e+01 4.698062e+00
    endloop
  endfacet
  facet normal -2.888362e-02 3.301413e-01 -9.434895e-01
    outer loop
      vertex   -1.163116e+01 4.093180e+01 4.698062e+00
      vertex   -1.122000e+01 4.054504e+01 4.550144e+00
      vertex   -1.155775e+01 4.051549e+01 4.550144e+00
    endloop
  endfacet
  facet normal -8.577324e-02 3.201101e-01 -9.434895e-01
    outer loop
      vertex   -1.163116e+01 4.093180e+01 4.698062e+00
      vertex   -1.155775e+01 4.051549e+01 4.550144e+00
      vertex   -1.202982e+01 4.082497e+01 4.698062e+00
    endloop
  endfacet
  facet normal -8.577324e-02 3.201101e-01 -9.434895e-01
    outer loop
      vertex   -1.202982e+01 4.082497e+01 4.698062e+00
      vertex   -1.155775e+01 4.051549e+01 4.550144e+00
      vertex   -1.188524e+01 4.042774e+01 4.550144e+00
    endloop
  endfacet
  facet normal -1.400567e-01 3.003525e-01 -9.434895e-01
    outer loop
      vertex   -1.202982e+01 4.082497e+01 4.698062e+00
      vertex   -1.188524e+01 4.042774e+01 4.550144e+00
      vertex   -1.240388e+01 4.065055e+01 4.698062e+00
    endloop
  endfacet
  facet normal -1.400567e-01 3.003525e-01 -9.434895e-01
    outer loop
      vertex   -1.240388e+01 4.065055e+01 4.698062e+00
      vertex   -1.188524e+01 4.042774e+01 4.550144e+00
      vertex   -1.219252e+01 4.028446e+01 4.550144e+00
    endloop
  endfacet
  facet normal -1.900846e-01 2.714689e-01 -9.434895e-01
    outer loop
      vertex   -1.240388e+01 4.065055e+01 4.698062e+00
      vertex   -1.219252e+01 4.028446e+01 4.550144e+00
      vertex   -1.274197e+01 4.041382e+01 4.698062e+00
    endloop
  endfacet
  facet normal -1.900846e-01 2.714689e-01 -9.434895e-01
    outer loop
      vertex   -1.274197e+01 4.041382e+01 4.698062e+00
      vertex   -1.219252e+01 4.028446e+01 4.550144e+00
      vertex   -1.247025e+01 4.008999e+01 4.550144e+00
    endloop
  endfacet
  facet normal -2.343368e-01 2.343368e-01 -9.434895e-01
    outer loop
      vertex   -1.274197e+01 4.041382e+01 4.698062e+00
      vertex   -1.247025e+01 4.008999e+01 4.550144e+00
      vertex   -1.303382e+01 4.012197e+01 4.698062e+00
    endloop
  endfacet
  facet normal -2.343368e-01 2.343368e-01 -9.434895e-01
    outer loop
      vertex   -1.303382e+01 4.012197e+01 4.698062e+00
      vertex   -1.247025e+01 4.008999e+01 4.550144e+00
      vertex   -1.270999e+01 3.985025e+01 4.550144e+00
    endloop
  endfacet
  facet normal -2.714689e-01 1.900846e-01 -9.434895e-01
    outer loop
      vertex   -1.303382e+01 4.012197e+01 4.698062e+00
      vertex   -1.270999e+01 3.985025e+01 4.550144e+00
      vertex   -1.327055e+01 3.978388e+01 4.698062e+00
    endloop
  endfacet
  facet normal -2.714689e-01 1.900846e-01 -9.434895e-01
    outer loop
      vertex   -1.327055e+01 3.978388e+01 4.698062e+00
      vertex   -1.270999e+01 3.985025e+01 4.550144e+00
      vertex   -1.290446e+01 3.957252e+01 4.550144e+00
    endloop
  endfacet
  facet normal -3.003525e-01 1.400567e-01 -9.434895e-01
    outer loop
      vertex   -1.327055e+01 3.978388e+01 4.698062e+00
      vertex   -1.290446e+01 3.957252e+01 4.550144e+00
      vertex   -1.344497e+01 3.940982e+01 4.698062e+00
    endloop
  endfacet
  facet normal -3.003525e-01 1.400567e-01 -9.434895e-01
    outer loop
      vertex   -1.344497e+01 3.940982e+01 4.698062e+00
      vertex   -1.290446e+01 3.957252e+01 4.550144e+00
      vertex   -1.304774e+01 3.926524e+01 4.550144e+00
    endloop
  endfacet
  facet normal -3.201101e-01 8.577324e-02 -9.434895e-01
    outer loop
      vertex   -1.344497e+01 3.940982e+01 4.698062e+00
      vertex   -1.304774e+01 3.926524e+01 4.550144e+00
      vertex   -1.355180e+01 3.901116e+01 4.698062e+00
    endloop
  endfacet
  facet normal -3.201101e-01 8.577324e-02 -9.434895e-01
    outer loop
      vertex   -1.355180e+01 3.901116e+01 4.698062e+00
      vertex   -1.304774e+01 3.926524e+01 4.550144e+00
      vertex   -1.313549e+01 3.893775e+01 4.550144e+00
    endloop
  endfacet
  facet normal -9.795152e-03 1.119591e-01 -9.936645e-01
    outer loop
      vertex   -1.122000e+01 4.054504e+01 4.550144e+00
      vertex   -1.122000e+01 4.010000e+01 4.500000e+00
      vertex   -1.155775e+01 4.051549e+01 4.550144e+00
    endloop
  endfacet
  facet normal -1.426663e-02 1.083658e-01 -9.940087e-01
    outer loop
      vertex   -1.155775e+01 4.051549e+01 4.550144e+00
      vertex   -1.122000e+01 4.010000e+01 4.500000e+00
      vertex   -1.160823e+01 4.004889e+01 4.500000e+00
    endloop
  endfacet
  facet normal -2.946233e-02 1.099549e-01 -9.934998e-01
    outer loop
      vertex   -1.155775e+01 4.051549e+01 4.550144e+00
      vertex   -1.160823e+01 4.004889e+01 4.500000e+00
      vertex   -1.188524e+01 4.042774e+01 4.550144e+00
    endloop
  endfacet
  facet normal -4.182763e-02 1.009808e-01 -9.940087e-01
    outer loop
      vertex   -1.188524e+01 4.042774e+01 4.550144e+00
      vertex   -1.160823e+01 4.004889e+01 4.500000e+00
      vertex   -1.197000e+01 3.989904e+01 4.500000e+00
    endloop
  endfacet
  facet normal -4.749670e-02 1.018570e-01 -9.936645e-01
    outer loop
      vertex   -1.188524e+01 4.042774e+01 4.550144e+00
      vertex   -1.197000e+01 3.989904e+01 4.500000e+00
      vertex   -1.219252e+01 4.028446e+01 4.550144e+00
    endloop
  endfacet
  facet normal -6.446240e-02 9.206185e-02 -9.936645e-01
    outer loop
      vertex   -1.219252e+01 4.028446e+01 4.550144e+00
      vertex   -1.197000e+01 3.989904e+01 4.500000e+00
      vertex   -1.247025e+01 4.008999e+01 4.550144e+00
    endloop
  endfacet
  facet normal -6.653816e-02 8.671421e-02 -9.940087e-01
    outer loop
      vertex   -1.197000e+01 3.989904e+01 4.500000e+00
      vertex   -1.228066e+01 3.966066e+01 4.500000e+00
      vertex   -1.247025e+01 4.008999e+01 4.550144e+00
    endloop
  endfacet
  facet normal -8.049259e-02 8.049259e-02 -9.934998e-01
    outer loop
      vertex   -1.247025e+01 4.008999e+01 4.550144e+00
      vertex   -1.228066e+01 3.966066e+01 4.500000e+00
      vertex   -1.270999e+01 3.985025e+01 4.550144e+00
    endloop
  endfacet
  facet normal -8.671421e-02 6.653816e-02 -9.940087e-01
    outer loop
      vertex   -1.228066e+01 3.966066e+01 4.500000e+00
      vertex   -1.251904e+01 3.935000e+01 4.500000e+00
      vertex   -1.270999e+01 3.985025e+01 4.550144e+00
    endloop
  endfacet
  facet normal -9.206185e-02 6.446240e-02 -9.936645e-01
    outer loop
      vertex   -1.270999e+01 3.985025e+01 4.550144e+00
      vertex   -1.251904e+01 3.935000e+01 4.500000e+00
      vertex   -1.290446e+01 3.957252e+01 4.550144e+00
    endloop
  endfacet
  facet normal -1.018570e-01 4.749670e-02 -9.936645e-01
    outer loop
      vertex   -1.290446e+01 3.957252e+01 4.550144e+00
      vertex   -1.251904e+01 3.935000e+01 4.500000e+00
      vertex   -1.304774e+01 3.926524e+01 4.550144e+00
    endloop
  endfacet
  facet normal -1.009808e-01 4.182763e-02 -9.940087e-01
    outer loop
      vertex   -1.304774e+01 3.926524e+01 4.550144e+00
      vertex   -1.251904e+01 3.935000e+01 4.500000e+00
      vertex   -1.266889e+01 3.898823e+01 4.500000e+00
    endloop
  endfacet
  facet normal -1.099549e-01 2.946233e-02 -9.934998e-01
    outer loop
      vertex   -1.304774e+01 3.926524e+01 4.550144e+00
      vertex   -1.266889e+01 3.898823e+01 4.500000e+00
      vertex   -1.313549e+01 3.893775e+01 4.550144e+00
    endloop
  endfacet
  facet normal -1.119645e-01 2.028951e-16 -9.937122e-01
    outer loop
      vertex   -1.316504e+01 -3.100000e+01 4.550144e+00
      vertex   -1.316504e+01 -2.230000e+01 4.550144e+00
      vertex   -1.272000e+01 -3.100000e+01 4.500000e+00
    endloop
  endfacet
  facet normal -1.119645e-01 0.000000e+00 -9.937122e-01
    outer loop
      vertex   -1.272000e+01 -3.100000e+01 4.500000e+00
      vertex   -1.316504e+01 -2.230000e+01 4.550144e+00
      vertex   -1.316504e+01 -1.360000e+01 4.550144e+00
    endloop
  endfacet
  facet normal -1.119645e-01 0.000000e+00 -9.937122e-01
    outer loop
      vertex   -1.272000e+01 -3.100000e+01 4.500000e+00
      vertex   -1.316504e+01 -1.360000e+01 4.550144e+00
      vertex   -1.316504e+01 -4.900000e+00 4.550144e+00
    endloop
  endfacet
  facet normal -3.302791e-01 -0.000000e+00 -9.438833e-01
    outer loop
      vertex   -1.316504e+01 -4.900000e+00 4.550144e+00
      vertex   -1.316504e+01 -1.360000e+01 4.550144e+00
      vertex   -1.358777e+01 -4.900000e+00 4.698062e+00
    endloop
  endfacet
  facet normal -3.302791e-01 0.000000e+00 -9.438833e-01
    outer loop
      vertex   -1.316504e+01 -4.900000e+00 4.550144e+00
      vertex   -1.358777e+01 -4.900000e+00 4.698062e+00
      vertex   -1.358777e+01 3.800000e+00 4.698062e+00
    endloop
  endfacet
  facet normal -5.320321e-01 -0.000000e+00 -8.467242e-01
    outer loop
      vertex   -1.358777e+01 3.800000e+00 4.698062e+00
      vertex   -1.358777e+01 -4.900000e+00 4.698062e+00
      vertex   -1.396698e+01 3.800000e+00 4.936337e+00
    endloop
  endfacet
  facet normal -5.320321e-01 8.548147e-17 -8.467242e-01
    outer loop
      vertex   -1.358777e+01 3.800000e+00 4.698062e+00
      vertex   -1.396698e+01 3.800000e+00 4.936337e+00
      vertex   -1.396698e+01 1.250000e+01 4.936337e+00
    endloop
  endfacet
  facet normal -7.071068e-01 7.218816e-17 -7.071068e-01
    outer loop
      vertex   -1.396698e+01 1.250000e+01 4.936337e+00
      vertex   -1.396698e+01 3.800000e+00 4.936337e+00
      vertex   -1.428366e+01 1.250000e+01 5.253020e+00
    endloop
  endfacet
  facet normal -7.071068e-01 0.000000e+00 -7.071068e-01
    outer loop
      vertex   -1.396698e+01 1.250000e+01 4.936337e+00
      vertex   -1.428366e+01 1.250000e+01 5.253020e+00
      vertex   -1.428366e+01 2.120000e+01 5.253020e+00
    endloop
  endfacet
  facet normal -8.467242e-01 -0.000000e+00 -5.320321e-01
    outer loop
      vertex   -1.428366e+01 2.120000e+01 5.253020e+00
      vertex   -1.428366e+01 1.250000e+01 5.253020e+00
      vertex   -1.452194e+01 2.120000e+01 5.632233e+00
    endloop
  endfacet
  facet normal -8.467242e-01 0.000000e+00 -5.320321e-01
    outer loop
      vertex   -1.428366e+01 2.120000e+01 5.253020e+00
      vertex   -1.452194e+01 2.120000e+01 5.632233e+00
      vertex   -1.452194e+01 2.990000e+01 5.632233e+00
    endloop
  endfacet
  facet normal -9.438833e-01 -0.000000e+00 -3.302791e-01
    outer loop
      vertex   -1.452194e+01 2.990000e+01 5.632233e+00
      vertex   -1.452194e+01 2.120000e+01 5.632233e+00
      vertex   -1.466986e+01 2.990000e+01 6.054958e+00
    endloop
  endfacet
  facet normal -9.438833e-01 0.000000e+00 -3.302791e-01
    outer loop
      vertex   -1.452194e+01 2.990000e+01 5.632233e+00
      vertex   -1.466986e+01 2.990000e+01 6.054958e+00
      vertex   -1.466986e+01 3.860000e+01 6.054958e+00
    endloop
  endfacet
  facet normal -9.937122e-01 -0.000000e+00 -1.119645e-01
    outer loop
      vertex   -1.466986e+01 3.860000e+01 6.054958e+00
      vertex   -1.466986e+01 2.990000e+01 6.054958e+00
      vertex   -1.472000e+01 3.860000e+01 6.500000e+00
    endloop
  endfacet
  facet normal -9.937122e-01 0.000000e+00 -1.119645e-01
    outer loop
      vertex   -1.472000e+01 3.860000e+01 6.500000e+00
      vertex   -1.466986e+01 2.990000e+01 6.054958e+00
      vertex   -1.466986e+01 2.120000e+01 6.054958e+00
    endloop
  endfacet
  facet normal -9.937122e-01 0.000000e+00 -1.119645e-01
    outer loop
      vertex   -1.472000e+01 3.860000e+01 6.500000e+00
      vertex   -1.466986e+01 2.120000e+01 6.054958e+00
      vertex   -1.466986e+01 1.250000e+01 6.054958e+00
    endloop
  endfacet
  facet normal -9.438833e-01 0.000000e+00 -3.302791e-01
    outer loop
      vertex   -1.466986e+01 1.250000e+01 6.054958e+00
      vertex   -1.466986e+01 2.120000e+01 6.054958e+00
      vertex   -1.452194e+01 1.250000e+01 5.632233e+00
    endloop
  endfacet
  facet normal -9.438833e-01 -3.846666e-16 -3.302791e-01
    outer loop
      vertex   -1.466986e+01 1.250000e+01 6.054958e+00
      vertex   -1.452194e+01 1.250000e+01 5.632233e+00
      vertex   -1.452194e+01 3.800000e+00 5.632233e+00
    endloop
  endfacet
  facet normal -8.467242e-01 -3.457665e-16 -5.320321e-01
    outer loop
      vertex   -1.452194e+01 3.800000e+00 5.632233e+00
      vertex   -1.452194e+01 1.250000e+01 5.632233e+00
      vertex   -1.428366e+01 3.800000e+00 5.253020e+00
    endloop
  endfacet
  facet normal -8.467242e-01 1.068518e-16 -5.320321e-01
    outer loop
      vertex   -1.452194e+01 3.800000e+00 5.632233e+00
      vertex   -1.428366e+01 3.800000e+00 5.253020e+00
      vertex   -1.428366e+01 -4.900000e+00 5.253020e+00
    endloop
  endfacet
  facet normal -7.071068e-01 1.443763e-16 -7.071068e-01
    outer loop
      vertex   -1.428366e+01 -4.900000e+00 5.253020e+00
      vertex   -1.428366e+01 3.800000e+00 5.253020e+00
      vertex   -1.396698e+01 -4.900000e+00 4.936337e+00
    endloop
  endfacet
  facet normal -7.071068e-01 0.000000e+00 -7.071068e-01
    outer loop
      vertex   -1.428366e+01 -4.900000e+00 5.253020e+00
      vertex   -1.396698e+01 -4.900000e+00 4.936337e+00
      vertex   -1.396698e+01 -1.360000e+01 4.936337e+00
    endloop
  endfacet
  facet normal -5.320321e-01 0.000000e+00 -8.467242e-01
    outer loop
      vertex   -1.396698e+01 -1.360000e+01 4.936337e+00
      vertex   -1.396698e+01 -4.900000e+00 4.936337e+00
      vertex   -1.358777e+01 -1.360000e+01 4.698062e+00
    endloop
  endfacet
  facet normal -5.320321e-01 0.000000e+00 -8.467242e-01
    outer loop
      vertex   -1.396698e+01 -1.360000e+01 4.936337e+00
      vertex   -1.358777e+01 -1.360000e+01 4.698062e+00
      vertex   -1.358777e+01 -2.230000e+01 4.698062e+00
    endloop
  endfacet
  facet normal -3.302791e-01 0.000000e+00 -9.438833e-01
    outer loop
      vertex   -1.358777e+01 -2.230000e+01 4.698062e+00
      vertex   -1.358777e+01 -1.360000e+01 4.698062e+00
      vertex   -1.316504e+01 -2.230000e+01 4.550144e+00
    endloop
  endfacet
  facet normal -3.302791e-01 1.923333e-16 -9.438833e-01
    outer loop
      vertex   -1.358777e+01 -2.230000e+01 4.698062e+00
      vertex   -1.316504e+01 -2.230000e+01 4.550144e+00
      vertex   -1.316504e+01 -3.100000e+01 4.550144e+00
    endloop
  endfacet
  facet normal -3.302791e-01 9.616666e-17 -9.438833e-01
    outer loop
      vertex   -1.316504e+01 -3.100000e+01 4.550144e+00
      vertex   -1.358777e+01 -3.100000e+01 4.698062e+00
      vertex   -1.358777e+01 -2.230000e+01 4.698062e+00
    endloop
  endfacet
  facet normal -5.320321e-01 8.644163e-17 -8.467242e-01
    outer loop
      vertex   -1.358777e+01 -2.230000e+01 4.698062e+00
      vertex   -1.358777e+01 -3.100000e+01 4.698062e+00
      vertex   -1.396698e+01 -2.230000e+01 4.936337e+00
    endloop
  endfacet
  facet normal -5.320321e-01 0.000000e+00 -8.467242e-01
    outer loop
      vertex   -1.358777e+01 -2.230000e+01 4.698062e+00
      vertex   -1.396698e+01 -2.230000e+01 4.936337e+00
      vertex   -1.396698e+01 -1.360000e+01 4.936337e+00
    endloop
  endfacet
  facet normal -7.071068e-01 -0.000000e+00 -7.071068e-01
    outer loop
      vertex   -1.396698e+01 -1.360000e+01 4.936337e+00
      vertex   -1.396698e+01 -2.230000e+01 4.936337e+00
      vertex   -1.428366e+01 -1.360000e+01 5.253020e+00
    endloop
  endfacet
  facet normal -7.071068e-01 0.000000e+00 -7.071068e-01
    outer loop
      vertex   -1.396698e+01 -1.360000e+01 4.936337e+00
      vertex   -1.428366e+01 -1.360000e+01 5.253020e+00
      vertex   -1.428366e+01 -4.900000e+00 5.253020e+00
    endloop
  endfacet
  facet normal -8.467242e-01 -0.000000e+00 -5.320321e-01
    outer loop
      vertex   -1.428366e+01 -4.900000e+00 5.253020e+00
      vertex   -1.428366e+01 -1.360000e+01 5.253020e+00
      vertex   -1.452194e+01 -4.900000e+00 5.632233e+00
    endloop
  endfacet
  facet normal -8.467242e-01 0.000000e+00 -5.320321e-01
    outer loop
      vertex   -1.428366e+01 -4.900000e+00 5.253020e+00
      vertex   -1.452194e+01 -4.900000e+00 5.632233e+00
      vertex   -1.452194e+01 3.800000e+00 5.632233e+00
    endloop
  endfacet
  facet normal -9.438833e-01 -0.000000e+00 -3.302791e-01
    outer loop
      vertex   -1.452194e+01 3.800000e+00 5.632233e+00
      vertex   -1.452194e+01 -4.900000e+00 5.632233e+00
      vertex   -1.466986e+01 3.800000e+00 6.054958e+00
    endloop
  endfacet
  facet normal -9.438833e-01 0.000000e+00 -3.302791e-01
    outer loop
      vertex   -1.452194e+01 3.800000e+00 5.632233e+00
      vertex   -1.466986e+01 3.800000e+00 6.054958e+00
      vertex   -1.466986e+01 1.250000e+01 6.054958e+00
    endloop
  endfacet
  facet normal -9.937122e-01 -0.000000e+00 -1.119645e-01
    outer loop
      vertex   -1.466986e+01 1.250000e+01 6.054958e+00
      vertex   -1.466986e+01 3.800000e+00 6.054958e+00
      vertex   -1.472000e+01 3.860000e+01 6.500000e+00
    endloop
  endfacet
  facet normal -5.320321e-01 0.000000e+00 -8.467242e-01
    outer loop
      vertex   -1.358777e+01 -3.100000e+01 4.698062e+00
      vertex   -1.396698e+01 -3.100000e+01 4.936337e+00
      vertex   -1.396698e+01 -2.230000e+01 4.936337e+00
    endloop
  endfacet
  facet normal -7.071068e-01 -0.000000e+00 -7.071068e-01
    outer loop
      vertex   -1.396698e+01 -2.230000e+01 4.936337e+00
      vertex   -1.396698e+01 -3.100000e+01 4.936337e+00
      vertex   -1.428366e+01 -2.230000e+01 5.253020e+00
    endloop
  endfacet
  facet normal -7.071068e-01 0.000000e+00 -7.071068e-01
    outer loop
      vertex   -1.396698e+01 -2.230000e+01 4.936337e+00
      vertex   -1.428366e+01 -2.230000e+01 5.253020e+00
      vertex   -1.428366e+01 -1.360000e+01 5.253020e+00
    endloop
  endfacet
  facet normal -8.467242e-01 -0.000000e+00 -5.320321e-01
    outer loop
      vertex   -1.428366e+01 -1.360000e+01 5.253020e+00
      vertex   -1.428366e+01 -2.230000e+01 5.253020e+00
      vertex   -1.452194e+01 -1.360000e+01 5.632233e+00
    endloop
  endfacet
  facet normal -8.467242e-01 5.342592e-17 -5.320321e-01
    outer loop
      vertex   -1.428366e+01 -1.360000e+01 5.253020e+00
      vertex   -1.452194e+01 -1.360000e+01 5.632233e+00
      vertex   -1.452194e+01 -4.900000e+00 5.632233e+00
    endloop
  endfacet
  facet normal -9.438833e-01 3.371802e-17 -3.302791e-01
    outer loop
      vertex   -1.452194e+01 -4.900000e+00 5.632233e+00
      vertex   -1.452194e+01 -1.360000e+01 5.632233e+00
      vertex   -1.466986e+01 -4.900000e+00 6.054958e+00
    endloop
  endfacet
  facet normal -9.438833e-01 0.000000e+00 -3.302791e-01
    outer loop
      vertex   -1.452194e+01 -4.900000e+00 5.632233e+00
      vertex   -1.466986e+01 -4.900000e+00 6.054958e+00
      vertex   -1.466986e+01 3.800000e+00 6.054958e+00
    endloop
  endfacet
  facet normal -9.937122e-01 -0.000000e+00 -1.119645e-01
    outer loop
      vertex   -1.466986e+01 3.800000e+00 6.054958e+00
      vertex   -1.466986e+01 -4.900000e+00 6.054958e+00
      vertex   -1.472000e+01 -3.100000e+01 6.500000e+00
    endloop
  endfacet
  facet normal -9.937122e-01 0.000000e+00 -1.119645e-01
    outer loop
      vertex   -1.466986e+01 3.800000e+00 6.054958e+00
      vertex   -1.472000e+01 -3.100000e+01 6.500000e+00
      vertex   -1.472000e+01 3.860000e+01 6.500000e+00
    endloop
  endfacet
  facet normal -7.071068e-01 0.000000e+00 -7.071068e-01
    outer loop
      vertex   -1.396698e+01 -3.100000e+01 4.936337e+00
      vertex   -1.428366e+01 -3.100000e+01 5.253020e+00
      vertex   -1.428366e+01 -2.230000e+01 5.253020e+00
    endloop
  endfacet
  facet normal -8.467242e-01 -0.000000e+00 -5.320321e-01
    outer loop
      vertex   -1.428366e+01 -2.230000e+01 5.253020e+00
      vertex   -1.428366e+01 -3.100000e+01 5.253020e+00
      vertex   -1.452194e+01 -2.230000e+01 5.632233e+00
    endloop
  endfacet
  facet normal -8.467242e-01 0.000000e+00 -5.320321e-01
    outer loop
      vertex   -1.428366e+01 -2.230000e+01 5.253020e+00
      vertex   -1.452194e+01 -2.230000e+01 5.632233e+00
      vertex   -1.452194e+01 -1.360000e+01 5.632233e+00
    endloop
  endfacet
  facet normal -9.438833e-01 -0.000000e+00 -3.302791e-01
    outer loop
      vertex   -1.452194e+01 -1.360000e+01 5.632233e+00
      vertex   -1.452194e+01 -2.230000e+01 5.632233e+00
      vertex   -1.466986e+01 -1.360000e+01 6.054958e+00
    endloop
  endfacet
  facet normal -9.438833e-01 0.000000e+00 -3.302791e-01
    outer loop
      vertex   -1.452194e+01 -1.360000e+01 5.632233e+00
      vertex   -1.466986e+01 -1.360000e+01 6.054958e+00
      vertex   -1.466986e+01 -4.900000e+00 6.054958e+00
    endloop
  endfacet
  facet normal -9.937122e-01 -0.000000e+00 -1.119645e-01
    outer loop
      vertex   -1.466986e+01 -4.900000e+00 6.054958e+00
      vertex   -1.466986e+01 -1.360000e+01 6.054958e+00
      vertex   -1.472000e+01 -3.100000e+01 6.500000e+00
    endloop
  endfacet
  facet normal -8.467242e-01 0.000000e+00 -5.320321e-01
    outer loop
      vertex   -1.428366e+01 -3.100000e+01 5.253020e+00
      vertex   -1.452194e+01 -3.100000e+01 5.632233e+00
      vertex   -1.452194e+01 -2.230000e+01 5.632233e+00
    endloop
  endfacet
  facet normal -9.438833e-01 -0.000000e+00 -3.302791e-01
    outer loop
      vertex   -1.452194e+01 -2.230000e+01 5.632233e+00
      vertex   -1.452194e+01 -3.100000e+01 5.632233e+00
      vertex   -1.466986e+01 -2.230000e+01 6.054958e+00
    endloop
  endfacet
  facet normal -9.438833e-01 0.000000e+00 -3.302791e-01
    outer loop
      vertex   -1.452194e+01 -2.230000e+01 5.632233e+00
      vertex   -1.466986e+01 -2.230000e+01 6.054958e+00
      vertex   -1.466986e+01 -1.360000e+01 6.054958e+00
    endloop
  endfacet
  facet normal -9.937122e-01 -0.000000e+00 -1.119645e-01
    outer loop
      vertex   -1.466986e+01 -1.360000e+01 6.054958e+00
      vertex   -1.466986e+01 -2.230000e+01 6.054958e+00
      vertex   -1.472000e+01 -3.100000e+01 6.500000e+00
    endloop
  endfacet
  facet normal -9.438833e-01 0.000000e+00 -3.302791e-01
    outer loop
      vertex   -1.452194e+01 -3.100000e+01 5.632233e+00
      vertex   -1.466986e+01 -3.100000e+01 6.054958e+00
      vertex   -1.466986e+01 -2.230000e+01 6.054958e+00
    endloop
  endfacet
  facet normal -9.937122e-01 -0.000000e+00 -1.119645e-01
    outer loop
      vertex   -1.466986e+01 -2.230000e+01 6.054958e+00
      vertex   -1.466986e+01 -3.100000e+01 6.054958e+00
      vertex   -1.472000e+01 -3.100000e+01 6.500000e+00
    endloop
  endfacet
  facet normal -9.438833e-01 0.000000e+00 -3.302791e-01
    outer loop
      vertex   -1.466986e+01 3.860000e+01 6.054958e+00
      vertex   -1.452194e+01 3.860000e+01 5.632233e+00
      vertex   -1.452194e+01 2.990000e+01 5.632233e+00
    endloop
  endfacet
  facet normal -8.467242e-01 0.000000e+00 -5.320321e-01
    outer loop
      vertex   -1.452194e+01 2.990000e+01 5.632233e+00
      vertex   -1.452194e+01 3.860000e+01 5.632233e+00
      vertex   -1.428366e+01 2.990000e+01 5.253020e+00
    endloop
  endfacet
  facet normal -8.467242e-01 0.000000e+00 -5.320321e-01
    outer loop
      vertex   -1.452194e+01 2.990000e+01 5.632233e+00
      vertex   -1.428366e+01 2.990000e+01 5.253020e+00
      vertex   -1.428366e+01 2.120000e+01 5.253020e+00
    endloop
  endfacet
  facet normal -7.071068e-01 0.000000e+00 -7.071068e-01
    outer loop
      vertex   -1.428366e+01 2.120000e+01 5.253020e+00
      vertex   -1.428366e+01 2.990000e+01 5.253020e+00
      vertex   -1.396698e+01 2.120000e+01 4.936337e+00
    endloop
  endfacet
  facet normal -7.071068e-01 0.000000e+00 -7.071068e-01
    outer loop
      vertex   -1.428366e+01 2.120000e+01 5.253020e+00
      vertex   -1.396698e+01 2.120000e+01 4.936337e+00
      vertex   -1.396698e+01 1.250000e+01 4.936337e+00
    endloop
  endfacet
  facet normal -5.320321e-01 0.000000e+00 -8.467242e-01
    outer loop
      vertex   -1.396698e+01 1.250000e+01 4.936337e+00
      vertex   -1.396698e+01 2.120000e+01 4.936337e+00
      vertex   -1.358777e+01 1.250000e+01 4.698062e+00
    endloop
  endfacet
  facet normal -5.320321e-01 -2.172654e-16 -8.467242e-01
    outer loop
      vertex   -1.396698e+01 1.250000e+01 4.936337e+00
      vertex   -1.358777e+01 1.250000e+01 4.698062e+00
      vertex   -1.358777e+01 3.800000e+00 4.698062e+00
    endloop
  endfacet
  facet normal -3.302791e-01 -1.348721e-16 -9.438833e-01
    outer loop
      vertex   -1.358777e+01 3.800000e+00 4.698062e+00
      vertex   -1.358777e+01 1.250000e+01 4.698062e+00
      vertex   -1.316504e+01 3.800000e+00 4.550144e+00
    endloop
  endfacet
  facet normal -3.302791e-01 0.000000e+00 -9.438833e-01
    outer loop
      vertex   -1.358777e+01 3.800000e+00 4.698062e+00
      vertex   -1.316504e+01 3.800000e+00 4.550144e+00
      vertex   -1.316504e+01 -4.900000e+00 4.550144e+00
    endloop
  endfacet
  facet normal -1.119645e-01 0.000000e+00 -9.937122e-01
    outer loop
      vertex   -1.316504e+01 -4.900000e+00 4.550144e+00
      vertex   -1.316504e+01 3.800000e+00 4.550144e+00
      vertex   -1.272000e+01 -3.100000e+01 4.500000e+00
    endloop
  endfacet
  facet normal -8.467242e-01 0.000000e+00 -5.320321e-01
    outer loop
      vertex   -1.452194e+01 3.860000e+01 5.632233e+00
      vertex   -1.428366e+01 3.860000e+01 5.253020e+00
      vertex   -1.428366e+01 2.990000e+01 5.253020e+00
    endloop
  endfacet
  facet normal -7.071068e-01 0.000000e+00 -7.071068e-01
    outer loop
      vertex   -1.428366e+01 2.990000e+01 5.253020e+00
      vertex   -1.428366e+01 3.860000e+01 5.253020e+00
      vertex   -1.396698e+01 2.990000e+01 4.936337e+00
    endloop
  endfacet
  facet normal -7.071068e-01 0.000000e+00 -7.071068e-01
    outer loop
      vertex   -1.428366e+01 2.990000e+01 5.253020e+00
      vertex   -1.396698e+01 2.990000e+01 4.936337e+00
      vertex   -1.396698e+01 2.120000e+01 4.936337e+00
    endloop
  endfacet
  facet normal -5.320321e-01 0.000000e+00 -8.467242e-01
    outer loop
      vertex   -1.396698e+01 2.120000e+01 4.936337e+00
      vertex   -1.396698e+01 2.990000e+01 4.936337e+00
      vertex   -1.358777e+01 2.120000e+01 4.698062e+00
    endloop
  endfacet
  facet normal -5.320321e-01 0.000000e+00 -8.467242e-01
    outer loop
      vertex   -1.396698e+01 2.120000e+01 4.936337e+00
      vertex   -1.358777e+01 2.120000e+01 4.698062e+00
      vertex   -1.358777e+01 1.250000e+01 4.698062e+00
    endloop
  endfacet
  facet normal -3.302791e-01 0.000000e+00 -9.438833e-01
    outer loop
      vertex   -1.358777e+01 1.250000e+01 4.698062e+00
      vertex   -1.358777e+01 2.120000e+01 4.698062e+00
      vertex   -1.316504e+01 1.250000e+01 4.550144e+00
    endloop
  endfacet
  facet normal -3.302791e-01 0.000000e+00 -9.438833e-01
    outer loop
      vertex   -1.358777e+01 1.250000e+01 4.698062e+00
      vertex   -1.316504e+01 1.250000e+01 4.550144e+00
      vertex   -1.316504e+01 3.800000e+00 4.550144e+00
    endloop
  endfacet
  facet normal -1.119645e-01 0.000000e+00 -9.937122e-01
    outer loop
      vertex   -1.316504e+01 3.800000e+00 4.550144e+00
      vertex   -1.316504e+01 1.250000e+01 4.550144e+00
      vertex   -1.272000e+01 3.860000e+01 4.500000e+00
    endloop
  endfacet
  facet normal -1.119645e-01 -2.893904e-18 -9.937122e-01
    outer loop
      vertex   -1.316504e+01 3.800000e+00 4.550144e+00
      vertex   -1.272000e+01 3.860000e+01 4.500000e+00
      vertex   -1.272000e+01 -3.100000e+01 4.500000e+00
    endloop
  endfacet
  facet normal -7.071068e-01 0.000000e+00 -7.071068e-01
    outer loop
      vertex   -1.428366e+01 3.860000e+01 5.253020e+00
      vertex   -1.396698e+01 3.860000e+01 4.936337e+00
      vertex   -1.396698e+01 2.990000e+01 4.936337e+00
    endloop
  endfacet
  facet normal -5.320321e-01 0.000000e+00 -8.467242e-01
    outer loop
      vertex   -1.396698e+01 2.990000e+01 4.936337e+00
      vertex   -1.396698e+01 3.860000e+01 4.936337e+00
      vertex   -1.358777e+01 2.990000e+01 4.698062e+00
    endloop
  endfacet
  facet normal -5.320321e-01 8.548147e-17 -8.467242e-01
    outer loop
      vertex   -1.396698e+01 2.990000e+01 4.936337e+00
      vertex   -1.358777e+01 2.990000e+01 4.698062e+00
      vertex   -1.358777e+01 2.120000e+01 4.698062e+00
    endloop
  endfacet
  facet normal -3.302791e-01 9.636055e-17 -9.438833e-01
    outer loop
      vertex   -1.358777e+01 2.120000e+01 4.698062e+00
      vertex   -1.358777e+01 2.990000e+01 4.698062e+00
      vertex   -1.316504e+01 2.120000e+01 4.550144e+00
    endloop
  endfacet
  facet normal -3.302791e-01 0.000000e+00 -9.438833e-01
    outer loop
      vertex   -1.358777e+01 2.120000e+01 4.698062e+00
      vertex   -1.316504e+01 2.120000e+01 4.550144e+00
      vertex   -1.316504e+01 1.250000e+01 4.550144e+00
    endloop
  endfacet
  facet normal -1.119645e-01 0.000000e+00 -9.937122e-01
    outer loop
      vertex   -1.316504e+01 1.250000e+01 4.550144e+00
      vertex   -1.316504e+01 2.120000e+01 4.550144e+00
      vertex   -1.272000e+01 3.860000e+01 4.500000e+00
    endloop
  endfacet
  facet normal -5.320321e-01 -8.548147e-17 -8.467242e-01
    outer loop
      vertex   -1.396698e+01 3.860000e+01 4.936337e+00
      vertex   -1.358777e+01 3.860000e+01 4.698062e+00
      vertex   -1.358777e+01 2.990000e+01 4.698062e+00
    endloop
  endfacet
  facet normal -3.302791e-01 -9.636055e-17 -9.438833e-01
    outer loop
      vertex   -1.358777e+01 2.990000e+01 4.698062e+00
      vertex   -1.358777e+01 3.860000e+01 4.698062e+00
      vertex   -1.316504e+01 2.990000e+01 4.550144e+00
    endloop
  endfacet
  facet normal -3.302791e-01 0.000000e+00 -9.438833e-01
    outer loop
      vertex   -1.358777e+01 2.990000e+01 4.698062e+00
      vertex   -1.316504e+01 2.990000e+01 4.550144e+00
      vertex   -1.316504e+01 2.120000e+01 4.550144e+00
    endloop
  endfacet
  facet normal -1.119645e-01 0.000000e+00 -9.937122e-01
    outer loop
      vertex   -1.316504e+01 2.120000e+01 4.550144e+00
      vertex   -1.316504e+01 2.990000e+01 4.550144e+00
      vertex   -1.272000e+01 3.860000e+01 4.500000e+00
    endloop
  endfacet
  facet normal -3.302791e-01 0.000000e+00 -9.438833e-01
    outer loop
      vertex   -1.358777e+01 3.860000e+01 4.698062e+00
      vertex   -1.316504e+01 3.860000e+01 4.550144e+00
      vertex   -1.316504e+01 2.990000e+01 4.550144e+00
    endloop
  endfacet
  facet normal -1.119645e-01 0.000000e+00 -9.937122e-01
    outer loop
      vertex   -1.316504e+01 2.990000e+01 4.550144e+00
      vertex   -1.316504e+01 3.860000e+01 4.550144e+00
      vertex   -1.272000e+01 3.860000e+01 4.500000e+00
    endloop
  endfacet
  facet normal -3.302791e-01 9.636055e-17 -9.438833e-01
    outer loop
      vertex   -1.358777e+01 -4.900000e+00 4.698062e+00
      vertex   -1.316504e+01 -1.360000e+01 4.550144e+00
      vertex   -1.358777e+01 -1.360000e+01 4.698062e+00
    endloop
  endfacet
  facet normal -3.302791e-01 0.000000e+00 -9.438833e-01
    outer loop
      vertex   -1.358777e+01 -1.360000e+01 4.698062e+00
      vertex   -1.316504e+01 -1.360000e+01 4.550144e+00
      vertex   -1.316504e+01 -2.230000e+01 4.550144e+00
    endloop
  endfacet
  facet normal -5.320321e-01 -0.000000e+00 -8.467242e-01
    outer loop
      vertex   -1.396698e+01 3.800000e+00 4.936337e+00
      vertex   -1.358777e+01 -4.900000e+00 4.698062e+00
      vertex   -1.396698e+01 -4.900000e+00 4.936337e+00
    endloop
  endfacet
  facet normal -5.320321e-01 8.548147e-17 -8.467242e-01
    outer loop
      vertex   -1.396698e+01 -4.900000e+00 4.936337e+00
      vertex   -1.358777e+01 -4.900000e+00 4.698062e+00
      vertex   -1.358777e+01 -1.360000e+01 4.698062e+00
    endloop
  endfacet
  facet normal -7.071068e-01 -0.000000e+00 -7.071068e-01
    outer loop
      vertex   -1.428366e+01 1.250000e+01 5.253020e+00
      vertex   -1.396698e+01 3.800000e+00 4.936337e+00
      vertex   -1.428366e+01 3.800000e+00 5.253020e+00
    endloop
  endfacet
  facet normal -7.071068e-01 0.000000e+00 -7.071068e-01
    outer loop
      vertex   -1.428366e+01 3.800000e+00 5.253020e+00
      vertex   -1.396698e+01 3.800000e+00 4.936337e+00
      vertex   -1.396698e+01 -4.900000e+00 4.936337e+00
    endloop
  endfacet
  facet normal -8.467242e-01 -0.000000e+00 -5.320321e-01
    outer loop
      vertex   -1.452194e+01 2.120000e+01 5.632233e+00
      vertex   -1.428366e+01 1.250000e+01 5.253020e+00
      vertex   -1.452194e+01 1.250000e+01 5.632233e+00
    endloop
  endfacet
  facet normal -8.467242e-01 0.000000e+00 -5.320321e-01
    outer loop
      vertex   -1.452194e+01 1.250000e+01 5.632233e+00
      vertex   -1.428366e+01 1.250000e+01 5.253020e+00
      vertex   -1.428366e+01 3.800000e+00 5.253020e+00
    endloop
  endfacet
  facet normal -9.438833e-01 -0.000000e+00 -3.302791e-01
    outer loop
      vertex   -1.466986e+01 2.990000e+01 6.054958e+00
      vertex   -1.452194e+01 2.120000e+01 5.632233e+00
      vertex   -1.466986e+01 2.120000e+01 6.054958e+00
    endloop
  endfacet
  facet normal -9.438833e-01 0.000000e+00 -3.302791e-01
    outer loop
      vertex   -1.466986e+01 2.120000e+01 6.054958e+00
      vertex   -1.452194e+01 2.120000e+01 5.632233e+00
      vertex   -1.452194e+01 1.250000e+01 5.632233e+00
    endloop
  endfacet
  facet normal 8.715574e-02 9.961947e-01 -8.975055e-17
    outer loop
      vertex   3.986000e+01 4.210000e+01 6.500000e+00
      vertex   3.986000e+01 4.210000e+01 1.340000e+01
      vertex   4.046777e+01 4.204683e+01 6.500000e+00
    endloop
  endfacet
  facet normal 8.715574e-02 9.961947e-01 -0.000000e+00
    outer loop
      vertex   4.046777e+01 4.204683e+01 6.500000e+00
      vertex   3.986000e+01 4.210000e+01 1.340000e+01
      vertex   4.046777e+01 4.204683e+01 1.340000e+01
    endloop
  endfacet
  facet normal 2.588190e-01 9.659258e-01 -0.000000e+00
    outer loop
      vertex   4.046777e+01 4.204683e+01 6.500000e+00
      vertex   4.046777e+01 4.204683e+01 1.340000e+01
      vertex   4.105707e+01 4.188892e+01 6.500000e+00
    endloop
  endfacet
  facet normal 2.588190e-01 9.659258e-01 -0.000000e+00
    outer loop
      vertex   4.105707e+01 4.188892e+01 6.500000e+00
      vertex   4.046777e+01 4.204683e+01 1.340000e+01
      vertex   4.105707e+01 4.188892e+01 1.340000e+01
    endloop
  endfacet
  facet normal 4.226183e-01 9.063078e-01 -0.000000e+00
    outer loop
      vertex   4.105707e+01 4.188892e+01 6.500000e+00
      vertex   4.105707e+01 4.188892e+01 1.340000e+01
      vertex   4.161000e+01 4.163109e+01 6.500000e+00
    endloop
  endfacet
  facet normal 4.226183e-01 9.063078e-01 -0.000000e+00
    outer loop
      vertex   4.161000e+01 4.163109e+01 6.500000e+00
      vertex   4.105707e+01 4.188892e+01 1.340000e+01
      vertex   4.161000e+01 4.163109e+01 1.340000e+01
    endloop
  endfacet
  facet normal 5.735764e-01 8.191520e-01 -0.000000e+00
    outer loop
      vertex   4.161000e+01 4.163109e+01 6.500000e+00
      vertex   4.161000e+01 4.163109e+01 1.340000e+01
      vertex   4.210976e+01 4.128116e+01 6.500000e+00
    endloop
  endfacet
  facet normal 5.735764e-01 8.191520e-01 -0.000000e+00
    outer loop
      vertex   4.210976e+01 4.128116e+01 6.500000e+00
      vertex   4.161000e+01 4.163109e+01 1.340000e+01
      vertex   4.210976e+01 4.128116e+01 1.340000e+01
    endloop
  endfacet
  facet normal 7.071068e-01 7.071068e-01 -0.000000e+00
    outer loop
      vertex   4.210976e+01 4.128116e+01 6.500000e+00
      vertex   4.210976e+01 4.128116e+01 1.340000e+01
      vertex   4.254116e+01 4.084976e+01 6.500000e+00
    endloop
  endfacet
  facet normal 7.071068e-01 7.071068e-01 -0.000000e+00
    outer loop
      vertex   4.254116e+01 4.084976e+01 6.500000e+00
      vertex   4.210976e+01 4.128116e+01 1.340000e+01
      vertex   4.254116e+01 4.084976e+01 1.340000e+01
    endloop
  endfacet
  facet normal 8.191520e-01 5.735764e-01 -0.000000e+00
    outer loop
      vertex   4.254116e+01 4.084976e+01 6.500000e+00
      vertex   4.254116e+01 4.084976e+01 1.340000e+01
      vertex   4.289109e+01 4.035000e+01 6.500000e+00
    endloop
  endfacet
  facet normal 8.191520e-01 5.735764e-01 -0.000000e+00
    outer loop
      vertex   4.289109e+01 4.035000e+01 6.500000e+00
      vertex   4.254116e+01 4.084976e+01 1.340000e+01
      vertex   4.289109e+01 4.035000e+01 1.340000e+01
    endloop
  endfacet
  facet normal 9.063078e-01 4.226183e-01 -0.000000e+00
    outer loop
      vertex   4.289109e+01 4.035000e+01 6.500000e+00
      vertex   4.289109e+01 4.035000e+01 1.340000e+01
      vertex   4.314892e+01 3.979707e+01 6.500000e+00
    endloop
  endfacet
  facet normal 9.063078e-01 4.226183e-01 -0.000000e+00
    outer loop
      vertex   4.314892e+01 3.979707e+01 6.500000e+00
      vertex   4.289109e+01 4.035000e+01 1.340000e+01
      vertex   4.314892e+01 3.979707e+01 1.340000e+01
    endloop
  endfacet
  facet normal 9.659258e-01 2.588190e-01 -0.000000e+00
    outer loop
      vertex   4.314892e+01 3.979707e+01 6.500000e+00
      vertex   4.314892e+01 3.979707e+01 1.340000e+01
      vertex   4.330683e+01 3.920777e+01 6.500000e+00
    endloop
  endfacet
  facet normal 9.659258e-01 2.588190e-01 -0.000000e+00
    outer loop
      vertex   4.330683e+01 3.920777e+01 6.500000e+00
      vertex   4.314892e+01 3.979707e+01 1.340000e+01
      vertex   4.330683e+01 3.920777e+01 1.340000e+01
    endloop
  endfacet
  facet normal 9.961947e-01 8.715574e-02 -0.000000e+00
    outer loop
      vertex   4.330683e+01 3.920777e+01 6.500000e+00
      vertex   4.330683e+01 3.920777e+01 1.340000e+01
      vertex   4.336000e+01 3.860000e+01 6.500000e+00
    endloop
  endfacet
  facet normal 9.961947e-01 8.715574e-02 -8.975055e-17
    outer loop
      vertex   4.336000e+01 3.860000e+01 6.500000e+00
      vertex   4.330683e+01 3.920777e+01 1.340000e+01
      vertex   4.336000e+01 3.860000e+01 1.340000e+01
    endloop
  endfacet
  facet normal 0.000000e+00 1.000000e+00 0.000000e+00
    outer loop
      vertex   3.986000e+01 4.210000e+01 1.340000e+01
      vertex   -2.400000e+00 4.210000e+01 6.500000e+00
      vertex   -1.122000e+01 4.210000e+01 1.340000e+01
    endloop
  endfacet
  facet normal 0.000000e+00 1.000000e+00 0.000000e+00
    outer loop
      vertex   -1.122000e+01 4.210000e+01 1.340000e+01
      vertex   -2.400000e+00 4.210000e+01 6.500000e+00
      vertex   -1.085000e+01 4.210000e+01 6.500000e+00
    endloop
  endfacet
  facet normal 0.000000e+00 1.000000e+00 0.000000e+00
    outer loop
      vertex   -1.122000e+01 4.210000e+01 1.340000e+01
      vertex   -1.085000e+01 4.210000e+01 6.500000e+00
      vertex   -1.122000e+01 4.210000e+01 6.500000e+00
    endloop
  endfacet
  facet normal 0.000000e+00 1.000000e+00 0.000000e+00
    outer loop
      vertex   3.986000e+01 4.210000e+01 1.340000e+01
      vertex   3.986000e+01 4.210000e+01 6.500000e+00
      vertex   -2.400000e+00 4.210000e+01 6.500000e+00
    endloop
  endfacet
  facet normal 0.000000e+00 9.999998e-01 -5.493117e-04
    outer loop
      vertex   -2.400000e+00 4.210000e+01 6.500000e+00
      vertex   -2.400000e+00 4.210000e+01 6.497803e+00
      vertex   -1.085000e+01 4.210000e+01 6.500000e+00
    endloop
  endfacet
  facet normal 1.154781e-19 9.999998e-01 -5.493117e-04
    outer loop
      vertex   -1.085000e+01 4.210000e+01 6.500000e+00
      vertex   -2.400000e+00 4.210000e+01 6.497803e+00
      vertex   -1.085000e+01 4.210000e+01 6.497803e+00
    endloop
  endfacet
  facet normal 3.464284e-19 9.999986e-01 -1.647935e-03
    outer loop
      vertex   -1.085000e+01 4.210000e+01 6.497803e+00
      vertex   -2.400000e+00 4.210000e+01 6.497803e+00
      vertex   -2.400000e+00 4.210000e+01 6.495606e+00
    endloop
  endfacet
  facet normal 8.659969e-19 9.999986e-01 -1.647935e-03
    outer loop
      vertex   -1.085000e+01 4.210000e+01 6.497803e+00
      vertex   -2.400000e+00 4.210000e+01 6.495606e+00
      vertex   -1.085000e+01 4.210000e+01 6.495606e+00
    endloop
  endfacet
  facet normal 1.443450e-18 9.999962e-01 -2.746555e-03
    outer loop
      vertex   -1.085000e+01 4.210000e+01 6.495606e+00
      vertex   -2.400000e+00 4.210000e+01 6.495606e+00
      vertex   -2.400000e+00 4.209999e+01 6.493408e+00
    endloop
  endfacet
  facet normal 1.732172e-18 9.999962e-01 -2.746555e-03
    outer loop
      vertex   -1.085000e+01 4.210000e+01 6.495606e+00
      vertex   -2.400000e+00 4.209999e+01 6.493408e+00
      vertex   -1.085000e+01 4.209999e+01 6.493408e+00
    endloop
  endfacet
  facet normal 0.000000e+00 0.000000e+00 -1.000000e+00
    outer loop
      vertex   -1.160823e+01 -3.244889e+01 4.500000e+00
      vertex   -1.272000e+01 -3.100000e+01 4.500000e+00
      vertex   -1.122000e+01 -3.250000e+01 4.500000e+00
    endloop
  endfacet
  facet normal 0.000000e+00 0.000000e+00 -1.000000e+00
    outer loop
      vertex   -1.122000e+01 -3.250000e+01 4.500000e+00
      vertex   -1.272000e+01 -3.100000e+01 4.500000e+00
      vertex   -1.122000e+01 4.010000e+01 4.500000e+00
    endloop
  endfacet
  facet normal 0.000000e+00 0.000000e+00 -1.000000e+00
    outer loop
      vertex   -1.122000e+01 -3.250000e+01 4.500000e+00
      vertex   -1.122000e+01 4.010000e+01 4.500000e+00
      vertex   3.986000e+01 4.010000e+01 4.500000e+00
    endloop
  endfacet
  facet normal 0.000000e+00 0.000000e+00 -1.000000e+00
    outer loop
      vertex   -1.160823e+01 -3.244889e+01 4.500000e+00
      vertex   -1.197000e+01 -3.229904e+01 4.500000e+00
      vertex   -1.272000e+01 -3.100000e+01 4.500000e+00
    endloop
  endfacet
  facet normal 0.000000e+00 0.000000e+00 -1.000000e+00
    outer loop
      vertex   -1.272000e+01 -3.100000e+01 4.500000e+00
      vertex   -1.197000e+01 -3.229904e+01 4.500000e+00
      vertex   -1.228066e+01 -3.206066e+01 4.500000e+00
    endloop
  endfacet
  facet normal 0.000000e+00 0.000000e+00 -1.000000e+00
    outer loop
      vertex   -1.272000e+01 -3.100000e+01 4.500000e+00
      vertex   -1.228066e+01 -3.206066e+01 4.500000e+00
      vertex   -1.251904e+01 -3.175000e+01 4.500000e+00
    endloop
  endfacet
  facet normal 0.000000e+00 0.000000e+00 -1.000000e+00
    outer loop
      vertex   -1.251904e+01 -3.175000e+01 4.500000e+00
      vertex   -1.266889e+01 -3.138823e+01 4.500000e+00
      vertex   -1.272000e+01 -3.100000e+01 4.500000e+00
    endloop
  endfacet
  facet normal 0.000000e+00 0.000000e+00 -1.000000e+00
    outer loop
      vertex   -1.272000e+01 -3.100000e+01 4.500000e+00
      vertex   -1.272000e+01 3.860000e+01 4.500000e+00
      vertex   -1.122000e+01 4.010000e+01 4.500000e+00
    endloop
  endfacet
  facet normal 0.000000e+00 0.000000e+00 -1.000000e+00
    outer loop
      vertex   -1.122000e+01 4.010000e+01 4.500000e+00
      vertex   -1.272000e+01 3.860000e+01 4.500000e+00
      vertex   -1.160823e+01 4.004889e+01 4.500000e+00
    endloop
  endfacet
  facet normal 0.000000e+00 0.000000e+00 -1.000000e+00
    outer loop
      vertex   -1.160823e+01 4.004889e+01 4.500000e+00
      vertex   -1.272000e+01 3.860000e+01 4.500000e+00
      vertex   -1.197000e+01 3.989904e+01 4.500000e+00
    endloop
  endfacet
  facet normal 0.000000e+00 0.000000e+00 -1.000000e+00
    outer loop
      vertex   -1.197000e+01 3.989904e+01 4.500000e+00
      vertex   -1.272000e+01 3.860000e+01 4.500000e+00
      vertex   -1.228066e+01 3.966066e+01 4.500000e+00
    endloop
  endfacet
  facet normal 0.000000e+00 0.000000e+00 -1.000000e+00
    outer loop
      vertex   -1.228066e+01 3.966066e+01 4.500000e+00
      vertex   -1.272000e+01 3.860000e+01 4.500000e+00
      vertex   -1.251904e+01 3.935000e+01 4.500000e+00
    endloop
  endfacet
  facet normal 0.000000e+00 0.000000e+00 -1.000000e+00
    outer loop
      vertex   -1.251904e+01 3.935000e+01 4.500000e+00
      vertex   -1.272000e+01 3.860000e+01 4.500000e+00
      vertex   -1.266889e+01 3.898823e+01 4.500000e+00
    endloop
  endfacet
  facet normal -0.000000e+00 -0.000000e+00 -1.000000e+00
    outer loop
      vertex   4.024823e+01 4.004889e+01 4.500000e+00
      vertex   4.136000e+01 3.860000e+01 4.500000e+00
      vertex   3.986000e+01 4.010000e+01 4.500000e+00
    endloop
  endfacet
  facet normal 0.000000e+00 0.000000e+00 -1.000000e+00
    outer loop
      vertex   3.986000e+01 4.010000e+01 4.500000e+00
      vertex   4.136000e+01 3.860000e+01 4.500000e+00
      vertex   4.136000e+01 -3.100000e+01 4.500000e+00
    endloop
  endfacet
  facet normal 0.000000e+00 0.000000e+00 -1.000000e+00
    outer loop
      vertex   3.986000e+01 4.010000e+01 4.500000e+00
      vertex   4.136000e+01 -3.100000e+01 4.500000e+00
      vertex   3.986000e+01 -3.250000e+01 4.500000e+00
    endloop
  endfacet
  facet normal 0.000000e+00 0.000000e+00 -1.000000e+00
    outer loop
      vertex   3.986000e+01 -3.250000e+01 4.500000e+00
      vertex   4.136000e+01 -3.100000e+01 4.500000e+00
      vertex   4.024823e+01 -3.244889e+01 4.500000e+00
    endloop
  endfacet
  facet normal 0.000000e+00 0.000000e+00 -1.000000e+00
    outer loop
      vertex   4.024823e+01 -3.244889e+01 4.500000e+00
      vertex   4.136000e+01 -3.100000e+01 4.500000e+00
      vertex   4.061000e+01 -3.229904e+01 4.500000e+00
    endloop
  endfacet
  facet normal 0.000000e+00 0.000000e+00 -1.000000e+00
    outer loop
      vertex   4.061000e+01 -3.229904e+01 4.500000e+00
      vertex   4.136000e+01 -3.100000e+01 4.500000e+00
      vertex   4.092066e+01 -3.206066e+01 4.500000e+00
    endloop
  endfacet
  facet normal 0.000000e+00 0.000000e+00 -1.000000e+00
    outer loop
      vertex   4.092066e+01 -3.206066e+01 4.500000e+00
      vertex   4.136000e+01 -3.100000e+01 4.500000e+00
      vertex   4.115904e+01 -3.175000e+01 4.500000e+00
    endloop
  endfacet
  facet normal 0.000000e+00 0.000000e+00 -1.000000e+00
    outer loop
      vertex   4.115904e+01 -3.175000e+01 4.500000e+00
      vertex   4.136000e+01 -3.100000e+01 4.500000e+00
      vertex   4.130889e+01 -3.138823e+01 4.500000e+00
    endloop
  endfacet
  facet normal 0.000000e+00 0.000000e+00 -1.000000e+00
    outer loop
      vertex   4.024823e+01 4.004889e+01 4.500000e+00
      vertex   4.061000e+01 3.989904e+01 4.500000e+00
      vertex   4.136000e+01 3.860000e+01 4.500000e+00
    endloop
  endfacet
  facet normal 0.000000e+00 0.000000e+00 -1.000000e+00
    outer loop
      vertex   4.136000e+01 3.860000e+01 4.500000e+00
      vertex   4.061000e+01 3.989904e+01 4.500000e+00
      vertex   4.092066e+01 3.966066e+01 4.500000e+00
    endloop
  endfacet
  facet normal 0.000000e+00 0.000000e+00 -1.000000e+00
    outer loop
      vertex   4.136000e+01 3.860000e+01 4.500000e+00
      vertex   4.092066e+01 3.966066e+01 4.500000e+00
      vertex   4.115904e+01 3.935000e+01 4.500000e+00
    endloop
  endfacet
  facet normal 0.000000e+00 0.000000e+00 -1.000000e+00
    outer loop
      vertex   4.115904e+01 3.935000e+01 4.500000e+00
      vertex   4.130889e+01 3.898823e+01 4.500000e+00
      vertex   4.136000e+01 3.860000e+01 4.500000e+00
    endloop
  endfacet
  facet normal -0.000000e+00 0.000000e+00 -1.000000e+00
    outer loop
      vertex   3.986000e+01 -3.250000e+01 4.500000e+00
      vertex   -1.122000e+01 -3.250000e+01 4.500000e+00
      vertex   3.986000e+01 4.010000e+01 4.500000e+00
    endloop
  endfacet
  facet normal -1.000000e+00 -0.000000e+00 0.000000e+00
    outer loop
      vertex   -1.472000e+01 3.860000e+01 1.340000e+01
      vertex   -1.472000e+01 3.860000e+01 6.500000e+00
      vertex   -1.472000e+01 -3.100000e+01 1.340000e+01
    endloop
  endfacet
  facet normal -1.000000e+00 0.000000e+00 0.000000e+00
    outer loop
      vertex   -1.472000e+01 -3.100000e+01 1.340000e+01
      vertex   -1.472000e+01 3.860000e+01 6.500000e+00
      vertex   -1.472000e+01 -3.100000e+01 6.500000e+00
    endloop
  endfacet
  facet normal -9.961947e-01 8.715574e-02 -8.975055e-17
    outer loop
      vertex   -1.472000e+01 3.860000e+01 6.500000e+00
      vertex   -1.472000e+01 3.860000e+01 1.340000e+01
      vertex   -1.466683e+01 3.920777e+01 6.500000e+00
    endloop
  endfacet
  facet normal -9.961947e-01 8.715574e-02 0.000000e+00
    outer loop
      vertex   -1.466683e+01 3.920777e+01 6.500000e+00
      vertex   -1.472000e+01 3.860000e+01 1.340000e+01
      vertex   -1.466683e+01 3.920777e+01 1.340000e+01
    endloop
  endfacet
  facet normal -9.659258e-01 2.588190e-01 0.000000e+00
    outer loop
      vertex   -1.466683e+01 3.920777e+01 6.500000e+00
      vertex   -1.466683e+01 3.920777e+01 1.340000e+01
      vertex   -1.450892e+01 3.979707e+01 6.500000e+00
    endloop
  endfacet
  facet normal -9.659258e-01 2.588190e-01 4.973417e-16
    outer loop
      vertex   -1.450892e+01 3.979707e+01 6.500000e+00
      vertex   -1.466683e+01 3.920777e+01 1.340000e+01
      vertex   -1.450892e+01 3.979707e+01 1.340000e+01
    endloop
  endfacet
  facet normal -9.063078e-01 4.226183e-01 4.666452e-16
    outer loop
      vertex   -1.450892e+01 3.979707e+01 6.500000e+00
      vertex   -1.450892e+01 3.979707e+01 1.340000e+01
      vertex   -1.425109e+01 4.035000e+01 6.500000e+00
    endloop
  endfacet
  facet normal -9.063078e-01 4.226183e-01 2.333226e-16
    outer loop
      vertex   -1.425109e+01 4.035000e+01 6.500000e+00
      vertex   -1.450892e+01 3.979707e+01 1.340000e+01
      vertex   -1.425109e+01 4.035000e+01 1.340000e+01
    endloop
  endfacet
  facet normal -8.191520e-01 5.735764e-01 2.108850e-16
    outer loop
      vertex   -1.425109e+01 4.035000e+01 6.500000e+00
      vertex   -1.425109e+01 4.035000e+01 1.340000e+01
      vertex   -1.390116e+01 4.084976e+01 6.500000e+00
    endloop
  endfacet
  facet normal -8.191520e-01 5.735764e-01 0.000000e+00
    outer loop
      vertex   -1.390116e+01 4.084976e+01 6.500000e+00
      vertex   -1.425109e+01 4.035000e+01 1.340000e+01
      vertex   -1.390116e+01 4.084976e+01 1.340000e+01
    endloop
  endfacet
  facet normal -7.071068e-01 7.071068e-01 0.000000e+00
    outer loop
      vertex   -1.390116e+01 4.084976e+01 6.500000e+00
      vertex   -1.390116e+01 4.084976e+01 1.340000e+01
      vertex   -1.346976e+01 4.128116e+01 6.500000e+00
    endloop
  endfacet
  facet normal -7.071068e-01 7.071068e-01 0.000000e+00
    outer loop
      vertex   -1.346976e+01 4.128116e+01 6.500000e+00
      vertex   -1.390116e+01 4.084976e+01 1.340000e+01
      vertex   -1.346976e+01 4.128116e+01 1.340000e+01
    endloop
  endfacet
  facet normal -5.735764e-01 8.191520e-01 0.000000e+00
    outer loop
      vertex   -1.346976e+01 4.128116e+01 6.500000e+00
      vertex   -1.346976e+01 4.128116e+01 1.340000e+01
      vertex   -1.297000e+01 4.163109e+01 6.500000e+00
    endloop
  endfacet
  facet normal -5.735764e-01 8.191520e-01 2.953265e-16
    outer loop
      vertex   -1.297000e+01 4.163109e+01 6.500000e+00
      vertex   -1.346976e+01 4.128116e+01 1.340000e+01
      vertex   -1.297000e+01 4.163109e+01 1.340000e+01
    endloop
  endfacet
  facet normal -4.226183e-01 9.063078e-01 2.176002e-16
    outer loop
      vertex   -1.297000e+01 4.163109e+01 6.500000e+00
      vertex   -1.297000e+01 4.163109e+01 1.340000e+01
      vertex   -1.241707e+01 4.188892e+01 6.500000e+00
    endloop
  endfacet
  facet normal -4.226183e-01 9.063078e-01 1.088001e-16
    outer loop
      vertex   -1.241707e+01 4.188892e+01 6.500000e+00
      vertex   -1.297000e+01 4.163109e+01 1.340000e+01
      vertex   -1.241707e+01 4.188892e+01 1.340000e+01
    endloop
  endfacet
  facet normal -2.588190e-01 9.659258e-01 6.663116e-17
    outer loop
      vertex   -1.241707e+01 4.188892e+01 6.500000e+00
      vertex   -1.241707e+01 4.188892e+01 1.340000e+01
      vertex   -1.182777e+01 4.204683e+01 6.500000e+00
    endloop
  endfacet
  facet normal -2.588190e-01 9.659258e-01 6.663116e-17
    outer loop
      vertex   -1.182777e+01 4.204683e+01 6.500000e+00
      vertex   -1.241707e+01 4.188892e+01 1.340000e+01
      vertex   -1.182777e+01 4.204683e+01 1.340000e+01
    endloop
  endfacet
  facet normal -8.715574e-02 9.961947e-01 2.243764e-17
    outer loop
      vertex   -1.182777e+01 4.204683e+01 6.500000e+00
      vertex   -1.182777e+01 4.204683e+01 1.340000e+01
      vertex   -1.122000e+01 4.210000e+01 6.500000e+00
    endloop
  endfacet
  facet normal -8.715574e-02 9.961947e-01 0.000000e+00
    outer loop
      vertex   -1.122000e+01 4.210000e+01 6.500000e+00
      vertex   -1.182777e+01 4.204683e+01 1.340000e+01
      vertex   -1.122000e+01 4.210000e+01 1.340000e+01
    endloop
  endfacet
  facet normal -1.000000e+00 -0.000000e+00 -0.000000e+00
    outer loop
      vertex   4.186000e+01 4.060000e+01 1.340000e+01
      vertex   4.186000e+01 4.060000e+01 6.000000e+00
      vertex   4.186000e+01 -3.300000e+01 1.340000e+01
    endloop
  endfacet
  facet normal -1.000000e+00 0.000000e+00 0.000000e+00
    outer loop
      vertex   4.186000e+01 -3.300000e+01 1.340000e+01
      vertex   4.186000e+01 4.060000e+01 6.000000e+00
      vertex   4.186000e+01 -3.300000e+01 6.000000e+00
    endloop
  endfacet
  facet normal 0.000000e+00 0.000000e+00 1.000000e+00
    outer loop
      vertex   6.100000e+00 -2.850000e+00 1.160000e+01
      vertex   5.300000e+00 -2.850000e+00 1.160000e+01
      vertex   6.100000e+00 -3.300000e+01 1.160000e+01
    endloop
  endfacet
  facet normal 0.000000e+00 0.000000e+00 1.000000e+00
    outer loop
      vertex   6.100000e+00 -3.300000e+01 1.160000e+01
      vertex   5.300000e+00 -2.850000e+00 1.160000e+01
      vertex   5.300000e+00 -3.300000e+01 1.160000e+01
    endloop
  endfacet
  facet normal 0.000000e+00 0.000000e+00 1.000000e+00
    outer loop
      vertex   6.100000e+00 -3.300000e+01 1.160000e+01
      vertex   5.300000e+00 -3.300000e+01 1.160000e+01
      vertex   6.100000e+00 -3.300237e+01 1.160000e+01
    endloop
  endfacet
  facet normal 0.000000e+00 0.000000e+00 1.000000e+00
    outer loop
      vertex   6.100000e+00 -3.300237e+01 1.160000e+01
      vertex   5.300000e+00 -3.300000e+01 1.160000e+01
      vertex   5.300000e+00 -3.300237e+01 1.160000e+01
    endloop
  endfacet
  facet normal -1.000000e+00 -0.000000e+00 0.000000e+00
    outer loop
      vertex   5.300000e+00 -2.850000e+00 1.160000e+01
      vertex   5.300000e+00 -3.650000e+00 9.000000e+00
      vertex   5.300000e+00 -3.300000e+01 1.160000e+01
    endloop
  endfacet
  facet normal -1.000000e+00 2.785228e-16 3.144094e-15
    outer loop
      vertex   5.300000e+00 -3.300000e+01 1.160000e+01
      vertex   5.300000e+00 -3.650000e+00 9.000000e+00
      vertex   5.300000e+00 -3.235000e+01 9.000000e+00
    endloop
  endfacet
  facet normal -1.000000e+00 1.366428e-15 3.416071e-15
    outer loop
      vertex   5.300000e+00 -3.300000e+01 1.160000e+01
      vertex   5.300000e+00 -3.235000e+01 9.000000e+00
      vertex   5.300000e+00 -3.300000e+01 9.000000e+00
    endloop
  endfacet
  facet normal -1.000000e+00 0.000000e+00 -0.000000e+00
    outer loop
      vertex   5.300000e+00 -2.850000e+00 1.160000e+01
      vertex   5.300000e+00 -2.850000e+00 9.000000e+00
      vertex   5.300000e+00 -3.650000e+00 9.000000e+00
    endloop
  endfacet
  facet normal -1.000000e+00 2.166289e-16 0.000000e+00
    outer loop
      vertex   5.300000e+00 -3.650000e+00 6.000000e+00
      vertex   5.300000e+00 -3.235000e+01 6.000000e+00
      vertex   5.300000e+00 -3.650000e+00 9.000000e+00
    endloop
  endfacet
  facet normal -1.000000e+00 2.785228e-16 -5.921189e-16
    outer loop
      vertex   5.300000e+00 -3.650000e+00 9.000000e+00
      vertex   5.300000e+00 -3.235000e+01 6.000000e+00
      vertex   5.300000e+00 -3.235000e+01 9.000000e+00
    endloop
  endfacet
  facet normal -0.000000e+00 0.000000e+00 1.000000e+00
    outer loop
      vertex   -1.070000e+01 -2.850000e+00 1.065000e+01
      vertex   -1.070000e+01 -3.650000e+00 1.065000e+01
      vertex   -1.030000e+01 -2.850000e+00 1.065000e+01
    endloop
  endfacet
  facet normal 0.000000e+00 0.000000e+00 1.000000e+00
    outer loop
      vertex   -1.030000e+01 -2.850000e+00 1.065000e+01
      vertex   -1.070000e+01 -3.650000e+00 1.065000e+01
      vertex   -1.008885e+01 -3.650000e+00 1.065000e+01
    endloop
  endfacet
  facet normal 0.000000e+00 0.000000e+00 1.000000e+00
    outer loop
      vertex   -1.030000e+01 -2.850000e+00 1.065000e+01
      vertex   -1.008885e+01 -3.650000e+00 1.065000e+01
      vertex   -1.004118e+01 -2.884074e+00 1.065000e+01
    endloop
  endfacet
  facet normal 0.000000e+00 0.000000e+00 1.000000e+00
    outer loop
      vertex   -1.004118e+01 -2.884074e+00 1.065000e+01
      vertex   -1.008885e+01 -3.650000e+00 1.065000e+01
      vertex   -9.800000e+00 -2.983975e+00 1.065000e+01
    endloop
  endfacet
  facet normal 0.000000e+00 0.000000e+00 1.000000e+00
    outer loop
      vertex   -9.800000e+00 -2.983975e+00 1.065000e+01
      vertex   -1.008885e+01 -3.650000e+00 1.065000e+01
      vertex   -9.592893e+00 -3.142893e+00 1.065000e+01
    endloop
  endfacet
  facet normal 0.000000e+00 0.000000e+00 1.000000e+00
    outer loop
      vertex   -9.592893e+00 -3.142893e+00 1.065000e+01
      vertex   -1.008885e+01 -3.650000e+00 1.065000e+01
      vertex   -9.433975e+00 -3.350000e+00 1.065000e+01
    endloop
  endfacet
  facet normal 0.000000e+00 0.000000e+00 1.000000e+00
    outer loop
      vertex   -9.433975e+00 -3.350000e+00 1.065000e+01
      vertex   -1.008885e+01 -3.650000e+00 1.065000e+01
      vertex   -9.334074e+00 -3.591181e+00 1.065000e+01
    endloop
  endfacet
  facet normal 0.000000e+00 0.000000e+00 1.000000e+00
    outer loop
      vertex   -9.334074e+00 -3.591181e+00 1.065000e+01
      vertex   -1.008885e+01 -3.650000e+00 1.065000e+01
      vertex   -9.300000e+00 -3.850000e+00 1.065000e+01
    endloop
  endfacet
  facet normal 0.000000e+00 0.000000e+00 1.000000e+00
    outer loop
      vertex   -9.300000e+00 -3.850000e+00 1.065000e+01
      vertex   -1.008885e+01 -3.650000e+00 1.065000e+01
      vertex   -1.008505e+01 -4.081493e+00 1.065000e+01
    endloop
  endfacet
  facet normal 0.000000e+00 0.000000e+00 1.000000e+00
    outer loop
      vertex   -9.300000e+00 -3.850000e+00 1.065000e+01
      vertex   -1.008505e+01 -4.081493e+00 1.065000e+01
      vertex   -9.265926e+00 -4.108819e+00 1.065000e+01
    endloop
  endfacet
  facet normal 0.000000e+00 0.000000e+00 1.000000e+00
    outer loop
      vertex   -9.265926e+00 -4.108819e+00 1.065000e+01
      vertex   -1.008505e+01 -4.081493e+00 1.065000e+01
      vertex   -9.978664e+00 -4.499682e+00 1.065000e+01
    endloop
  endfacet
  facet normal 0.000000e+00 0.000000e+00 1.000000e+00
    outer loop
      vertex   -9.265926e+00 -4.108819e+00 1.065000e+01
      vertex   -9.978664e+00 -4.499682e+00 1.065000e+01
      vertex   -9.166025e+00 -4.350000e+00 1.065000e+01
    endloop
  endfacet
  facet normal 0.000000e+00 0.000000e+00 1.000000e+00
    outer loop
      vertex   -9.166025e+00 -4.350000e+00 1.065000e+01
      vertex   -9.978664e+00 -4.499682e+00 1.065000e+01
      vertex   -9.775805e+00 -4.880534e+00 1.065000e+01
    endloop
  endfacet
  facet normal 0.000000e+00 0.000000e+00 1.000000e+00
    outer loop
      vertex   -9.166025e+00 -4.350000e+00 1.065000e+01
      vertex   -9.775805e+00 -4.880534e+00 1.065000e+01
      vertex   -9.488131e+00 -5.202163e+00 1.065000e+01
    endloop
  endfacet
  facet normal 0.000000e+00 0.000000e+00 1.000000e+00
    outer loop
      vertex   -9.166025e+00 -4.350000e+00 1.065000e+01
      vertex   -9.488131e+00 -5.202163e+00 1.065000e+01
      vertex   -9.007107e+00 -4.557107e+00 1.065000e+01
    endloop
  endfacet
  facet normal 0.000000e+00 0.000000e+00 1.000000e+00
    outer loop
      vertex   -9.007107e+00 -4.557107e+00 1.065000e+01
      vertex   -9.488131e+00 -5.202163e+00 1.065000e+01
      vertex   -9.132177e+00 -5.446083e+00 1.065000e+01
    endloop
  endfacet
  facet normal 0.000000e+00 0.000000e+00 1.000000e+00
    outer loop
      vertex   -9.007107e+00 -4.557107e+00 1.065000e+01
      vertex   -9.132177e+00 -5.446083e+00 1.065000e+01
      vertex   -8.800000e+00 -4.716025e+00 1.065000e+01
    endloop
  endfacet
  facet normal 0.000000e+00 0.000000e+00 1.000000e+00
    outer loop
      vertex   -8.800000e+00 -4.716025e+00 1.065000e+01
      vertex   -9.132177e+00 -5.446083e+00 1.065000e+01
      vertex   -8.728399e+00 -5.598278e+00 1.065000e+01
    endloop
  endfacet
  facet normal 0.000000e+00 0.000000e+00 1.000000e+00
    outer loop
      vertex   -8.800000e+00 -4.716025e+00 1.065000e+01
      vertex   -8.728399e+00 -5.598278e+00 1.065000e+01
      vertex   -8.558819e+00 -4.815926e+00 1.065000e+01
    endloop
  endfacet
  facet normal 0.000000e+00 0.000000e+00 1.000000e+00
    outer loop
      vertex   -8.558819e+00 -4.815926e+00 1.065000e+01
      vertex   -8.728399e+00 -5.598278e+00 1.065000e+01
      vertex   -8.300000e+00 -5.650000e+00 1.065000e+01
    endloop
  endfacet
  facet normal 0.000000e+00 0.000000e+00 1.000000e+00
    outer loop
      vertex   -8.558819e+00 -4.815926e+00 1.065000e+01
      vertex   -8.300000e+00 -5.650000e+00 1.065000e+01
      vertex   -8.300000e+00 -4.850000e+00 1.065000e+01
    endloop
  endfacet
  facet normal 9.914449e-01 1.305262e-01 -0.000000e+00
    outer loop
      vertex   -9.300000e+00 -3.850000e+00 6.000000e+00
      vertex   -9.300000e+00 -3.850000e+00 1.065000e+01
      vertex   -9.265926e+00 -4.108819e+00 6.000000e+00
    endloop
  endfacet
  facet normal 9.914449e-01 1.305262e-01 -0.000000e+00
    outer loop
      vertex   -9.265926e+00 -4.108819e+00 6.000000e+00
      vertex   -9.300000e+00 -3.850000e+00 1.065000e+01
      vertex   -9.265926e+00 -4.108819e+00 1.065000e+01
    endloop
  endfacet
  facet normal 9.238795e-01 3.826834e-01 -0.000000e+00
    outer loop
      vertex   -9.265926e+00 -4.108819e+00 6.000000e+00
      vertex   -9.265926e+00 -4.108819e+00 1.065000e+01
      vertex   -9.166025e+00 -4.350000e+00 6.000000e+00
    endloop
  endfacet
  facet normal 9.238795e-01 3.826834e-01 -0.000000e+00
    outer loop
      vertex   -9.166025e+00 -4.350000e+00 6.000000e+00
      vertex   -9.265926e+00 -4.108819e+00 1.065000e+01
      vertex   -9.166025e+00 -4.350000e+00 1.065000e+01
    endloop
  endfacet
  facet normal 7.933533e-01 6.087614e-01 -0.000000e+00
    outer loop
      vertex   -9.166025e+00 -4.350000e+00 6.000000e+00
      vertex   -9.166025e+00 -4.350000e+00 1.065000e+01
      vertex   -9.007107e+00 -4.557107e+00 6.000000e+00
    endloop
  endfacet
  facet normal 7.933533e-01 6.087614e-01 -0.000000e+00
    outer loop
      vertex   -9.007107e+00 -4.557107e+00 6.000000e+00
      vertex   -9.166025e+00 -4.350000e+00 1.065000e+01
      vertex   -9.007107e+00 -4.557107e+00 1.065000e+01
    endloop
  endfacet
  facet normal 6.087614e-01 7.933533e-01 -0.000000e+00
    outer loop
      vertex   -9.007107e+00 -4.557107e+00 6.000000e+00
      vertex   -9.007107e+00 -4.557107e+00 1.065000e+01
      vertex   -8.800000e+00 -4.716025e+00 6.000000e+00
    endloop
  endfacet
  facet normal 6.087614e-01 7.933533e-01 -0.000000e+00
    outer loop
      vertex   -8.800000e+00 -4.716025e+00 6.000000e+00
      vertex   -9.007107e+00 -4.557107e+00 1.065000e+01
      vertex   -8.800000e+00 -4.716025e+00 1.065000e+01
    endloop
  endfacet
  facet normal 3.826834e-01 9.238795e-01 -0.000000e+00
    outer loop
      vertex   -8.800000e+00 -4.716025e+00 6.000000e+00
      vertex   -8.800000e+00 -4.716025e+00 1.065000e+01
      vertex   -8.558819e+00 -4.815926e+00 6.000000e+00
    endloop
  endfacet
  facet normal 3.826834e-01 9.238795e-01 -0.000000e+00
    outer loop
      vertex   -8.558819e+00 -4.815926e+00 6.000000e+00
      vertex   -8.800000e+00 -4.716025e+00 1.065000e+01
      vertex   -8.558819e+00 -4.815926e+00 1.065000e+01
    endloop
  endfacet
  facet normal 1.305262e-01 9.914449e-01 -0.000000e+00
    outer loop
      vertex   -8.558819e+00 -4.815926e+00 6.000000e+00
      vertex   -8.558819e+00 -4.815926e+00 1.065000e+01
      vertex   -8.300000e+00 -4.850000e+00 6.000000e+00
    endloop
  endfacet
  facet normal 1.305262e-01 9.914449e-01 -0.000000e+00
    outer loop
      vertex   -8.300000e+00 -4.850000e+00 6.000000e+00
      vertex   -8.558819e+00 -4.815926e+00 1.065000e+01
      vertex   -8.300000e+00 -4.850000e+00 1.065000e+01
    endloop
  endfacet
  facet normal 1.000000e+00 1.331590e-08 0.000000e+00
    outer loop
      vertex   -8.300000e+00 -5.650000e+00 1.065000e+01
      vertex   -8.300000e+00 -5.650000e+00 6.000000e+00
      vertex   -8.300000e+00 -4.850000e+00 1.065000e+01
    endloop
  endfacet
  facet normal 1.000000e+00 1.331590e-08 0.000000e+00
    outer loop
      vertex   -8.300000e+00 -4.850000e+00 1.065000e+01
      vertex   -8.300000e+00 -5.650000e+00 6.000000e+00
      vertex   -8.300000e+00 -4.850000e+00 6.000000e+00
    endloop
  endfacet
  facet normal -1.198638e-01 -9.927903e-01 0.000000e+00
    outer loop
      vertex   -8.300000e+00 -5.650000e+00 6.000000e+00
      vertex   -8.300000e+00 -5.650000e+00 1.065000e+01
      vertex   -8.728399e+00 -5.598278e+00 6.000000e+00
    endloop
  endfacet
  facet normal -1.198638e-01 -9.927903e-01 0.000000e+00
    outer loop
      vertex   -8.728399e+00 -5.598278e+00 6.000000e+00
      vertex   -8.300000e+00 -5.650000e+00 1.065000e+01
      vertex   -8.728399e+00 -5.598278e+00 1.065000e+01
    endloop
  endfacet
  facet normal -3.527028e-01 -9.357354e-01 0.000000e+00
    outer loop
      vertex   -8.728399e+00 -5.598278e+00 6.000000e+00
      vertex   -8.728399e+00 -5.598278e+00 1.065000e+01
      vertex   -9.132177e+00 -5.446083e+00 6.000000e+00
    endloop
  endfacet
  facet normal -3.527028e-01 -9.357354e-01 0.000000e+00
    outer loop
      vertex   -9.132177e+00 -5.446083e+00 6.000000e+00
      vertex   -8.728399e+00 -5.598278e+00 1.065000e+01
      vertex   -9.132177e+00 -5.446083e+00 1.065000e+01
    endloop
  endfacet
  facet normal -5.652723e-01 -8.249044e-01 0.000000e+00
    outer loop
      vertex   -9.132177e+00 -5.446083e+00 6.000000e+00
      vertex   -9.132177e+00 -5.446083e+00 1.065000e+01
      vertex   -9.488131e+00 -5.202163e+00 6.000000e+00
    endloop
  endfacet
  facet normal -5.652723e-01 -8.249044e-01 0.000000e+00
    outer loop
      vertex   -9.488131e+00 -5.202163e+00 6.000000e+00
      vertex   -9.132177e+00 -5.446083e+00 1.065000e+01
      vertex   -9.488131e+00 -5.202163e+00 1.065000e+01
    endloop
  endfacet
  facet normal -7.453560e-01 -6.666667e-01 0.000000e+00
    outer loop
      vertex   -9.488131e+00 -5.202163e+00 6.000000e+00
      vertex   -9.488131e+00 -5.202163e+00 1.065000e+01
      vertex   -9.775805e+00 -4.880534e+00 6.000000e+00
    endloop
  endfacet
  facet normal -7.453560e-01 -6.666667e-01 0.000000e+00
    outer loop
      vertex   -9.775805e+00 -4.880534e+00 6.000000e+00
      vertex   -9.488131e+00 -5.202163e+00 1.065000e+01
      vertex   -9.775805e+00 -4.880534e+00 1.065000e+01
    endloop
  endfacet
  facet normal -8.826046e-01 -4.701161e-01 0.000000e+00
    outer loop
      vertex   -9.775805e+00 -4.880534e+00 6.000000e+00
      vertex   -9.775805e+00 -4.880534e+00 1.065000e+01
      vertex   -9.978664e+00 -4.499682e+00 6.000000e+00
    endloop
  endfacet
  facet normal -8.826046e-01 -4.701161e-01 0.000000e+00
    outer loop
      vertex   -9.978664e+00 -4.499682e+00 6.000000e+00
      vertex   -9.775805e+00 -4.880534e+00 1.065000e+01
      vertex   -9.978664e+00 -4.499682e+00 1.065000e+01
    endloop
  endfacet
  facet normal -9.691305e-01 -2.465483e-01 0.000000e+00
    outer loop
      vertex   -9.978664e+00 -4.499682e+00 6.000000e+00
      vertex   -9.978664e+00 -4.499682e+00 1.065000e+01
      vertex   -1.008505e+01 -4.081493e+00 6.000000e+00
    endloop
  endfacet
  facet normal -9.691305e-01 -2.465483e-01 0.000000e+00
    outer loop
      vertex   -1.008505e+01 -4.081493e+00 6.000000e+00
      vertex   -9.978664e+00 -4.499682e+00 1.065000e+01
      vertex   -1.008505e+01 -4.081493e+00 1.065000e+01
    endloop
  endfacet
  facet normal -9.999612e-01 -8.811539e-03 0.000000e+00
    outer loop
      vertex   -1.008505e+01 -4.081493e+00 6.000000e+00
      vertex   -1.008505e+01 -4.081493e+00 1.065000e+01
      vertex   -1.008885e+01 -3.650000e+00 6.000000e+00
    endloop
  endfacet
  facet normal -9.999612e-01 -8.811539e-03 0.000000e+00
    outer loop
      vertex   -1.008885e+01 -3.650000e+00 6.000000e+00
      vertex   -1.008505e+01 -4.081493e+00 1.065000e+01
      vertex   -1.008885e+01 -3.650000e+00 1.065000e+01
    endloop
  endfacet
  facet normal -1.233581e-15 -1.000000e+00 -8.881784e-15
    outer loop
      vertex   -1.070000e+01 -3.650000e+00 1.070000e+01
      vertex   -1.250000e+01 -3.650000e+00 1.070000e+01
      vertex   -1.070000e+01 -3.650000e+00 1.065000e+01
    endloop
  endfacet
  facet normal -9.816156e-16 -1.000000e+00 1.889741e-16
    outer loop
      vertex   -1.070000e+01 -3.650000e+00 1.065000e+01
      vertex   -1.250000e+01 -3.650000e+00 1.070000e+01
      vertex   -1.250000e+01 -3.650000e+00 6.000000e+00
    endloop
  endfacet
  facet normal -5.525455e-16 -1.000000e+00 2.288246e-17
    outer loop
      vertex   -1.070000e+01 -3.650000e+00 1.065000e+01
      vertex   -1.250000e+01 -3.650000e+00 6.000000e+00
      vertex   -1.008885e+01 -3.650000e+00 6.000000e+00
    endloop
  endfacet
  facet normal -7.266504e-16 -1.000000e+00 0.000000e+00
    outer loop
      vertex   -1.008885e+01 -3.650000e+00 6.000000e+00
      vertex   -1.008885e+01 -3.650000e+00 1.065000e+01
      vertex   -1.070000e+01 -3.650000e+00 1.065000e+01
    endloop
  endfacet
  facet normal 1.000000e+00 0.000000e+00 6.344132e-16
    outer loop
      vertex   6.100000e+00 -2.850000e+00 1.160000e+01
      vertex   6.100000e+00 -3.300000e+01 1.160000e+01
      vertex   6.100000e+00 -2.850000e+00 6.000000e+00
    endloop
  endfacet
  facet normal 1.000000e+00 -2.356692e-16 -6.344132e-16
    outer loop
      vertex   6.100000e+00 -2.850000e+00 6.000000e+00
      vertex   6.100000e+00 -3.300000e+01 1.160000e+01
      vertex   6.100000e+00 -3.300000e+01 6.000000e+00
    endloop
  endfacet
  facet normal 0.000000e+00 0.000000e+00 1.000000e+00
    outer loop
      vertex   -1.320000e+01 -2.850000e+00 1.065000e+01
      vertex   -1.322018e+01 -2.850000e+00 1.065000e+01
      vertex   -1.320000e+01 -5.042369e+00 1.065000e+01
    endloop
  endfacet
  facet normal 0.000000e+00 0.000000e+00 1.000000e+00
    outer loop
      vertex   -1.320000e+01 -5.042369e+00 1.065000e+01
      vertex   -1.322018e+01 -2.850000e+00 1.065000e+01
      vertex   -1.322018e+01 -3.300000e+01 1.065000e+01
    endloop
  endfacet
  facet normal 0.000000e+00 0.000000e+00 1.000000e+00
    outer loop
      vertex   -1.320000e+01 -5.042369e+00 1.065000e+01
      vertex   -1.322018e+01 -3.300000e+01 1.065000e+01
      vertex   -1.310000e+01 -3.106730e+01 1.065000e+01
    endloop
  endfacet
  facet normal 0.000000e+00 0.000000e+00 1.000000e+00
    outer loop
      vertex   -1.310000e+01 -3.106730e+01 1.065000e+01
      vertex   -1.322018e+01 -3.300000e+01 1.065000e+01
      vertex   -1.310000e+01 -3.300000e+01 1.065000e+01
    endloop
  endfacet
  facet normal 0.000000e+00 -0.000000e+00 1.000000e+00
    outer loop
      vertex   -1.250000e+01 -3.106730e+01 1.065000e+01
      vertex   -1.250000e+01 -5.042369e+00 1.065000e+01
      vertex   -1.310000e+01 -3.106730e+01 1.065000e+01
    endloop
  endfacet
  facet normal 0.000000e+00 -0.000000e+00 1.000000e+00
    outer loop
      vertex   -1.310000e+01 -3.106730e+01 1.065000e+01
      vertex   -1.250000e+01 -5.042369e+00 1.065000e+01
      vertex   -1.320000e+01 -5.042369e+00 1.065000e+01
    endloop
  endfacet
  facet normal 0.000000e+00 -1.000000e+00 0.000000e+00
    outer loop
      vertex   -1.320000e+01 -5.042369e+00 1.070000e+01
      vertex   -1.320000e+01 -5.042369e+00 1.065000e+01
      vertex   -1.250000e+01 -5.042369e+00 1.070000e+01
    endloop
  endfacet
  facet normal 0.000000e+00 -1.000000e+00 -0.000000e+00
    outer loop
      vertex   -1.250000e+01 -5.042369e+00 1.070000e+01
      vertex   -1.320000e+01 -5.042369e+00 1.065000e+01
      vertex   -1.250000e+01 -5.042369e+00 1.065000e+01
    endloop
  endfacet
  facet normal 0.000000e+00 1.000000e+00 0.000000e+00
    outer loop
      vertex   -1.250000e+01 -3.106730e+01 1.070000e+01
      vertex   -1.250000e+01 -3.106730e+01 1.065000e+01
      vertex   -1.310000e+01 -3.106730e+01 1.070000e+01
    endloop
  endfacet
  facet normal 0.000000e+00 1.000000e+00 0.000000e+00
    outer loop
      vertex   -1.310000e+01 -3.106730e+01 1.070000e+01
      vertex   -1.250000e+01 -3.106730e+01 1.065000e+01
      vertex   -1.310000e+01 -3.106730e+01 1.065000e+01
    endloop
  endfacet
  facet normal -1.000000e+00 -0.000000e+00 -0.000000e+00
    outer loop
      vertex   -1.310000e+01 -3.106730e+01 1.070000e+01
      vertex   -1.310000e+01 -3.106730e+01 1.065000e+01
      vertex   -1.310000e+01 -3.300000e+01 1.070000e+01
    endloop
  endfacet
  facet normal -1.000000e+00 0.000000e+00 0.000000e+00
    outer loop
      vertex   -1.310000e+01 -3.300000e+01 1.070000e+01
      vertex   -1.310000e+01 -3.106730e+01 1.065000e+01
      vertex   -1.310000e+01 -3.300000e+01 1.065000e+01
    endloop
  endfacet
  facet normal 1.986976e-16 1.000000e+00 1.960877e-31
    outer loop
      vertex   6.100000e+00 -3.300000e+01 1.340000e+01
      vertex   4.186000e+01 -3.300000e+01 1.340000e+01
      vertex   6.100000e+00 -3.300000e+01 1.160000e+01
    endloop
  endfacet
  facet normal 1.986976e-16 1.000000e+00 0.000000e+00
    outer loop
      vertex   6.100000e+00 -3.300000e+01 1.160000e+01
      vertex   4.186000e+01 -3.300000e+01 1.340000e+01
      vertex   4.186000e+01 -3.300000e+01 6.000000e+00
    endloop
  endfacet
  facet normal 1.986976e-16 1.000000e+00 -1.260564e-31
    outer loop
      vertex   6.100000e+00 -3.300000e+01 1.160000e+01
      vertex   4.186000e+01 -3.300000e+01 6.000000e+00
      vertex   6.100000e+00 -3.300000e+01 6.000000e+00
    endloop
  endfacet
  facet normal 0.000000e+00 0.000000e+00 1.000000e+00
    outer loop
      vertex   -1.070000e+01 -3.300000e+01 1.165000e+01
      vertex   -9.027310e+00 -3.278478e+01 1.165000e+01
      vertex   -1.070000e+01 -3.235000e+01 1.165000e+01
    endloop
  endfacet
  facet normal 0.000000e+00 0.000000e+00 1.000000e+00
    outer loop
      vertex   -1.070000e+01 -3.235000e+01 1.165000e+01
      vertex   -9.027310e+00 -3.278478e+01 1.165000e+01
      vertex   -8.933975e+00 -3.265000e+01 1.165000e+01
    endloop
  endfacet
  facet normal -0.000000e+00 0.000000e+00 1.000000e+00
    outer loop
      vertex   -1.070000e+01 -3.235000e+01 1.165000e+01
      vertex   -8.933975e+00 -3.265000e+01 1.165000e+01
      vertex   -8.933975e+00 -3.235000e+01 1.165000e+01
    endloop
  endfacet
  facet normal 0.000000e+00 -0.000000e+00 1.000000e+00
    outer loop
      vertex   -9.273217e+00 -3.300000e+01 1.165000e+01
      vertex   -9.141413e+00 -3.290250e+01 1.165000e+01
      vertex   -1.070000e+01 -3.300000e+01 1.165000e+01
    endloop
  endfacet
  facet normal 0.000000e+00 0.000000e+00 1.000000e+00
    outer loop
      vertex   -1.070000e+01 -3.300000e+01 1.165000e+01
      vertex   -9.141413e+00 -3.290250e+01 1.165000e+01
      vertex   -9.027310e+00 -3.278478e+01 1.165000e+01
    endloop
  endfacet
  facet normal 0.000000e+00 0.000000e+00 1.000000e+00
    outer loop
      vertex   5.300000e+00 -2.850000e+00 9.000000e+00
      vertex   3.100000e+00 -2.850000e+00 9.000000e+00
      vertex   5.300000e+00 -3.650000e+00 9.000000e+00
    endloop
  endfacet
  facet normal -7.367273e-16 -2.026000e-15 1.000000e+00
    outer loop
      vertex   5.300000e+00 -3.650000e+00 9.000000e+00
      vertex   3.100000e+00 -2.850000e+00 9.000000e+00
      vertex   2.888854e+00 -3.650000e+00 9.000000e+00
    endloop
  endfacet
  facet normal 3.028505e-16 -2.300378e-15 1.000000e+00
    outer loop
      vertex   2.888854e+00 -3.650000e+00 9.000000e+00
      vertex   3.100000e+00 -2.850000e+00 9.000000e+00
      vertex   2.841181e+00 -2.884074e+00 9.000000e+00
    endloop
  endfacet
  facet normal 9.365108e-16 -2.260937e-15 1.000000e+00
    outer loop
      vertex   2.888854e+00 -3.650000e+00 9.000000e+00
      vertex   2.841181e+00 -2.884074e+00 9.000000e+00
      vertex   2.600000e+00 -2.983975e+00 9.000000e+00
    endloop
  endfacet
  facet normal 1.535531e-15 -2.001143e-15 1.000000e+00
    outer loop
      vertex   2.600000e+00 -2.983975e+00 9.000000e+00
      vertex   2.392893e+00 -3.142893e+00 9.000000e+00
      vertex   2.888854e+00 -3.650000e+00 9.000000e+00
    endloop
  endfacet
  facet normal 2.007006e-15 -1.540030e-15 1.000000e+00
    outer loop
      vertex   2.888854e+00 -3.650000e+00 9.000000e+00
      vertex   2.392893e+00 -3.142893e+00 9.000000e+00
      vertex   2.233975e+00 -3.350000e+00 9.000000e+00
    endloop
  endfacet
  facet normal 2.279883e-15 -9.443585e-16 1.000000e+00
    outer loop
      vertex   2.888854e+00 -3.650000e+00 9.000000e+00
      vertex   2.233975e+00 -3.350000e+00 9.000000e+00
      vertex   2.134074e+00 -3.591181e+00 9.000000e+00
    endloop
  endfacet
  facet normal 2.329575e-15 -3.066944e-16 1.000000e+00
    outer loop
      vertex   2.134074e+00 -3.591181e+00 9.000000e+00
      vertex   2.100000e+00 -3.850000e+00 9.000000e+00
      vertex   2.888854e+00 -3.650000e+00 9.000000e+00
    endloop
  endfacet
  facet normal 1.210790e-15 4.106101e-15 1.000000e+00
    outer loop
      vertex   2.888854e+00 -3.650000e+00 9.000000e+00
      vertex   2.100000e+00 -3.850000e+00 9.000000e+00
      vertex   2.885052e+00 -4.081493e+00 9.000000e+00
    endloop
  endfacet
  facet normal 0.000000e+00 0.000000e+00 1.000000e+00
    outer loop
      vertex   2.885052e+00 -4.081493e+00 9.000000e+00
      vertex   2.100000e+00 -3.850000e+00 9.000000e+00
      vertex   2.065926e+00 -4.108819e+00 9.000000e+00
    endloop
  endfacet
  facet normal 0.000000e+00 0.000000e+00 1.000000e+00
    outer loop
      vertex   2.885052e+00 -4.081493e+00 9.000000e+00
      vertex   2.065926e+00 -4.108819e+00 9.000000e+00
      vertex   2.778664e+00 -4.499682e+00 9.000000e+00
    endloop
  endfacet
  facet normal 0.000000e+00 0.000000e+00 1.000000e+00
    outer loop
      vertex   2.778664e+00 -4.499682e+00 9.000000e+00
      vertex   2.065926e+00 -4.108819e+00 9.000000e+00
      vertex   1.966025e+00 -4.350000e+00 9.000000e+00
    endloop
  endfacet
  facet normal 0.000000e+00 0.000000e+00 1.000000e+00
    outer loop
      vertex   2.778664e+00 -4.499682e+00 9.000000e+00
      vertex   1.966025e+00 -4.350000e+00 9.000000e+00
      vertex   2.575805e+00 -4.880534e+00 9.000000e+00
    endloop
  endfacet
  facet normal 0.000000e+00 0.000000e+00 1.000000e+00
    outer loop
      vertex   2.575805e+00 -4.880534e+00 9.000000e+00
      vertex   1.966025e+00 -4.350000e+00 9.000000e+00
      vertex   1.807107e+00 -4.557107e+00 9.000000e+00
    endloop
  endfacet
  facet normal 0.000000e+00 0.000000e+00 1.000000e+00
    outer loop
      vertex   2.575805e+00 -4.880534e+00 9.000000e+00
      vertex   1.807107e+00 -4.557107e+00 9.000000e+00
      vertex   1.600000e+00 -4.716025e+00 9.000000e+00
    endloop
  endfacet
  facet normal 0.000000e+00 0.000000e+00 1.000000e+00
    outer loop
      vertex   2.575805e+00 -4.880534e+00 9.000000e+00
      vertex   1.600000e+00 -4.716025e+00 9.000000e+00
      vertex   2.288131e+00 -5.202163e+00 9.000000e+00
    endloop
  endfacet
  facet normal 0.000000e+00 0.000000e+00 1.000000e+00
    outer loop
      vertex   2.288131e+00 -5.202163e+00 9.000000e+00
      vertex   1.600000e+00 -4.716025e+00 9.000000e+00
      vertex   1.358819e+00 -4.815926e+00 9.000000e+00
    endloop
  endfacet
  facet normal 0.000000e+00 0.000000e+00 1.000000e+00
    outer loop
      vertex   2.288131e+00 -5.202163e+00 9.000000e+00
      vertex   1.358819e+00 -4.815926e+00 9.000000e+00
      vertex   1.932177e+00 -5.446083e+00 9.000000e+00
    endloop
  endfacet
  facet normal 0.000000e+00 0.000000e+00 1.000000e+00
    outer loop
      vertex   1.932177e+00 -5.446083e+00 9.000000e+00
      vertex   1.358819e+00 -4.815926e+00 9.000000e+00
      vertex   1.528399e+00 -5.598278e+00 9.000000e+00
    endloop
  endfacet
  facet normal 0.000000e+00 0.000000e+00 1.000000e+00
    outer loop
      vertex   1.528399e+00 -5.598278e+00 9.000000e+00
      vertex   1.358819e+00 -4.815926e+00 9.000000e+00
      vertex   1.100000e+00 -4.850000e+00 9.000000e+00
    endloop
  endfacet
  facet normal 0.000000e+00 0.000000e+00 1.000000e+00
    outer loop
      vertex   1.528399e+00 -5.598278e+00 9.000000e+00
      vertex   1.100000e+00 -4.850000e+00 9.000000e+00
      vertex   1.100000e+00 -5.650000e+00 9.000000e+00
    endloop
  endfacet
  facet normal 0.000000e+00 0.000000e+00 1.000000e+00
    outer loop
      vertex   5.300000e+00 -3.235000e+01 9.000000e+00
      vertex   1.827310e+00 -3.278478e+01 9.000000e+00
      vertex   5.300000e+00 -3.300000e+01 9.000000e+00
    endloop
  endfacet
  facet normal 0.000000e+00 0.000000e+00 1.000000e+00
    outer loop
      vertex   5.300000e+00 -3.300000e+01 9.000000e+00
      vertex   1.827310e+00 -3.278478e+01 9.000000e+00
      vertex   1.941413e+00 -3.290250e+01 9.000000e+00
    endloop
  endfacet
  facet normal 0.000000e+00 0.000000e+00 1.000000e+00
    outer loop
      vertex   5.300000e+00 -3.300000e+01 9.000000e+00
      vertex   1.941413e+00 -3.290250e+01 9.000000e+00
      vertex   2.073217e+00 -3.300000e+01 9.000000e+00
    endloop
  endfacet
  facet normal 0.000000e+00 0.000000e+00 1.000000e+00
    outer loop
      vertex   1.733975e+00 -3.235000e+01 9.000000e+00
      vertex   1.733975e+00 -3.265000e+01 9.000000e+00
      vertex   5.300000e+00 -3.235000e+01 9.000000e+00
    endloop
  endfacet
  facet normal 0.000000e+00 0.000000e+00 1.000000e+00
    outer loop
      vertex   5.300000e+00 -3.235000e+01 9.000000e+00
      vertex   1.733975e+00 -3.265000e+01 9.000000e+00
      vertex   1.827310e+00 -3.278478e+01 9.000000e+00
    endloop
  endfacet
  facet normal 1.000000e+00 0.000000e+00 0.000000e+00
    outer loop
      vertex   -8.933975e+00 -3.235000e+01 1.165000e+01
      vertex   -8.933975e+00 -3.265000e+01 1.165000e+01
      vertex   -8.933975e+00 -3.235000e+01 6.000000e+00
    endloop
  endfacet
  facet normal 1.000000e+00 0.000000e+00 0.000000e+00
    outer loop
      vertex   -8.933975e+00 -3.235000e+01 6.000000e+00
      vertex   -8.933975e+00 -3.265000e+01 1.165000e+01
      vertex   -8.933975e+00 -3.265000e+01 6.000000e+00
    endloop
  endfacet
  facet normal -9.914449e-01 1.305262e-01 0.000000e+00
    outer loop
      vertex   2.100000e+00 -3.850000e+00 6.000000e+00
      vertex   2.100000e+00 -3.850000e+00 9.000000e+00
      vertex   2.134074e+00 -3.591181e+00 6.000000e+00
    endloop
  endfacet
  facet normal -9.914449e-01 1.305262e-01 -1.081198e-16
    outer loop
      vertex   2.134074e+00 -3.591181e+00 6.000000e+00
      vertex   2.100000e+00 -3.850000e+00 9.000000e+00
      vertex   2.134074e+00 -3.591181e+00 9.000000e+00
    endloop
  endfacet
  facet normal -9.238795e-01 3.826834e-01 -2.346459e-17
    outer loop
      vertex   2.134074e+00 -3.591181e+00 6.000000e+00
      vertex   2.134074e+00 -3.591181e+00 9.000000e+00
      vertex   2.233975e+00 -3.350000e+00 6.000000e+00
    endloop
  endfacet
  facet normal -9.238795e-01 3.826834e-01 0.000000e+00
    outer loop
      vertex   2.233975e+00 -3.350000e+00 6.000000e+00
      vertex   2.134074e+00 -3.591181e+00 9.000000e+00
      vertex   2.233975e+00 -3.350000e+00 9.000000e+00
    endloop
  endfacet
  facet normal -7.933533e-01 6.087614e-01 0.000000e+00
    outer loop
      vertex   2.233975e+00 -3.350000e+00 6.000000e+00
      vertex   2.233975e+00 -3.350000e+00 9.000000e+00
      vertex   2.392893e+00 -3.142893e+00 6.000000e+00
    endloop
  endfacet
  facet normal -7.933533e-01 6.087614e-01 0.000000e+00
    outer loop
      vertex   2.392893e+00 -3.142893e+00 6.000000e+00
      vertex   2.233975e+00 -3.350000e+00 9.000000e+00
      vertex   2.392893e+00 -3.142893e+00 9.000000e+00
    endloop
  endfacet
  facet normal -6.087614e-01 7.933533e-01 0.000000e+00
    outer loop
      vertex   2.392893e+00 -3.142893e+00 6.000000e+00
      vertex   2.392893e+00 -3.142893e+00 9.000000e+00
      vertex   2.600000e+00 -2.983975e+00 6.000000e+00
    endloop
  endfacet
  facet normal -6.087614e-01 7.933533e-01 0.000000e+00
    outer loop
      vertex   2.600000e+00 -2.983975e+00 6.000000e+00
      vertex   2.392893e+00 -3.142893e+00 9.000000e+00
      vertex   2.600000e+00 -2.983975e+00 9.000000e+00
    endloop
  endfacet
  facet normal -3.826834e-01 9.238795e-01 0.000000e+00
    outer loop
      vertex   2.600000e+00 -2.983975e+00 6.000000e+00
      vertex   2.600000e+00 -2.983975e+00 9.000000e+00
      vertex   2.841181e+00 -2.884074e+00 6.000000e+00
    endloop
  endfacet
  facet normal -3.826834e-01 9.238795e-01 0.000000e+00
    outer loop
      vertex   2.841181e+00 -2.884074e+00 6.000000e+00
      vertex   2.600000e+00 -2.983975e+00 9.000000e+00
      vertex   2.841181e+00 -2.884074e+00 9.000000e+00
    endloop
  endfacet
  facet normal -1.305262e-01 9.914449e-01 0.000000e+00
    outer loop
      vertex   2.841181e+00 -2.884074e+00 6.000000e+00
      vertex   2.841181e+00 -2.884074e+00 9.000000e+00
      vertex   3.100000e+00 -2.850000e+00 6.000000e+00
    endloop
  endfacet
  facet normal -1.305262e-01 9.914449e-01 0.000000e+00
    outer loop
      vertex   3.100000e+00 -2.850000e+00 6.000000e+00
      vertex   2.841181e+00 -2.884074e+00 9.000000e+00
      vertex   3.100000e+00 -2.850000e+00 9.000000e+00
    endloop
  endfacet
  facet normal 1.305262e-01 9.914449e-01 -1.893720e-16
    outer loop
      vertex   -1.030000e+01 -2.850000e+00 6.000000e+00
      vertex   -1.030000e+01 -2.850000e+00 1.065000e+01
      vertex   -1.004118e+01 -2.884074e+00 6.000000e+00
    endloop
  endfacet
  facet normal 1.305262e-01 9.914449e-01 -0.000000e+00
    outer loop
      vertex   -1.004118e+01 -2.884074e+00 6.000000e+00
      vertex   -1.030000e+01 -2.850000e+00 1.065000e+01
      vertex   -1.004118e+01 -2.884074e+00 1.065000e+01
    endloop
  endfacet
  facet normal 3.826834e-01 9.238795e-01 -0.000000e+00
    outer loop
      vertex   -1.004118e+01 -2.884074e+00 6.000000e+00
      vertex   -1.004118e+01 -2.884074e+00 1.065000e+01
      vertex   -9.800000e+00 -2.983975e+00 6.000000e+00
    endloop
  endfacet
  facet normal 3.826834e-01 9.238795e-01 1.764666e-16
    outer loop
      vertex   -9.800000e+00 -2.983975e+00 6.000000e+00
      vertex   -1.004118e+01 -2.884074e+00 1.065000e+01
      vertex   -9.800000e+00 -2.983975e+00 1.065000e+01
    endloop
  endfacet
  facet normal 6.087614e-01 7.933533e-01 1.515353e-16
    outer loop
      vertex   -9.800000e+00 -2.983975e+00 6.000000e+00
      vertex   -9.800000e+00 -2.983975e+00 1.065000e+01
      vertex   -9.592893e+00 -3.142893e+00 6.000000e+00
    endloop
  endfacet
  facet normal 6.087614e-01 7.933533e-01 -0.000000e+00
    outer loop
      vertex   -9.592893e+00 -3.142893e+00 6.000000e+00
      vertex   -9.800000e+00 -2.983975e+00 1.065000e+01
      vertex   -9.592893e+00 -3.142893e+00 1.065000e+01
    endloop
  endfacet
  facet normal 7.933533e-01 6.087614e-01 -0.000000e+00
    outer loop
      vertex   -9.592893e+00 -3.142893e+00 6.000000e+00
      vertex   -9.592893e+00 -3.142893e+00 1.065000e+01
      vertex   -9.433975e+00 -3.350000e+00 6.000000e+00
    endloop
  endfacet
  facet normal 7.933533e-01 6.087614e-01 -0.000000e+00
    outer loop
      vertex   -9.433975e+00 -3.350000e+00 6.000000e+00
      vertex   -9.592893e+00 -3.142893e+00 1.065000e+01
      vertex   -9.433975e+00 -3.350000e+00 1.065000e+01
    endloop
  endfacet
  facet normal 9.238795e-01 3.826834e-01 -0.000000e+00
    outer loop
      vertex   -9.433975e+00 -3.350000e+00 6.000000e+00
      vertex   -9.433975e+00 -3.350000e+00 1.065000e+01
      vertex   -9.334074e+00 -3.591181e+00 6.000000e+00
    endloop
  endfacet
  facet normal 9.238795e-01 3.826834e-01 -0.000000e+00
    outer loop
      vertex   -9.334074e+00 -3.591181e+00 6.000000e+00
      vertex   -9.433975e+00 -3.350000e+00 1.065000e+01
      vertex   -9.334074e+00 -3.591181e+00 1.065000e+01
    endloop
  endfacet
  facet normal 9.914449e-01 1.305262e-01 -0.000000e+00
    outer loop
      vertex   -9.334074e+00 -3.591181e+00 6.000000e+00
      vertex   -9.334074e+00 -3.591181e+00 1.065000e+01
      vertex   -9.300000e+00 -3.850000e+00 6.000000e+00
    endloop
  endfacet
  facet normal 9.914449e-01 1.305262e-01 -0.000000e+00
    outer loop
      vertex   -9.300000e+00 -3.850000e+00 6.000000e+00
      vertex   -9.334074e+00 -3.591181e+00 1.065000e+01
      vertex   -9.300000e+00 -3.850000e+00 1.065000e+01
    endloop
  endfacet
  facet normal -1.000000e+00 5.551115e-16 7.401487e-17
    outer loop
      vertex   1.100000e+00 -5.650000e+00 6.000000e+00
      vertex   1.100000e+00 -5.650000e+00 9.000000e+00
      vertex   1.100000e+00 -4.850000e+00 6.000000e+00
    endloop
  endfacet
  facet normal -1.000000e+00 8.326673e-16 1.480297e-16
    outer loop
      vertex   1.100000e+00 -4.850000e+00 6.000000e+00
      vertex   1.100000e+00 -5.650000e+00 9.000000e+00
      vertex   1.100000e+00 -4.850000e+00 9.000000e+00
    endloop
  endfacet
  facet normal -3.073282e-16 1.819748e-31 -1.000000e+00
    outer loop
      vertex   -6.490000e+00 -3.300000e+01 1.064000e+01
      vertex   -7.100000e-01 -3.300000e+01 1.064000e+01
      vertex   -6.490000e+00 -3.450000e+01 1.064000e+01
    endloop
  endfacet
  facet normal -3.073282e-16 0.000000e+00 -1.000000e+00
    outer loop
      vertex   -6.490000e+00 -3.450000e+01 1.064000e+01
      vertex   -7.100000e-01 -3.300000e+01 1.064000e+01
      vertex   -7.100000e-01 -3.450000e+01 1.064000e+01
    endloop
  endfacet
  facet normal 6.758910e-01 0.000000e+00 -7.370016e-01
    outer loop
      vertex   -7.742996e+00 -3.325000e+01 1.014000e+01
      vertex   -7.742996e+00 -3.300000e+01 1.014000e+01
      vertex   -7.696883e+00 -3.450000e+01 1.018229e+01
    endloop
  endfacet
  facet normal 5.914008e-01 -4.552969e-03 -8.063649e-01
    outer loop
      vertex   -7.696883e+00 -3.450000e+01 1.018229e+01
      vertex   -7.742996e+00 -3.300000e+01 1.014000e+01
      vertex   -7.372507e+00 -3.300000e+01 1.041172e+01
    endloop
  endfacet
  facet normal 5.680621e-01 3.035413e-03 -8.229801e-01
    outer loop
      vertex   -7.696883e+00 -3.450000e+01 1.018229e+01
      vertex   -7.372507e+00 -3.300000e+01 1.041172e+01
      vertex   -7.335796e+00 -3.450000e+01 1.043153e+01
    endloop
  endfacet
  facet normal 3.706228e-01 -3.193754e-03 -9.287780e-01
    outer loop
      vertex   -7.335796e+00 -3.450000e+01 1.043153e+01
      vertex   -7.372507e+00 -3.300000e+01 1.041172e+01
      vertex   -6.945777e+00 -3.300000e+01 1.058201e+01
    endloop
  endfacet
  facet normal 3.546044e-01 1.596909e-03 -9.350151e-01
    outer loop
      vertex   -7.335796e+00 -3.450000e+01 1.043153e+01
      vertex   -6.945777e+00 -3.300000e+01 1.058201e+01
      vertex   -6.925555e+00 -3.450000e+01 1.058711e+01
    endloop
  endfacet
  facet normal 1.262227e-01 -1.676029e-03 -9.920005e-01
    outer loop
      vertex   -6.925555e+00 -3.450000e+01 1.058711e+01
      vertex   -6.945777e+00 -3.300000e+01 1.058201e+01
      vertex   -6.490000e+00 -3.300000e+01 1.064000e+01
    endloop
  endfacet
  facet normal 1.205367e-01 -6.853174e-17 -9.927089e-01
    outer loop
      vertex   -6.925555e+00 -3.450000e+01 1.058711e+01
      vertex   -6.490000e+00 -3.300000e+01 1.064000e+01
      vertex   -6.490000e+00 -3.450000e+01 1.064000e+01
    endloop
  endfacet
  facet normal 7.484751e-01 9.755013e-03 -6.630911e-01
    outer loop
      vertex   -7.987831e+00 -3.450000e+01 9.853878e+00
      vertex   -7.810000e+00 -3.325000e+01 1.007300e+01
      vertex   -7.696883e+00 -3.450000e+01 1.018229e+01
    endloop
  endfacet
  facet normal 7.192660e-01 4.346212e-03 -6.947212e-01
    outer loop
      vertex   -7.696883e+00 -3.450000e+01 1.018229e+01
      vertex   -7.810000e+00 -3.325000e+01 1.007300e+01
      vertex   -7.788054e+00 -3.325000e+01 1.009572e+01
    endloop
  endfacet
  facet normal 7.071044e-01 2.601556e-03 -7.071044e-01
    outer loop
      vertex   -7.696883e+00 -3.450000e+01 1.018229e+01
      vertex   -7.788054e+00 -3.325000e+01 1.009572e+01
      vertex   -7.765717e+00 -3.325000e+01 1.011805e+01
    endloop
  endfacet
  facet normal 8.854238e-01 8.527571e-03 -4.647063e-01
    outer loop
      vertex   -8.191730e+00 -3.450000e+01 9.465381e+00
      vertex   -8.081723e+00 -3.300000e+01 9.702507e+00
      vertex   -7.987831e+00 -3.450000e+01 9.853878e+00
    endloop
  endfacet
  facet normal 8.063391e-01 -9.206032e-03 -5.913819e-01
    outer loop
      vertex   -7.987831e+00 -3.450000e+01 9.853878e+00
      vertex   -8.081723e+00 -3.300000e+01 9.702507e+00
      vertex   -7.810000e+00 -3.300000e+01 1.007300e+01
    endloop
  endfacet
  facet normal 7.764663e-01 9.835437e-16 -6.301588e-01
    outer loop
      vertex   -7.987831e+00 -3.450000e+01 9.853878e+00
      vertex   -7.810000e+00 -3.300000e+01 1.007300e+01
      vertex   -7.810000e+00 -3.325000e+01 1.007300e+01
    endloop
  endfacet
  facet normal 9.287406e-01 -9.524660e-03 -3.706078e-01
    outer loop
      vertex   -8.081723e+00 -3.300000e+01 9.702507e+00
      vertex   -8.191730e+00 -3.450000e+01 9.465381e+00
      vertex   -8.252007e+00 -3.300000e+01 9.275777e+00
    endloop
  endfacet
  facet normal 9.709045e-01 8.766555e-03 -2.393065e-01
    outer loop
      vertex   -8.252007e+00 -3.300000e+01 9.275777e+00
      vertex   -8.191730e+00 -3.450000e+01 9.465381e+00
      vertex   -8.296730e+00 -3.450000e+01 9.039377e+00
    endloop
  endfacet
  facet normal 9.919554e-01 -9.683983e-03 -1.262170e-01
    outer loop
      vertex   -8.252007e+00 -3.300000e+01 9.275777e+00
      vertex   -8.296730e+00 -3.450000e+01 9.039377e+00
      vertex   -8.310000e+00 -3.300000e+01 8.820000e+00
    endloop
  endfacet
  facet normal 9.999609e-01 8.846220e-03 0.000000e+00
    outer loop
      vertex   -8.310000e+00 -3.300000e+01 8.820000e+00
      vertex   -8.296730e+00 -3.450000e+01 9.039377e+00
      vertex   -8.296730e+00 -3.450000e+01 8.600623e+00
    endloop
  endfacet
  facet normal 9.919554e-01 -9.683983e-03 1.262170e-01
    outer loop
      vertex   -8.310000e+00 -3.300000e+01 8.820000e+00
      vertex   -8.296730e+00 -3.450000e+01 8.600623e+00
      vertex   -8.252007e+00 -3.300000e+01 8.364223e+00
    endloop
  endfacet
  facet normal 9.709045e-01 8.766555e-03 2.393065e-01
    outer loop
      vertex   -8.252007e+00 -3.300000e+01 8.364223e+00
      vertex   -8.296730e+00 -3.450000e+01 8.600623e+00
      vertex   -8.191730e+00 -3.450000e+01 8.174619e+00
    endloop
  endfacet
  facet normal 9.287406e-01 -9.524660e-03 3.706078e-01
    outer loop
      vertex   -8.252007e+00 -3.300000e+01 8.364223e+00
      vertex   -8.191730e+00 -3.450000e+01 8.174619e+00
      vertex   -8.081723e+00 -3.300000e+01 7.937493e+00
    endloop
  endfacet
  facet normal 8.854238e-01 8.527571e-03 4.647063e-01
    outer loop
      vertex   -8.081723e+00 -3.300000e+01 7.937493e+00
      vertex   -8.191730e+00 -3.450000e+01 8.174619e+00
      vertex   -7.987831e+00 -3.450000e+01 7.786122e+00
    endloop
  endfacet
  facet normal 8.063391e-01 -9.206032e-03 5.913819e-01
    outer loop
      vertex   -8.081723e+00 -3.300000e+01 7.937493e+00
      vertex   -7.987831e+00 -3.450000e+01 7.786122e+00
      vertex   -7.810000e+00 -3.300000e+01 7.567004e+00
    endloop
  endfacet
  facet normal 7.764663e-01 1.039577e-15 6.301588e-01
    outer loop
      vertex   -7.810000e+00 -3.300000e+01 7.567004e+00
      vertex   -7.987831e+00 -3.450000e+01 7.786122e+00
      vertex   -7.810000e+00 -3.325000e+01 7.567004e+00
    endloop
  endfacet
  facet normal 7.484751e-01 9.755013e-03 6.630911e-01
    outer loop
      vertex   -7.810000e+00 -3.325000e+01 7.567004e+00
      vertex   -7.987831e+00 -3.450000e+01 7.786122e+00
      vertex   -7.696883e+00 -3.450000e+01 7.457710e+00
    endloop
  endfacet
  facet normal 7.135504e-01 3.315334e-03 7.005960e-01
    outer loop
      vertex   -7.810000e+00 -3.325000e+01 7.567004e+00
      vertex   -7.696883e+00 -3.450000e+01 7.457710e+00
      vertex   -7.766968e+00 -3.325000e+01 7.523176e+00
    endloop
  endfacet
  facet normal 6.895073e-01 7.269828e-04 7.242784e-01
    outer loop
      vertex   -7.766968e+00 -3.325000e+01 7.523176e+00
      vertex   -7.696883e+00 -3.450000e+01 7.457710e+00
      vertex   -7.722482e+00 -3.325000e+01 7.480825e+00
    endloop
  endfacet
  facet normal 6.646753e-01 -2.041627e-04 7.471324e-01
    outer loop
      vertex   -7.722482e+00 -3.325000e+01 7.480825e+00
      vertex   -7.696883e+00 -3.450000e+01 7.457710e+00
      vertex   -7.676592e+00 -3.325000e+01 7.440000e+00
    endloop
  endfacet
  facet normal 5.680631e-01 2.438817e-03 8.229814e-01
    outer loop
      vertex   -7.676592e+00 -3.325000e+01 7.440000e+00
      vertex   -7.696883e+00 -3.450000e+01 7.457710e+00
      vertex   -7.335796e+00 -3.450000e+01 7.208470e+00
    endloop
  endfacet
  facet normal 5.619597e-01 -0.000000e+00 8.271646e-01
    outer loop
      vertex   -7.676592e+00 -3.325000e+01 7.440000e+00
      vertex   -7.335796e+00 -3.450000e+01 7.208470e+00
      vertex   -7.676592e+00 -3.300000e+01 7.440000e+00
    endloop
  endfacet
  facet normal 5.578721e-01 -1.354908e-03 8.299258e-01
    outer loop
      vertex   -7.676592e+00 -3.300000e+01 7.440000e+00
      vertex   -7.335796e+00 -3.450000e+01 7.208470e+00
      vertex   -7.319856e+00 -3.300000e+01 7.200204e+00
    endloop
  endfacet
  facet normal 3.546045e-01 1.384238e-03 9.350153e-01
    outer loop
      vertex   -7.319856e+00 -3.300000e+01 7.200204e+00
      vertex   -7.335796e+00 -3.450000e+01 7.208470e+00
      vertex   -6.925555e+00 -3.450000e+01 7.052886e+00
    endloop
  endfacet
  facet normal 3.476767e-01 -6.921218e-04 9.376142e-01
    outer loop
      vertex   -7.319856e+00 -3.300000e+01 7.200204e+00
      vertex   -6.925555e+00 -3.450000e+01 7.052886e+00
      vertex   -6.916832e+00 -3.300000e+01 7.050759e+00
    endloop
  endfacet
  facet normal 1.205367e-01 7.067829e-04 9.927086e-01
    outer loop
      vertex   -6.916832e+00 -3.300000e+01 7.050759e+00
      vertex   -6.925555e+00 -3.450000e+01 7.052886e+00
      vertex   -6.490000e+00 -3.450000e+01 7.000000e+00
    endloop
  endfacet
  facet normal 1.180879e-01 0.000000e+00 9.930032e-01
    outer loop
      vertex   -6.916832e+00 -3.300000e+01 7.050759e+00
      vertex   -6.490000e+00 -3.450000e+01 7.000000e+00
      vertex   -6.490000e+00 -3.300000e+01 7.000000e+00
    endloop
  endfacet
  facet normal 6.947272e-01 1.294696e-03 -7.192722e-01
    outer loop
      vertex   -7.765717e+00 -3.325000e+01 1.011805e+01
      vertex   -7.742996e+00 -3.325000e+01 1.014000e+01
      vertex   -7.696883e+00 -3.450000e+01 1.018229e+01
    endloop
  endfacet
  facet normal -3.073282e-16 -2.274685e-31 1.000000e+00
    outer loop
      vertex   -7.100000e-01 -3.300000e+01 7.000000e+00
      vertex   -6.490000e+00 -3.300000e+01 7.000000e+00
      vertex   -7.100000e-01 -3.450000e+01 7.000000e+00
    endloop
  endfacet
  facet normal -3.073282e-16 0.000000e+00 1.000000e+00
    outer loop
      vertex   -7.100000e-01 -3.450000e+01 7.000000e+00
      vertex   -6.490000e+00 -3.300000e+01 7.000000e+00
      vertex   -6.490000e+00 -3.450000e+01 7.000000e+00
    endloop
  endfacet
  facet normal -1.205367e-01 0.000000e+00 -9.927089e-01
    outer loop
      vertex   -7.100000e-01 -3.450000e+01 1.064000e+01
      vertex   -7.100000e-01 -3.300000e+01 1.064000e+01
      vertex   -2.744455e-01 -3.450000e+01 1.058711e+01
    endloop
  endfacet
  facet normal -1.262227e-01 -1.676029e-03 -9.920005e-01
    outer loop
      vertex   -2.744455e-01 -3.450000e+01 1.058711e+01
      vertex   -7.100000e-01 -3.300000e+01 1.064000e+01
      vertex   -2.542234e-01 -3.300000e+01 1.058201e+01
    endloop
  endfacet
  facet normal -3.546044e-01 1.596909e-03 -9.350151e-01
    outer loop
      vertex   -2.744455e-01 -3.450000e+01 1.058711e+01
      vertex   -2.542234e-01 -3.300000e+01 1.058201e+01
      vertex   1.357962e-01 -3.450000e+01 1.043153e+01
    endloop
  endfacet
  facet normal -3.706228e-01 -3.193754e-03 -9.287780e-01
    outer loop
      vertex   1.357962e-01 -3.450000e+01 1.043153e+01
      vertex   -2.542234e-01 -3.300000e+01 1.058201e+01
      vertex   1.725071e-01 -3.300000e+01 1.041172e+01
    endloop
  endfacet
  facet normal -5.680621e-01 3.035413e-03 -8.229801e-01
    outer loop
      vertex   1.357962e-01 -3.450000e+01 1.043153e+01
      vertex   1.725071e-01 -3.300000e+01 1.041172e+01
      vertex   4.968832e-01 -3.450000e+01 1.018229e+01
    endloop
  endfacet
  facet normal -5.914008e-01 -4.552969e-03 -8.063649e-01
    outer loop
      vertex   4.968832e-01 -3.450000e+01 1.018229e+01
      vertex   1.725071e-01 -3.300000e+01 1.041172e+01
      vertex   5.429964e-01 -3.300000e+01 1.014000e+01
    endloop
  endfacet
  facet normal -6.758910e-01 0.000000e+00 -7.370016e-01
    outer loop
      vertex   4.968832e-01 -3.450000e+01 1.018229e+01
      vertex   5.429964e-01 -3.300000e+01 1.014000e+01
      vertex   5.429964e-01 -3.325000e+01 1.014000e+01
    endloop
  endfacet
  facet normal -7.046786e-01 1.991607e-03 -7.095239e-01
    outer loop
      vertex   5.429964e-01 -3.325000e+01 1.014000e+01
      vertex   6.013831e-01 -3.325000e+01 1.008201e+01
      vertex   4.968832e-01 -3.450000e+01 1.018229e+01
    endloop
  endfacet
  facet normal -7.360129e-01 7.225982e-03 -6.769290e-01
    outer loop
      vertex   4.968832e-01 -3.450000e+01 1.018229e+01
      vertex   6.013831e-01 -3.325000e+01 1.008201e+01
      vertex   6.570889e-01 -3.325000e+01 1.002144e+01
    endloop
  endfacet
  facet normal -7.484687e-01 1.060372e-02 -6.630854e-01
    outer loop
      vertex   4.968832e-01 -3.450000e+01 1.018229e+01
      vertex   6.570889e-01 -3.325000e+01 1.002144e+01
      vertex   7.878306e-01 -3.450000e+01 9.853878e+00
    endloop
  endfacet
  facet normal -7.658653e-01 6.087912e-03 -6.429722e-01
    outer loop
      vertex   7.878306e-01 -3.450000e+01 9.853878e+00
      vertex   6.570889e-01 -3.325000e+01 1.002144e+01
      vertex   7.100000e-01 -3.325000e+01 9.958420e+00
    endloop
  endfacet
  facet normal -8.021162e-01 0.000000e+00 -5.971680e-01
    outer loop
      vertex   7.878306e-01 -3.450000e+01 9.853878e+00
      vertex   7.100000e-01 -3.325000e+01 9.958420e+00
      vertex   7.100000e-01 -3.300000e+01 9.958420e+00
    endloop
  endfacet
  facet normal -8.455592e-01 -6.667765e-03 -5.338400e-01
    outer loop
      vertex   7.100000e-01 -3.300000e+01 9.958420e+00
      vertex   9.284023e-01 -3.300000e+01 9.612488e+00
      vertex   7.878306e-01 -3.450000e+01 9.853878e+00
    endloop
  endfacet
  facet normal -8.854263e-01 8.193575e-03 -4.647076e-01
    outer loop
      vertex   7.878306e-01 -3.450000e+01 9.853878e+00
      vertex   9.284023e-01 -3.300000e+01 9.612488e+00
      vertex   9.917296e-01 -3.450000e+01 9.465381e+00
    endloop
  endfacet
  facet normal -9.434311e-01 -7.320367e-03 -3.314879e-01
    outer loop
      vertex   9.917296e-01 -3.450000e+01 9.465381e+00
      vertex   9.284023e-01 -3.300000e+01 9.612488e+00
      vertex   1.064020e+00 -3.300000e+01 9.226514e+00
    endloop
  endfacet
  facet normal -9.709052e-01 8.683049e-03 -2.393066e-01
    outer loop
      vertex   9.917296e-01 -3.450000e+01 9.465381e+00
      vertex   1.064020e+00 -3.300000e+01 9.226514e+00
      vertex   1.096730e+00 -3.450000e+01 9.039377e+00
    endloop
  endfacet
  facet normal -9.936349e-01 -7.646709e-03 -1.123886e-01
    outer loop
      vertex   1.096730e+00 -3.450000e+01 9.039377e+00
      vertex   1.064020e+00 -3.300000e+01 9.226514e+00
      vertex   1.110000e+00 -3.300000e+01 8.820000e+00
    endloop
  endfacet
  facet normal -9.999609e-01 8.846220e-03 5.060607e-16
    outer loop
      vertex   1.096730e+00 -3.450000e+01 9.039377e+00
      vertex   1.110000e+00 -3.300000e+01 8.820000e+00
      vertex   1.096730e+00 -3.450000e+01 8.600623e+00
    endloop
  endfacet
  facet normal -9.936349e-01 -7.646709e-03 1.123886e-01
    outer loop
      vertex   1.096730e+00 -3.450000e+01 8.600623e+00
      vertex   1.110000e+00 -3.300000e+01 8.820000e+00
      vertex   1.064020e+00 -3.300000e+01 8.413486e+00
    endloop
  endfacet
  facet normal -9.709052e-01 8.683049e-03 2.393066e-01
    outer loop
      vertex   1.096730e+00 -3.450000e+01 8.600623e+00
      vertex   1.064020e+00 -3.300000e+01 8.413486e+00
      vertex   9.917296e-01 -3.450000e+01 8.174619e+00
    endloop
  endfacet
  facet normal -9.434311e-01 -7.320367e-03 3.314879e-01
    outer loop
      vertex   9.917296e-01 -3.450000e+01 8.174619e+00
      vertex   1.064020e+00 -3.300000e+01 8.413486e+00
      vertex   9.284023e-01 -3.300000e+01 8.027512e+00
    endloop
  endfacet
  facet normal -8.854263e-01 8.193575e-03 4.647076e-01
    outer loop
      vertex   9.917296e-01 -3.450000e+01 8.174619e+00
      vertex   9.284023e-01 -3.300000e+01 8.027512e+00
      vertex   7.878306e-01 -3.450000e+01 7.786122e+00
    endloop
  endfacet
  facet normal -8.455592e-01 -6.667765e-03 5.338400e-01
    outer loop
      vertex   7.878306e-01 -3.450000e+01 7.786122e+00
      vertex   9.284023e-01 -3.300000e+01 8.027512e+00
      vertex   7.100000e-01 -3.300000e+01 7.681580e+00
    endloop
  endfacet
  facet normal -8.021162e-01 0.000000e+00 5.971680e-01
    outer loop
      vertex   7.878306e-01 -3.450000e+01 7.786122e+00
      vertex   7.100000e-01 -3.300000e+01 7.681580e+00
      vertex   7.100000e-01 -3.325000e+01 7.681580e+00
    endloop
  endfacet
  facet normal -7.605653e-01 6.940800e-03 6.492243e-01
    outer loop
      vertex   7.100000e-01 -3.325000e+01 7.681580e+00
      vertex   6.372110e-01 -3.325000e+01 7.596308e+00
      vertex   7.878306e-01 -3.450000e+01 7.786122e+00
    endloop
  endfacet
  facet normal -7.484695e-01 1.050323e-02 6.630861e-01
    outer loop
      vertex   7.878306e-01 -3.450000e+01 7.786122e+00
      vertex   6.372110e-01 -3.325000e+01 7.596308e+00
      vertex   4.968832e-01 -3.450000e+01 7.457710e+00
    endloop
  endfacet
  facet normal -7.191607e-01 3.692821e-03 6.948340e-01
    outer loop
      vertex   4.968832e-01 -3.450000e+01 7.457710e+00
      vertex   6.372110e-01 -3.325000e+01 7.596308e+00
      vertex   5.593097e-01 -3.325000e+01 7.515679e+00
    endloop
  endfacet
  facet normal -6.750184e-01 -5.042780e-04 7.378007e-01
    outer loop
      vertex   4.968832e-01 -3.450000e+01 7.457710e+00
      vertex   5.593097e-01 -3.325000e+01 7.515679e+00
      vertex   4.765918e-01 -3.325000e+01 7.440000e+00
    endloop
  endfacet
  facet normal -5.680631e-01 2.438817e-03 8.229814e-01
    outer loop
      vertex   4.968832e-01 -3.450000e+01 7.457710e+00
      vertex   4.765918e-01 -3.325000e+01 7.440000e+00
      vertex   1.357962e-01 -3.450000e+01 7.208470e+00
    endloop
  endfacet
  facet normal -5.619597e-01 0.000000e+00 8.271646e-01
    outer loop
      vertex   1.357962e-01 -3.450000e+01 7.208470e+00
      vertex   4.765918e-01 -3.325000e+01 7.440000e+00
      vertex   4.765918e-01 -3.300000e+01 7.440000e+00
    endloop
  endfacet
  facet normal -5.578721e-01 -1.354908e-03 8.299258e-01
    outer loop
      vertex   1.357962e-01 -3.450000e+01 7.208470e+00
      vertex   4.765918e-01 -3.300000e+01 7.440000e+00
      vertex   1.198563e-01 -3.300000e+01 7.200204e+00
    endloop
  endfacet
  facet normal -3.546045e-01 1.384238e-03 9.350153e-01
    outer loop
      vertex   1.357962e-01 -3.450000e+01 7.208470e+00
      vertex   1.198563e-01 -3.300000e+01 7.200204e+00
      vertex   -2.744455e-01 -3.450000e+01 7.052886e+00
    endloop
  endfacet
  facet normal -3.476767e-01 -6.921218e-04 9.376142e-01
    outer loop
      vertex   -2.744455e-01 -3.450000e+01 7.052886e+00
      vertex   1.198563e-01 -3.300000e+01 7.200204e+00
      vertex   -2.831677e-01 -3.300000e+01 7.050759e+00
    endloop
  endfacet
  facet normal -1.205367e-01 7.067829e-04 9.927086e-01
    outer loop
      vertex   -2.744455e-01 -3.450000e+01 7.052886e+00
      vertex   -2.831677e-01 -3.300000e+01 7.050759e+00
      vertex   -7.100000e-01 -3.450000e+01 7.000000e+00
    endloop
  endfacet
  facet normal -1.180879e-01 -8.740257e-17 9.930032e-01
    outer loop
      vertex   -7.100000e-01 -3.450000e+01 7.000000e+00
      vertex   -2.831677e-01 -3.300000e+01 7.050759e+00
      vertex   -7.100000e-01 -3.300000e+01 7.000000e+00
    endloop
  endfacet
  facet normal -1.000000e+00 -0.000000e+00 -0.000000e+00
    outer loop
      vertex   7.100000e-01 -3.300000e+01 7.681580e+00
      vertex   7.100000e-01 -3.300000e+01 7.440000e+00
      vertex   7.100000e-01 -3.325000e+01 7.681580e+00
    endloop
  endfacet
  facet normal -1.000000e+00 0.000000e+00 0.000000e+00
    outer loop
      vertex   7.100000e-01 -3.325000e+01 7.681580e+00
      vertex   7.100000e-01 -3.300000e+01 7.440000e+00
      vertex   7.100000e-01 -3.325000e+01 7.440000e+00
    endloop
  endfacet
  facet normal -1.000000e+00 0.000000e+00 0.000000e+00
    outer loop
      vertex   7.100000e-01 -3.325000e+01 9.958420e+00
      vertex   7.100000e-01 -3.325000e+01 1.014000e+01
      vertex   7.100000e-01 -3.300000e+01 9.958420e+00
    endloop
  endfacet
  facet normal -1.000000e+00 0.000000e+00 0.000000e+00
    outer loop
      vertex   7.100000e-01 -3.300000e+01 9.958420e+00
      vertex   7.100000e-01 -3.325000e+01 1.014000e+01
      vertex   7.100000e-01 -3.300000e+01 1.014000e+01
    endloop
  endfacet
  facet normal 0.000000e+00 0.000000e+00 -1.000000e+00
    outer loop
      vertex   -7.742996e+00 -3.325000e+01 1.014000e+01
      vertex   -7.810000e+00 -3.325000e+01 1.014000e+01
      vertex   -7.742996e+00 -3.300000e+01 1.014000e+01
    endloop
  endfacet
  facet normal -0.000000e+00 0.000000e+00 -1.000000e+00
    outer loop
      vertex   -7.742996e+00 -3.300000e+01 1.014000e+01
      vertex   -7.810000e+00 -3.325000e+01 1.014000e+01
      vertex   -7.810000e+00 -3.300000e+01 1.014000e+01
    endloop
  endfacet
  facet normal 0.000000e+00 0.000000e+00 -1.000000e+00
    outer loop
      vertex   5.429964e-01 -3.300000e+01 1.014000e+01
      vertex   7.100000e-01 -3.300000e+01 1.014000e+01
      vertex   5.429964e-01 -3.325000e+01 1.014000e+01
    endloop
  endfacet
  facet normal 0.000000e+00 0.000000e+00 -1.000000e+00
    outer loop
      vertex   5.429964e-01 -3.325000e+01 1.014000e+01
      vertex   7.100000e-01 -3.300000e+01 1.014000e+01
      vertex   7.100000e-01 -3.325000e+01 1.014000e+01
    endloop
  endfacet
  facet normal 0.000000e+00 0.000000e+00 1.000000e+00
    outer loop
      vertex   -7.676592e+00 -3.300000e+01 7.440000e+00
      vertex   -7.810000e+00 -3.300000e+01 7.440000e+00
      vertex   -7.676592e+00 -3.325000e+01 7.440000e+00
    endloop
  endfacet
  facet normal 0.000000e+00 0.000000e+00 1.000000e+00
    outer loop
      vertex   -7.676592e+00 -3.325000e+01 7.440000e+00
      vertex   -7.810000e+00 -3.300000e+01 7.440000e+00
      vertex   -7.810000e+00 -3.325000e+01 7.440000e+00
    endloop
  endfacet
  facet normal 1.060455e-13 1.000000e+00 2.139805e-13
    outer loop
      vertex   -7.742996e+00 -3.325000e+01 1.014000e+01
      vertex   -7.765717e+00 -3.325000e+01 1.011805e+01
      vertex   -7.810000e+00 -3.325000e+01 1.014000e+01
    endloop
  endfacet
  facet normal 0.000000e+00 1.000000e+00 0.000000e+00
    outer loop
      vertex   -7.810000e+00 -3.325000e+01 1.014000e+01
      vertex   -7.765717e+00 -3.325000e+01 1.011805e+01
      vertex   -7.788054e+00 -3.325000e+01 1.009572e+01
    endloop
  endfacet
  facet normal 0.000000e+00 1.000000e+00 0.000000e+00
    outer loop
      vertex   -7.810000e+00 -3.325000e+01 1.014000e+01
      vertex   -7.788054e+00 -3.325000e+01 1.009572e+01
      vertex   -7.810000e+00 -3.325000e+01 1.007300e+01
    endloop
  endfacet
  facet normal 0.000000e+00 1.000000e+00 0.000000e+00
    outer loop
      vertex   -7.810000e+00 -3.325000e+01 7.567004e+00
      vertex   -7.766968e+00 -3.325000e+01 7.523176e+00
      vertex   -7.810000e+00 -3.325000e+01 7.440000e+00
    endloop
  endfacet
  facet normal 0.000000e+00 1.000000e+00 0.000000e+00
    outer loop
      vertex   -7.810000e+00 -3.325000e+01 7.440000e+00
      vertex   -7.766968e+00 -3.325000e+01 7.523176e+00
      vertex   -7.722482e+00 -3.325000e+01 7.480825e+00
    endloop
  endfacet
  facet normal 5.326078e-14 1.000000e+00 -1.141763e-13
    outer loop
      vertex   -7.810000e+00 -3.325000e+01 7.440000e+00
      vertex   -7.722482e+00 -3.325000e+01 7.480825e+00
      vertex   -7.676592e+00 -3.325000e+01 7.440000e+00
    endloop
  endfacet
  facet normal -3.044206e-14 1.000000e+00 -6.061541e-14
    outer loop
      vertex   4.765918e-01 -3.325000e+01 7.440000e+00
      vertex   5.593097e-01 -3.325000e+01 7.515679e+00
      vertex   7.100000e-01 -3.325000e+01 7.440000e+00
    endloop
  endfacet
  facet normal 0.000000e+00 1.000000e+00 0.000000e+00
    outer loop
      vertex   7.100000e-01 -3.325000e+01 7.440000e+00
      vertex   5.593097e-01 -3.325000e+01 7.515679e+00
      vertex   6.372110e-01 -3.325000e+01 7.596308e+00
    endloop
  endfacet
  facet normal 0.000000e+00 1.000000e+00 -0.000000e+00
    outer loop
      vertex   7.100000e-01 -3.325000e+01 7.440000e+00
      vertex   6.372110e-01 -3.325000e+01 7.596308e+00
      vertex   7.100000e-01 -3.325000e+01 7.681580e+00
    endloop
  endfacet
  facet normal 0.000000e+00 1.000000e+00 -0.000000e+00
    outer loop
      vertex   7.100000e-01 -3.325000e+01 9.958420e+00
      vertex   6.570889e-01 -3.325000e+01 1.002144e+01
      vertex   7.100000e-01 -3.325000e+01 1.014000e+01
    endloop
  endfacet
  facet normal 0.000000e+00 1.000000e+00 0.000000e+00
    outer loop
      vertex   7.100000e-01 -3.325000e+01 1.014000e+01
      vertex   6.570889e-01 -3.325000e+01 1.002144e+01
      vertex   6.013831e-01 -3.325000e+01 1.008201e+01
    endloop
  endfacet
  facet normal -4.254655e-14 1.000000e+00 7.969363e-14
    outer loop
      vertex   7.100000e-01 -3.325000e+01 1.014000e+01
      vertex   6.013831e-01 -3.325000e+01 1.008201e+01
      vertex   5.429964e-01 -3.325000e+01 1.014000e+01
    endloop
  endfacet
  facet normal 1.000000e+00 7.105427e-15 1.398667e-14
    outer loop
      vertex   -7.810000e+00 -3.300000e+01 7.567004e+00
      vertex   -7.810000e+00 -3.325000e+01 7.567004e+00
      vertex   -7.810000e+00 -3.300000e+01 7.440000e+00
    endloop
  endfacet
  facet normal 1.000000e+00 0.000000e+00 0.000000e+00
    outer loop
      vertex   -7.810000e+00 -3.300000e+01 7.440000e+00
      vertex   -7.810000e+00 -3.325000e+01 7.567004e+00
      vertex   -7.810000e+00 -3.325000e+01 7.440000e+00
    endloop
  endfacet
  facet normal 1.000000e+00 7.105427e-15 -0.000000e+00
    outer loop
      vertex   -7.810000e+00 -3.325000e+01 1.007300e+01
      vertex   -7.810000e+00 -3.300000e+01 1.007300e+01
      vertex   -7.810000e+00 -3.325000e+01 1.014000e+01
    endloop
  endfacet
  facet normal 1.000000e+00 0.000000e+00 -2.651137e-14
    outer loop
      vertex   -7.810000e+00 -3.325000e+01 1.014000e+01
      vertex   -7.810000e+00 -3.300000e+01 1.007300e+01
      vertex   -7.810000e+00 -3.300000e+01 1.014000e+01
    endloop
  endfacet
  facet normal 0.000000e+00 0.000000e+00 1.000000e+00
    outer loop
      vertex   4.765918e-01 -3.325000e+01 7.440000e+00
      vertex   7.100000e-01 -3.325000e+01 7.440000e+00
      vertex   4.765918e-01 -3.300000e+01 7.440000e+00
    endloop
  endfacet
  facet normal -0.000000e+00 0.000000e+00 1.000000e+00
    outer loop
      vertex   4.765918e-01 -3.300000e+01 7.440000e+00
      vertex   7.100000e-01 -3.325000e+01 7.440000e+00
      vertex   7.100000e-01 -3.300000e+01 7.440000e+00
    endloop
  endfacet
  facet normal 1.000000e+00 1.384852e-15 3.552714e-14
    outer loop
      vertex   -1.250000e+01 -3.106730e+01 1.070000e+01
      vertex   -1.250000e+01 -3.235000e+01 1.070000e+01
      vertex   -1.250000e+01 -3.106730e+01 1.065000e+01
    endloop
  endfacet
  facet normal 1.000000e+00 -1.473247e-17 -3.779483e-16
    outer loop
      vertex   -1.250000e+01 -3.106730e+01 1.065000e+01
      vertex   -1.250000e+01 -3.235000e+01 1.070000e+01
      vertex   -1.250000e+01 -3.235000e+01 6.000000e+00
    endloop
  endfacet
  facet normal 1.000000e+00 -2.730239e-16 -3.066984e-16
    outer loop
      vertex   -1.250000e+01 -3.106730e+01 1.065000e+01
      vertex   -1.250000e+01 -3.235000e+01 6.000000e+00
      vertex   -1.250000e+01 -5.042369e+00 1.065000e+01
    endloop
  endfacet
  facet normal 1.000000e+00 -3.094698e-16 -9.266587e-17
    outer loop
      vertex   -1.250000e+01 -5.042369e+00 1.065000e+01
      vertex   -1.250000e+01 -3.235000e+01 6.000000e+00
      vertex   -1.250000e+01 -3.650000e+00 6.000000e+00
    endloop
  endfacet
  facet normal 1.000000e+00 -0.000000e+00 0.000000e+00
    outer loop
      vertex   -1.250000e+01 -5.042369e+00 1.065000e+01
      vertex   -1.250000e+01 -3.650000e+00 6.000000e+00
      vertex   -1.250000e+01 -3.650000e+00 1.070000e+01
    endloop
  endfacet
  facet normal 1.000000e+00 0.000000e+00 0.000000e+00
    outer loop
      vertex   -1.250000e+01 -3.650000e+00 1.070000e+01
      vertex   -1.250000e+01 -5.042369e+00 1.070000e+01
      vertex   -1.250000e+01 -5.042369e+00 1.065000e+01
    endloop
  endfacet
  facet normal -9.914449e-01 1.305262e-01 0.000000e+00
    outer loop
      vertex   2.100000e+00 -3.850000e+00 9.000000e+00
      vertex   2.100000e+00 -3.850000e+00 6.000000e+00
      vertex   2.065926e+00 -4.108819e+00 9.000000e+00
    endloop
  endfacet
  facet normal -9.914449e-01 1.305262e-01 0.000000e+00
    outer loop
      vertex   2.065926e+00 -4.108819e+00 9.000000e+00
      vertex   2.100000e+00 -3.850000e+00 6.000000e+00
      vertex   2.065926e+00 -4.108819e+00 6.000000e+00
    endloop
  endfacet
  facet normal -9.238795e-01 3.826834e-01 0.000000e+00
    outer loop
      vertex   2.065926e+00 -4.108819e+00 9.000000e+00
      vertex   2.065926e+00 -4.108819e+00 6.000000e+00
      vertex   1.966025e+00 -4.350000e+00 9.000000e+00
    endloop
  endfacet
  facet normal -9.238795e-01 3.826834e-01 6.838082e-17
    outer loop
      vertex   1.966025e+00 -4.350000e+00 9.000000e+00
      vertex   2.065926e+00 -4.108819e+00 6.000000e+00
      vertex   1.966025e+00 -4.350000e+00 6.000000e+00
    endloop
  endfacet
  facet normal -7.933533e-01 6.087614e-01 5.871994e-17
    outer loop
      vertex   1.966025e+00 -4.350000e+00 9.000000e+00
      vertex   1.966025e+00 -4.350000e+00 6.000000e+00
      vertex   1.807107e+00 -4.557107e+00 9.000000e+00
    endloop
  endfacet
  facet normal -7.933533e-01 6.087614e-01 0.000000e+00
    outer loop
      vertex   1.807107e+00 -4.557107e+00 9.000000e+00
      vertex   1.966025e+00 -4.350000e+00 6.000000e+00
      vertex   1.807107e+00 -4.557107e+00 6.000000e+00
    endloop
  endfacet
  facet normal -6.087614e-01 7.933533e-01 0.000000e+00
    outer loop
      vertex   1.807107e+00 -4.557107e+00 9.000000e+00
      vertex   1.807107e+00 -4.557107e+00 6.000000e+00
      vertex   1.600000e+00 -4.716025e+00 9.000000e+00
    endloop
  endfacet
  facet normal -6.087614e-01 7.933533e-01 0.000000e+00
    outer loop
      vertex   1.600000e+00 -4.716025e+00 9.000000e+00
      vertex   1.807107e+00 -4.557107e+00 6.000000e+00
      vertex   1.600000e+00 -4.716025e+00 6.000000e+00
    endloop
  endfacet
  facet normal -3.826834e-01 9.238795e-01 0.000000e+00
    outer loop
      vertex   1.600000e+00 -4.716025e+00 9.000000e+00
      vertex   1.600000e+00 -4.716025e+00 6.000000e+00
      vertex   1.358819e+00 -4.815926e+00 9.000000e+00
    endloop
  endfacet
  facet normal -3.826834e-01 9.238795e-01 2.832426e-17
    outer loop
      vertex   1.358819e+00 -4.815926e+00 9.000000e+00
      vertex   1.600000e+00 -4.716025e+00 6.000000e+00
      vertex   1.358819e+00 -4.815926e+00 6.000000e+00
    endloop
  endfacet
  facet normal -1.305262e-01 9.914449e-01 9.660879e-18
    outer loop
      vertex   1.358819e+00 -4.815926e+00 9.000000e+00
      vertex   1.358819e+00 -4.815926e+00 6.000000e+00
      vertex   1.100000e+00 -4.850000e+00 9.000000e+00
    endloop
  endfacet
  facet normal -1.305262e-01 9.914449e-01 1.932176e-17
    outer loop
      vertex   1.100000e+00 -4.850000e+00 9.000000e+00
      vertex   1.358819e+00 -4.815926e+00 6.000000e+00
      vertex   1.100000e+00 -4.850000e+00 6.000000e+00
    endloop
  endfacet
  facet normal -8.221247e-01 -5.693074e-01 -0.000000e+00
    outer loop
      vertex   1.733975e+00 -3.265000e+01 9.000000e+00
      vertex   1.733975e+00 -3.265000e+01 6.000000e+00
      vertex   1.827310e+00 -3.278478e+01 9.000000e+00
    endloop
  endfacet
  facet normal -8.221247e-01 -5.693074e-01 -0.000000e+00
    outer loop
      vertex   1.827310e+00 -3.278478e+01 9.000000e+00
      vertex   1.733975e+00 -3.265000e+01 6.000000e+00
      vertex   1.827310e+00 -3.278478e+01 6.000000e+00
    endloop
  endfacet
  facet normal -7.180554e-01 -6.959859e-01 -0.000000e+00
    outer loop
      vertex   1.827310e+00 -3.278478e+01 9.000000e+00
      vertex   1.827310e+00 -3.278478e+01 6.000000e+00
      vertex   1.941413e+00 -3.290250e+01 6.000000e+00
    endloop
  endfacet
  facet normal -5.946863e-01 -8.039578e-01 0.000000e+00
    outer loop
      vertex   2.073217e+00 -3.300000e+01 6.000000e+00
      vertex   2.073217e+00 -3.300000e+01 9.000000e+00
      vertex   1.941413e+00 -3.290250e+01 6.000000e+00
    endloop
  endfacet
  facet normal -5.946863e-01 -8.039578e-01 -1.320469e-16
    outer loop
      vertex   1.941413e+00 -3.290250e+01 6.000000e+00
      vertex   2.073217e+00 -3.300000e+01 9.000000e+00
      vertex   1.941413e+00 -3.290250e+01 9.000000e+00
    endloop
  endfacet
  facet normal -7.180554e-01 -6.959859e-01 -1.594403e-16
    outer loop
      vertex   1.941413e+00 -3.290250e+01 6.000000e+00
      vertex   1.941413e+00 -3.290250e+01 9.000000e+00
      vertex   1.827310e+00 -3.278478e+01 9.000000e+00
    endloop
  endfacet
  facet normal -1.000000e+00 0.000000e+00 0.000000e+00
    outer loop
      vertex   1.733975e+00 -3.235000e+01 6.000000e+00
      vertex   1.733975e+00 -3.265000e+01 6.000000e+00
      vertex   1.733975e+00 -3.235000e+01 9.000000e+00
    endloop
  endfacet
  facet normal -1.000000e+00 -0.000000e+00 0.000000e+00
    outer loop
      vertex   1.733975e+00 -3.235000e+01 9.000000e+00
      vertex   1.733975e+00 -3.265000e+01 6.000000e+00
      vertex   1.733975e+00 -3.265000e+01 9.000000e+00
    endloop
  endfacet
  facet normal 4.283948e-13 1.000000e+00 2.536607e-28
    outer loop
      vertex   5.300000e+00 -3.235000e+01 6.000000e+00
      vertex   1.733975e+00 -3.235000e+01 6.000000e+00
      vertex   5.300000e+00 -3.235000e+01 9.000000e+00
    endloop
  endfacet
  facet normal 4.283948e-13 1.000000e+00 0.000000e+00
    outer loop
      vertex   5.300000e+00 -3.235000e+01 9.000000e+00
      vertex   1.733975e+00 -3.235000e+01 6.000000e+00
      vertex   1.733975e+00 -3.235000e+01 9.000000e+00
    endloop
  endfacet
  facet normal -5.525455e-16 -1.000000e+00 -4.440892e-16
    outer loop
      vertex   2.888854e+00 -3.650000e+00 6.000000e+00
      vertex   5.300000e+00 -3.650000e+00 6.000000e+00
      vertex   2.888854e+00 -3.650000e+00 9.000000e+00
    endloop
  endfacet
  facet normal 0.000000e+00 -1.000000e+00 0.000000e+00
    outer loop
      vertex   2.888854e+00 -3.650000e+00 9.000000e+00
      vertex   5.300000e+00 -3.650000e+00 6.000000e+00
      vertex   5.300000e+00 -3.650000e+00 9.000000e+00
    endloop
  endfacet
  facet normal 1.198638e-01 -9.927903e-01 -8.871702e-18
    outer loop
      vertex   1.100000e+00 -5.650000e+00 9.000000e+00
      vertex   1.100000e+00 -5.650000e+00 6.000000e+00
      vertex   1.528399e+00 -5.598278e+00 9.000000e+00
    endloop
  endfacet
  facet normal 1.198638e-01 -9.927903e-01 8.871702e-18
    outer loop
      vertex   1.528399e+00 -5.598278e+00 9.000000e+00
      vertex   1.100000e+00 -5.650000e+00 6.000000e+00
      vertex   1.528399e+00 -5.598278e+00 6.000000e+00
    endloop
  endfacet
  facet normal 3.527028e-01 -9.357354e-01 2.610525e-17
    outer loop
      vertex   1.528399e+00 -5.598278e+00 9.000000e+00
      vertex   1.528399e+00 -5.598278e+00 6.000000e+00
      vertex   1.932177e+00 -5.446083e+00 9.000000e+00
    endloop
  endfacet
  facet normal 3.527028e-01 -9.357354e-01 0.000000e+00
    outer loop
      vertex   1.932177e+00 -5.446083e+00 9.000000e+00
      vertex   1.528399e+00 -5.598278e+00 6.000000e+00
      vertex   1.932177e+00 -5.446083e+00 6.000000e+00
    endloop
  endfacet
  facet normal 5.652723e-01 -8.249044e-01 0.000000e+00
    outer loop
      vertex   1.932177e+00 -5.446083e+00 9.000000e+00
      vertex   1.932177e+00 -5.446083e+00 6.000000e+00
      vertex   2.288131e+00 -5.202163e+00 9.000000e+00
    endloop
  endfacet
  facet normal 5.652723e-01 -8.249044e-01 -4.047644e-16
    outer loop
      vertex   2.288131e+00 -5.202163e+00 9.000000e+00
      vertex   1.932177e+00 -5.446083e+00 6.000000e+00
      vertex   2.288131e+00 -5.202163e+00 6.000000e+00
    endloop
  endfacet
  facet normal 7.453560e-01 -6.666667e-01 -2.844111e-16
    outer loop
      vertex   2.288131e+00 -5.202163e+00 9.000000e+00
      vertex   2.288131e+00 -5.202163e+00 6.000000e+00
      vertex   2.575805e+00 -4.880534e+00 9.000000e+00
    endloop
  endfacet
  facet normal 7.453560e-01 -6.666667e-01 1.103349e-16
    outer loop
      vertex   2.575805e+00 -4.880534e+00 9.000000e+00
      vertex   2.288131e+00 -5.202163e+00 6.000000e+00
      vertex   2.575805e+00 -4.880534e+00 6.000000e+00
    endloop
  endfacet
  facet normal 8.826046e-01 -4.701161e-01 1.306517e-16
    outer loop
      vertex   2.575805e+00 -4.880534e+00 9.000000e+00
      vertex   2.575805e+00 -4.880534e+00 6.000000e+00
      vertex   2.778664e+00 -4.499682e+00 9.000000e+00
    endloop
  endfacet
  facet normal 8.826046e-01 -4.701161e-01 -2.783647e-16
    outer loop
      vertex   2.778664e+00 -4.499682e+00 9.000000e+00
      vertex   2.575805e+00 -4.880534e+00 6.000000e+00
      vertex   2.778664e+00 -4.499682e+00 6.000000e+00
    endloop
  endfacet
  facet normal 9.691305e-01 -2.465483e-01 -1.459859e-16
    outer loop
      vertex   2.778664e+00 -4.499682e+00 9.000000e+00
      vertex   2.778664e+00 -4.499682e+00 6.000000e+00
      vertex   2.885052e+00 -4.081493e+00 9.000000e+00
    endloop
  endfacet
  facet normal 9.691305e-01 -2.465483e-01 1.409343e-16
    outer loop
      vertex   2.885052e+00 -4.081493e+00 9.000000e+00
      vertex   2.778664e+00 -4.499682e+00 6.000000e+00
      vertex   2.885052e+00 -4.081493e+00 6.000000e+00
    endloop
  endfacet
  facet normal 9.999612e-01 -8.811539e-03 2.908305e-16
    outer loop
      vertex   2.885052e+00 -4.081493e+00 9.000000e+00
      vertex   2.885052e+00 -4.081493e+00 6.000000e+00
      vertex   2.888854e+00 -3.650000e+00 9.000000e+00
    endloop
  endfacet
  facet normal 9.999612e-01 -8.811539e-03 -3.913109e-18
    outer loop
      vertex   2.888854e+00 -3.650000e+00 9.000000e+00
      vertex   2.885052e+00 -4.081493e+00 6.000000e+00
      vertex   2.888854e+00 -3.650000e+00 6.000000e+00
    endloop
  endfacet
  facet normal 5.946863e-01 -8.039578e-01 0.000000e+00
    outer loop
      vertex   -9.273217e+00 -3.300000e+01 1.165000e+01
      vertex   -9.273217e+00 -3.300000e+01 6.000000e+00
      vertex   -9.141413e+00 -3.290250e+01 1.165000e+01
    endloop
  endfacet
  facet normal 5.946863e-01 -8.039578e-01 0.000000e+00
    outer loop
      vertex   -9.141413e+00 -3.290250e+01 1.165000e+01
      vertex   -9.273217e+00 -3.300000e+01 6.000000e+00
      vertex   -9.141413e+00 -3.290250e+01 6.000000e+00
    endloop
  endfacet
  facet normal 7.180554e-01 -6.959859e-01 0.000000e+00
    outer loop
      vertex   -9.141413e+00 -3.290250e+01 1.165000e+01
      vertex   -9.141413e+00 -3.290250e+01 6.000000e+00
      vertex   -9.027310e+00 -3.278478e+01 6.000000e+00
    endloop
  endfacet
  facet normal 8.221247e-01 -5.693074e-01 0.000000e+00
    outer loop
      vertex   -8.933975e+00 -3.265000e+01 6.000000e+00
      vertex   -8.933975e+00 -3.265000e+01 1.165000e+01
      vertex   -9.027310e+00 -3.278478e+01 6.000000e+00
    endloop
  endfacet
  facet normal 8.221247e-01 -5.693074e-01 0.000000e+00
    outer loop
      vertex   -9.027310e+00 -3.278478e+01 6.000000e+00
      vertex   -8.933975e+00 -3.265000e+01 1.165000e+01
      vertex   -9.027310e+00 -3.278478e+01 1.165000e+01
    endloop
  endfacet
  facet normal 7.180554e-01 -6.959859e-01 0.000000e+00
    outer loop
      vertex   -9.027310e+00 -3.278478e+01 6.000000e+00
      vertex   -9.027310e+00 -3.278478e+01 1.165000e+01
      vertex   -9.141413e+00 -3.290250e+01 1.165000e+01
    endloop
  endfacet
endsolid
