solid ASCII
  facet normal 0.000000e+00 -0.000000e+00 -1.000000e+00
    outer loop
      vertex   -2.227162e+00 3.105484e+01 4.000000e+01
      vertex   -2.220181e+00 3.082160e+01 4.000000e+01
      vertex   -3.320181e+00 3.082160e+01 4.000000e+01
    endloop
  endfacet
  facet normal 0.000000e+00 0.000000e+00 -1.000000e+00
    outer loop
      vertex   -3.320181e+00 3.082160e+01 4.000000e+01
      vertex   -2.220181e+00 3.082160e+01 4.000000e+01
      vertex   -2.227162e+00 3.058837e+01 4.000000e+01
    endloop
  endfacet
  facet normal 0.000000e+00 -0.000000e+00 -1.000000e+00
    outer loop
      vertex   -3.320181e+00 3.082160e+01 4.000000e+01
      vertex   -2.227162e+00 3.058837e+01 4.000000e+01
      vertex   -3.327156e+00 3.062409e+01 4.000000e+01
    endloop
  endfacet
  facet normal 0.000000e+00 0.000000e+00 -1.000000e+00
    outer loop
      vertex   -3.327156e+00 3.062409e+01 4.000000e+01
      vertex   -2.227162e+00 3.058837e+01 4.000000e+01
      vertex   -2.248078e+00 3.035597e+01 4.000000e+01
    endloop
  endfacet
  facet normal 0.000000e+00 -0.000000e+00 -1.000000e+00
    outer loop
      vertex   -3.327156e+00 3.062409e+01 4.000000e+01
      vertex   -2.248078e+00 3.035597e+01 4.000000e+01
      vertex   -3.348045e+00 3.042757e+01 4.000000e+01
    endloop
  endfacet
  facet normal 0.000000e+00 0.000000e+00 -1.000000e+00
    outer loop
      vertex   -3.348045e+00 3.042757e+01 4.000000e+01
      vertex   -2.248078e+00 3.035597e+01 4.000000e+01
      vertex   -2.282856e+00 3.012523e+01 4.000000e+01
    endloop
  endfacet
  facet normal 0.000000e+00 -0.000000e+00 -1.000000e+00
    outer loop
      vertex   -3.348045e+00 3.042757e+01 4.000000e+01
      vertex   -2.282856e+00 3.012523e+01 4.000000e+01
      vertex   -3.382745e+00 3.023301e+01 4.000000e+01
    endloop
  endfacet
  facet normal 0.000000e+00 0.000000e+00 -1.000000e+00
    outer loop
      vertex   -3.382745e+00 3.023301e+01 4.000000e+01
      vertex   -2.282856e+00 3.012523e+01 4.000000e+01
      vertex   -2.331370e+00 2.989699e+01 4.000000e+01
    endloop
  endfacet
  facet normal 0.000000e+00 -0.000000e+00 -1.000000e+00
    outer loop
      vertex   -3.382745e+00 3.023301e+01 4.000000e+01
      vertex   -2.331370e+00 2.989699e+01 4.000000e+01
      vertex   -3.431083e+00 3.004138e+01 4.000000e+01
    endloop
  endfacet
  facet normal 0.000000e+00 0.000000e+00 -1.000000e+00
    outer loop
      vertex   -3.431083e+00 3.004138e+01 4.000000e+01
      vertex   -2.331370e+00 2.989699e+01 4.000000e+01
      vertex   -2.393447e+00 2.967206e+01 4.000000e+01
    endloop
  endfacet
  facet normal 0.000000e+00 -0.000000e+00 -1.000000e+00
    outer loop
      vertex   -3.431083e+00 3.004138e+01 4.000000e+01
      vertex   -2.393447e+00 2.967206e+01 4.000000e+01
      vertex   -3.492818e+00 2.985364e+01 4.000000e+01
    endloop
  endfacet
  facet normal 0.000000e+00 0.000000e+00 -1.000000e+00
    outer loop
      vertex   -3.492818e+00 2.985364e+01 4.000000e+01
      vertex   -2.393447e+00 2.967206e+01 4.000000e+01
      vertex   -2.468865e+00 2.945124e+01 4.000000e+01
    endloop
  endfacet
  facet normal 0.000000e+00 -0.000000e+00 -1.000000e+00
    outer loop
      vertex   -3.492818e+00 2.985364e+01 4.000000e+01
      vertex   -2.468865e+00 2.945124e+01 4.000000e+01
      vertex   -3.567642e+00 2.967071e+01 4.000000e+01
    endloop
  endfacet
  facet normal 0.000000e+00 0.000000e+00 -1.000000e+00
    outer loop
      vertex   -3.567642e+00 2.967071e+01 4.000000e+01
      vertex   -2.468865e+00 2.945124e+01 4.000000e+01
      vertex   -2.557354e+00 2.923533e+01 4.000000e+01
    endloop
  endfacet
  facet normal 0.000000e+00 0.000000e+00 -1.000000e+00
    outer loop
      vertex   -3.567642e+00 2.967071e+01 4.000000e+01
      vertex   -2.557354e+00 2.923533e+01 4.000000e+01
      vertex   -2.658597e+00 2.902510e+01 4.000000e+01
    endloop
  endfacet
  facet normal 0.000000e+00 -0.000000e+00 -1.000000e+00
    outer loop
      vertex   -3.567642e+00 2.967071e+01 4.000000e+01
      vertex   -2.658597e+00 2.902510e+01 4.000000e+01
      vertex   -3.655183e+00 2.949353e+01 4.000000e+01
    endloop
  endfacet
  facet normal 0.000000e+00 0.000000e+00 -1.000000e+00
    outer loop
      vertex   -3.655183e+00 2.949353e+01 4.000000e+01
      vertex   -2.658597e+00 2.902510e+01 4.000000e+01
      vertex   -2.772231e+00 2.882130e+01 4.000000e+01
    endloop
  endfacet
  facet normal 0.000000e+00 -0.000000e+00 -1.000000e+00
    outer loop
      vertex   -3.655183e+00 2.949353e+01 4.000000e+01
      vertex   -2.772231e+00 2.882130e+01 4.000000e+01
      vertex   -3.755004e+00 2.932296e+01 4.000000e+01
    endloop
  endfacet
  facet normal 0.000000e+00 0.000000e+00 -1.000000e+00
    outer loop
      vertex   -3.755004e+00 2.932296e+01 4.000000e+01
      vertex   -2.772231e+00 2.882130e+01 4.000000e+01
      vertex   -2.897850e+00 2.862466e+01 4.000000e+01
    endloop
  endfacet
  facet normal 0.000000e+00 -0.000000e+00 -1.000000e+00
    outer loop
      vertex   -3.755004e+00 2.932296e+01 4.000000e+01
      vertex   -2.897850e+00 2.862466e+01 4.000000e+01
      vertex   -3.866609e+00 2.915985e+01 4.000000e+01
    endloop
  endfacet
  facet normal 0.000000e+00 0.000000e+00 -1.000000e+00
    outer loop
      vertex   -3.866609e+00 2.915985e+01 4.000000e+01
      vertex   -2.897850e+00 2.862466e+01 4.000000e+01
      vertex   -3.035004e+00 2.843588e+01 4.000000e+01
    endloop
  endfacet
  facet normal 0.000000e+00 -0.000000e+00 -1.000000e+00
    outer loop
      vertex   -3.866609e+00 2.915985e+01 4.000000e+01
      vertex   -3.035004e+00 2.843588e+01 4.000000e+01
      vertex   -3.989441e+00 2.900503e+01 4.000000e+01
    endloop
  endfacet
  facet normal 0.000000e+00 0.000000e+00 -1.000000e+00
    outer loop
      vertex   -3.989441e+00 2.900503e+01 4.000000e+01
      vertex   -3.035004e+00 2.843588e+01 4.000000e+01
      vertex   -3.183202e+00 2.825564e+01 4.000000e+01
    endloop
  endfacet
  facet normal 0.000000e+00 -0.000000e+00 -1.000000e+00
    outer loop
      vertex   -3.989441e+00 2.900503e+01 4.000000e+01
      vertex   -3.183202e+00 2.825564e+01 4.000000e+01
      vertex   -4.122887e+00 2.885925e+01 4.000000e+01
    endloop
  endfacet
  facet normal 0.000000e+00 0.000000e+00 -1.000000e+00
    outer loop
      vertex   -4.122887e+00 2.885925e+01 4.000000e+01
      vertex   -3.183202e+00 2.825564e+01 4.000000e+01
      vertex   -3.341914e+00 2.808459e+01 4.000000e+01
    endloop
  endfacet
  facet normal 0.000000e+00 0.000000e+00 -1.000000e+00
    outer loop
      vertex   -4.122887e+00 2.885925e+01 4.000000e+01
      vertex   -3.341914e+00 2.808459e+01 4.000000e+01
      vertex   -3.510572e+00 2.792334e+01 4.000000e+01
    endloop
  endfacet
  facet normal 0.000000e+00 -0.000000e+00 -1.000000e+00
    outer loop
      vertex   -4.122887e+00 2.885925e+01 4.000000e+01
      vertex   -3.510572e+00 2.792334e+01 4.000000e+01
      vertex   -4.266285e+00 2.872325e+01 4.000000e+01
    endloop
  endfacet
  facet normal 0.000000e+00 0.000000e+00 -1.000000e+00
    outer loop
      vertex   -4.266285e+00 2.872325e+01 4.000000e+01
      vertex   -3.510572e+00 2.792334e+01 4.000000e+01
      vertex   -3.688571e+00 2.777246e+01 4.000000e+01
    endloop
  endfacet
  facet normal 0.000000e+00 -0.000000e+00 -1.000000e+00
    outer loop
      vertex   -4.266285e+00 2.872325e+01 4.000000e+01
      vertex   -3.688571e+00 2.777246e+01 4.000000e+01
      vertex   -4.418918e+00 2.859771e+01 4.000000e+01
    endloop
  endfacet
  facet normal 0.000000e+00 0.000000e+00 -1.000000e+00
    outer loop
      vertex   -4.418918e+00 2.859771e+01 4.000000e+01
      vertex   -3.688571e+00 2.777246e+01 4.000000e+01
      vertex   -3.875275e+00 2.763250e+01 4.000000e+01
    endloop
  endfacet
  facet normal 0.000000e+00 -0.000000e+00 -1.000000e+00
    outer loop
      vertex   -4.418918e+00 2.859771e+01 4.000000e+01
      vertex   -3.875275e+00 2.763250e+01 4.000000e+01
      vertex   -4.580027e+00 2.848324e+01 4.000000e+01
    endloop
  endfacet
  facet normal 0.000000e+00 0.000000e+00 -1.000000e+00
    outer loop
      vertex   -4.580027e+00 2.848324e+01 4.000000e+01
      vertex   -3.875275e+00 2.763250e+01 4.000000e+01
      vertex   -4.070014e+00 2.750395e+01 4.000000e+01
    endloop
  endfacet
  facet normal 0.000000e+00 -0.000000e+00 -1.000000e+00
    outer loop
      vertex   -4.580027e+00 2.848324e+01 4.000000e+01
      vertex   -4.070014e+00 2.750395e+01 4.000000e+01
      vertex   -4.748809e+00 2.838043e+01 4.000000e+01
    endloop
  endfacet
  facet normal 0.000000e+00 0.000000e+00 -1.000000e+00
    outer loop
      vertex   -4.748809e+00 2.838043e+01 4.000000e+01
      vertex   -4.070014e+00 2.750395e+01 4.000000e+01
      vertex   -4.272093e+00 2.738728e+01 4.000000e+01
    endloop
  endfacet
  facet normal 0.000000e+00 -0.000000e+00 -1.000000e+00
    outer loop
      vertex   -4.748809e+00 2.838043e+01 4.000000e+01
      vertex   -4.272093e+00 2.738728e+01 4.000000e+01
      vertex   -4.924423e+00 2.828977e+01 4.000000e+01
    endloop
  endfacet
  facet normal 0.000000e+00 0.000000e+00 -1.000000e+00
    outer loop
      vertex   -4.924423e+00 2.828977e+01 4.000000e+01
      vertex   -4.272093e+00 2.738728e+01 4.000000e+01
      vertex   -4.480788e+00 2.728290e+01 4.000000e+01
    endloop
  endfacet
  facet normal 0.000000e+00 -0.000000e+00 -1.000000e+00
    outer loop
      vertex   -4.924423e+00 2.828977e+01 4.000000e+01
      vertex   -4.480788e+00 2.728290e+01 4.000000e+01
      vertex   -5.105994e+00 2.821173e+01 4.000000e+01
    endloop
  endfacet
  facet normal 0.000000e+00 0.000000e+00 -1.000000e+00
    outer loop
      vertex   -5.105994e+00 2.821173e+01 4.000000e+01
      vertex   -4.480788e+00 2.728290e+01 4.000000e+01
      vertex   -4.695351e+00 2.719120e+01 4.000000e+01
    endloop
  endfacet
  facet normal 0.000000e+00 0.000000e+00 -1.000000e+00
    outer loop
      vertex   -5.105994e+00 2.821173e+01 4.000000e+01
      vertex   -4.695351e+00 2.719120e+01 4.000000e+01
      vertex   -4.915015e+00 2.711248e+01 4.000000e+01
    endloop
  endfacet
  facet normal 0.000000e+00 -0.000000e+00 -1.000000e+00
    outer loop
      vertex   -5.105994e+00 2.821173e+01 4.000000e+01
      vertex   -4.915015e+00 2.711248e+01 4.000000e+01
      vertex   -5.292618e+00 2.814669e+01 4.000000e+01
    endloop
  endfacet
  facet normal 0.000000e+00 0.000000e+00 -1.000000e+00
    outer loop
      vertex   -5.292618e+00 2.814669e+01 4.000000e+01
      vertex   -4.915015e+00 2.711248e+01 4.000000e+01
      vertex   -5.138993e+00 2.704705e+01 4.000000e+01
    endloop
  endfacet
  facet normal 0.000000e+00 -0.000000e+00 -1.000000e+00
    outer loop
      vertex   -5.292618e+00 2.814669e+01 4.000000e+01
      vertex   -5.138993e+00 2.704705e+01 4.000000e+01
      vertex   -5.483365e+00 2.809498e+01 4.000000e+01
    endloop
  endfacet
  facet normal 0.000000e+00 0.000000e+00 -1.000000e+00
    outer loop
      vertex   -5.483365e+00 2.809498e+01 4.000000e+01
      vertex   -5.138993e+00 2.704705e+01 4.000000e+01
      vertex   -5.366483e+00 2.699512e+01 4.000000e+01
    endloop
  endfacet
  facet normal 0.000000e+00 -0.000000e+00 -1.000000e+00
    outer loop
      vertex   -5.483365e+00 2.809498e+01 4.000000e+01
      vertex   -5.366483e+00 2.699512e+01 4.000000e+01
      vertex   -5.677284e+00 2.805685e+01 4.000000e+01
    endloop
  endfacet
  facet normal 0.000000e+00 0.000000e+00 -1.000000e+00
    outer loop
      vertex   -5.677284e+00 2.805685e+01 4.000000e+01
      vertex   -5.366483e+00 2.699512e+01 4.000000e+01
      vertex   -5.596671e+00 2.695690e+01 4.000000e+01
    endloop
  endfacet
  facet normal 0.000000e+00 -0.000000e+00 -1.000000e+00
    outer loop
      vertex   -5.677284e+00 2.805685e+01 4.000000e+01
      vertex   -5.596671e+00 2.695690e+01 4.000000e+01
      vertex   -5.873410e+00 2.803250e+01 4.000000e+01
    endloop
  endfacet
  facet normal 0.000000e+00 0.000000e+00 -1.000000e+00
    outer loop
      vertex   -5.873410e+00 2.803250e+01 4.000000e+01
      vertex   -5.596671e+00 2.695690e+01 4.000000e+01
      vertex   -5.828734e+00 2.693251e+01 4.000000e+01
    endloop
  endfacet
  facet normal 0.000000e+00 -0.000000e+00 -1.000000e+00
    outer loop
      vertex   -5.873410e+00 2.803250e+01 4.000000e+01
      vertex   -5.828734e+00 2.693251e+01 4.000000e+01
      vertex   -6.070765e+00 2.802204e+01 4.000000e+01
    endloop
  endfacet
  facet normal 0.000000e+00 0.000000e+00 -1.000000e+00
    outer loop
      vertex   -6.070765e+00 2.802204e+01 4.000000e+01
      vertex   -5.828734e+00 2.693251e+01 4.000000e+01
      vertex   -6.061839e+00 2.692204e+01 4.000000e+01
    endloop
  endfacet
  facet normal 0.000000e+00 -0.000000e+00 -1.000000e+00
    outer loop
      vertex   -6.070765e+00 2.802204e+01 4.000000e+01
      vertex   -6.061839e+00 2.692204e+01 4.000000e+01
      vertex   -6.295154e+00 2.692553e+01 4.000000e+01
    endloop
  endfacet
  facet normal -0.000000e+00 0.000000e+00 -1.000000e+00
    outer loop
      vertex   -6.070765e+00 2.802204e+01 4.000000e+01
      vertex   -6.295154e+00 2.692553e+01 4.000000e+01
      vertex   -6.268367e+00 2.802553e+01 4.000000e+01
    endloop
  endfacet
  facet normal 0.000000e+00 0.000000e+00 -1.000000e+00
    outer loop
      vertex   -6.268367e+00 2.802553e+01 4.000000e+01
      vertex   -6.295154e+00 2.692553e+01 4.000000e+01
      vertex   -6.527842e+00 2.694297e+01 4.000000e+01
    endloop
  endfacet
  facet normal -0.000000e+00 0.000000e+00 -1.000000e+00
    outer loop
      vertex   -6.268367e+00 2.802553e+01 4.000000e+01
      vertex   -6.527842e+00 2.694297e+01 4.000000e+01
      vertex   -6.465230e+00 2.804295e+01 4.000000e+01
    endloop
  endfacet
  facet normal 0.000000e+00 0.000000e+00 -1.000000e+00
    outer loop
      vertex   -6.465230e+00 2.804295e+01 4.000000e+01
      vertex   -6.527842e+00 2.694297e+01 4.000000e+01
      vertex   -6.759071e+00 2.697429e+01 4.000000e+01
    endloop
  endfacet
  facet normal -0.000000e+00 0.000000e+00 -1.000000e+00
    outer loop
      vertex   -6.465230e+00 2.804295e+01 4.000000e+01
      vertex   -6.759071e+00 2.697429e+01 4.000000e+01
      vertex   -6.660374e+00 2.807421e+01 4.000000e+01
    endloop
  endfacet
  facet normal 0.000000e+00 0.000000e+00 -1.000000e+00
    outer loop
      vertex   -6.660374e+00 2.807421e+01 4.000000e+01
      vertex   -6.759071e+00 2.697429e+01 4.000000e+01
      vertex   -6.988013e+00 2.701938e+01 4.000000e+01
    endloop
  endfacet
  facet normal -0.000000e+00 0.000000e+00 -1.000000e+00
    outer loop
      vertex   -6.660374e+00 2.807421e+01 4.000000e+01
      vertex   -6.988013e+00 2.701938e+01 4.000000e+01
      vertex   -6.852827e+00 2.811915e+01 4.000000e+01
    endloop
  endfacet
  facet normal 0.000000e+00 0.000000e+00 -1.000000e+00
    outer loop
      vertex   -6.852827e+00 2.811915e+01 4.000000e+01
      vertex   -6.988013e+00 2.701938e+01 4.000000e+01
      vertex   -7.213848e+00 2.707809e+01 4.000000e+01
    endloop
  endfacet
  facet normal -0.000000e+00 0.000000e+00 -1.000000e+00
    outer loop
      vertex   -6.852827e+00 2.811915e+01 4.000000e+01
      vertex   -7.213848e+00 2.707809e+01 4.000000e+01
      vertex   -7.041630e+00 2.817757e+01 4.000000e+01
    endloop
  endfacet
  facet normal 0.000000e+00 0.000000e+00 -1.000000e+00
    outer loop
      vertex   -7.041630e+00 2.817757e+01 4.000000e+01
      vertex   -7.213848e+00 2.707809e+01 4.000000e+01
      vertex   -7.435768e+00 2.715020e+01 4.000000e+01
    endloop
  endfacet
  facet normal -0.000000e+00 0.000000e+00 -1.000000e+00
    outer loop
      vertex   -7.041630e+00 2.817757e+01 4.000000e+01
      vertex   -7.435768e+00 2.715020e+01 4.000000e+01
      vertex   -7.225842e+00 2.824915e+01 4.000000e+01
    endloop
  endfacet
  facet normal 0.000000e+00 0.000000e+00 -1.000000e+00
    outer loop
      vertex   -7.225842e+00 2.824915e+01 4.000000e+01
      vertex   -7.435768e+00 2.715020e+01 4.000000e+01
      vertex   -7.652979e+00 2.723545e+01 4.000000e+01
    endloop
  endfacet
  facet normal 0.000000e+00 0.000000e+00 -1.000000e+00
    outer loop
      vertex   -7.225842e+00 2.824915e+01 4.000000e+01
      vertex   -7.652979e+00 2.723545e+01 4.000000e+01
      vertex   -7.864702e+00 2.733353e+01 4.000000e+01
    endloop
  endfacet
  facet normal -0.000000e+00 0.000000e+00 -1.000000e+00
    outer loop
      vertex   -7.225842e+00 2.824915e+01 4.000000e+01
      vertex   -7.864702e+00 2.733353e+01 4.000000e+01
      vertex   -7.404546e+00 2.833355e+01 4.000000e+01
    endloop
  endfacet
  facet normal 0.000000e+00 0.000000e+00 -1.000000e+00
    outer loop
      vertex   -7.404546e+00 2.833355e+01 4.000000e+01
      vertex   -7.864702e+00 2.733353e+01 4.000000e+01
      vertex   -8.070181e+00 2.744410e+01 4.000000e+01
    endloop
  endfacet
  facet normal -0.000000e+00 0.000000e+00 -1.000000e+00
    outer loop
      vertex   -7.404546e+00 2.833355e+01 4.000000e+01
      vertex   -8.070181e+00 2.744410e+01 4.000000e+01
      vertex   -7.576852e+00 2.843035e+01 4.000000e+01
    endloop
  endfacet
  facet normal 0.000000e+00 0.000000e+00 -1.000000e+00
    outer loop
      vertex   -7.576852e+00 2.843035e+01 4.000000e+01
      vertex   -8.070181e+00 2.744410e+01 4.000000e+01
      vertex   -8.268679e+00 2.756677e+01 4.000000e+01
    endloop
  endfacet
  facet normal -0.000000e+00 0.000000e+00 -1.000000e+00
    outer loop
      vertex   -7.576852e+00 2.843035e+01 4.000000e+01
      vertex   -8.268679e+00 2.756677e+01 4.000000e+01
      vertex   -7.741900e+00 2.853905e+01 4.000000e+01
    endloop
  endfacet
  facet normal 0.000000e+00 0.000000e+00 -1.000000e+00
    outer loop
      vertex   -7.741900e+00 2.853905e+01 4.000000e+01
      vertex   -8.268679e+00 2.756677e+01 4.000000e+01
      vertex   -8.459487e+00 2.770108e+01 4.000000e+01
    endloop
  endfacet
  facet normal -0.000000e+00 0.000000e+00 -1.000000e+00
    outer loop
      vertex   -7.741900e+00 2.853905e+01 4.000000e+01
      vertex   -8.459487e+00 2.770108e+01 4.000000e+01
      vertex   -7.898869e+00 2.865914e+01 4.000000e+01
    endloop
  endfacet
  facet normal 0.000000e+00 0.000000e+00 -1.000000e+00
    outer loop
      vertex   -7.898869e+00 2.865914e+01 4.000000e+01
      vertex   -8.459487e+00 2.770108e+01 4.000000e+01
      vertex   -8.641920e+00 2.784657e+01 4.000000e+01
    endloop
  endfacet
  facet normal -0.000000e+00 0.000000e+00 -1.000000e+00
    outer loop
      vertex   -7.898869e+00 2.865914e+01 4.000000e+01
      vertex   -8.641920e+00 2.784657e+01 4.000000e+01
      vertex   -8.046976e+00 2.878999e+01 4.000000e+01
    endloop
  endfacet
  facet normal 0.000000e+00 0.000000e+00 -1.000000e+00
    outer loop
      vertex   -8.046976e+00 2.878999e+01 4.000000e+01
      vertex   -8.641920e+00 2.784657e+01 4.000000e+01
      vertex   -8.815325e+00 2.800270e+01 4.000000e+01
    endloop
  endfacet
  facet normal 0.000000e+00 0.000000e+00 -1.000000e+00
    outer loop
      vertex   -8.046976e+00 2.878999e+01 4.000000e+01
      vertex   -8.815325e+00 2.800270e+01 4.000000e+01
      vertex   -8.979083e+00 2.816893e+01 4.000000e+01
    endloop
  endfacet
  facet normal -0.000000e+00 0.000000e+00 -1.000000e+00
    outer loop
      vertex   -8.046976e+00 2.878999e+01 4.000000e+01
      vertex   -8.979083e+00 2.816893e+01 4.000000e+01
      vertex   -8.185485e+00 2.893096e+01 4.000000e+01
    endloop
  endfacet
  facet normal 0.000000e+00 0.000000e+00 -1.000000e+00
    outer loop
      vertex   -8.185485e+00 2.893096e+01 4.000000e+01
      vertex   -8.979083e+00 2.816893e+01 4.000000e+01
      vertex   -9.132607e+00 2.834465e+01 4.000000e+01
    endloop
  endfacet
  facet normal -0.000000e+00 0.000000e+00 -1.000000e+00
    outer loop
      vertex   -8.185485e+00 2.893096e+01 4.000000e+01
      vertex   -9.132607e+00 2.834465e+01 4.000000e+01
      vertex   -8.313704e+00 2.908136e+01 4.000000e+01
    endloop
  endfacet
  facet normal 0.000000e+00 0.000000e+00 -1.000000e+00
    outer loop
      vertex   -8.313704e+00 2.908136e+01 4.000000e+01
      vertex   -9.132607e+00 2.834465e+01 4.000000e+01
      vertex   -9.275347e+00 2.852924e+01 4.000000e+01
    endloop
  endfacet
  facet normal -0.000000e+00 0.000000e+00 -1.000000e+00
    outer loop
      vertex   -8.313704e+00 2.908136e+01 4.000000e+01
      vertex   -9.275347e+00 2.852924e+01 4.000000e+01
      vertex   -8.430995e+00 2.924042e+01 4.000000e+01
    endloop
  endfacet
  facet normal 0.000000e+00 0.000000e+00 -1.000000e+00
    outer loop
      vertex   -8.430995e+00 2.924042e+01 4.000000e+01
      vertex   -9.275347e+00 2.852924e+01 4.000000e+01
      vertex   -9.406793e+00 2.872204e+01 4.000000e+01
    endloop
  endfacet
  facet normal -0.000000e+00 0.000000e+00 -1.000000e+00
    outer loop
      vertex   -8.430995e+00 2.924042e+01 4.000000e+01
      vertex   -9.406793e+00 2.872204e+01 4.000000e+01
      vertex   -8.536774e+00 2.940736e+01 4.000000e+01
    endloop
  endfacet
  facet normal 0.000000e+00 0.000000e+00 -1.000000e+00
    outer loop
      vertex   -8.536774e+00 2.940736e+01 4.000000e+01
      vertex   -9.406793e+00 2.872204e+01 4.000000e+01
      vertex   -9.526473e+00 2.892235e+01 4.000000e+01
    endloop
  endfacet
  facet normal -0.000000e+00 0.000000e+00 -1.000000e+00
    outer loop
      vertex   -8.536774e+00 2.940736e+01 4.000000e+01
      vertex   -9.526473e+00 2.892235e+01 4.000000e+01
      vertex   -8.630513e+00 2.958135e+01 4.000000e+01
    endloop
  endfacet
  facet normal 0.000000e+00 0.000000e+00 -1.000000e+00
    outer loop
      vertex   -8.630513e+00 2.958135e+01 4.000000e+01
      vertex   -9.526473e+00 2.892235e+01 4.000000e+01
      vertex   -9.633960e+00 2.912946e+01 4.000000e+01
    endloop
  endfacet
  facet normal -0.000000e+00 0.000000e+00 -1.000000e+00
    outer loop
      vertex   -8.630513e+00 2.958135e+01 4.000000e+01
      vertex   -9.633960e+00 2.912946e+01 4.000000e+01
      vertex   -8.711747e+00 2.976151e+01 4.000000e+01
    endloop
  endfacet
  facet normal 0.000000e+00 0.000000e+00 -1.000000e+00
    outer loop
      vertex   -8.711747e+00 2.976151e+01 4.000000e+01
      vertex   -9.633960e+00 2.912946e+01 4.000000e+01
      vertex   -9.728868e+00 2.934262e+01 4.000000e+01
    endloop
  endfacet
  facet normal 0.000000e+00 0.000000e+00 -1.000000e+00
    outer loop
      vertex   -8.711747e+00 2.976151e+01 4.000000e+01
      vertex   -9.728868e+00 2.934262e+01 4.000000e+01
      vertex   -9.810858e+00 2.956109e+01 4.000000e+01
    endloop
  endfacet
  facet normal -0.000000e+00 0.000000e+00 -1.000000e+00
    outer loop
      vertex   -8.711747e+00 2.976151e+01 4.000000e+01
      vertex   -9.810858e+00 2.956109e+01 4.000000e+01
      vertex   -8.780069e+00 2.994696e+01 4.000000e+01
    endloop
  endfacet
  facet normal 0.000000e+00 0.000000e+00 -1.000000e+00
    outer loop
      vertex   -8.780069e+00 2.994696e+01 4.000000e+01
      vertex   -9.810858e+00 2.956109e+01 4.000000e+01
      vertex   -9.879636e+00 2.978406e+01 4.000000e+01
    endloop
  endfacet
  facet normal -0.000000e+00 0.000000e+00 -1.000000e+00
    outer loop
      vertex   -8.780069e+00 2.994696e+01 4.000000e+01
      vertex   -9.879636e+00 2.978406e+01 4.000000e+01
      vertex   -8.835139e+00 3.013677e+01 4.000000e+01
    endloop
  endfacet
  facet normal 0.000000e+00 0.000000e+00 -1.000000e+00
    outer loop
      vertex   -8.835139e+00 3.013677e+01 4.000000e+01
      vertex   -9.879636e+00 2.978406e+01 4.000000e+01
      vertex   -9.934957e+00 3.001075e+01 4.000000e+01
    endloop
  endfacet
  facet normal -0.000000e+00 0.000000e+00 -1.000000e+00
    outer loop
      vertex   -8.835139e+00 3.013677e+01 4.000000e+01
      vertex   -9.934957e+00 3.001075e+01 4.000000e+01
      vertex   -8.876684e+00 3.032998e+01 4.000000e+01
    endloop
  endfacet
  facet normal 0.000000e+00 0.000000e+00 -1.000000e+00
    outer loop
      vertex   -8.876684e+00 3.032998e+01 4.000000e+01
      vertex   -9.934957e+00 3.001075e+01 4.000000e+01
      vertex   -9.976621e+00 3.024034e+01 4.000000e+01
    endloop
  endfacet
  facet normal -0.000000e+00 0.000000e+00 -1.000000e+00
    outer loop
      vertex   -8.876684e+00 3.032998e+01 4.000000e+01
      vertex   -9.976621e+00 3.024034e+01 4.000000e+01
      vertex   -8.904496e+00 3.052565e+01 4.000000e+01
    endloop
  endfacet
  facet normal 0.000000e+00 0.000000e+00 -1.000000e+00
    outer loop
      vertex   -8.904496e+00 3.052565e+01 4.000000e+01
      vertex   -9.976621e+00 3.024034e+01 4.000000e+01
      vertex   -1.000448e+01 3.047201e+01 4.000000e+01
    endloop
  endfacet
  facet normal -0.000000e+00 0.000000e+00 -1.000000e+00
    outer loop
      vertex   -8.904496e+00 3.052565e+01 4.000000e+01
      vertex   -1.000448e+01 3.047201e+01 4.000000e+01
      vertex   -8.918437e+00 3.072279e+01 4.000000e+01
    endloop
  endfacet
  facet normal 0.000000e+00 0.000000e+00 -1.000000e+00
    outer loop
      vertex   -8.918437e+00 3.072279e+01 4.000000e+01
      vertex   -1.000448e+01 3.047201e+01 4.000000e+01
      vertex   -1.001844e+01 3.070493e+01 4.000000e+01
    endloop
  endfacet
  facet normal -0.000000e+00 0.000000e+00 -1.000000e+00
    outer loop
      vertex   -8.918437e+00 3.072279e+01 4.000000e+01
      vertex   -1.001844e+01 3.070493e+01 4.000000e+01
      vertex   -1.001844e+01 3.093827e+01 4.000000e+01
    endloop
  endfacet
  facet normal 0.000000e+00 0.000000e+00 -1.000000e+00
    outer loop
      vertex   -8.918437e+00 3.072279e+01 4.000000e+01
      vertex   -1.001844e+01 3.093827e+01 4.000000e+01
      vertex   -8.918437e+00 3.092042e+01 4.000000e+01
    endloop
  endfacet
  facet normal 0.000000e+00 0.000000e+00 -1.000000e+00
    outer loop
      vertex   -8.918437e+00 3.092042e+01 4.000000e+01
      vertex   -1.001844e+01 3.093827e+01 4.000000e+01
      vertex   -1.000448e+01 3.117120e+01 4.000000e+01
    endloop
  endfacet
  facet normal 0.000000e+00 0.000000e+00 -1.000000e+00
    outer loop
      vertex   -8.918437e+00 3.092042e+01 4.000000e+01
      vertex   -1.000448e+01 3.117120e+01 4.000000e+01
      vertex   -8.904496e+00 3.111756e+01 4.000000e+01
    endloop
  endfacet
  facet normal 0.000000e+00 0.000000e+00 -1.000000e+00
    outer loop
      vertex   -8.904496e+00 3.111756e+01 4.000000e+01
      vertex   -1.000448e+01 3.117120e+01 4.000000e+01
      vertex   -9.976621e+00 3.140287e+01 4.000000e+01
    endloop
  endfacet
  facet normal 0.000000e+00 0.000000e+00 -1.000000e+00
    outer loop
      vertex   -8.904496e+00 3.111756e+01 4.000000e+01
      vertex   -9.976621e+00 3.140287e+01 4.000000e+01
      vertex   -8.876684e+00 3.131323e+01 4.000000e+01
    endloop
  endfacet
  facet normal 0.000000e+00 0.000000e+00 -1.000000e+00
    outer loop
      vertex   -8.876684e+00 3.131323e+01 4.000000e+01
      vertex   -9.976621e+00 3.140287e+01 4.000000e+01
      vertex   -9.934957e+00 3.163246e+01 4.000000e+01
    endloop
  endfacet
  facet normal 0.000000e+00 0.000000e+00 -1.000000e+00
    outer loop
      vertex   -8.876684e+00 3.131323e+01 4.000000e+01
      vertex   -9.934957e+00 3.163246e+01 4.000000e+01
      vertex   -8.835139e+00 3.150644e+01 4.000000e+01
    endloop
  endfacet
  facet normal 0.000000e+00 0.000000e+00 -1.000000e+00
    outer loop
      vertex   -8.835139e+00 3.150644e+01 4.000000e+01
      vertex   -9.934957e+00 3.163246e+01 4.000000e+01
      vertex   -9.879636e+00 3.185915e+01 4.000000e+01
    endloop
  endfacet
  facet normal 0.000000e+00 0.000000e+00 -1.000000e+00
    outer loop
      vertex   -8.835139e+00 3.150644e+01 4.000000e+01
      vertex   -9.879636e+00 3.185915e+01 4.000000e+01
      vertex   -8.780069e+00 3.169625e+01 4.000000e+01
    endloop
  endfacet
  facet normal 0.000000e+00 0.000000e+00 -1.000000e+00
    outer loop
      vertex   -8.780069e+00 3.169625e+01 4.000000e+01
      vertex   -9.879636e+00 3.185915e+01 4.000000e+01
      vertex   -9.810858e+00 3.208212e+01 4.000000e+01
    endloop
  endfacet
  facet normal 0.000000e+00 0.000000e+00 -1.000000e+00
    outer loop
      vertex   -8.780069e+00 3.169625e+01 4.000000e+01
      vertex   -9.810858e+00 3.208212e+01 4.000000e+01
      vertex   -8.711747e+00 3.188169e+01 4.000000e+01
    endloop
  endfacet
  facet normal 0.000000e+00 0.000000e+00 -1.000000e+00
    outer loop
      vertex   -8.711747e+00 3.188169e+01 4.000000e+01
      vertex   -9.810858e+00 3.208212e+01 4.000000e+01
      vertex   -9.728868e+00 3.230058e+01 4.000000e+01
    endloop
  endfacet
  facet normal 0.000000e+00 0.000000e+00 -1.000000e+00
    outer loop
      vertex   -8.711747e+00 3.188169e+01 4.000000e+01
      vertex   -9.728868e+00 3.230058e+01 4.000000e+01
      vertex   -9.633960e+00 3.251375e+01 4.000000e+01
    endloop
  endfacet
  facet normal 0.000000e+00 0.000000e+00 -1.000000e+00
    outer loop
      vertex   -8.711747e+00 3.188169e+01 4.000000e+01
      vertex   -9.633960e+00 3.251375e+01 4.000000e+01
      vertex   -8.630513e+00 3.206186e+01 4.000000e+01
    endloop
  endfacet
  facet normal 0.000000e+00 0.000000e+00 -1.000000e+00
    outer loop
      vertex   -8.630513e+00 3.206186e+01 4.000000e+01
      vertex   -9.633960e+00 3.251375e+01 4.000000e+01
      vertex   -9.526473e+00 3.272086e+01 4.000000e+01
    endloop
  endfacet
  facet normal 0.000000e+00 0.000000e+00 -1.000000e+00
    outer loop
      vertex   -8.630513e+00 3.206186e+01 4.000000e+01
      vertex   -9.526473e+00 3.272086e+01 4.000000e+01
      vertex   -8.536774e+00 3.223585e+01 4.000000e+01
    endloop
  endfacet
  facet normal 0.000000e+00 0.000000e+00 -1.000000e+00
    outer loop
      vertex   -8.536774e+00 3.223585e+01 4.000000e+01
      vertex   -9.526473e+00 3.272086e+01 4.000000e+01
      vertex   -9.406793e+00 3.292117e+01 4.000000e+01
    endloop
  endfacet
  facet normal 0.000000e+00 0.000000e+00 -1.000000e+00
    outer loop
      vertex   -8.536774e+00 3.223585e+01 4.000000e+01
      vertex   -9.406793e+00 3.292117e+01 4.000000e+01
      vertex   -8.430995e+00 3.240279e+01 4.000000e+01
    endloop
  endfacet
  facet normal 0.000000e+00 0.000000e+00 -1.000000e+00
    outer loop
      vertex   -8.430995e+00 3.240279e+01 4.000000e+01
      vertex   -9.406793e+00 3.292117e+01 4.000000e+01
      vertex   -9.275347e+00 3.311397e+01 4.000000e+01
    endloop
  endfacet
  facet normal 0.000000e+00 0.000000e+00 -1.000000e+00
    outer loop
      vertex   -8.430995e+00 3.240279e+01 4.000000e+01
      vertex   -9.275347e+00 3.311397e+01 4.000000e+01
      vertex   -8.313704e+00 3.256185e+01 4.000000e+01
    endloop
  endfacet
  facet normal 0.000000e+00 0.000000e+00 -1.000000e+00
    outer loop
      vertex   -8.313704e+00 3.256185e+01 4.000000e+01
      vertex   -9.275347e+00 3.311397e+01 4.000000e+01
      vertex   -9.132607e+00 3.329856e+01 4.000000e+01
    endloop
  endfacet
  facet normal 0.000000e+00 0.000000e+00 -1.000000e+00
    outer loop
      vertex   -8.313704e+00 3.256185e+01 4.000000e+01
      vertex   -9.132607e+00 3.329856e+01 4.000000e+01
      vertex   -8.185485e+00 3.271224e+01 4.000000e+01
    endloop
  endfacet
  facet normal 0.000000e+00 0.000000e+00 -1.000000e+00
    outer loop
      vertex   -8.185485e+00 3.271224e+01 4.000000e+01
      vertex   -9.132607e+00 3.329856e+01 4.000000e+01
      vertex   -8.979083e+00 3.347428e+01 4.000000e+01
    endloop
  endfacet
  facet normal 0.000000e+00 0.000000e+00 -1.000000e+00
    outer loop
      vertex   -8.185485e+00 3.271224e+01 4.000000e+01
      vertex   -8.979083e+00 3.347428e+01 4.000000e+01
      vertex   -8.046976e+00 3.285322e+01 4.000000e+01
    endloop
  endfacet
  facet normal 0.000000e+00 0.000000e+00 -1.000000e+00
    outer loop
      vertex   -8.046976e+00 3.285322e+01 4.000000e+01
      vertex   -8.979083e+00 3.347428e+01 4.000000e+01
      vertex   -8.815325e+00 3.364050e+01 4.000000e+01
    endloop
  endfacet
  facet normal 0.000000e+00 0.000000e+00 -1.000000e+00
    outer loop
      vertex   -8.046976e+00 3.285322e+01 4.000000e+01
      vertex   -8.815325e+00 3.364050e+01 4.000000e+01
      vertex   -8.641920e+00 3.379664e+01 4.000000e+01
    endloop
  endfacet
  facet normal 0.000000e+00 0.000000e+00 -1.000000e+00
    outer loop
      vertex   -8.046976e+00 3.285322e+01 4.000000e+01
      vertex   -8.641920e+00 3.379664e+01 4.000000e+01
      vertex   -7.898869e+00 3.298407e+01 4.000000e+01
    endloop
  endfacet
  facet normal 0.000000e+00 0.000000e+00 -1.000000e+00
    outer loop
      vertex   -7.898869e+00 3.298407e+01 4.000000e+01
      vertex   -8.641920e+00 3.379664e+01 4.000000e+01
      vertex   -8.459487e+00 3.394212e+01 4.000000e+01
    endloop
  endfacet
  facet normal 0.000000e+00 0.000000e+00 -1.000000e+00
    outer loop
      vertex   -7.898869e+00 3.298407e+01 4.000000e+01
      vertex   -8.459487e+00 3.394212e+01 4.000000e+01
      vertex   -7.741900e+00 3.310415e+01 4.000000e+01
    endloop
  endfacet
  facet normal 0.000000e+00 0.000000e+00 -1.000000e+00
    outer loop
      vertex   -7.741900e+00 3.310415e+01 4.000000e+01
      vertex   -8.459487e+00 3.394212e+01 4.000000e+01
      vertex   -8.268679e+00 3.407644e+01 4.000000e+01
    endloop
  endfacet
  facet normal 0.000000e+00 0.000000e+00 -1.000000e+00
    outer loop
      vertex   -7.741900e+00 3.310415e+01 4.000000e+01
      vertex   -8.268679e+00 3.407644e+01 4.000000e+01
      vertex   -7.576852e+00 3.321286e+01 4.000000e+01
    endloop
  endfacet
  facet normal 0.000000e+00 0.000000e+00 -1.000000e+00
    outer loop
      vertex   -7.576852e+00 3.321286e+01 4.000000e+01
      vertex   -8.268679e+00 3.407644e+01 4.000000e+01
      vertex   -8.070181e+00 3.419910e+01 4.000000e+01
    endloop
  endfacet
  facet normal 0.000000e+00 0.000000e+00 -1.000000e+00
    outer loop
      vertex   -7.576852e+00 3.321286e+01 4.000000e+01
      vertex   -8.070181e+00 3.419910e+01 4.000000e+01
      vertex   -7.404546e+00 3.330966e+01 4.000000e+01
    endloop
  endfacet
  facet normal 0.000000e+00 0.000000e+00 -1.000000e+00
    outer loop
      vertex   -7.404546e+00 3.330966e+01 4.000000e+01
      vertex   -8.070181e+00 3.419910e+01 4.000000e+01
      vertex   -7.864702e+00 3.430968e+01 4.000000e+01
    endloop
  endfacet
  facet normal 0.000000e+00 0.000000e+00 -1.000000e+00
    outer loop
      vertex   -7.404546e+00 3.330966e+01 4.000000e+01
      vertex   -7.864702e+00 3.430968e+01 4.000000e+01
      vertex   -7.225842e+00 3.339406e+01 4.000000e+01
    endloop
  endfacet
  facet normal 0.000000e+00 0.000000e+00 -1.000000e+00
    outer loop
      vertex   -7.225842e+00 3.339406e+01 4.000000e+01
      vertex   -7.864702e+00 3.430968e+01 4.000000e+01
      vertex   -7.652979e+00 3.440776e+01 4.000000e+01
    endloop
  endfacet
  facet normal 0.000000e+00 0.000000e+00 -1.000000e+00
    outer loop
      vertex   -7.225842e+00 3.339406e+01 4.000000e+01
      vertex   -7.652979e+00 3.440776e+01 4.000000e+01
      vertex   -7.435768e+00 3.449301e+01 4.000000e+01
    endloop
  endfacet
  facet normal 0.000000e+00 0.000000e+00 -1.000000e+00
    outer loop
      vertex   -7.225842e+00 3.339406e+01 4.000000e+01
      vertex   -7.435768e+00 3.449301e+01 4.000000e+01
      vertex   -7.041630e+00 3.346564e+01 4.000000e+01
    endloop
  endfacet
  facet normal 0.000000e+00 0.000000e+00 -1.000000e+00
    outer loop
      vertex   -7.041630e+00 3.346564e+01 4.000000e+01
      vertex   -7.435768e+00 3.449301e+01 4.000000e+01
      vertex   -7.213848e+00 3.456512e+01 4.000000e+01
    endloop
  endfacet
  facet normal 0.000000e+00 0.000000e+00 -1.000000e+00
    outer loop
      vertex   -7.041630e+00 3.346564e+01 4.000000e+01
      vertex   -7.213848e+00 3.456512e+01 4.000000e+01
      vertex   -6.852827e+00 3.352405e+01 4.000000e+01
    endloop
  endfacet
  facet normal 0.000000e+00 0.000000e+00 -1.000000e+00
    outer loop
      vertex   -6.852827e+00 3.352405e+01 4.000000e+01
      vertex   -7.213848e+00 3.456512e+01 4.000000e+01
      vertex   -6.988013e+00 3.462382e+01 4.000000e+01
    endloop
  endfacet
  facet normal 0.000000e+00 0.000000e+00 -1.000000e+00
    outer loop
      vertex   -6.852827e+00 3.352405e+01 4.000000e+01
      vertex   -6.988013e+00 3.462382e+01 4.000000e+01
      vertex   -6.660374e+00 3.356900e+01 4.000000e+01
    endloop
  endfacet
  facet normal 0.000000e+00 0.000000e+00 -1.000000e+00
    outer loop
      vertex   -6.660374e+00 3.356900e+01 4.000000e+01
      vertex   -6.988013e+00 3.462382e+01 4.000000e+01
      vertex   -6.759071e+00 3.466892e+01 4.000000e+01
    endloop
  endfacet
  facet normal 0.000000e+00 0.000000e+00 -1.000000e+00
    outer loop
      vertex   -6.660374e+00 3.356900e+01 4.000000e+01
      vertex   -6.759071e+00 3.466892e+01 4.000000e+01
      vertex   -6.465230e+00 3.360026e+01 4.000000e+01
    endloop
  endfacet
  facet normal 0.000000e+00 0.000000e+00 -1.000000e+00
    outer loop
      vertex   -6.465230e+00 3.360026e+01 4.000000e+01
      vertex   -6.759071e+00 3.466892e+01 4.000000e+01
      vertex   -6.527842e+00 3.470024e+01 4.000000e+01
    endloop
  endfacet
  facet normal 0.000000e+00 0.000000e+00 -1.000000e+00
    outer loop
      vertex   -6.465230e+00 3.360026e+01 4.000000e+01
      vertex   -6.527842e+00 3.470024e+01 4.000000e+01
      vertex   -6.268367e+00 3.361768e+01 4.000000e+01
    endloop
  endfacet
  facet normal 0.000000e+00 0.000000e+00 -1.000000e+00
    outer loop
      vertex   -6.268367e+00 3.361768e+01 4.000000e+01
      vertex   -6.527842e+00 3.470024e+01 4.000000e+01
      vertex   -6.295154e+00 3.471768e+01 4.000000e+01
    endloop
  endfacet
  facet normal 0.000000e+00 0.000000e+00 -1.000000e+00
    outer loop
      vertex   -6.268367e+00 3.361768e+01 4.000000e+01
      vertex   -6.295154e+00 3.471768e+01 4.000000e+01
      vertex   -6.070765e+00 3.362117e+01 4.000000e+01
    endloop
  endfacet
  facet normal 0.000000e+00 0.000000e+00 -1.000000e+00
    outer loop
      vertex   -6.070765e+00 3.362117e+01 4.000000e+01
      vertex   -6.295154e+00 3.471768e+01 4.000000e+01
      vertex   -6.061839e+00 3.472117e+01 4.000000e+01
    endloop
  endfacet
  facet normal 0.000000e+00 0.000000e+00 -1.000000e+00
    outer loop
      vertex   -6.070765e+00 3.362117e+01 4.000000e+01
      vertex   -6.061839e+00 3.472117e+01 4.000000e+01
      vertex   -5.828734e+00 3.471070e+01 4.000000e+01
    endloop
  endfacet
  facet normal 0.000000e+00 0.000000e+00 -1.000000e+00
    outer loop
      vertex   -6.070765e+00 3.362117e+01 4.000000e+01
      vertex   -5.828734e+00 3.471070e+01 4.000000e+01
      vertex   -5.873410e+00 3.361071e+01 4.000000e+01
    endloop
  endfacet
  facet normal 0.000000e+00 0.000000e+00 -1.000000e+00
    outer loop
      vertex   -5.873410e+00 3.361071e+01 4.000000e+01
      vertex   -5.828734e+00 3.471070e+01 4.000000e+01
      vertex   -5.596671e+00 3.468631e+01 4.000000e+01
    endloop
  endfacet
  facet normal 0.000000e+00 0.000000e+00 -1.000000e+00
    outer loop
      vertex   -5.873410e+00 3.361071e+01 4.000000e+01
      vertex   -5.596671e+00 3.468631e+01 4.000000e+01
      vertex   -5.677284e+00 3.358635e+01 4.000000e+01
    endloop
  endfacet
  facet normal 0.000000e+00 0.000000e+00 -1.000000e+00
    outer loop
      vertex   -5.677284e+00 3.358635e+01 4.000000e+01
      vertex   -5.596671e+00 3.468631e+01 4.000000e+01
      vertex   -5.366483e+00 3.464808e+01 4.000000e+01
    endloop
  endfacet
  facet normal 0.000000e+00 0.000000e+00 -1.000000e+00
    outer loop
      vertex   -5.677284e+00 3.358635e+01 4.000000e+01
      vertex   -5.366483e+00 3.464808e+01 4.000000e+01
      vertex   -5.483365e+00 3.354823e+01 4.000000e+01
    endloop
  endfacet
  facet normal 0.000000e+00 0.000000e+00 -1.000000e+00
    outer loop
      vertex   -5.483365e+00 3.354823e+01 4.000000e+01
      vertex   -5.366483e+00 3.464808e+01 4.000000e+01
      vertex   -5.138993e+00 3.459616e+01 4.000000e+01
    endloop
  endfacet
  facet normal 0.000000e+00 0.000000e+00 -1.000000e+00
    outer loop
      vertex   -5.483365e+00 3.354823e+01 4.000000e+01
      vertex   -5.138993e+00 3.459616e+01 4.000000e+01
      vertex   -5.292618e+00 3.349651e+01 4.000000e+01
    endloop
  endfacet
  facet normal 0.000000e+00 0.000000e+00 -1.000000e+00
    outer loop
      vertex   -5.292618e+00 3.349651e+01 4.000000e+01
      vertex   -5.138993e+00 3.459616e+01 4.000000e+01
      vertex   -4.915015e+00 3.453072e+01 4.000000e+01
    endloop
  endfacet
  facet normal 0.000000e+00 0.000000e+00 -1.000000e+00
    outer loop
      vertex   -5.292618e+00 3.349651e+01 4.000000e+01
      vertex   -4.915015e+00 3.453072e+01 4.000000e+01
      vertex   -5.105994e+00 3.343147e+01 4.000000e+01
    endloop
  endfacet
  facet normal 0.000000e+00 0.000000e+00 -1.000000e+00
    outer loop
      vertex   -5.105994e+00 3.343147e+01 4.000000e+01
      vertex   -4.915015e+00 3.453072e+01 4.000000e+01
      vertex   -4.695351e+00 3.445201e+01 4.000000e+01
    endloop
  endfacet
  facet normal 0.000000e+00 0.000000e+00 -1.000000e+00
    outer loop
      vertex   -5.105994e+00 3.343147e+01 4.000000e+01
      vertex   -4.695351e+00 3.445201e+01 4.000000e+01
      vertex   -4.480788e+00 3.436030e+01 4.000000e+01
    endloop
  endfacet
  facet normal 0.000000e+00 0.000000e+00 -1.000000e+00
    outer loop
      vertex   -5.105994e+00 3.343147e+01 4.000000e+01
      vertex   -4.480788e+00 3.436030e+01 4.000000e+01
      vertex   -4.924423e+00 3.335343e+01 4.000000e+01
    endloop
  endfacet
  facet normal 0.000000e+00 0.000000e+00 -1.000000e+00
    outer loop
      vertex   -4.924423e+00 3.335343e+01 4.000000e+01
      vertex   -4.480788e+00 3.436030e+01 4.000000e+01
      vertex   -4.272093e+00 3.425593e+01 4.000000e+01
    endloop
  endfacet
  facet normal 0.000000e+00 0.000000e+00 -1.000000e+00
    outer loop
      vertex   -4.924423e+00 3.335343e+01 4.000000e+01
      vertex   -4.272093e+00 3.425593e+01 4.000000e+01
      vertex   -4.748809e+00 3.326278e+01 4.000000e+01
    endloop
  endfacet
  facet normal 0.000000e+00 0.000000e+00 -1.000000e+00
    outer loop
      vertex   -4.748809e+00 3.326278e+01 4.000000e+01
      vertex   -4.272093e+00 3.425593e+01 4.000000e+01
      vertex   -4.070014e+00 3.413926e+01 4.000000e+01
    endloop
  endfacet
  facet normal 0.000000e+00 0.000000e+00 -1.000000e+00
    outer loop
      vertex   -4.748809e+00 3.326278e+01 4.000000e+01
      vertex   -4.070014e+00 3.413926e+01 4.000000e+01
      vertex   -4.580027e+00 3.315996e+01 4.000000e+01
    endloop
  endfacet
  facet normal 0.000000e+00 0.000000e+00 -1.000000e+00
    outer loop
      vertex   -4.580027e+00 3.315996e+01 4.000000e+01
      vertex   -4.070014e+00 3.413926e+01 4.000000e+01
      vertex   -3.875275e+00 3.401071e+01 4.000000e+01
    endloop
  endfacet
  facet normal 0.000000e+00 0.000000e+00 -1.000000e+00
    outer loop
      vertex   -4.580027e+00 3.315996e+01 4.000000e+01
      vertex   -3.875275e+00 3.401071e+01 4.000000e+01
      vertex   -4.418918e+00 3.304550e+01 4.000000e+01
    endloop
  endfacet
  facet normal 0.000000e+00 0.000000e+00 -1.000000e+00
    outer loop
      vertex   -4.418918e+00 3.304550e+01 4.000000e+01
      vertex   -3.875275e+00 3.401071e+01 4.000000e+01
      vertex   -3.688571e+00 3.387075e+01 4.000000e+01
    endloop
  endfacet
  facet normal 0.000000e+00 0.000000e+00 -1.000000e+00
    outer loop
      vertex   -4.418918e+00 3.304550e+01 4.000000e+01
      vertex   -3.688571e+00 3.387075e+01 4.000000e+01
      vertex   -4.266285e+00 3.291995e+01 4.000000e+01
    endloop
  endfacet
  facet normal 0.000000e+00 0.000000e+00 -1.000000e+00
    outer loop
      vertex   -4.266285e+00 3.291995e+01 4.000000e+01
      vertex   -3.688571e+00 3.387075e+01 4.000000e+01
      vertex   -3.510572e+00 3.371987e+01 4.000000e+01
    endloop
  endfacet
  facet normal 0.000000e+00 0.000000e+00 -1.000000e+00
    outer loop
      vertex   -4.266285e+00 3.291995e+01 4.000000e+01
      vertex   -3.510572e+00 3.371987e+01 4.000000e+01
      vertex   -4.122887e+00 3.278395e+01 4.000000e+01
    endloop
  endfacet
  facet normal 0.000000e+00 0.000000e+00 -1.000000e+00
    outer loop
      vertex   -4.122887e+00 3.278395e+01 4.000000e+01
      vertex   -3.510572e+00 3.371987e+01 4.000000e+01
      vertex   -3.341914e+00 3.355862e+01 4.000000e+01
    endloop
  endfacet
  facet normal 0.000000e+00 0.000000e+00 -1.000000e+00
    outer loop
      vertex   -4.122887e+00 3.278395e+01 4.000000e+01
      vertex   -3.341914e+00 3.355862e+01 4.000000e+01
      vertex   -3.183202e+00 3.338756e+01 4.000000e+01
    endloop
  endfacet
  facet normal 0.000000e+00 0.000000e+00 -1.000000e+00
    outer loop
      vertex   -4.122887e+00 3.278395e+01 4.000000e+01
      vertex   -3.183202e+00 3.338756e+01 4.000000e+01
      vertex   -3.989441e+00 3.263818e+01 4.000000e+01
    endloop
  endfacet
  facet normal 0.000000e+00 0.000000e+00 -1.000000e+00
    outer loop
      vertex   -3.989441e+00 3.263818e+01 4.000000e+01
      vertex   -3.183202e+00 3.338756e+01 4.000000e+01
      vertex   -3.035004e+00 3.320733e+01 4.000000e+01
    endloop
  endfacet
  facet normal 0.000000e+00 0.000000e+00 -1.000000e+00
    outer loop
      vertex   -3.989441e+00 3.263818e+01 4.000000e+01
      vertex   -3.035004e+00 3.320733e+01 4.000000e+01
      vertex   -3.866609e+00 3.248335e+01 4.000000e+01
    endloop
  endfacet
  facet normal 0.000000e+00 0.000000e+00 -1.000000e+00
    outer loop
      vertex   -3.866609e+00 3.248335e+01 4.000000e+01
      vertex   -3.035004e+00 3.320733e+01 4.000000e+01
      vertex   -2.897850e+00 3.301855e+01 4.000000e+01
    endloop
  endfacet
  facet normal 0.000000e+00 0.000000e+00 -1.000000e+00
    outer loop
      vertex   -3.866609e+00 3.248335e+01 4.000000e+01
      vertex   -2.897850e+00 3.301855e+01 4.000000e+01
      vertex   -3.755004e+00 3.232025e+01 4.000000e+01
    endloop
  endfacet
  facet normal 0.000000e+00 0.000000e+00 -1.000000e+00
    outer loop
      vertex   -3.755004e+00 3.232025e+01 4.000000e+01
      vertex   -2.897850e+00 3.301855e+01 4.000000e+01
      vertex   -2.772231e+00 3.282191e+01 4.000000e+01
    endloop
  endfacet
  facet normal 0.000000e+00 0.000000e+00 -1.000000e+00
    outer loop
      vertex   -3.755004e+00 3.232025e+01 4.000000e+01
      vertex   -2.772231e+00 3.282191e+01 4.000000e+01
      vertex   -3.655183e+00 3.214968e+01 4.000000e+01
    endloop
  endfacet
  facet normal 0.000000e+00 0.000000e+00 -1.000000e+00
    outer loop
      vertex   -3.655183e+00 3.214968e+01 4.000000e+01
      vertex   -2.772231e+00 3.282191e+01 4.000000e+01
      vertex   -2.658597e+00 3.261811e+01 4.000000e+01
    endloop
  endfacet
  facet normal 0.000000e+00 0.000000e+00 -1.000000e+00
    outer loop
      vertex   -3.655183e+00 3.214968e+01 4.000000e+01
      vertex   -2.658597e+00 3.261811e+01 4.000000e+01
      vertex   -3.567642e+00 3.197249e+01 4.000000e+01
    endloop
  endfacet
  facet normal 0.000000e+00 0.000000e+00 -1.000000e+00
    outer loop
      vertex   -3.567642e+00 3.197249e+01 4.000000e+01
      vertex   -2.658597e+00 3.261811e+01 4.000000e+01
      vertex   -2.557354e+00 3.240788e+01 4.000000e+01
    endloop
  endfacet
  facet normal 0.000000e+00 0.000000e+00 -1.000000e+00
    outer loop
      vertex   -3.567642e+00 3.197249e+01 4.000000e+01
      vertex   -2.557354e+00 3.240788e+01 4.000000e+01
      vertex   -2.468865e+00 3.219197e+01 4.000000e+01
    endloop
  endfacet
  facet normal 0.000000e+00 0.000000e+00 -1.000000e+00
    outer loop
      vertex   -3.567642e+00 3.197249e+01 4.000000e+01
      vertex   -2.468865e+00 3.219197e+01 4.000000e+01
      vertex   -3.492818e+00 3.178957e+01 4.000000e+01
    endloop
  endfacet
  facet normal 0.000000e+00 0.000000e+00 -1.000000e+00
    outer loop
      vertex   -3.492818e+00 3.178957e+01 4.000000e+01
      vertex   -2.468865e+00 3.219197e+01 4.000000e+01
      vertex   -2.393447e+00 3.197115e+01 4.000000e+01
    endloop
  endfacet
  facet normal 0.000000e+00 0.000000e+00 -1.000000e+00
    outer loop
      vertex   -3.492818e+00 3.178957e+01 4.000000e+01
      vertex   -2.393447e+00 3.197115e+01 4.000000e+01
      vertex   -3.431083e+00 3.160183e+01 4.000000e+01
    endloop
  endfacet
  facet normal 0.000000e+00 0.000000e+00 -1.000000e+00
    outer loop
      vertex   -3.431083e+00 3.160183e+01 4.000000e+01
      vertex   -2.393447e+00 3.197115e+01 4.000000e+01
      vertex   -2.331370e+00 3.174622e+01 4.000000e+01
    endloop
  endfacet
  facet normal 0.000000e+00 0.000000e+00 -1.000000e+00
    outer loop
      vertex   -3.431083e+00 3.160183e+01 4.000000e+01
      vertex   -2.331370e+00 3.174622e+01 4.000000e+01
      vertex   -3.382745e+00 3.141020e+01 4.000000e+01
    endloop
  endfacet
  facet normal 0.000000e+00 0.000000e+00 -1.000000e+00
    outer loop
      vertex   -3.382745e+00 3.141020e+01 4.000000e+01
      vertex   -2.331370e+00 3.174622e+01 4.000000e+01
      vertex   -2.282856e+00 3.151798e+01 4.000000e+01
    endloop
  endfacet
  facet normal 0.000000e+00 0.000000e+00 -1.000000e+00
    outer loop
      vertex   -3.382745e+00 3.141020e+01 4.000000e+01
      vertex   -2.282856e+00 3.151798e+01 4.000000e+01
      vertex   -3.348045e+00 3.121564e+01 4.000000e+01
    endloop
  endfacet
  facet normal 0.000000e+00 0.000000e+00 -1.000000e+00
    outer loop
      vertex   -3.348045e+00 3.121564e+01 4.000000e+01
      vertex   -2.282856e+00 3.151798e+01 4.000000e+01
      vertex   -2.248078e+00 3.128724e+01 4.000000e+01
    endloop
  endfacet
  facet normal 0.000000e+00 0.000000e+00 -1.000000e+00
    outer loop
      vertex   -3.348045e+00 3.121564e+01 4.000000e+01
      vertex   -2.248078e+00 3.128724e+01 4.000000e+01
      vertex   -3.327156e+00 3.101911e+01 4.000000e+01
    endloop
  endfacet
  facet normal 0.000000e+00 0.000000e+00 -1.000000e+00
    outer loop
      vertex   -3.327156e+00 3.101911e+01 4.000000e+01
      vertex   -2.248078e+00 3.128724e+01 4.000000e+01
      vertex   -2.227162e+00 3.105484e+01 4.000000e+01
    endloop
  endfacet
  facet normal 0.000000e+00 0.000000e+00 -1.000000e+00
    outer loop
      vertex   -3.327156e+00 3.101911e+01 4.000000e+01
      vertex   -2.227162e+00 3.105484e+01 4.000000e+01
      vertex   -3.320181e+00 3.082160e+01 4.000000e+01
    endloop
  endfacet
  facet normal 0.000000e+00 0.000000e+00 -1.000000e+00
    outer loop
      vertex   -3.827097e+00 3.064337e+01 4.000000e+01
      vertex   -8.418451e+00 3.073242e+01 4.000000e+01
      vertex   -3.820181e+00 3.082160e+01 4.000000e+01
    endloop
  endfacet
  facet normal -0.000000e+00 0.000000e+00 -1.000000e+00
    outer loop
      vertex   -3.820181e+00 3.082160e+01 4.000000e+01
      vertex   -8.418451e+00 3.073242e+01 4.000000e+01
      vertex   -8.418451e+00 3.091079e+01 4.000000e+01
    endloop
  endfacet
  facet normal 0.000000e+00 0.000000e+00 -1.000000e+00
    outer loop
      vertex   -3.820181e+00 3.082160e+01 4.000000e+01
      vertex   -8.418451e+00 3.091079e+01 4.000000e+01
      vertex   -3.827097e+00 3.099984e+01 4.000000e+01
    endloop
  endfacet
  facet normal -0.000000e+00 0.000000e+00 -1.000000e+00
    outer loop
      vertex   -3.827097e+00 3.099984e+01 4.000000e+01
      vertex   -8.418451e+00 3.091079e+01 4.000000e+01
      vertex   -8.404629e+00 3.108862e+01 4.000000e+01
    endloop
  endfacet
  facet normal 0.000000e+00 0.000000e+00 -1.000000e+00
    outer loop
      vertex   -3.827097e+00 3.099984e+01 4.000000e+01
      vertex   -8.404629e+00 3.108862e+01 4.000000e+01
      vertex   -3.847804e+00 3.117700e+01 4.000000e+01
    endloop
  endfacet
  facet normal -0.000000e+00 0.000000e+00 -1.000000e+00
    outer loop
      vertex   -3.847804e+00 3.117700e+01 4.000000e+01
      vertex   -8.404629e+00 3.108862e+01 4.000000e+01
      vertex   -8.377068e+00 3.126484e+01 4.000000e+01
    endloop
  endfacet
  facet normal 0.000000e+00 0.000000e+00 -1.000000e+00
    outer loop
      vertex   -3.847804e+00 3.117700e+01 4.000000e+01
      vertex   -8.377068e+00 3.126484e+01 4.000000e+01
      vertex   -3.882178e+00 3.135202e+01 4.000000e+01
    endloop
  endfacet
  facet normal -0.000000e+00 0.000000e+00 -1.000000e+00
    outer loop
      vertex   -3.882178e+00 3.135202e+01 4.000000e+01
      vertex   -8.377068e+00 3.126484e+01 4.000000e+01
      vertex   -8.335934e+00 3.143840e+01 4.000000e+01
    endloop
  endfacet
  facet normal 0.000000e+00 0.000000e+00 -1.000000e+00
    outer loop
      vertex   -3.882178e+00 3.135202e+01 4.000000e+01
      vertex   -8.335934e+00 3.143840e+01 4.000000e+01
      vertex   -3.930011e+00 3.152385e+01 4.000000e+01
    endloop
  endfacet
  facet normal -0.000000e+00 0.000000e+00 -1.000000e+00
    outer loop
      vertex   -3.930011e+00 3.152385e+01 4.000000e+01
      vertex   -8.335934e+00 3.143840e+01 4.000000e+01
      vertex   -8.281474e+00 3.160825e+01 4.000000e+01
    endloop
  endfacet
  facet normal 0.000000e+00 0.000000e+00 -1.000000e+00
    outer loop
      vertex   -3.930011e+00 3.152385e+01 4.000000e+01
      vertex   -8.281474e+00 3.160825e+01 4.000000e+01
      vertex   -3.991016e+00 3.169146e+01 4.000000e+01
    endloop
  endfacet
  facet normal -0.000000e+00 0.000000e+00 -1.000000e+00
    outer loop
      vertex   -3.991016e+00 3.169146e+01 4.000000e+01
      vertex   -8.281474e+00 3.160825e+01 4.000000e+01
      vertex   -8.214016e+00 3.177337e+01 4.000000e+01
    endloop
  endfacet
  facet normal 0.000000e+00 0.000000e+00 -1.000000e+00
    outer loop
      vertex   -3.991016e+00 3.169146e+01 4.000000e+01
      vertex   -8.214016e+00 3.177337e+01 4.000000e+01
      vertex   -4.064826e+00 3.185384e+01 4.000000e+01
    endloop
  endfacet
  facet normal -0.000000e+00 0.000000e+00 -1.000000e+00
    outer loop
      vertex   -4.064826e+00 3.185384e+01 4.000000e+01
      vertex   -8.214016e+00 3.177337e+01 4.000000e+01
      vertex   -8.133965e+00 3.193276e+01 4.000000e+01
    endloop
  endfacet
  facet normal 0.000000e+00 0.000000e+00 -1.000000e+00
    outer loop
      vertex   -4.064826e+00 3.185384e+01 4.000000e+01
      vertex   -8.133965e+00 3.193276e+01 4.000000e+01
      vertex   -4.150997e+00 3.201001e+01 4.000000e+01
    endloop
  endfacet
  facet normal -0.000000e+00 0.000000e+00 -1.000000e+00
    outer loop
      vertex   -4.150997e+00 3.201001e+01 4.000000e+01
      vertex   -8.133965e+00 3.193276e+01 4.000000e+01
      vertex   -8.041803e+00 3.208547e+01 4.000000e+01
    endloop
  endfacet
  facet normal 0.000000e+00 0.000000e+00 -1.000000e+00
    outer loop
      vertex   -4.150997e+00 3.201001e+01 4.000000e+01
      vertex   -8.041803e+00 3.208547e+01 4.000000e+01
      vertex   -4.249011e+00 3.215904e+01 4.000000e+01
    endloop
  endfacet
  facet normal -0.000000e+00 0.000000e+00 -1.000000e+00
    outer loop
      vertex   -4.249011e+00 3.215904e+01 4.000000e+01
      vertex   -8.041803e+00 3.208547e+01 4.000000e+01
      vertex   -7.938084e+00 3.223058e+01 4.000000e+01
    endloop
  endfacet
  facet normal 0.000000e+00 0.000000e+00 -1.000000e+00
    outer loop
      vertex   -4.249011e+00 3.215904e+01 4.000000e+01
      vertex   -7.938084e+00 3.223058e+01 4.000000e+01
      vertex   -4.358279e+00 3.230002e+01 4.000000e+01
    endloop
  endfacet
  facet normal -0.000000e+00 0.000000e+00 -1.000000e+00
    outer loop
      vertex   -4.358279e+00 3.230002e+01 4.000000e+01
      vertex   -7.938084e+00 3.223058e+01 4.000000e+01
      vertex   -7.823432e+00 3.236722e+01 4.000000e+01
    endloop
  endfacet
  facet normal 0.000000e+00 0.000000e+00 -1.000000e+00
    outer loop
      vertex   -4.358279e+00 3.230002e+01 4.000000e+01
      vertex   -7.823432e+00 3.236722e+01 4.000000e+01
      vertex   -4.478143e+00 3.243210e+01 4.000000e+01
    endloop
  endfacet
  facet normal -0.000000e+00 0.000000e+00 -1.000000e+00
    outer loop
      vertex   -4.478143e+00 3.243210e+01 4.000000e+01
      vertex   -7.823432e+00 3.236722e+01 4.000000e+01
      vertex   -7.698537e+00 3.249456e+01 4.000000e+01
    endloop
  endfacet
  facet normal 0.000000e+00 0.000000e+00 -1.000000e+00
    outer loop
      vertex   -4.478143e+00 3.243210e+01 4.000000e+01
      vertex   -7.698537e+00 3.249456e+01 4.000000e+01
      vertex   -4.607882e+00 3.255451e+01 4.000000e+01
    endloop
  endfacet
  facet normal -0.000000e+00 0.000000e+00 -1.000000e+00
    outer loop
      vertex   -4.607882e+00 3.255451e+01 4.000000e+01
      vertex   -7.698537e+00 3.249456e+01 4.000000e+01
      vertex   -7.564149e+00 3.261184e+01 4.000000e+01
    endloop
  endfacet
  facet normal 0.000000e+00 0.000000e+00 -1.000000e+00
    outer loop
      vertex   -4.607882e+00 3.255451e+01 4.000000e+01
      vertex   -7.564149e+00 3.261184e+01 4.000000e+01
      vertex   -4.746716e+00 3.266649e+01 4.000000e+01
    endloop
  endfacet
  facet normal -0.000000e+00 0.000000e+00 -1.000000e+00
    outer loop
      vertex   -4.746716e+00 3.266649e+01 4.000000e+01
      vertex   -7.564149e+00 3.261184e+01 4.000000e+01
      vertex   -7.421077e+00 3.271836e+01 4.000000e+01
    endloop
  endfacet
  facet normal 0.000000e+00 0.000000e+00 -1.000000e+00
    outer loop
      vertex   -4.746716e+00 3.266649e+01 4.000000e+01
      vertex   -7.421077e+00 3.271836e+01 4.000000e+01
      vertex   -4.893811e+00 3.276737e+01 4.000000e+01
    endloop
  endfacet
  facet normal -0.000000e+00 0.000000e+00 -1.000000e+00
    outer loop
      vertex   -4.893811e+00 3.276737e+01 4.000000e+01
      vertex   -7.421077e+00 3.271836e+01 4.000000e+01
      vertex   -7.270181e+00 3.281346e+01 4.000000e+01
    endloop
  endfacet
  facet normal 0.000000e+00 0.000000e+00 -1.000000e+00
    outer loop
      vertex   -4.893811e+00 3.276737e+01 4.000000e+01
      vertex   -7.270181e+00 3.281346e+01 4.000000e+01
      vertex   -5.048281e+00 3.285656e+01 4.000000e+01
    endloop
  endfacet
  facet normal -0.000000e+00 0.000000e+00 -1.000000e+00
    outer loop
      vertex   -5.048281e+00 3.285656e+01 4.000000e+01
      vertex   -7.270181e+00 3.281346e+01 4.000000e+01
      vertex   -7.112369e+00 3.289659e+01 4.000000e+01
    endloop
  endfacet
  facet normal 0.000000e+00 0.000000e+00 -1.000000e+00
    outer loop
      vertex   -5.048281e+00 3.285656e+01 4.000000e+01
      vertex   -7.112369e+00 3.289659e+01 4.000000e+01
      vertex   -5.209198e+00 3.293350e+01 4.000000e+01
    endloop
  endfacet
  facet normal -0.000000e+00 0.000000e+00 -1.000000e+00
    outer loop
      vertex   -5.209198e+00 3.293350e+01 4.000000e+01
      vertex   -7.112369e+00 3.289659e+01 4.000000e+01
      vertex   -6.948590e+00 3.296724e+01 4.000000e+01
    endloop
  endfacet
  facet normal 0.000000e+00 0.000000e+00 -1.000000e+00
    outer loop
      vertex   -5.209198e+00 3.293350e+01 4.000000e+01
      vertex   -6.948590e+00 3.296724e+01 4.000000e+01
      vertex   -5.375593e+00 3.299774e+01 4.000000e+01
    endloop
  endfacet
  facet normal -0.000000e+00 0.000000e+00 -1.000000e+00
    outer loop
      vertex   -5.375593e+00 3.299774e+01 4.000000e+01
      vertex   -6.948590e+00 3.296724e+01 4.000000e+01
      vertex   -6.779829e+00 3.302498e+01 4.000000e+01
    endloop
  endfacet
  facet normal 0.000000e+00 0.000000e+00 -1.000000e+00
    outer loop
      vertex   -5.375593e+00 3.299774e+01 4.000000e+01
      vertex   -6.779829e+00 3.302498e+01 4.000000e+01
      vertex   -5.546466e+00 3.304890e+01 4.000000e+01
    endloop
  endfacet
  facet normal -0.000000e+00 0.000000e+00 -1.000000e+00
    outer loop
      vertex   -5.546466e+00 3.304890e+01 4.000000e+01
      vertex   -6.779829e+00 3.302498e+01 4.000000e+01
      vertex   -6.607100e+00 3.306947e+01 4.000000e+01
    endloop
  endfacet
  facet normal 0.000000e+00 0.000000e+00 -1.000000e+00
    outer loop
      vertex   -5.546466e+00 3.304890e+01 4.000000e+01
      vertex   -6.607100e+00 3.306947e+01 4.000000e+01
      vertex   -5.720790e+00 3.308666e+01 4.000000e+01
    endloop
  endfacet
  facet normal -0.000000e+00 0.000000e+00 -1.000000e+00
    outer loop
      vertex   -5.720790e+00 3.308666e+01 4.000000e+01
      vertex   -6.607100e+00 3.306947e+01 4.000000e+01
      vertex   -6.431443e+00 3.310044e+01 4.000000e+01
    endloop
  endfacet
  facet normal 0.000000e+00 0.000000e+00 -1.000000e+00
    outer loop
      vertex   -5.720790e+00 3.308666e+01 4.000000e+01
      vertex   -6.431443e+00 3.310044e+01 4.000000e+01
      vertex   -5.897516e+00 3.311080e+01 4.000000e+01
    endloop
  endfacet
  facet normal -0.000000e+00 0.000000e+00 -1.000000e+00
    outer loop
      vertex   -5.897516e+00 3.311080e+01 4.000000e+01
      vertex   -6.431443e+00 3.310044e+01 4.000000e+01
      vertex   -6.253914e+00 3.311771e+01 4.000000e+01
    endloop
  endfacet
  facet normal 0.000000e+00 0.000000e+00 -1.000000e+00
    outer loop
      vertex   -5.897516e+00 3.311080e+01 4.000000e+01
      vertex   -6.253914e+00 3.311771e+01 4.000000e+01
      vertex   -6.075581e+00 3.312117e+01 4.000000e+01
    endloop
  endfacet
  facet normal 0.000000e+00 0.000000e+00 -1.000000e+00
    outer loop
      vertex   -8.418451e+00 3.073242e+01 4.000000e+01
      vertex   -3.827097e+00 3.064337e+01 4.000000e+01
      vertex   -8.404629e+00 3.055459e+01 4.000000e+01
    endloop
  endfacet
  facet normal 0.000000e+00 0.000000e+00 -1.000000e+00
    outer loop
      vertex   -8.404629e+00 3.055459e+01 4.000000e+01
      vertex   -3.827097e+00 3.064337e+01 4.000000e+01
      vertex   -3.847804e+00 3.046621e+01 4.000000e+01
    endloop
  endfacet
  facet normal 0.000000e+00 0.000000e+00 -1.000000e+00
    outer loop
      vertex   -8.404629e+00 3.055459e+01 4.000000e+01
      vertex   -3.847804e+00 3.046621e+01 4.000000e+01
      vertex   -3.882178e+00 3.029119e+01 4.000000e+01
    endloop
  endfacet
  facet normal -0.000000e+00 0.000000e+00 -1.000000e+00
    outer loop
      vertex   -3.882178e+00 3.029119e+01 4.000000e+01
      vertex   -3.930011e+00 3.011935e+01 4.000000e+01
      vertex   -8.404629e+00 3.055459e+01 4.000000e+01
    endloop
  endfacet
  facet normal 0.000000e+00 0.000000e+00 -1.000000e+00
    outer loop
      vertex   -8.404629e+00 3.055459e+01 4.000000e+01
      vertex   -3.930011e+00 3.011935e+01 4.000000e+01
      vertex   -3.991016e+00 2.995174e+01 4.000000e+01
    endloop
  endfacet
  facet normal 0.000000e+00 0.000000e+00 -1.000000e+00
    outer loop
      vertex   -8.404629e+00 3.055459e+01 4.000000e+01
      vertex   -3.991016e+00 2.995174e+01 4.000000e+01
      vertex   -4.064826e+00 2.978937e+01 4.000000e+01
    endloop
  endfacet
  facet normal -0.000000e+00 0.000000e+00 -1.000000e+00
    outer loop
      vertex   -4.064826e+00 2.978937e+01 4.000000e+01
      vertex   -4.150997e+00 2.963320e+01 4.000000e+01
      vertex   -8.404629e+00 3.055459e+01 4.000000e+01
    endloop
  endfacet
  facet normal 0.000000e+00 0.000000e+00 -1.000000e+00
    outer loop
      vertex   -8.404629e+00 3.055459e+01 4.000000e+01
      vertex   -4.150997e+00 2.963320e+01 4.000000e+01
      vertex   -4.249011e+00 2.948417e+01 4.000000e+01
    endloop
  endfacet
  facet normal 0.000000e+00 0.000000e+00 -1.000000e+00
    outer loop
      vertex   -8.404629e+00 3.055459e+01 4.000000e+01
      vertex   -4.249011e+00 2.948417e+01 4.000000e+01
      vertex   -4.358279e+00 2.934319e+01 4.000000e+01
    endloop
  endfacet
  facet normal -0.000000e+00 0.000000e+00 -1.000000e+00
    outer loop
      vertex   -4.358279e+00 2.934319e+01 4.000000e+01
      vertex   -4.478143e+00 2.921110e+01 4.000000e+01
      vertex   -8.404629e+00 3.055459e+01 4.000000e+01
    endloop
  endfacet
  facet normal 0.000000e+00 0.000000e+00 -1.000000e+00
    outer loop
      vertex   -8.404629e+00 3.055459e+01 4.000000e+01
      vertex   -4.478143e+00 2.921110e+01 4.000000e+01
      vertex   -4.607882e+00 2.908870e+01 4.000000e+01
    endloop
  endfacet
  facet normal 0.000000e+00 0.000000e+00 -1.000000e+00
    outer loop
      vertex   -8.404629e+00 3.055459e+01 4.000000e+01
      vertex   -4.607882e+00 2.908870e+01 4.000000e+01
      vertex   -4.746716e+00 2.897672e+01 4.000000e+01
    endloop
  endfacet
  facet normal -0.000000e+00 0.000000e+00 -1.000000e+00
    outer loop
      vertex   -4.746716e+00 2.897672e+01 4.000000e+01
      vertex   -4.893811e+00 2.887583e+01 4.000000e+01
      vertex   -8.404629e+00 3.055459e+01 4.000000e+01
    endloop
  endfacet
  facet normal 0.000000e+00 0.000000e+00 -1.000000e+00
    outer loop
      vertex   -8.404629e+00 3.055459e+01 4.000000e+01
      vertex   -4.893811e+00 2.887583e+01 4.000000e+01
      vertex   -5.048281e+00 2.878665e+01 4.000000e+01
    endloop
  endfacet
  facet normal 0.000000e+00 0.000000e+00 -1.000000e+00
    outer loop
      vertex   -8.404629e+00 3.055459e+01 4.000000e+01
      vertex   -5.048281e+00 2.878665e+01 4.000000e+01
      vertex   -5.209198e+00 2.870971e+01 4.000000e+01
    endloop
  endfacet
  facet normal -0.000000e+00 0.000000e+00 -1.000000e+00
    outer loop
      vertex   -5.209198e+00 2.870971e+01 4.000000e+01
      vertex   -5.375593e+00 2.864546e+01 4.000000e+01
      vertex   -8.404629e+00 3.055459e+01 4.000000e+01
    endloop
  endfacet
  facet normal 0.000000e+00 0.000000e+00 -1.000000e+00
    outer loop
      vertex   -8.404629e+00 3.055459e+01 4.000000e+01
      vertex   -5.375593e+00 2.864546e+01 4.000000e+01
      vertex   -5.546466e+00 2.859431e+01 4.000000e+01
    endloop
  endfacet
  facet normal 0.000000e+00 0.000000e+00 -1.000000e+00
    outer loop
      vertex   -8.404629e+00 3.055459e+01 4.000000e+01
      vertex   -5.546466e+00 2.859431e+01 4.000000e+01
      vertex   -5.720790e+00 2.855655e+01 4.000000e+01
    endloop
  endfacet
  facet normal -0.000000e+00 0.000000e+00 -1.000000e+00
    outer loop
      vertex   -5.720790e+00 2.855655e+01 4.000000e+01
      vertex   -5.897516e+00 2.853241e+01 4.000000e+01
      vertex   -8.404629e+00 3.055459e+01 4.000000e+01
    endloop
  endfacet
  facet normal 0.000000e+00 0.000000e+00 -1.000000e+00
    outer loop
      vertex   -8.404629e+00 3.055459e+01 4.000000e+01
      vertex   -5.897516e+00 2.853241e+01 4.000000e+01
      vertex   -6.075581e+00 2.852204e+01 4.000000e+01
    endloop
  endfacet
  facet normal 0.000000e+00 0.000000e+00 -1.000000e+00
    outer loop
      vertex   -8.404629e+00 3.055459e+01 4.000000e+01
      vertex   -6.075581e+00 2.852204e+01 4.000000e+01
      vertex   -6.253914e+00 2.852549e+01 4.000000e+01
    endloop
  endfacet
  facet normal 0.000000e+00 0.000000e+00 -1.000000e+00
    outer loop
      vertex   -6.253914e+00 2.852549e+01 4.000000e+01
      vertex   -6.431443e+00 2.854276e+01 4.000000e+01
      vertex   -8.404629e+00 3.055459e+01 4.000000e+01
    endloop
  endfacet
  facet normal 0.000000e+00 0.000000e+00 -1.000000e+00
    outer loop
      vertex   -8.404629e+00 3.055459e+01 4.000000e+01
      vertex   -6.431443e+00 2.854276e+01 4.000000e+01
      vertex   -6.607100e+00 2.857374e+01 4.000000e+01
    endloop
  endfacet
  facet normal 0.000000e+00 0.000000e+00 -1.000000e+00
    outer loop
      vertex   -8.404629e+00 3.055459e+01 4.000000e+01
      vertex   -6.607100e+00 2.857374e+01 4.000000e+01
      vertex   -6.779829e+00 2.861823e+01 4.000000e+01
    endloop
  endfacet
  facet normal 0.000000e+00 0.000000e+00 -1.000000e+00
    outer loop
      vertex   -6.779829e+00 2.861823e+01 4.000000e+01
      vertex   -6.948590e+00 2.867597e+01 4.000000e+01
      vertex   -8.404629e+00 3.055459e+01 4.000000e+01
    endloop
  endfacet
  facet normal 0.000000e+00 0.000000e+00 -1.000000e+00
    outer loop
      vertex   -8.404629e+00 3.055459e+01 4.000000e+01
      vertex   -6.948590e+00 2.867597e+01 4.000000e+01
      vertex   -7.112369e+00 2.874662e+01 4.000000e+01
    endloop
  endfacet
  facet normal 0.000000e+00 0.000000e+00 -1.000000e+00
    outer loop
      vertex   -8.404629e+00 3.055459e+01 4.000000e+01
      vertex   -7.112369e+00 2.874662e+01 4.000000e+01
      vertex   -7.270181e+00 2.882975e+01 4.000000e+01
    endloop
  endfacet
  facet normal 0.000000e+00 0.000000e+00 -1.000000e+00
    outer loop
      vertex   -7.270181e+00 2.882975e+01 4.000000e+01
      vertex   -7.421077e+00 2.892485e+01 4.000000e+01
      vertex   -8.404629e+00 3.055459e+01 4.000000e+01
    endloop
  endfacet
  facet normal 0.000000e+00 0.000000e+00 -1.000000e+00
    outer loop
      vertex   -8.404629e+00 3.055459e+01 4.000000e+01
      vertex   -7.421077e+00 2.892485e+01 4.000000e+01
      vertex   -7.564149e+00 2.903136e+01 4.000000e+01
    endloop
  endfacet
  facet normal 0.000000e+00 0.000000e+00 -1.000000e+00
    outer loop
      vertex   -8.404629e+00 3.055459e+01 4.000000e+01
      vertex   -7.564149e+00 2.903136e+01 4.000000e+01
      vertex   -7.698537e+00 2.914864e+01 4.000000e+01
    endloop
  endfacet
  facet normal 0.000000e+00 0.000000e+00 -1.000000e+00
    outer loop
      vertex   -7.698537e+00 2.914864e+01 4.000000e+01
      vertex   -7.823432e+00 2.927599e+01 4.000000e+01
      vertex   -8.404629e+00 3.055459e+01 4.000000e+01
    endloop
  endfacet
  facet normal 0.000000e+00 0.000000e+00 -1.000000e+00
    outer loop
      vertex   -8.404629e+00 3.055459e+01 4.000000e+01
      vertex   -7.823432e+00 2.927599e+01 4.000000e+01
      vertex   -7.938084e+00 2.941262e+01 4.000000e+01
    endloop
  endfacet
  facet normal 0.000000e+00 0.000000e+00 -1.000000e+00
    outer loop
      vertex   -8.404629e+00 3.055459e+01 4.000000e+01
      vertex   -7.938084e+00 2.941262e+01 4.000000e+01
      vertex   -8.041803e+00 2.955773e+01 4.000000e+01
    endloop
  endfacet
  facet normal 0.000000e+00 0.000000e+00 -1.000000e+00
    outer loop
      vertex   -8.041803e+00 2.955773e+01 4.000000e+01
      vertex   -8.133965e+00 2.971044e+01 4.000000e+01
      vertex   -8.404629e+00 3.055459e+01 4.000000e+01
    endloop
  endfacet
  facet normal 0.000000e+00 0.000000e+00 -1.000000e+00
    outer loop
      vertex   -8.404629e+00 3.055459e+01 4.000000e+01
      vertex   -8.133965e+00 2.971044e+01 4.000000e+01
      vertex   -8.214016e+00 2.986984e+01 4.000000e+01
    endloop
  endfacet
  facet normal 0.000000e+00 0.000000e+00 -1.000000e+00
    outer loop
      vertex   -8.404629e+00 3.055459e+01 4.000000e+01
      vertex   -8.214016e+00 2.986984e+01 4.000000e+01
      vertex   -8.281474e+00 3.003496e+01 4.000000e+01
    endloop
  endfacet
  facet normal 0.000000e+00 0.000000e+00 -1.000000e+00
    outer loop
      vertex   -8.281474e+00 3.003496e+01 4.000000e+01
      vertex   -8.335934e+00 3.020481e+01 4.000000e+01
      vertex   -8.404629e+00 3.055459e+01 4.000000e+01
    endloop
  endfacet
  facet normal 0.000000e+00 0.000000e+00 -1.000000e+00
    outer loop
      vertex   -8.404629e+00 3.055459e+01 4.000000e+01
      vertex   -8.335934e+00 3.020481e+01 4.000000e+01
      vertex   -8.377068e+00 3.037837e+01 4.000000e+01
    endloop
  endfacet
  facet normal 9.995524e-01 2.991547e-02 -0.000000e+00
    outer loop
      vertex   -2.227162e+00 3.105484e+01 4.000000e+01
      vertex   -2.227162e+00 3.105484e+01 4.100000e+01
      vertex   -2.220181e+00 3.082160e+01 4.000000e+01
    endloop
  endfacet
  facet normal 9.995524e-01 2.991547e-02 -0.000000e+00
    outer loop
      vertex   -2.220181e+00 3.082160e+01 4.000000e+01
      vertex   -2.227162e+00 3.105484e+01 4.100000e+01
      vertex   -2.220181e+00 3.082160e+01 4.100000e+01
    endloop
  endfacet
  facet normal 9.995524e-01 -2.991547e-02 0.000000e+00
    outer loop
      vertex   -2.220181e+00 3.082160e+01 4.000000e+01
      vertex   -2.220181e+00 3.082160e+01 4.100000e+01
      vertex   -2.227162e+00 3.058837e+01 4.000000e+01
    endloop
  endfacet
  facet normal 9.995524e-01 -2.991547e-02 0.000000e+00
    outer loop
      vertex   -2.227162e+00 3.058837e+01 4.000000e+01
      vertex   -2.220181e+00 3.082160e+01 4.100000e+01
      vertex   -2.227162e+00 3.058837e+01 4.100000e+01
    endloop
  endfacet
  facet normal 9.959743e-01 -8.963931e-02 0.000000e+00
    outer loop
      vertex   -2.227162e+00 3.058837e+01 4.000000e+01
      vertex   -2.227162e+00 3.058837e+01 4.100000e+01
      vertex   -2.248078e+00 3.035597e+01 4.000000e+01
    endloop
  endfacet
  facet normal 9.959743e-01 -8.963931e-02 0.000000e+00
    outer loop
      vertex   -2.248078e+00 3.035597e+01 4.000000e+01
      vertex   -2.227162e+00 3.058837e+01 4.100000e+01
      vertex   -2.248078e+00 3.035597e+01 4.100000e+01
    endloop
  endfacet
  facet normal 9.888308e-01 -1.490423e-01 0.000000e+00
    outer loop
      vertex   -2.248078e+00 3.035597e+01 4.000000e+01
      vertex   -2.248078e+00 3.035597e+01 4.100000e+01
      vertex   -2.282856e+00 3.012523e+01 4.000000e+01
    endloop
  endfacet
  facet normal 9.888308e-01 -1.490423e-01 0.000000e+00
    outer loop
      vertex   -2.282856e+00 3.012523e+01 4.000000e+01
      vertex   -2.248078e+00 3.035597e+01 4.100000e+01
      vertex   -2.282856e+00 3.012523e+01 4.100000e+01
    endloop
  endfacet
  facet normal 9.781476e-01 -2.079117e-01 0.000000e+00
    outer loop
      vertex   -2.282856e+00 3.012523e+01 4.000000e+01
      vertex   -2.282856e+00 3.012523e+01 4.100000e+01
      vertex   -2.331370e+00 2.989699e+01 4.000000e+01
    endloop
  endfacet
  facet normal 9.781476e-01 -2.079117e-01 0.000000e+00
    outer loop
      vertex   -2.331370e+00 2.989699e+01 4.000000e+01
      vertex   -2.282856e+00 3.012523e+01 4.100000e+01
      vertex   -2.331370e+00 2.989699e+01 4.100000e+01
    endloop
  endfacet
  facet normal 9.639629e-01 -2.660368e-01 0.000000e+00
    outer loop
      vertex   -2.331370e+00 2.989699e+01 4.000000e+01
      vertex   -2.331370e+00 2.989699e+01 4.100000e+01
      vertex   -2.393447e+00 2.967206e+01 4.000000e+01
    endloop
  endfacet
  facet normal 9.639629e-01 -2.660368e-01 0.000000e+00
    outer loop
      vertex   -2.393447e+00 2.967206e+01 4.000000e+01
      vertex   -2.331370e+00 2.989699e+01 4.100000e+01
      vertex   -2.393447e+00 2.967206e+01 4.100000e+01
    endloop
  endfacet
  facet normal 9.463274e-01 -3.232097e-01 0.000000e+00
    outer loop
      vertex   -2.393447e+00 2.967206e+01 4.000000e+01
      vertex   -2.393447e+00 2.967206e+01 4.100000e+01
      vertex   -2.468865e+00 2.945124e+01 4.000000e+01
    endloop
  endfacet
  facet normal 9.463274e-01 -3.232097e-01 0.000000e+00
    outer loop
      vertex   -2.468865e+00 2.945124e+01 4.000000e+01
      vertex   -2.393447e+00 2.967206e+01 4.100000e+01
      vertex   -2.468865e+00 2.945124e+01 4.100000e+01
    endloop
  endfacet
  facet normal 9.253043e-01 -3.792255e-01 0.000000e+00
    outer loop
      vertex   -2.468865e+00 2.945124e+01 4.000000e+01
      vertex   -2.468865e+00 2.945124e+01 4.100000e+01
      vertex   -2.557354e+00 2.923533e+01 4.000000e+01
    endloop
  endfacet
  facet normal 9.253043e-01 -3.792255e-01 0.000000e+00
    outer loop
      vertex   -2.557354e+00 2.923533e+01 4.000000e+01
      vertex   -2.468865e+00 2.945124e+01 4.100000e+01
      vertex   -2.557354e+00 2.923533e+01 4.100000e+01
    endloop
  endfacet
  facet normal 9.009689e-01 -4.338837e-01 0.000000e+00
    outer loop
      vertex   -2.557354e+00 2.923533e+01 4.000000e+01
      vertex   -2.557354e+00 2.923533e+01 4.100000e+01
      vertex   -2.658597e+00 2.902510e+01 4.000000e+01
    endloop
  endfacet
  facet normal 9.009689e-01 -4.338837e-01 0.000000e+00
    outer loop
      vertex   -2.658597e+00 2.902510e+01 4.000000e+01
      vertex   -2.557354e+00 2.923533e+01 4.100000e+01
      vertex   -2.658597e+00 2.902510e+01 4.100000e+01
    endloop
  endfacet
  facet normal 8.734082e-01 -4.869888e-01 0.000000e+00
    outer loop
      vertex   -2.658597e+00 2.902510e+01 4.000000e+01
      vertex   -2.658597e+00 2.902510e+01 4.100000e+01
      vertex   -2.772231e+00 2.882130e+01 4.000000e+01
    endloop
  endfacet
  facet normal 8.734082e-01 -4.869888e-01 0.000000e+00
    outer loop
      vertex   -2.772231e+00 2.882130e+01 4.000000e+01
      vertex   -2.658597e+00 2.902510e+01 4.100000e+01
      vertex   -2.772231e+00 2.882130e+01 4.100000e+01
    endloop
  endfacet
  facet normal 8.427210e-01 -5.383506e-01 0.000000e+00
    outer loop
      vertex   -2.772231e+00 2.882130e+01 4.000000e+01
      vertex   -2.772231e+00 2.882130e+01 4.100000e+01
      vertex   -2.897850e+00 2.862466e+01 4.000000e+01
    endloop
  endfacet
  facet normal 8.427210e-01 -5.383506e-01 0.000000e+00
    outer loop
      vertex   -2.897850e+00 2.862466e+01 4.000000e+01
      vertex   -2.772231e+00 2.882130e+01 4.100000e+01
      vertex   -2.897850e+00 2.862466e+01 4.100000e+01
    endloop
  endfacet
  facet normal 8.090170e-01 -5.877853e-01 0.000000e+00
    outer loop
      vertex   -2.897850e+00 2.862466e+01 4.000000e+01
      vertex   -2.897850e+00 2.862466e+01 4.100000e+01
      vertex   -3.035004e+00 2.843588e+01 4.000000e+01
    endloop
  endfacet
  facet normal 8.090170e-01 -5.877853e-01 0.000000e+00
    outer loop
      vertex   -3.035004e+00 2.843588e+01 4.000000e+01
      vertex   -2.897850e+00 2.862466e+01 4.100000e+01
      vertex   -3.035004e+00 2.843588e+01 4.100000e+01
    endloop
  endfacet
  facet normal 7.724170e-01 -6.351158e-01 0.000000e+00
    outer loop
      vertex   -3.035004e+00 2.843588e+01 4.000000e+01
      vertex   -3.035004e+00 2.843588e+01 4.100000e+01
      vertex   -3.183202e+00 2.825564e+01 4.000000e+01
    endloop
  endfacet
  facet normal 7.724170e-01 -6.351158e-01 0.000000e+00
    outer loop
      vertex   -3.183202e+00 2.825564e+01 4.000000e+01
      vertex   -3.035004e+00 2.843588e+01 4.100000e+01
      vertex   -3.183202e+00 2.825564e+01 4.100000e+01
    endloop
  endfacet
  facet normal 7.330519e-01 -6.801727e-01 0.000000e+00
    outer loop
      vertex   -3.183202e+00 2.825564e+01 4.000000e+01
      vertex   -3.183202e+00 2.825564e+01 4.100000e+01
      vertex   -3.341914e+00 2.808459e+01 4.000000e+01
    endloop
  endfacet
  facet normal 7.330519e-01 -6.801727e-01 0.000000e+00
    outer loop
      vertex   -3.341914e+00 2.808459e+01 4.000000e+01
      vertex   -3.183202e+00 2.825564e+01 4.100000e+01
      vertex   -3.341914e+00 2.808459e+01 4.100000e+01
    endloop
  endfacet
  facet normal 6.910626e-01 -7.227949e-01 0.000000e+00
    outer loop
      vertex   -3.341914e+00 2.808459e+01 4.000000e+01
      vertex   -3.341914e+00 2.808459e+01 4.100000e+01
      vertex   -3.510572e+00 2.792334e+01 4.000000e+01
    endloop
  endfacet
  facet normal 6.910626e-01 -7.227949e-01 0.000000e+00
    outer loop
      vertex   -3.510572e+00 2.792334e+01 4.000000e+01
      vertex   -3.341914e+00 2.808459e+01 4.100000e+01
      vertex   -3.510572e+00 2.792334e+01 4.100000e+01
    endloop
  endfacet
  facet normal 6.465996e-01 -7.628296e-01 0.000000e+00
    outer loop
      vertex   -3.510572e+00 2.792334e+01 4.000000e+01
      vertex   -3.510572e+00 2.792334e+01 4.100000e+01
      vertex   -3.688571e+00 2.777246e+01 4.000000e+01
    endloop
  endfacet
  facet normal 6.465996e-01 -7.628296e-01 0.000000e+00
    outer loop
      vertex   -3.688571e+00 2.777246e+01 4.000000e+01
      vertex   -3.510572e+00 2.792334e+01 4.100000e+01
      vertex   -3.688571e+00 2.777246e+01 4.100000e+01
    endloop
  endfacet
  facet normal 5.998219e-01 -8.001335e-01 0.000000e+00
    outer loop
      vertex   -3.688571e+00 2.777246e+01 4.000000e+01
      vertex   -3.688571e+00 2.777246e+01 4.100000e+01
      vertex   -3.875275e+00 2.763250e+01 4.000000e+01
    endloop
  endfacet
  facet normal 5.998219e-01 -8.001335e-01 0.000000e+00
    outer loop
      vertex   -3.875275e+00 2.763250e+01 4.000000e+01
      vertex   -3.688571e+00 2.777246e+01 4.100000e+01
      vertex   -3.875275e+00 2.763250e+01 4.100000e+01
    endloop
  endfacet
  facet normal 5.508970e-01 -8.345733e-01 0.000000e+00
    outer loop
      vertex   -3.875275e+00 2.763250e+01 4.000000e+01
      vertex   -3.875275e+00 2.763250e+01 4.100000e+01
      vertex   -4.070014e+00 2.750395e+01 4.000000e+01
    endloop
  endfacet
  facet normal 5.508970e-01 -8.345733e-01 0.000000e+00
    outer loop
      vertex   -4.070014e+00 2.750395e+01 4.000000e+01
      vertex   -3.875275e+00 2.763250e+01 4.100000e+01
      vertex   -4.070014e+00 2.750395e+01 4.100000e+01
    endloop
  endfacet
  facet normal 5.000000e-01 -8.660254e-01 0.000000e+00
    outer loop
      vertex   -4.070014e+00 2.750395e+01 4.000000e+01
      vertex   -4.070014e+00 2.750395e+01 4.100000e+01
      vertex   -4.272093e+00 2.738728e+01 4.000000e+01
    endloop
  endfacet
  facet normal 5.000000e-01 -8.660254e-01 0.000000e+00
    outer loop
      vertex   -4.272093e+00 2.738728e+01 4.000000e+01
      vertex   -4.070014e+00 2.750395e+01 4.100000e+01
      vertex   -4.272093e+00 2.738728e+01 4.100000e+01
    endloop
  endfacet
  facet normal 4.473131e-01 -8.943774e-01 0.000000e+00
    outer loop
      vertex   -4.272093e+00 2.738728e+01 4.000000e+01
      vertex   -4.272093e+00 2.738728e+01 4.100000e+01
      vertex   -4.480788e+00 2.728290e+01 4.000000e+01
    endloop
  endfacet
  facet normal 4.473131e-01 -8.943774e-01 0.000000e+00
    outer loop
      vertex   -4.480788e+00 2.728290e+01 4.000000e+01
      vertex   -4.272093e+00 2.738728e+01 4.100000e+01
      vertex   -4.480788e+00 2.728290e+01 4.100000e+01
    endloop
  endfacet
  facet normal 3.930250e-01 -9.195278e-01 0.000000e+00
    outer loop
      vertex   -4.480788e+00 2.728290e+01 4.000000e+01
      vertex   -4.480788e+00 2.728290e+01 4.100000e+01
      vertex   -4.695351e+00 2.719120e+01 4.000000e+01
    endloop
  endfacet
  facet normal 3.930250e-01 -9.195278e-01 0.000000e+00
    outer loop
      vertex   -4.695351e+00 2.719120e+01 4.000000e+01
      vertex   -4.480788e+00 2.728290e+01 4.100000e+01
      vertex   -4.695351e+00 2.719120e+01 4.100000e+01
    endloop
  endfacet
  facet normal 3.373300e-01 -9.413865e-01 0.000000e+00
    outer loop
      vertex   -4.695351e+00 2.719120e+01 4.000000e+01
      vertex   -4.695351e+00 2.719120e+01 4.100000e+01
      vertex   -4.915015e+00 2.711248e+01 4.000000e+01
    endloop
  endfacet
  facet normal 3.373300e-01 -9.413865e-01 0.000000e+00
    outer loop
      vertex   -4.915015e+00 2.711248e+01 4.000000e+01
      vertex   -4.695351e+00 2.719120e+01 4.100000e+01
      vertex   -4.915015e+00 2.711248e+01 4.100000e+01
    endloop
  endfacet
  facet normal 2.804274e-01 -9.598752e-01 0.000000e+00
    outer loop
      vertex   -4.915015e+00 2.711248e+01 4.000000e+01
      vertex   -4.915015e+00 2.711248e+01 4.100000e+01
      vertex   -5.138993e+00 2.704705e+01 4.000000e+01
    endloop
  endfacet
  facet normal 2.804274e-01 -9.598752e-01 0.000000e+00
    outer loop
      vertex   -5.138993e+00 2.704705e+01 4.000000e+01
      vertex   -4.915015e+00 2.711248e+01 4.100000e+01
      vertex   -5.138993e+00 2.704705e+01 4.100000e+01
    endloop
  endfacet
  facet normal 2.225209e-01 -9.749279e-01 0.000000e+00
    outer loop
      vertex   -5.138993e+00 2.704705e+01 4.000000e+01
      vertex   -5.138993e+00 2.704705e+01 4.100000e+01
      vertex   -5.366483e+00 2.699512e+01 4.000000e+01
    endloop
  endfacet
  facet normal 2.225209e-01 -9.749279e-01 0.000000e+00
    outer loop
      vertex   -5.366483e+00 2.699512e+01 4.000000e+01
      vertex   -5.138993e+00 2.704705e+01 4.100000e+01
      vertex   -5.366483e+00 2.699512e+01 4.100000e+01
    endloop
  endfacet
  facet normal 1.638179e-01 -9.864906e-01 0.000000e+00
    outer loop
      vertex   -5.366483e+00 2.699512e+01 4.000000e+01
      vertex   -5.366483e+00 2.699512e+01 4.100000e+01
      vertex   -5.596671e+00 2.695690e+01 4.000000e+01
    endloop
  endfacet
  facet normal 1.638179e-01 -9.864906e-01 0.000000e+00
    outer loop
      vertex   -5.596671e+00 2.695690e+01 4.000000e+01
      vertex   -5.366483e+00 2.699512e+01 4.100000e+01
      vertex   -5.596671e+00 2.695690e+01 4.100000e+01
    endloop
  endfacet
  facet normal 1.045285e-01 -9.945219e-01 0.000000e+00
    outer loop
      vertex   -5.596671e+00 2.695690e+01 4.000000e+01
      vertex   -5.596671e+00 2.695690e+01 4.100000e+01
      vertex   -5.828734e+00 2.693251e+01 4.000000e+01
    endloop
  endfacet
  facet normal 1.045285e-01 -9.945219e-01 0.000000e+00
    outer loop
      vertex   -5.828734e+00 2.693251e+01 4.000000e+01
      vertex   -5.596671e+00 2.695690e+01 4.100000e+01
      vertex   -5.828734e+00 2.693251e+01 4.100000e+01
    endloop
  endfacet
  facet normal 4.486483e-02 -9.989931e-01 0.000000e+00
    outer loop
      vertex   -5.828734e+00 2.693251e+01 4.000000e+01
      vertex   -5.828734e+00 2.693251e+01 4.100000e+01
      vertex   -6.061839e+00 2.692204e+01 4.000000e+01
    endloop
  endfacet
  facet normal 4.486483e-02 -9.989931e-01 0.000000e+00
    outer loop
      vertex   -6.061839e+00 2.692204e+01 4.000000e+01
      vertex   -5.828734e+00 2.693251e+01 4.100000e+01
      vertex   -6.061839e+00 2.692204e+01 4.100000e+01
    endloop
  endfacet
  facet normal -1.495941e-02 -9.998881e-01 0.000000e+00
    outer loop
      vertex   -6.061839e+00 2.692204e+01 4.000000e+01
      vertex   -6.061839e+00 2.692204e+01 4.100000e+01
      vertex   -6.295154e+00 2.692553e+01 4.000000e+01
    endloop
  endfacet
  facet normal -1.495941e-02 -9.998881e-01 0.000000e+00
    outer loop
      vertex   -6.295154e+00 2.692553e+01 4.000000e+01
      vertex   -6.061839e+00 2.692204e+01 4.100000e+01
      vertex   -6.295154e+00 2.692553e+01 4.100000e+01
    endloop
  endfacet
  facet normal -7.473009e-02 -9.972038e-01 0.000000e+00
    outer loop
      vertex   -6.295154e+00 2.692553e+01 4.000000e+01
      vertex   -6.295154e+00 2.692553e+01 4.100000e+01
      vertex   -6.527842e+00 2.694297e+01 4.000000e+01
    endloop
  endfacet
  facet normal -7.473009e-02 -9.972038e-01 0.000000e+00
    outer loop
      vertex   -6.527842e+00 2.694297e+01 4.000000e+01
      vertex   -6.295154e+00 2.692553e+01 4.100000e+01
      vertex   -6.527842e+00 2.694297e+01 4.100000e+01
    endloop
  endfacet
  facet normal -1.342333e-01 -9.909498e-01 0.000000e+00
    outer loop
      vertex   -6.527842e+00 2.694297e+01 4.000000e+01
      vertex   -6.527842e+00 2.694297e+01 4.100000e+01
      vertex   -6.759071e+00 2.697429e+01 4.000000e+01
    endloop
  endfacet
  facet normal -1.342333e-01 -9.909498e-01 0.000000e+00
    outer loop
      vertex   -6.759071e+00 2.697429e+01 4.000000e+01
      vertex   -6.527842e+00 2.694297e+01 4.100000e+01
      vertex   -6.759071e+00 2.697429e+01 4.100000e+01
    endloop
  endfacet
  facet normal -1.932559e-01 -9.811484e-01 0.000000e+00
    outer loop
      vertex   -6.759071e+00 2.697429e+01 4.000000e+01
      vertex   -6.759071e+00 2.697429e+01 4.100000e+01
      vertex   -6.988013e+00 2.701938e+01 4.000000e+01
    endloop
  endfacet
  facet normal -1.932559e-01 -9.811484e-01 0.000000e+00
    outer loop
      vertex   -6.988013e+00 2.701938e+01 4.000000e+01
      vertex   -6.759071e+00 2.697429e+01 4.100000e+01
      vertex   -6.988013e+00 2.701938e+01 4.100000e+01
    endloop
  endfacet
  facet normal -2.515868e-01 -9.678347e-01 0.000000e+00
    outer loop
      vertex   -6.988013e+00 2.701938e+01 4.000000e+01
      vertex   -6.988013e+00 2.701938e+01 4.100000e+01
      vertex   -7.213848e+00 2.707809e+01 4.000000e+01
    endloop
  endfacet
  facet normal -2.515868e-01 -9.678347e-01 0.000000e+00
    outer loop
      vertex   -7.213848e+00 2.707809e+01 4.000000e+01
      vertex   -6.988013e+00 2.701938e+01 4.100000e+01
      vertex   -7.213848e+00 2.707809e+01 4.100000e+01
    endloop
  endfacet
  facet normal -3.090170e-01 -9.510565e-01 0.000000e+00
    outer loop
      vertex   -7.213848e+00 2.707809e+01 4.000000e+01
      vertex   -7.213848e+00 2.707809e+01 4.100000e+01
      vertex   -7.435768e+00 2.715020e+01 4.000000e+01
    endloop
  endfacet
  facet normal -3.090170e-01 -9.510565e-01 0.000000e+00
    outer loop
      vertex   -7.435768e+00 2.715020e+01 4.000000e+01
      vertex   -7.213848e+00 2.707809e+01 4.100000e+01
      vertex   -7.435768e+00 2.715020e+01 4.100000e+01
    endloop
  endfacet
  facet normal -3.653410e-01 -9.308737e-01 0.000000e+00
    outer loop
      vertex   -7.435768e+00 2.715020e+01 4.000000e+01
      vertex   -7.435768e+00 2.715020e+01 4.100000e+01
      vertex   -7.652979e+00 2.723545e+01 4.000000e+01
    endloop
  endfacet
  facet normal -3.653410e-01 -9.308737e-01 0.000000e+00
    outer loop
      vertex   -7.652979e+00 2.723545e+01 4.000000e+01
      vertex   -7.435768e+00 2.715020e+01 4.100000e+01
      vertex   -7.652979e+00 2.723545e+01 4.100000e+01
    endloop
  endfacet
  facet normal -4.203572e-01 -9.073587e-01 0.000000e+00
    outer loop
      vertex   -7.652979e+00 2.723545e+01 4.000000e+01
      vertex   -7.652979e+00 2.723545e+01 4.100000e+01
      vertex   -7.864702e+00 2.733353e+01 4.000000e+01
    endloop
  endfacet
  facet normal -4.203572e-01 -9.073587e-01 0.000000e+00
    outer loop
      vertex   -7.864702e+00 2.733353e+01 4.000000e+01
      vertex   -7.652979e+00 2.723545e+01 4.100000e+01
      vertex   -7.864702e+00 2.733353e+01 4.100000e+01
    endloop
  endfacet
  facet normal -4.738687e-01 -8.805955e-01 0.000000e+00
    outer loop
      vertex   -7.864702e+00 2.733353e+01 4.000000e+01
      vertex   -7.864702e+00 2.733353e+01 4.100000e+01
      vertex   -8.070181e+00 2.744410e+01 4.000000e+01
    endloop
  endfacet
  facet normal -4.738687e-01 -8.805955e-01 0.000000e+00
    outer loop
      vertex   -8.070181e+00 2.744410e+01 4.000000e+01
      vertex   -7.864702e+00 2.733353e+01 4.100000e+01
      vertex   -8.070181e+00 2.744410e+01 4.100000e+01
    endloop
  endfacet
  facet normal -5.256838e-01 -8.506801e-01 0.000000e+00
    outer loop
      vertex   -8.070181e+00 2.744410e+01 4.000000e+01
      vertex   -8.070181e+00 2.744410e+01 4.100000e+01
      vertex   -8.268679e+00 2.756677e+01 4.000000e+01
    endloop
  endfacet
  facet normal -5.256838e-01 -8.506801e-01 0.000000e+00
    outer loop
      vertex   -8.268679e+00 2.756677e+01 4.000000e+01
      vertex   -8.070181e+00 2.744410e+01 4.100000e+01
      vertex   -8.268679e+00 2.756677e+01 4.100000e+01
    endloop
  endfacet
  facet normal -5.756171e-01 -8.177194e-01 0.000000e+00
    outer loop
      vertex   -8.268679e+00 2.756677e+01 4.000000e+01
      vertex   -8.268679e+00 2.756677e+01 4.100000e+01
      vertex   -8.459487e+00 2.770108e+01 4.000000e+01
    endloop
  endfacet
  facet normal -5.756171e-01 -8.177194e-01 0.000000e+00
    outer loop
      vertex   -8.459487e+00 2.770108e+01 4.000000e+01
      vertex   -8.268679e+00 2.756677e+01 4.100000e+01
      vertex   -8.459487e+00 2.770108e+01 4.100000e+01
    endloop
  endfacet
  facet normal -6.234898e-01 -7.818315e-01 0.000000e+00
    outer loop
      vertex   -8.459487e+00 2.770108e+01 4.000000e+01
      vertex   -8.459487e+00 2.770108e+01 4.100000e+01
      vertex   -8.641920e+00 2.784657e+01 4.000000e+01
    endloop
  endfacet
  facet normal -6.234898e-01 -7.818315e-01 0.000000e+00
    outer loop
      vertex   -8.641920e+00 2.784657e+01 4.000000e+01
      vertex   -8.459487e+00 2.770108e+01 4.100000e+01
      vertex   -8.641920e+00 2.784657e+01 4.100000e+01
    endloop
  endfacet
  facet normal -6.691306e-01 -7.431448e-01 0.000000e+00
    outer loop
      vertex   -8.641920e+00 2.784657e+01 4.000000e+01
      vertex   -8.641920e+00 2.784657e+01 4.100000e+01
      vertex   -8.815325e+00 2.800270e+01 4.000000e+01
    endloop
  endfacet
  facet normal -6.691306e-01 -7.431448e-01 0.000000e+00
    outer loop
      vertex   -8.815325e+00 2.800270e+01 4.000000e+01
      vertex   -8.641920e+00 2.784657e+01 4.100000e+01
      vertex   -8.815325e+00 2.800270e+01 4.100000e+01
    endloop
  endfacet
  facet normal -7.123761e-01 -7.017979e-01 0.000000e+00
    outer loop
      vertex   -8.815325e+00 2.800270e+01 4.000000e+01
      vertex   -8.815325e+00 2.800270e+01 4.100000e+01
      vertex   -8.979083e+00 2.816893e+01 4.000000e+01
    endloop
  endfacet
  facet normal -7.123761e-01 -7.017979e-01 0.000000e+00
    outer loop
      vertex   -8.979083e+00 2.816893e+01 4.000000e+01
      vertex   -8.815325e+00 2.800270e+01 4.100000e+01
      vertex   -8.979083e+00 2.816893e+01 4.100000e+01
    endloop
  endfacet
  facet normal -7.530715e-01 -6.579387e-01 0.000000e+00
    outer loop
      vertex   -8.979083e+00 2.816893e+01 4.000000e+01
      vertex   -8.979083e+00 2.816893e+01 4.100000e+01
      vertex   -9.132607e+00 2.834465e+01 4.000000e+01
    endloop
  endfacet
  facet normal -7.530715e-01 -6.579387e-01 0.000000e+00
    outer loop
      vertex   -9.132607e+00 2.834465e+01 4.000000e+01
      vertex   -8.979083e+00 2.816893e+01 4.100000e+01
      vertex   -9.132607e+00 2.834465e+01 4.100000e+01
    endloop
  endfacet
  facet normal -7.910710e-01 -6.117243e-01 0.000000e+00
    outer loop
      vertex   -9.132607e+00 2.834465e+01 4.000000e+01
      vertex   -9.132607e+00 2.834465e+01 4.100000e+01
      vertex   -9.275347e+00 2.852924e+01 4.000000e+01
    endloop
  endfacet
  facet normal -7.910710e-01 -6.117243e-01 0.000000e+00
    outer loop
      vertex   -9.275347e+00 2.852924e+01 4.000000e+01
      vertex   -9.132607e+00 2.834465e+01 4.100000e+01
      vertex   -9.275347e+00 2.852924e+01 4.100000e+01
    endloop
  endfacet
  facet normal -8.262388e-01 -5.633201e-01 0.000000e+00
    outer loop
      vertex   -9.275347e+00 2.852924e+01 4.000000e+01
      vertex   -9.275347e+00 2.852924e+01 4.100000e+01
      vertex   -9.406793e+00 2.872204e+01 4.000000e+01
    endloop
  endfacet
  facet normal -8.262388e-01 -5.633201e-01 0.000000e+00
    outer loop
      vertex   -9.406793e+00 2.872204e+01 4.000000e+01
      vertex   -9.275347e+00 2.852924e+01 4.100000e+01
      vertex   -9.406793e+00 2.872204e+01 4.100000e+01
    endloop
  endfacet
  facet normal -8.584488e-01 -5.128993e-01 0.000000e+00
    outer loop
      vertex   -9.406793e+00 2.872204e+01 4.000000e+01
      vertex   -9.406793e+00 2.872204e+01 4.100000e+01
      vertex   -9.526473e+00 2.892235e+01 4.000000e+01
    endloop
  endfacet
  facet normal -8.584488e-01 -5.128993e-01 0.000000e+00
    outer loop
      vertex   -9.526473e+00 2.892235e+01 4.000000e+01
      vertex   -9.406793e+00 2.872204e+01 4.100000e+01
      vertex   -9.526473e+00 2.892235e+01 4.100000e+01
    endloop
  endfacet
  facet normal -8.875858e-01 -4.606425e-01 0.000000e+00
    outer loop
      vertex   -9.526473e+00 2.892235e+01 4.000000e+01
      vertex   -9.526473e+00 2.892235e+01 4.100000e+01
      vertex   -9.633960e+00 2.912946e+01 4.000000e+01
    endloop
  endfacet
  facet normal -8.875858e-01 -4.606425e-01 0.000000e+00
    outer loop
      vertex   -9.633960e+00 2.912946e+01 4.000000e+01
      vertex   -9.526473e+00 2.892235e+01 4.100000e+01
      vertex   -9.633960e+00 2.912946e+01 4.100000e+01
    endloop
  endfacet
  facet normal -9.135455e-01 -4.067366e-01 0.000000e+00
    outer loop
      vertex   -9.633960e+00 2.912946e+01 4.000000e+01
      vertex   -9.633960e+00 2.912946e+01 4.100000e+01
      vertex   -9.728868e+00 2.934262e+01 4.000000e+01
    endloop
  endfacet
  facet normal -9.135455e-01 -4.067366e-01 0.000000e+00
    outer loop
      vertex   -9.728868e+00 2.934262e+01 4.000000e+01
      vertex   -9.633960e+00 2.912946e+01 4.100000e+01
      vertex   -9.728868e+00 2.934262e+01 4.100000e+01
    endloop
  endfacet
  facet normal -9.362349e-01 -3.513748e-01 0.000000e+00
    outer loop
      vertex   -9.728868e+00 2.934262e+01 4.000000e+01
      vertex   -9.728868e+00 2.934262e+01 4.100000e+01
      vertex   -9.810858e+00 2.956109e+01 4.000000e+01
    endloop
  endfacet
  facet normal -9.362349e-01 -3.513748e-01 0.000000e+00
    outer loop
      vertex   -9.810858e+00 2.956109e+01 4.000000e+01
      vertex   -9.728868e+00 2.934262e+01 4.100000e+01
      vertex   -9.810858e+00 2.956109e+01 4.100000e+01
    endloop
  endfacet
  facet normal -9.555728e-01 -2.947552e-01 0.000000e+00
    outer loop
      vertex   -9.810858e+00 2.956109e+01 4.000000e+01
      vertex   -9.810858e+00 2.956109e+01 4.100000e+01
      vertex   -9.879636e+00 2.978406e+01 4.000000e+01
    endloop
  endfacet
  facet normal -9.555728e-01 -2.947552e-01 0.000000e+00
    outer loop
      vertex   -9.879636e+00 2.978406e+01 4.000000e+01
      vertex   -9.810858e+00 2.956109e+01 4.100000e+01
      vertex   -9.879636e+00 2.978406e+01 4.100000e+01
    endloop
  endfacet
  facet normal -9.714900e-01 -2.370804e-01 0.000000e+00
    outer loop
      vertex   -9.879636e+00 2.978406e+01 4.000000e+01
      vertex   -9.879636e+00 2.978406e+01 4.100000e+01
      vertex   -9.934957e+00 3.001075e+01 4.000000e+01
    endloop
  endfacet
  facet normal -9.714900e-01 -2.370804e-01 0.000000e+00
    outer loop
      vertex   -9.934957e+00 3.001075e+01 4.000000e+01
      vertex   -9.879636e+00 2.978406e+01 4.100000e+01
      vertex   -9.934957e+00 3.001075e+01 4.100000e+01
    endloop
  endfacet
  facet normal -9.839296e-01 -1.785569e-01 0.000000e+00
    outer loop
      vertex   -9.934957e+00 3.001075e+01 4.000000e+01
      vertex   -9.934957e+00 3.001075e+01 4.100000e+01
      vertex   -9.976621e+00 3.024034e+01 4.000000e+01
    endloop
  endfacet
  facet normal -9.839296e-01 -1.785569e-01 0.000000e+00
    outer loop
      vertex   -9.976621e+00 3.024034e+01 4.000000e+01
      vertex   -9.934957e+00 3.001075e+01 4.100000e+01
      vertex   -9.976621e+00 3.024034e+01 4.100000e+01
    endloop
  endfacet
  facet normal -9.928469e-01 -1.193942e-01 0.000000e+00
    outer loop
      vertex   -9.976621e+00 3.024034e+01 4.000000e+01
      vertex   -9.976621e+00 3.024034e+01 4.100000e+01
      vertex   -1.000448e+01 3.047201e+01 4.000000e+01
    endloop
  endfacet
  facet normal -9.928469e-01 -1.193942e-01 0.000000e+00
    outer loop
      vertex   -1.000448e+01 3.047201e+01 4.000000e+01
      vertex   -9.976621e+00 3.024034e+01 4.100000e+01
      vertex   -1.000448e+01 3.047201e+01 4.100000e+01
    endloop
  endfacet
  facet normal -9.982101e-01 -5.980415e-02 0.000000e+00
    outer loop
      vertex   -1.000448e+01 3.047201e+01 4.000000e+01
      vertex   -1.000448e+01 3.047201e+01 4.100000e+01
      vertex   -1.001844e+01 3.070493e+01 4.000000e+01
    endloop
  endfacet
  facet normal -9.982101e-01 -5.980415e-02 0.000000e+00
    outer loop
      vertex   -1.001844e+01 3.070493e+01 4.000000e+01
      vertex   -1.000448e+01 3.047201e+01 4.100000e+01
      vertex   -1.001844e+01 3.070493e+01 4.100000e+01
    endloop
  endfacet
  facet normal -1.000000e+00 0.000000e+00 0.000000e+00
    outer loop
      vertex   -1.001844e+01 3.070493e+01 4.000000e+01
      vertex   -1.001844e+01 3.070493e+01 4.100000e+01
      vertex   -1.001844e+01 3.093827e+01 4.000000e+01
    endloop
  endfacet
  facet normal -1.000000e+00 0.000000e+00 0.000000e+00
    outer loop
      vertex   -1.001844e+01 3.093827e+01 4.000000e+01
      vertex   -1.001844e+01 3.070493e+01 4.100000e+01
      vertex   -1.001844e+01 3.093827e+01 4.100000e+01
    endloop
  endfacet
  facet normal -9.982101e-01 5.980415e-02 0.000000e+00
    outer loop
      vertex   -1.001844e+01 3.093827e+01 4.000000e+01
      vertex   -1.001844e+01 3.093827e+01 4.100000e+01
      vertex   -1.000448e+01 3.117120e+01 4.000000e+01
    endloop
  endfacet
  facet normal -9.982101e-01 5.980415e-02 0.000000e+00
    outer loop
      vertex   -1.000448e+01 3.117120e+01 4.000000e+01
      vertex   -1.001844e+01 3.093827e+01 4.100000e+01
      vertex   -1.000448e+01 3.117120e+01 4.100000e+01
    endloop
  endfacet
  facet normal -9.928469e-01 1.193942e-01 0.000000e+00
    outer loop
      vertex   -1.000448e+01 3.117120e+01 4.000000e+01
      vertex   -1.000448e+01 3.117120e+01 4.100000e+01
      vertex   -9.976621e+00 3.140287e+01 4.000000e+01
    endloop
  endfacet
  facet normal -9.928469e-01 1.193942e-01 0.000000e+00
    outer loop
      vertex   -9.976621e+00 3.140287e+01 4.000000e+01
      vertex   -1.000448e+01 3.117120e+01 4.100000e+01
      vertex   -9.976621e+00 3.140287e+01 4.100000e+01
    endloop
  endfacet
  facet normal -9.839296e-01 1.785569e-01 0.000000e+00
    outer loop
      vertex   -9.976621e+00 3.140287e+01 4.000000e+01
      vertex   -9.976621e+00 3.140287e+01 4.100000e+01
      vertex   -9.934957e+00 3.163246e+01 4.000000e+01
    endloop
  endfacet
  facet normal -9.839296e-01 1.785569e-01 0.000000e+00
    outer loop
      vertex   -9.934957e+00 3.163246e+01 4.000000e+01
      vertex   -9.976621e+00 3.140287e+01 4.100000e+01
      vertex   -9.934957e+00 3.163246e+01 4.100000e+01
    endloop
  endfacet
  facet normal -9.714900e-01 2.370804e-01 0.000000e+00
    outer loop
      vertex   -9.934957e+00 3.163246e+01 4.000000e+01
      vertex   -9.934957e+00 3.163246e+01 4.100000e+01
      vertex   -9.879636e+00 3.185915e+01 4.000000e+01
    endloop
  endfacet
  facet normal -9.714900e-01 2.370804e-01 0.000000e+00
    outer loop
      vertex   -9.879636e+00 3.185915e+01 4.000000e+01
      vertex   -9.934957e+00 3.163246e+01 4.100000e+01
      vertex   -9.879636e+00 3.185915e+01 4.100000e+01
    endloop
  endfacet
  facet normal -9.555728e-01 2.947552e-01 0.000000e+00
    outer loop
      vertex   -9.879636e+00 3.185915e+01 4.000000e+01
      vertex   -9.879636e+00 3.185915e+01 4.100000e+01
      vertex   -9.810858e+00 3.208212e+01 4.000000e+01
    endloop
  endfacet
  facet normal -9.555728e-01 2.947552e-01 0.000000e+00
    outer loop
      vertex   -9.810858e+00 3.208212e+01 4.000000e+01
      vertex   -9.879636e+00 3.185915e+01 4.100000e+01
      vertex   -9.810858e+00 3.208212e+01 4.100000e+01
    endloop
  endfacet
  facet normal -9.362349e-01 3.513748e-01 0.000000e+00
    outer loop
      vertex   -9.810858e+00 3.208212e+01 4.000000e+01
      vertex   -9.810858e+00 3.208212e+01 4.100000e+01
      vertex   -9.728868e+00 3.230058e+01 4.000000e+01
    endloop
  endfacet
  facet normal -9.362349e-01 3.513748e-01 0.000000e+00
    outer loop
      vertex   -9.728868e+00 3.230058e+01 4.000000e+01
      vertex   -9.810858e+00 3.208212e+01 4.100000e+01
      vertex   -9.728868e+00 3.230058e+01 4.100000e+01
    endloop
  endfacet
  facet normal -9.135455e-01 4.067366e-01 0.000000e+00
    outer loop
      vertex   -9.728868e+00 3.230058e+01 4.000000e+01
      vertex   -9.728868e+00 3.230058e+01 4.100000e+01
      vertex   -9.633960e+00 3.251375e+01 4.000000e+01
    endloop
  endfacet
  facet normal -9.135455e-01 4.067366e-01 0.000000e+00
    outer loop
      vertex   -9.633960e+00 3.251375e+01 4.000000e+01
      vertex   -9.728868e+00 3.230058e+01 4.100000e+01
      vertex   -9.633960e+00 3.251375e+01 4.100000e+01
    endloop
  endfacet
  facet normal -8.875858e-01 4.606425e-01 0.000000e+00
    outer loop
      vertex   -9.633960e+00 3.251375e+01 4.000000e+01
      vertex   -9.633960e+00 3.251375e+01 4.100000e+01
      vertex   -9.526473e+00 3.272086e+01 4.000000e+01
    endloop
  endfacet
  facet normal -8.875858e-01 4.606425e-01 0.000000e+00
    outer loop
      vertex   -9.526473e+00 3.272086e+01 4.000000e+01
      vertex   -9.633960e+00 3.251375e+01 4.100000e+01
      vertex   -9.526473e+00 3.272086e+01 4.100000e+01
    endloop
  endfacet
  facet normal -8.584488e-01 5.128993e-01 0.000000e+00
    outer loop
      vertex   -9.526473e+00 3.272086e+01 4.000000e+01
      vertex   -9.526473e+00 3.272086e+01 4.100000e+01
      vertex   -9.406793e+00 3.292117e+01 4.000000e+01
    endloop
  endfacet
  facet normal -8.584488e-01 5.128993e-01 0.000000e+00
    outer loop
      vertex   -9.406793e+00 3.292117e+01 4.000000e+01
      vertex   -9.526473e+00 3.272086e+01 4.100000e+01
      vertex   -9.406793e+00 3.292117e+01 4.100000e+01
    endloop
  endfacet
  facet normal -8.262388e-01 5.633201e-01 0.000000e+00
    outer loop
      vertex   -9.406793e+00 3.292117e+01 4.000000e+01
      vertex   -9.406793e+00 3.292117e+01 4.100000e+01
      vertex   -9.275347e+00 3.311397e+01 4.000000e+01
    endloop
  endfacet
  facet normal -8.262388e-01 5.633201e-01 0.000000e+00
    outer loop
      vertex   -9.275347e+00 3.311397e+01 4.000000e+01
      vertex   -9.406793e+00 3.292117e+01 4.100000e+01
      vertex   -9.275347e+00 3.311397e+01 4.100000e+01
    endloop
  endfacet
  facet normal -7.910710e-01 6.117243e-01 0.000000e+00
    outer loop
      vertex   -9.275347e+00 3.311397e+01 4.000000e+01
      vertex   -9.275347e+00 3.311397e+01 4.100000e+01
      vertex   -9.132607e+00 3.329856e+01 4.000000e+01
    endloop
  endfacet
  facet normal -7.910710e-01 6.117243e-01 0.000000e+00
    outer loop
      vertex   -9.132607e+00 3.329856e+01 4.000000e+01
      vertex   -9.275347e+00 3.311397e+01 4.100000e+01
      vertex   -9.132607e+00 3.329856e+01 4.100000e+01
    endloop
  endfacet
  facet normal -7.530715e-01 6.579387e-01 0.000000e+00
    outer loop
      vertex   -9.132607e+00 3.329856e+01 4.000000e+01
      vertex   -9.132607e+00 3.329856e+01 4.100000e+01
      vertex   -8.979083e+00 3.347428e+01 4.000000e+01
    endloop
  endfacet
  facet normal -7.530715e-01 6.579387e-01 0.000000e+00
    outer loop
      vertex   -8.979083e+00 3.347428e+01 4.000000e+01
      vertex   -9.132607e+00 3.329856e+01 4.100000e+01
      vertex   -8.979083e+00 3.347428e+01 4.100000e+01
    endloop
  endfacet
  facet normal -7.123761e-01 7.017979e-01 0.000000e+00
    outer loop
      vertex   -8.979083e+00 3.347428e+01 4.000000e+01
      vertex   -8.979083e+00 3.347428e+01 4.100000e+01
      vertex   -8.815325e+00 3.364050e+01 4.000000e+01
    endloop
  endfacet
  facet normal -7.123761e-01 7.017979e-01 0.000000e+00
    outer loop
      vertex   -8.815325e+00 3.364050e+01 4.000000e+01
      vertex   -8.979083e+00 3.347428e+01 4.100000e+01
      vertex   -8.815325e+00 3.364050e+01 4.100000e+01
    endloop
  endfacet
  facet normal -6.691306e-01 7.431448e-01 0.000000e+00
    outer loop
      vertex   -8.815325e+00 3.364050e+01 4.000000e+01
      vertex   -8.815325e+00 3.364050e+01 4.100000e+01
      vertex   -8.641920e+00 3.379664e+01 4.000000e+01
    endloop
  endfacet
  facet normal -6.691306e-01 7.431448e-01 0.000000e+00
    outer loop
      vertex   -8.641920e+00 3.379664e+01 4.000000e+01
      vertex   -8.815325e+00 3.364050e+01 4.100000e+01
      vertex   -8.641920e+00 3.379664e+01 4.100000e+01
    endloop
  endfacet
  facet normal -6.234898e-01 7.818315e-01 0.000000e+00
    outer loop
      vertex   -8.641920e+00 3.379664e+01 4.000000e+01
      vertex   -8.641920e+00 3.379664e+01 4.100000e+01
      vertex   -8.459487e+00 3.394212e+01 4.000000e+01
    endloop
  endfacet
  facet normal -6.234898e-01 7.818315e-01 0.000000e+00
    outer loop
      vertex   -8.459487e+00 3.394212e+01 4.000000e+01
      vertex   -8.641920e+00 3.379664e+01 4.100000e+01
      vertex   -8.459487e+00 3.394212e+01 4.100000e+01
    endloop
  endfacet
  facet normal -5.756171e-01 8.177194e-01 0.000000e+00
    outer loop
      vertex   -8.459487e+00 3.394212e+01 4.000000e+01
      vertex   -8.459487e+00 3.394212e+01 4.100000e+01
      vertex   -8.268679e+00 3.407644e+01 4.000000e+01
    endloop
  endfacet
  facet normal -5.756171e-01 8.177194e-01 0.000000e+00
    outer loop
      vertex   -8.268679e+00 3.407644e+01 4.000000e+01
      vertex   -8.459487e+00 3.394212e+01 4.100000e+01
      vertex   -8.268679e+00 3.407644e+01 4.100000e+01
    endloop
  endfacet
  facet normal -5.256838e-01 8.506801e-01 0.000000e+00
    outer loop
      vertex   -8.268679e+00 3.407644e+01 4.000000e+01
      vertex   -8.268679e+00 3.407644e+01 4.100000e+01
      vertex   -8.070181e+00 3.419910e+01 4.000000e+01
    endloop
  endfacet
  facet normal -5.256838e-01 8.506801e-01 0.000000e+00
    outer loop
      vertex   -8.070181e+00 3.419910e+01 4.000000e+01
      vertex   -8.268679e+00 3.407644e+01 4.100000e+01
      vertex   -8.070181e+00 3.419910e+01 4.100000e+01
    endloop
  endfacet
  facet normal -4.738687e-01 8.805955e-01 0.000000e+00
    outer loop
      vertex   -8.070181e+00 3.419910e+01 4.000000e+01
      vertex   -8.070181e+00 3.419910e+01 4.100000e+01
      vertex   -7.864702e+00 3.430968e+01 4.000000e+01
    endloop
  endfacet
  facet normal -4.738687e-01 8.805955e-01 0.000000e+00
    outer loop
      vertex   -7.864702e+00 3.430968e+01 4.000000e+01
      vertex   -8.070181e+00 3.419910e+01 4.100000e+01
      vertex   -7.864702e+00 3.430968e+01 4.100000e+01
    endloop
  endfacet
  facet normal -4.203572e-01 9.073587e-01 0.000000e+00
    outer loop
      vertex   -7.864702e+00 3.430968e+01 4.000000e+01
      vertex   -7.864702e+00 3.430968e+01 4.100000e+01
      vertex   -7.652979e+00 3.440776e+01 4.000000e+01
    endloop
  endfacet
  facet normal -4.203572e-01 9.073587e-01 0.000000e+00
    outer loop
      vertex   -7.652979e+00 3.440776e+01 4.000000e+01
      vertex   -7.864702e+00 3.430968e+01 4.100000e+01
      vertex   -7.652979e+00 3.440776e+01 4.100000e+01
    endloop
  endfacet
  facet normal -3.653410e-01 9.308737e-01 0.000000e+00
    outer loop
      vertex   -7.652979e+00 3.440776e+01 4.000000e+01
      vertex   -7.652979e+00 3.440776e+01 4.100000e+01
      vertex   -7.435768e+00 3.449301e+01 4.000000e+01
    endloop
  endfacet
  facet normal -3.653410e-01 9.308737e-01 0.000000e+00
    outer loop
      vertex   -7.435768e+00 3.449301e+01 4.000000e+01
      vertex   -7.652979e+00 3.440776e+01 4.100000e+01
      vertex   -7.435768e+00 3.449301e+01 4.100000e+01
    endloop
  endfacet
  facet normal -3.090170e-01 9.510565e-01 0.000000e+00
    outer loop
      vertex   -7.435768e+00 3.449301e+01 4.000000e+01
      vertex   -7.435768e+00 3.449301e+01 4.100000e+01
      vertex   -7.213848e+00 3.456512e+01 4.000000e+01
    endloop
  endfacet
  facet normal -3.090170e-01 9.510565e-01 0.000000e+00
    outer loop
      vertex   -7.213848e+00 3.456512e+01 4.000000e+01
      vertex   -7.435768e+00 3.449301e+01 4.100000e+01
      vertex   -7.213848e+00 3.456512e+01 4.100000e+01
    endloop
  endfacet
  facet normal -2.515868e-01 9.678347e-01 0.000000e+00
    outer loop
      vertex   -7.213848e+00 3.456512e+01 4.000000e+01
      vertex   -7.213848e+00 3.456512e+01 4.100000e+01
      vertex   -6.988013e+00 3.462382e+01 4.000000e+01
    endloop
  endfacet
  facet normal -2.515868e-01 9.678347e-01 0.000000e+00
    outer loop
      vertex   -6.988013e+00 3.462382e+01 4.000000e+01
      vertex   -7.213848e+00 3.456512e+01 4.100000e+01
      vertex   -6.988013e+00 3.462382e+01 4.100000e+01
    endloop
  endfacet
  facet normal -1.932559e-01 9.811484e-01 0.000000e+00
    outer loop
      vertex   -6.988013e+00 3.462382e+01 4.000000e+01
      vertex   -6.988013e+00 3.462382e+01 4.100000e+01
      vertex   -6.759071e+00 3.466892e+01 4.000000e+01
    endloop
  endfacet
  facet normal -1.932559e-01 9.811484e-01 0.000000e+00
    outer loop
      vertex   -6.759071e+00 3.466892e+01 4.000000e+01
      vertex   -6.988013e+00 3.462382e+01 4.100000e+01
      vertex   -6.759071e+00 3.466892e+01 4.100000e+01
    endloop
  endfacet
  facet normal -1.342333e-01 9.909498e-01 0.000000e+00
    outer loop
      vertex   -6.759071e+00 3.466892e+01 4.000000e+01
      vertex   -6.759071e+00 3.466892e+01 4.100000e+01
      vertex   -6.527842e+00 3.470024e+01 4.000000e+01
    endloop
  endfacet
  facet normal -1.342333e-01 9.909498e-01 0.000000e+00
    outer loop
      vertex   -6.527842e+00 3.470024e+01 4.000000e+01
      vertex   -6.759071e+00 3.466892e+01 4.100000e+01
      vertex   -6.527842e+00 3.470024e+01 4.100000e+01
    endloop
  endfacet
  facet normal -7.473009e-02 9.972038e-01 0.000000e+00
    outer loop
      vertex   -6.527842e+00 3.470024e+01 4.000000e+01
      vertex   -6.527842e+00 3.470024e+01 4.100000e+01
      vertex   -6.295154e+00 3.471768e+01 4.000000e+01
    endloop
  endfacet
  facet normal -7.473009e-02 9.972038e-01 0.000000e+00
    outer loop
      vertex   -6.295154e+00 3.471768e+01 4.000000e+01
      vertex   -6.527842e+00 3.470024e+01 4.100000e+01
      vertex   -6.295154e+00 3.471768e+01 4.100000e+01
    endloop
  endfacet
  facet normal -1.495941e-02 9.998881e-01 0.000000e+00
    outer loop
      vertex   -6.295154e+00 3.471768e+01 4.000000e+01
      vertex   -6.295154e+00 3.471768e+01 4.100000e+01
      vertex   -6.061839e+00 3.472117e+01 4.000000e+01
    endloop
  endfacet
  facet normal -1.495941e-02 9.998881e-01 0.000000e+00
    outer loop
      vertex   -6.061839e+00 3.472117e+01 4.000000e+01
      vertex   -6.295154e+00 3.471768e+01 4.100000e+01
      vertex   -6.061839e+00 3.472117e+01 4.100000e+01
    endloop
  endfacet
  facet normal 4.486483e-02 9.989931e-01 -0.000000e+00
    outer loop
      vertex   -6.061839e+00 3.472117e+01 4.000000e+01
      vertex   -6.061839e+00 3.472117e+01 4.100000e+01
      vertex   -5.828734e+00 3.471070e+01 4.000000e+01
    endloop
  endfacet
  facet normal 4.486483e-02 9.989931e-01 -0.000000e+00
    outer loop
      vertex   -5.828734e+00 3.471070e+01 4.000000e+01
      vertex   -6.061839e+00 3.472117e+01 4.100000e+01
      vertex   -5.828734e+00 3.471070e+01 4.100000e+01
    endloop
  endfacet
  facet normal 1.045285e-01 9.945219e-01 -0.000000e+00
    outer loop
      vertex   -5.828734e+00 3.471070e+01 4.000000e+01
      vertex   -5.828734e+00 3.471070e+01 4.100000e+01
      vertex   -5.596671e+00 3.468631e+01 4.000000e+01
    endloop
  endfacet
  facet normal 1.045285e-01 9.945219e-01 -0.000000e+00
    outer loop
      vertex   -5.596671e+00 3.468631e+01 4.000000e+01
      vertex   -5.828734e+00 3.471070e+01 4.100000e+01
      vertex   -5.596671e+00 3.468631e+01 4.100000e+01
    endloop
  endfacet
  facet normal 1.638179e-01 9.864906e-01 -0.000000e+00
    outer loop
      vertex   -5.596671e+00 3.468631e+01 4.000000e+01
      vertex   -5.596671e+00 3.468631e+01 4.100000e+01
      vertex   -5.366483e+00 3.464808e+01 4.000000e+01
    endloop
  endfacet
  facet normal 1.638179e-01 9.864906e-01 -0.000000e+00
    outer loop
      vertex   -5.366483e+00 3.464808e+01 4.000000e+01
      vertex   -5.596671e+00 3.468631e+01 4.100000e+01
      vertex   -5.366483e+00 3.464808e+01 4.100000e+01
    endloop
  endfacet
  facet normal 2.225209e-01 9.749279e-01 -0.000000e+00
    outer loop
      vertex   -5.366483e+00 3.464808e+01 4.000000e+01
      vertex   -5.366483e+00 3.464808e+01 4.100000e+01
      vertex   -5.138993e+00 3.459616e+01 4.000000e+01
    endloop
  endfacet
  facet normal 2.225209e-01 9.749279e-01 -0.000000e+00
    outer loop
      vertex   -5.138993e+00 3.459616e+01 4.000000e+01
      vertex   -5.366483e+00 3.464808e+01 4.100000e+01
      vertex   -5.138993e+00 3.459616e+01 4.100000e+01
    endloop
  endfacet
  facet normal 2.804274e-01 9.598752e-01 -0.000000e+00
    outer loop
      vertex   -5.138993e+00 3.459616e+01 4.000000e+01
      vertex   -5.138993e+00 3.459616e+01 4.100000e+01
      vertex   -4.915015e+00 3.453072e+01 4.000000e+01
    endloop
  endfacet
  facet normal 2.804274e-01 9.598752e-01 -0.000000e+00
    outer loop
      vertex   -4.915015e+00 3.453072e+01 4.000000e+01
      vertex   -5.138993e+00 3.459616e+01 4.100000e+01
      vertex   -4.915015e+00 3.453072e+01 4.100000e+01
    endloop
  endfacet
  facet normal 3.373300e-01 9.413865e-01 -0.000000e+00
    outer loop
      vertex   -4.915015e+00 3.453072e+01 4.000000e+01
      vertex   -4.915015e+00 3.453072e+01 4.100000e+01
      vertex   -4.695351e+00 3.445201e+01 4.000000e+01
    endloop
  endfacet
  facet normal 3.373300e-01 9.413865e-01 -0.000000e+00
    outer loop
      vertex   -4.695351e+00 3.445201e+01 4.000000e+01
      vertex   -4.915015e+00 3.453072e+01 4.100000e+01
      vertex   -4.695351e+00 3.445201e+01 4.100000e+01
    endloop
  endfacet
  facet normal 3.930250e-01 9.195278e-01 -0.000000e+00
    outer loop
      vertex   -4.695351e+00 3.445201e+01 4.000000e+01
      vertex   -4.695351e+00 3.445201e+01 4.100000e+01
      vertex   -4.480788e+00 3.436030e+01 4.000000e+01
    endloop
  endfacet
  facet normal 3.930250e-01 9.195278e-01 -0.000000e+00
    outer loop
      vertex   -4.480788e+00 3.436030e+01 4.000000e+01
      vertex   -4.695351e+00 3.445201e+01 4.100000e+01
      vertex   -4.480788e+00 3.436030e+01 4.100000e+01
    endloop
  endfacet
  facet normal 4.473131e-01 8.943774e-01 -0.000000e+00
    outer loop
      vertex   -4.480788e+00 3.436030e+01 4.000000e+01
      vertex   -4.480788e+00 3.436030e+01 4.100000e+01
      vertex   -4.272093e+00 3.425593e+01 4.000000e+01
    endloop
  endfacet
  facet normal 4.473131e-01 8.943774e-01 -0.000000e+00
    outer loop
      vertex   -4.272093e+00 3.425593e+01 4.000000e+01
      vertex   -4.480788e+00 3.436030e+01 4.100000e+01
      vertex   -4.272093e+00 3.425593e+01 4.100000e+01
    endloop
  endfacet
  facet normal 5.000000e-01 8.660254e-01 -0.000000e+00
    outer loop
      vertex   -4.272093e+00 3.425593e+01 4.000000e+01
      vertex   -4.272093e+00 3.425593e+01 4.100000e+01
      vertex   -4.070014e+00 3.413926e+01 4.000000e+01
    endloop
  endfacet
  facet normal 5.000000e-01 8.660254e-01 -0.000000e+00
    outer loop
      vertex   -4.070014e+00 3.413926e+01 4.000000e+01
      vertex   -4.272093e+00 3.425593e+01 4.100000e+01
      vertex   -4.070014e+00 3.413926e+01 4.100000e+01
    endloop
  endfacet
  facet normal 5.508970e-01 8.345733e-01 -0.000000e+00
    outer loop
      vertex   -4.070014e+00 3.413926e+01 4.000000e+01
      vertex   -4.070014e+00 3.413926e+01 4.100000e+01
      vertex   -3.875275e+00 3.401071e+01 4.000000e+01
    endloop
  endfacet
  facet normal 5.508970e-01 8.345733e-01 -0.000000e+00
    outer loop
      vertex   -3.875275e+00 3.401071e+01 4.000000e+01
      vertex   -4.070014e+00 3.413926e+01 4.100000e+01
      vertex   -3.875275e+00 3.401071e+01 4.100000e+01
    endloop
  endfacet
  facet normal 5.998219e-01 8.001335e-01 -0.000000e+00
    outer loop
      vertex   -3.875275e+00 3.401071e+01 4.000000e+01
      vertex   -3.875275e+00 3.401071e+01 4.100000e+01
      vertex   -3.688571e+00 3.387075e+01 4.000000e+01
    endloop
  endfacet
  facet normal 5.998219e-01 8.001335e-01 -0.000000e+00
    outer loop
      vertex   -3.688571e+00 3.387075e+01 4.000000e+01
      vertex   -3.875275e+00 3.401071e+01 4.100000e+01
      vertex   -3.688571e+00 3.387075e+01 4.100000e+01
    endloop
  endfacet
  facet normal 6.465996e-01 7.628296e-01 -0.000000e+00
    outer loop
      vertex   -3.688571e+00 3.387075e+01 4.000000e+01
      vertex   -3.688571e+00 3.387075e+01 4.100000e+01
      vertex   -3.510572e+00 3.371987e+01 4.000000e+01
    endloop
  endfacet
  facet normal 6.465996e-01 7.628296e-01 -0.000000e+00
    outer loop
      vertex   -3.510572e+00 3.371987e+01 4.000000e+01
      vertex   -3.688571e+00 3.387075e+01 4.100000e+01
      vertex   -3.510572e+00 3.371987e+01 4.100000e+01
    endloop
  endfacet
  facet normal 6.910626e-01 7.227949e-01 -0.000000e+00
    outer loop
      vertex   -3.510572e+00 3.371987e+01 4.000000e+01
      vertex   -3.510572e+00 3.371987e+01 4.100000e+01
      vertex   -3.341914e+00 3.355862e+01 4.000000e+01
    endloop
  endfacet
  facet normal 6.910626e-01 7.227949e-01 -0.000000e+00
    outer loop
      vertex   -3.341914e+00 3.355862e+01 4.000000e+01
      vertex   -3.510572e+00 3.371987e+01 4.100000e+01
      vertex   -3.341914e+00 3.355862e+01 4.100000e+01
    endloop
  endfacet
  facet normal 7.330519e-01 6.801727e-01 -0.000000e+00
    outer loop
      vertex   -3.341914e+00 3.355862e+01 4.000000e+01
      vertex   -3.341914e+00 3.355862e+01 4.100000e+01
      vertex   -3.183202e+00 3.338756e+01 4.000000e+01
    endloop
  endfacet
  facet normal 7.330519e-01 6.801727e-01 -0.000000e+00
    outer loop
      vertex   -3.183202e+00 3.338756e+01 4.000000e+01
      vertex   -3.341914e+00 3.355862e+01 4.100000e+01
      vertex   -3.183202e+00 3.338756e+01 4.100000e+01
    endloop
  endfacet
  facet normal 7.724170e-01 6.351158e-01 -0.000000e+00
    outer loop
      vertex   -3.183202e+00 3.338756e+01 4.000000e+01
      vertex   -3.183202e+00 3.338756e+01 4.100000e+01
      vertex   -3.035004e+00 3.320733e+01 4.000000e+01
    endloop
  endfacet
  facet normal 7.724170e-01 6.351158e-01 -0.000000e+00
    outer loop
      vertex   -3.035004e+00 3.320733e+01 4.000000e+01
      vertex   -3.183202e+00 3.338756e+01 4.100000e+01
      vertex   -3.035004e+00 3.320733e+01 4.100000e+01
    endloop
  endfacet
  facet normal 8.090170e-01 5.877853e-01 -0.000000e+00
    outer loop
      vertex   -3.035004e+00 3.320733e+01 4.000000e+01
      vertex   -3.035004e+00 3.320733e+01 4.100000e+01
      vertex   -2.897850e+00 3.301855e+01 4.000000e+01
    endloop
  endfacet
  facet normal 8.090170e-01 5.877853e-01 -0.000000e+00
    outer loop
      vertex   -2.897850e+00 3.301855e+01 4.000000e+01
      vertex   -3.035004e+00 3.320733e+01 4.100000e+01
      vertex   -2.897850e+00 3.301855e+01 4.100000e+01
    endloop
  endfacet
  facet normal 8.427210e-01 5.383506e-01 -0.000000e+00
    outer loop
      vertex   -2.897850e+00 3.301855e+01 4.000000e+01
      vertex   -2.897850e+00 3.301855e+01 4.100000e+01
      vertex   -2.772231e+00 3.282191e+01 4.000000e+01
    endloop
  endfacet
  facet normal 8.427210e-01 5.383506e-01 -0.000000e+00
    outer loop
      vertex   -2.772231e+00 3.282191e+01 4.000000e+01
      vertex   -2.897850e+00 3.301855e+01 4.100000e+01
      vertex   -2.772231e+00 3.282191e+01 4.100000e+01
    endloop
  endfacet
  facet normal 8.734082e-01 4.869888e-01 -0.000000e+00
    outer loop
      vertex   -2.772231e+00 3.282191e+01 4.000000e+01
      vertex   -2.772231e+00 3.282191e+01 4.100000e+01
      vertex   -2.658597e+00 3.261811e+01 4.000000e+01
    endloop
  endfacet
  facet normal 8.734082e-01 4.869888e-01 -0.000000e+00
    outer loop
      vertex   -2.658597e+00 3.261811e+01 4.000000e+01
      vertex   -2.772231e+00 3.282191e+01 4.100000e+01
      vertex   -2.658597e+00 3.261811e+01 4.100000e+01
    endloop
  endfacet
  facet normal 9.009689e-01 4.338837e-01 -0.000000e+00
    outer loop
      vertex   -2.658597e+00 3.261811e+01 4.000000e+01
      vertex   -2.658597e+00 3.261811e+01 4.100000e+01
      vertex   -2.557354e+00 3.240788e+01 4.000000e+01
    endloop
  endfacet
  facet normal 9.009689e-01 4.338837e-01 -0.000000e+00
    outer loop
      vertex   -2.557354e+00 3.240788e+01 4.000000e+01
      vertex   -2.658597e+00 3.261811e+01 4.100000e+01
      vertex   -2.557354e+00 3.240788e+01 4.100000e+01
    endloop
  endfacet
  facet normal 9.253043e-01 3.792255e-01 -0.000000e+00
    outer loop
      vertex   -2.557354e+00 3.240788e+01 4.000000e+01
      vertex   -2.557354e+00 3.240788e+01 4.100000e+01
      vertex   -2.468865e+00 3.219197e+01 4.000000e+01
    endloop
  endfacet
  facet normal 9.253043e-01 3.792255e-01 -0.000000e+00
    outer loop
      vertex   -2.468865e+00 3.219197e+01 4.000000e+01
      vertex   -2.557354e+00 3.240788e+01 4.100000e+01
      vertex   -2.468865e+00 3.219197e+01 4.100000e+01
    endloop
  endfacet
  facet normal 9.463274e-01 3.232097e-01 -0.000000e+00
    outer loop
      vertex   -2.468865e+00 3.219197e+01 4.000000e+01
      vertex   -2.468865e+00 3.219197e+01 4.100000e+01
      vertex   -2.393447e+00 3.197115e+01 4.000000e+01
    endloop
  endfacet
  facet normal 9.463274e-01 3.232097e-01 -0.000000e+00
    outer loop
      vertex   -2.393447e+00 3.197115e+01 4.000000e+01
      vertex   -2.468865e+00 3.219197e+01 4.100000e+01
      vertex   -2.393447e+00 3.197115e+01 4.100000e+01
    endloop
  endfacet
  facet normal 9.639629e-01 2.660368e-01 -0.000000e+00
    outer loop
      vertex   -2.393447e+00 3.197115e+01 4.000000e+01
      vertex   -2.393447e+00 3.197115e+01 4.100000e+01
      vertex   -2.331370e+00 3.174622e+01 4.000000e+01
    endloop
  endfacet
  facet normal 9.639629e-01 2.660368e-01 -0.000000e+00
    outer loop
      vertex   -2.331370e+00 3.174622e+01 4.000000e+01
      vertex   -2.393447e+00 3.197115e+01 4.100000e+01
      vertex   -2.331370e+00 3.174622e+01 4.100000e+01
    endloop
  endfacet
  facet normal 9.781476e-01 2.079117e-01 -0.000000e+00
    outer loop
      vertex   -2.331370e+00 3.174622e+01 4.000000e+01
      vertex   -2.331370e+00 3.174622e+01 4.100000e+01
      vertex   -2.282856e+00 3.151798e+01 4.000000e+01
    endloop
  endfacet
  facet normal 9.781476e-01 2.079117e-01 -0.000000e+00
    outer loop
      vertex   -2.282856e+00 3.151798e+01 4.000000e+01
      vertex   -2.331370e+00 3.174622e+01 4.100000e+01
      vertex   -2.282856e+00 3.151798e+01 4.100000e+01
    endloop
  endfacet
  facet normal 9.888308e-01 1.490423e-01 -0.000000e+00
    outer loop
      vertex   -2.282856e+00 3.151798e+01 4.000000e+01
      vertex   -2.282856e+00 3.151798e+01 4.100000e+01
      vertex   -2.248078e+00 3.128724e+01 4.000000e+01
    endloop
  endfacet
  facet normal 9.888308e-01 1.490423e-01 -0.000000e+00
    outer loop
      vertex   -2.248078e+00 3.128724e+01 4.000000e+01
      vertex   -2.282856e+00 3.151798e+01 4.100000e+01
      vertex   -2.248078e+00 3.128724e+01 4.100000e+01
    endloop
  endfacet
  facet normal 9.959743e-01 8.963931e-02 -0.000000e+00
    outer loop
      vertex   -2.248078e+00 3.128724e+01 4.000000e+01
      vertex   -2.248078e+00 3.128724e+01 4.100000e+01
      vertex   -2.227162e+00 3.105484e+01 4.000000e+01
    endloop
  endfacet
  facet normal 9.959743e-01 8.963931e-02 -0.000000e+00
    outer loop
      vertex   -2.227162e+00 3.105484e+01 4.000000e+01
      vertex   -2.248078e+00 3.128724e+01 4.100000e+01
      vertex   -2.227162e+00 3.105484e+01 4.100000e+01
    endloop
  endfacet
  facet normal 0.000000e+00 0.000000e+00 1.000000e+00
    outer loop
      vertex   -2.227162e+00 3.105484e+01 4.100000e+01
      vertex   -1.001844e+01 3.093827e+01 4.100000e+01
      vertex   -2.220181e+00 3.082160e+01 4.100000e+01
    endloop
  endfacet
  facet normal 0.000000e+00 0.000000e+00 1.000000e+00
    outer loop
      vertex   -2.220181e+00 3.082160e+01 4.100000e+01
      vertex   -1.001844e+01 3.093827e+01 4.100000e+01
      vertex   -1.001844e+01 3.070493e+01 4.100000e+01
    endloop
  endfacet
  facet normal 0.000000e+00 0.000000e+00 1.000000e+00
    outer loop
      vertex   -2.220181e+00 3.082160e+01 4.100000e+01
      vertex   -1.001844e+01 3.070493e+01 4.100000e+01
      vertex   -2.227162e+00 3.058837e+01 4.100000e+01
    endloop
  endfacet
  facet normal 0.000000e+00 0.000000e+00 1.000000e+00
    outer loop
      vertex   -2.227162e+00 3.058837e+01 4.100000e+01
      vertex   -1.001844e+01 3.070493e+01 4.100000e+01
      vertex   -1.000448e+01 3.047201e+01 4.100000e+01
    endloop
  endfacet
  facet normal 0.000000e+00 0.000000e+00 1.000000e+00
    outer loop
      vertex   -2.227162e+00 3.058837e+01 4.100000e+01
      vertex   -1.000448e+01 3.047201e+01 4.100000e+01
      vertex   -2.248078e+00 3.035597e+01 4.100000e+01
    endloop
  endfacet
  facet normal 0.000000e+00 0.000000e+00 1.000000e+00
    outer loop
      vertex   -2.248078e+00 3.035597e+01 4.100000e+01
      vertex   -1.000448e+01 3.047201e+01 4.100000e+01
      vertex   -9.976621e+00 3.024034e+01 4.100000e+01
    endloop
  endfacet
  facet normal 0.000000e+00 0.000000e+00 1.000000e+00
    outer loop
      vertex   -2.248078e+00 3.035597e+01 4.100000e+01
      vertex   -9.976621e+00 3.024034e+01 4.100000e+01
      vertex   -2.282856e+00 3.012523e+01 4.100000e+01
    endloop
  endfacet
  facet normal 0.000000e+00 0.000000e+00 1.000000e+00
    outer loop
      vertex   -2.282856e+00 3.012523e+01 4.100000e+01
      vertex   -9.976621e+00 3.024034e+01 4.100000e+01
      vertex   -9.934957e+00 3.001075e+01 4.100000e+01
    endloop
  endfacet
  facet normal 0.000000e+00 0.000000e+00 1.000000e+00
    outer loop
      vertex   -2.282856e+00 3.012523e+01 4.100000e+01
      vertex   -9.934957e+00 3.001075e+01 4.100000e+01
      vertex   -2.331370e+00 2.989699e+01 4.100000e+01
    endloop
  endfacet
  facet normal 0.000000e+00 0.000000e+00 1.000000e+00
    outer loop
      vertex   -2.331370e+00 2.989699e+01 4.100000e+01
      vertex   -9.934957e+00 3.001075e+01 4.100000e+01
      vertex   -9.879636e+00 2.978406e+01 4.100000e+01
    endloop
  endfacet
  facet normal 0.000000e+00 0.000000e+00 1.000000e+00
    outer loop
      vertex   -2.331370e+00 2.989699e+01 4.100000e+01
      vertex   -9.879636e+00 2.978406e+01 4.100000e+01
      vertex   -2.393447e+00 2.967206e+01 4.100000e+01
    endloop
  endfacet
  facet normal 0.000000e+00 0.000000e+00 1.000000e+00
    outer loop
      vertex   -2.393447e+00 2.967206e+01 4.100000e+01
      vertex   -9.879636e+00 2.978406e+01 4.100000e+01
      vertex   -2.468865e+00 2.945124e+01 4.100000e+01
    endloop
  endfacet
  facet normal 0.000000e+00 0.000000e+00 1.000000e+00
    outer loop
      vertex   -2.468865e+00 2.945124e+01 4.100000e+01
      vertex   -9.879636e+00 2.978406e+01 4.100000e+01
      vertex   -2.557354e+00 2.923533e+01 4.100000e+01
    endloop
  endfacet
  facet normal 0.000000e+00 0.000000e+00 1.000000e+00
    outer loop
      vertex   -2.557354e+00 2.923533e+01 4.100000e+01
      vertex   -9.879636e+00 2.978406e+01 4.100000e+01
      vertex   -2.658597e+00 2.902510e+01 4.100000e+01
    endloop
  endfacet
  facet normal 0.000000e+00 0.000000e+00 1.000000e+00
    outer loop
      vertex   -2.658597e+00 2.902510e+01 4.100000e+01
      vertex   -9.879636e+00 2.978406e+01 4.100000e+01
      vertex   -2.772231e+00 2.882130e+01 4.100000e+01
    endloop
  endfacet
  facet normal 0.000000e+00 0.000000e+00 1.000000e+00
    outer loop
      vertex   -2.772231e+00 2.882130e+01 4.100000e+01
      vertex   -9.879636e+00 2.978406e+01 4.100000e+01
      vertex   -9.810858e+00 2.956109e+01 4.100000e+01
    endloop
  endfacet
  facet normal 0.000000e+00 0.000000e+00 1.000000e+00
    outer loop
      vertex   -2.772231e+00 2.882130e+01 4.100000e+01
      vertex   -9.810858e+00 2.956109e+01 4.100000e+01
      vertex   -2.897850e+00 2.862466e+01 4.100000e+01
    endloop
  endfacet
  facet normal 0.000000e+00 0.000000e+00 1.000000e+00
    outer loop
      vertex   -2.897850e+00 2.862466e+01 4.100000e+01
      vertex   -9.810858e+00 2.956109e+01 4.100000e+01
      vertex   -3.035004e+00 2.843588e+01 4.100000e+01
    endloop
  endfacet
  facet normal 0.000000e+00 0.000000e+00 1.000000e+00
    outer loop
      vertex   -3.035004e+00 2.843588e+01 4.100000e+01
      vertex   -9.810858e+00 2.956109e+01 4.100000e+01
      vertex   -3.183202e+00 2.825564e+01 4.100000e+01
    endloop
  endfacet
  facet normal 0.000000e+00 0.000000e+00 1.000000e+00
    outer loop
      vertex   -3.183202e+00 2.825564e+01 4.100000e+01
      vertex   -9.810858e+00 2.956109e+01 4.100000e+01
      vertex   -3.341914e+00 2.808459e+01 4.100000e+01
    endloop
  endfacet
  facet normal 0.000000e+00 0.000000e+00 1.000000e+00
    outer loop
      vertex   -3.341914e+00 2.808459e+01 4.100000e+01
      vertex   -9.810858e+00 2.956109e+01 4.100000e+01
      vertex   -3.510572e+00 2.792334e+01 4.100000e+01
    endloop
  endfacet
  facet normal 0.000000e+00 0.000000e+00 1.000000e+00
    outer loop
      vertex   -3.510572e+00 2.792334e+01 4.100000e+01
      vertex   -9.810858e+00 2.956109e+01 4.100000e+01
      vertex   -3.688571e+00 2.777246e+01 4.100000e+01
    endloop
  endfacet
  facet normal 0.000000e+00 0.000000e+00 1.000000e+00
    outer loop
      vertex   -3.688571e+00 2.777246e+01 4.100000e+01
      vertex   -9.810858e+00 2.956109e+01 4.100000e+01
      vertex   -3.875275e+00 2.763250e+01 4.100000e+01
    endloop
  endfacet
  facet normal 0.000000e+00 0.000000e+00 1.000000e+00
    outer loop
      vertex   -3.875275e+00 2.763250e+01 4.100000e+01
      vertex   -9.810858e+00 2.956109e+01 4.100000e+01
      vertex   -4.070014e+00 2.750395e+01 4.100000e+01
    endloop
  endfacet
  facet normal 0.000000e+00 0.000000e+00 1.000000e+00
    outer loop
      vertex   -4.070014e+00 2.750395e+01 4.100000e+01
      vertex   -9.810858e+00 2.956109e+01 4.100000e+01
      vertex   -4.272093e+00 2.738728e+01 4.100000e+01
    endloop
  endfacet
  facet normal 0.000000e+00 0.000000e+00 1.000000e+00
    outer loop
      vertex   -4.272093e+00 2.738728e+01 4.100000e+01
      vertex   -9.810858e+00 2.956109e+01 4.100000e+01
      vertex   -4.480788e+00 2.728290e+01 4.100000e+01
    endloop
  endfacet
  facet normal 0.000000e+00 0.000000e+00 1.000000e+00
    outer loop
      vertex   -4.480788e+00 2.728290e+01 4.100000e+01
      vertex   -9.810858e+00 2.956109e+01 4.100000e+01
      vertex   -4.695351e+00 2.719120e+01 4.100000e+01
    endloop
  endfacet
  facet normal 0.000000e+00 0.000000e+00 1.000000e+00
    outer loop
      vertex   -4.695351e+00 2.719120e+01 4.100000e+01
      vertex   -9.810858e+00 2.956109e+01 4.100000e+01
      vertex   -4.915015e+00 2.711248e+01 4.100000e+01
    endloop
  endfacet
  facet normal 0.000000e+00 0.000000e+00 1.000000e+00
    outer loop
      vertex   -4.915015e+00 2.711248e+01 4.100000e+01
      vertex   -9.810858e+00 2.956109e+01 4.100000e+01
      vertex   -5.138993e+00 2.704705e+01 4.100000e+01
    endloop
  endfacet
  facet normal 0.000000e+00 0.000000e+00 1.000000e+00
    outer loop
      vertex   -5.138993e+00 2.704705e+01 4.100000e+01
      vertex   -9.810858e+00 2.956109e+01 4.100000e+01
      vertex   -5.366483e+00 2.699512e+01 4.100000e+01
    endloop
  endfacet
  facet normal 0.000000e+00 0.000000e+00 1.000000e+00
    outer loop
      vertex   -5.366483e+00 2.699512e+01 4.100000e+01
      vertex   -9.810858e+00 2.956109e+01 4.100000e+01
      vertex   -5.596671e+00 2.695690e+01 4.100000e+01
    endloop
  endfacet
  facet normal 0.000000e+00 0.000000e+00 1.000000e+00
    outer loop
      vertex   -5.596671e+00 2.695690e+01 4.100000e+01
      vertex   -9.810858e+00 2.956109e+01 4.100000e+01
      vertex   -5.828734e+00 2.693251e+01 4.100000e+01
    endloop
  endfacet
  facet normal 0.000000e+00 0.000000e+00 1.000000e+00
    outer loop
      vertex   -5.828734e+00 2.693251e+01 4.100000e+01
      vertex   -9.810858e+00 2.956109e+01 4.100000e+01
      vertex   -6.061839e+00 2.692204e+01 4.100000e+01
    endloop
  endfacet
  facet normal 0.000000e+00 0.000000e+00 1.000000e+00
    outer loop
      vertex   -6.061839e+00 2.692204e+01 4.100000e+01
      vertex   -9.810858e+00 2.956109e+01 4.100000e+01
      vertex   -6.295154e+00 2.692553e+01 4.100000e+01
    endloop
  endfacet
  facet normal 0.000000e+00 0.000000e+00 1.000000e+00
    outer loop
      vertex   -6.295154e+00 2.692553e+01 4.100000e+01
      vertex   -9.810858e+00 2.956109e+01 4.100000e+01
      vertex   -6.527842e+00 2.694297e+01 4.100000e+01
    endloop
  endfacet
  facet normal 0.000000e+00 0.000000e+00 1.000000e+00
    outer loop
      vertex   -6.527842e+00 2.694297e+01 4.100000e+01
      vertex   -9.810858e+00 2.956109e+01 4.100000e+01
      vertex   -6.759071e+00 2.697429e+01 4.100000e+01
    endloop
  endfacet
  facet normal 0.000000e+00 0.000000e+00 1.000000e+00
    outer loop
      vertex   -6.759071e+00 2.697429e+01 4.100000e+01
      vertex   -9.810858e+00 2.956109e+01 4.100000e+01
      vertex   -6.988013e+00 2.701938e+01 4.100000e+01
    endloop
  endfacet
  facet normal 0.000000e+00 0.000000e+00 1.000000e+00
    outer loop
      vertex   -6.988013e+00 2.701938e+01 4.100000e+01
      vertex   -9.810858e+00 2.956109e+01 4.100000e+01
      vertex   -7.213848e+00 2.707809e+01 4.100000e+01
    endloop
  endfacet
  facet normal 0.000000e+00 0.000000e+00 1.000000e+00
    outer loop
      vertex   -7.213848e+00 2.707809e+01 4.100000e+01
      vertex   -9.810858e+00 2.956109e+01 4.100000e+01
      vertex   -7.435768e+00 2.715020e+01 4.100000e+01
    endloop
  endfacet
  facet normal 0.000000e+00 0.000000e+00 1.000000e+00
    outer loop
      vertex   -7.435768e+00 2.715020e+01 4.100000e+01
      vertex   -9.810858e+00 2.956109e+01 4.100000e+01
      vertex   -7.652979e+00 2.723545e+01 4.100000e+01
    endloop
  endfacet
  facet normal 0.000000e+00 0.000000e+00 1.000000e+00
    outer loop
      vertex   -7.652979e+00 2.723545e+01 4.100000e+01
      vertex   -9.810858e+00 2.956109e+01 4.100000e+01
      vertex   -7.864702e+00 2.733353e+01 4.100000e+01
    endloop
  endfacet
  facet normal 0.000000e+00 0.000000e+00 1.000000e+00
    outer loop
      vertex   -7.864702e+00 2.733353e+01 4.100000e+01
      vertex   -9.810858e+00 2.956109e+01 4.100000e+01
      vertex   -8.070181e+00 2.744410e+01 4.100000e+01
    endloop
  endfacet
  facet normal 0.000000e+00 0.000000e+00 1.000000e+00
    outer loop
      vertex   -8.070181e+00 2.744410e+01 4.100000e+01
      vertex   -9.810858e+00 2.956109e+01 4.100000e+01
      vertex   -8.268679e+00 2.756677e+01 4.100000e+01
    endloop
  endfacet
  facet normal 0.000000e+00 0.000000e+00 1.000000e+00
    outer loop
      vertex   -8.268679e+00 2.756677e+01 4.100000e+01
      vertex   -9.810858e+00 2.956109e+01 4.100000e+01
      vertex   -8.459487e+00 2.770108e+01 4.100000e+01
    endloop
  endfacet
  facet normal 0.000000e+00 0.000000e+00 1.000000e+00
    outer loop
      vertex   -8.459487e+00 2.770108e+01 4.100000e+01
      vertex   -9.810858e+00 2.956109e+01 4.100000e+01
      vertex   -8.641920e+00 2.784657e+01 4.100000e+01
    endloop
  endfacet
  facet normal 0.000000e+00 0.000000e+00 1.000000e+00
    outer loop
      vertex   -8.641920e+00 2.784657e+01 4.100000e+01
      vertex   -9.810858e+00 2.956109e+01 4.100000e+01
      vertex   -8.815325e+00 2.800270e+01 4.100000e+01
    endloop
  endfacet
  facet normal 0.000000e+00 0.000000e+00 1.000000e+00
    outer loop
      vertex   -8.815325e+00 2.800270e+01 4.100000e+01
      vertex   -9.810858e+00 2.956109e+01 4.100000e+01
      vertex   -8.979083e+00 2.816893e+01 4.100000e+01
    endloop
  endfacet
  facet normal 0.000000e+00 0.000000e+00 1.000000e+00
    outer loop
      vertex   -8.979083e+00 2.816893e+01 4.100000e+01
      vertex   -9.810858e+00 2.956109e+01 4.100000e+01
      vertex   -9.132607e+00 2.834465e+01 4.100000e+01
    endloop
  endfacet
  facet normal 0.000000e+00 0.000000e+00 1.000000e+00
    outer loop
      vertex   -9.132607e+00 2.834465e+01 4.100000e+01
      vertex   -9.810858e+00 2.956109e+01 4.100000e+01
      vertex   -9.275347e+00 2.852924e+01 4.100000e+01
    endloop
  endfacet
  facet normal 0.000000e+00 0.000000e+00 1.000000e+00
    outer loop
      vertex   -9.275347e+00 2.852924e+01 4.100000e+01
      vertex   -9.810858e+00 2.956109e+01 4.100000e+01
      vertex   -9.406793e+00 2.872204e+01 4.100000e+01
    endloop
  endfacet
  facet normal 0.000000e+00 0.000000e+00 1.000000e+00
    outer loop
      vertex   -9.406793e+00 2.872204e+01 4.100000e+01
      vertex   -9.810858e+00 2.956109e+01 4.100000e+01
      vertex   -9.526473e+00 2.892235e+01 4.100000e+01
    endloop
  endfacet
  facet normal 0.000000e+00 0.000000e+00 1.000000e+00
    outer loop
      vertex   -9.526473e+00 2.892235e+01 4.100000e+01
      vertex   -9.810858e+00 2.956109e+01 4.100000e+01
      vertex   -9.633960e+00 2.912946e+01 4.100000e+01
    endloop
  endfacet
  facet normal 0.000000e+00 0.000000e+00 1.000000e+00
    outer loop
      vertex   -9.633960e+00 2.912946e+01 4.100000e+01
      vertex   -9.810858e+00 2.956109e+01 4.100000e+01
      vertex   -9.728868e+00 2.934262e+01 4.100000e+01
    endloop
  endfacet
  facet normal 0.000000e+00 0.000000e+00 1.000000e+00
    outer loop
      vertex   -1.001844e+01 3.093827e+01 4.100000e+01
      vertex   -2.227162e+00 3.105484e+01 4.100000e+01
      vertex   -1.000448e+01 3.117120e+01 4.100000e+01
    endloop
  endfacet
  facet normal -0.000000e+00 0.000000e+00 1.000000e+00
    outer loop
      vertex   -1.000448e+01 3.117120e+01 4.100000e+01
      vertex   -2.227162e+00 3.105484e+01 4.100000e+01
      vertex   -2.248078e+00 3.128724e+01 4.100000e+01
    endloop
  endfacet
  facet normal 0.000000e+00 0.000000e+00 1.000000e+00
    outer loop
      vertex   -1.000448e+01 3.117120e+01 4.100000e+01
      vertex   -2.248078e+00 3.128724e+01 4.100000e+01
      vertex   -9.976621e+00 3.140287e+01 4.100000e+01
    endloop
  endfacet
  facet normal -0.000000e+00 0.000000e+00 1.000000e+00
    outer loop
      vertex   -9.976621e+00 3.140287e+01 4.100000e+01
      vertex   -2.248078e+00 3.128724e+01 4.100000e+01
      vertex   -2.282856e+00 3.151798e+01 4.100000e+01
    endloop
  endfacet
  facet normal 0.000000e+00 0.000000e+00 1.000000e+00
    outer loop
      vertex   -9.976621e+00 3.140287e+01 4.100000e+01
      vertex   -2.282856e+00 3.151798e+01 4.100000e+01
      vertex   -9.934957e+00 3.163246e+01 4.100000e+01
    endloop
  endfacet
  facet normal -0.000000e+00 0.000000e+00 1.000000e+00
    outer loop
      vertex   -9.934957e+00 3.163246e+01 4.100000e+01
      vertex   -2.282856e+00 3.151798e+01 4.100000e+01
      vertex   -2.331370e+00 3.174622e+01 4.100000e+01
    endloop
  endfacet
  facet normal 0.000000e+00 0.000000e+00 1.000000e+00
    outer loop
      vertex   -9.934957e+00 3.163246e+01 4.100000e+01
      vertex   -2.331370e+00 3.174622e+01 4.100000e+01
      vertex   -9.879636e+00 3.185915e+01 4.100000e+01
    endloop
  endfacet
  facet normal -0.000000e+00 0.000000e+00 1.000000e+00
    outer loop
      vertex   -9.879636e+00 3.185915e+01 4.100000e+01
      vertex   -2.331370e+00 3.174622e+01 4.100000e+01
      vertex   -2.393447e+00 3.197115e+01 4.100000e+01
    endloop
  endfacet
  facet normal 0.000000e+00 0.000000e+00 1.000000e+00
    outer loop
      vertex   -9.879636e+00 3.185915e+01 4.100000e+01
      vertex   -2.393447e+00 3.197115e+01 4.100000e+01
      vertex   -9.810858e+00 3.208212e+01 4.100000e+01
    endloop
  endfacet
  facet normal -0.000000e+00 0.000000e+00 1.000000e+00
    outer loop
      vertex   -9.810858e+00 3.208212e+01 4.100000e+01
      vertex   -2.393447e+00 3.197115e+01 4.100000e+01
      vertex   -2.468865e+00 3.219197e+01 4.100000e+01
    endloop
  endfacet
  facet normal 0.000000e+00 0.000000e+00 1.000000e+00
    outer loop
      vertex   -9.810858e+00 3.208212e+01 4.100000e+01
      vertex   -2.468865e+00 3.219197e+01 4.100000e+01
      vertex   -9.728868e+00 3.230058e+01 4.100000e+01
    endloop
  endfacet
  facet normal -0.000000e+00 0.000000e+00 1.000000e+00
    outer loop
      vertex   -9.728868e+00 3.230058e+01 4.100000e+01
      vertex   -2.468865e+00 3.219197e+01 4.100000e+01
      vertex   -2.557354e+00 3.240788e+01 4.100000e+01
    endloop
  endfacet
  facet normal 0.000000e+00 0.000000e+00 1.000000e+00
    outer loop
      vertex   -9.728868e+00 3.230058e+01 4.100000e+01
      vertex   -2.557354e+00 3.240788e+01 4.100000e+01
      vertex   -9.633960e+00 3.251375e+01 4.100000e+01
    endloop
  endfacet
  facet normal -0.000000e+00 0.000000e+00 1.000000e+00
    outer loop
      vertex   -9.633960e+00 3.251375e+01 4.100000e+01
      vertex   -2.557354e+00 3.240788e+01 4.100000e+01
      vertex   -2.658597e+00 3.261811e+01 4.100000e+01
    endloop
  endfacet
  facet normal 0.000000e+00 0.000000e+00 1.000000e+00
    outer loop
      vertex   -9.633960e+00 3.251375e+01 4.100000e+01
      vertex   -2.658597e+00 3.261811e+01 4.100000e+01
      vertex   -9.526473e+00 3.272086e+01 4.100000e+01
    endloop
  endfacet
  facet normal -0.000000e+00 0.000000e+00 1.000000e+00
    outer loop
      vertex   -9.526473e+00 3.272086e+01 4.100000e+01
      vertex   -2.658597e+00 3.261811e+01 4.100000e+01
      vertex   -2.772231e+00 3.282191e+01 4.100000e+01
    endloop
  endfacet
  facet normal 0.000000e+00 0.000000e+00 1.000000e+00
    outer loop
      vertex   -9.526473e+00 3.272086e+01 4.100000e+01
      vertex   -2.772231e+00 3.282191e+01 4.100000e+01
      vertex   -9.406793e+00 3.292117e+01 4.100000e+01
    endloop
  endfacet
  facet normal -0.000000e+00 0.000000e+00 1.000000e+00
    outer loop
      vertex   -9.406793e+00 3.292117e+01 4.100000e+01
      vertex   -2.772231e+00 3.282191e+01 4.100000e+01
      vertex   -2.897850e+00 3.301855e+01 4.100000e+01
    endloop
  endfacet
  facet normal 0.000000e+00 0.000000e+00 1.000000e+00
    outer loop
      vertex   -9.406793e+00 3.292117e+01 4.100000e+01
      vertex   -2.897850e+00 3.301855e+01 4.100000e+01
      vertex   -9.275347e+00 3.311397e+01 4.100000e+01
    endloop
  endfacet
  facet normal -0.000000e+00 0.000000e+00 1.000000e+00
    outer loop
      vertex   -9.275347e+00 3.311397e+01 4.100000e+01
      vertex   -2.897850e+00 3.301855e+01 4.100000e+01
      vertex   -3.035004e+00 3.320733e+01 4.100000e+01
    endloop
  endfacet
  facet normal 0.000000e+00 0.000000e+00 1.000000e+00
    outer loop
      vertex   -9.275347e+00 3.311397e+01 4.100000e+01
      vertex   -3.035004e+00 3.320733e+01 4.100000e+01
      vertex   -9.132607e+00 3.329856e+01 4.100000e+01
    endloop
  endfacet
  facet normal -0.000000e+00 0.000000e+00 1.000000e+00
    outer loop
      vertex   -9.132607e+00 3.329856e+01 4.100000e+01
      vertex   -3.035004e+00 3.320733e+01 4.100000e+01
      vertex   -3.183202e+00 3.338756e+01 4.100000e+01
    endloop
  endfacet
  facet normal 0.000000e+00 0.000000e+00 1.000000e+00
    outer loop
      vertex   -9.132607e+00 3.329856e+01 4.100000e+01
      vertex   -3.183202e+00 3.338756e+01 4.100000e+01
      vertex   -8.979083e+00 3.347428e+01 4.100000e+01
    endloop
  endfacet
  facet normal -0.000000e+00 0.000000e+00 1.000000e+00
    outer loop
      vertex   -8.979083e+00 3.347428e+01 4.100000e+01
      vertex   -3.183202e+00 3.338756e+01 4.100000e+01
      vertex   -3.341914e+00 3.355862e+01 4.100000e+01
    endloop
  endfacet
  facet normal 0.000000e+00 0.000000e+00 1.000000e+00
    outer loop
      vertex   -8.979083e+00 3.347428e+01 4.100000e+01
      vertex   -3.341914e+00 3.355862e+01 4.100000e+01
      vertex   -8.815325e+00 3.364050e+01 4.100000e+01
    endloop
  endfacet
  facet normal -0.000000e+00 0.000000e+00 1.000000e+00
    outer loop
      vertex   -8.815325e+00 3.364050e+01 4.100000e+01
      vertex   -3.341914e+00 3.355862e+01 4.100000e+01
      vertex   -3.510572e+00 3.371987e+01 4.100000e+01
    endloop
  endfacet
  facet normal 0.000000e+00 0.000000e+00 1.000000e+00
    outer loop
      vertex   -8.815325e+00 3.364050e+01 4.100000e+01
      vertex   -3.510572e+00 3.371987e+01 4.100000e+01
      vertex   -8.641920e+00 3.379664e+01 4.100000e+01
    endloop
  endfacet
  facet normal -0.000000e+00 0.000000e+00 1.000000e+00
    outer loop
      vertex   -8.641920e+00 3.379664e+01 4.100000e+01
      vertex   -3.510572e+00 3.371987e+01 4.100000e+01
      vertex   -3.688571e+00 3.387075e+01 4.100000e+01
    endloop
  endfacet
  facet normal 0.000000e+00 0.000000e+00 1.000000e+00
    outer loop
      vertex   -8.641920e+00 3.379664e+01 4.100000e+01
      vertex   -3.688571e+00 3.387075e+01 4.100000e+01
      vertex   -8.459487e+00 3.394212e+01 4.100000e+01
    endloop
  endfacet
  facet normal -0.000000e+00 0.000000e+00 1.000000e+00
    outer loop
      vertex   -8.459487e+00 3.394212e+01 4.100000e+01
      vertex   -3.688571e+00 3.387075e+01 4.100000e+01
      vertex   -3.875275e+00 3.401071e+01 4.100000e+01
    endloop
  endfacet
  facet normal 0.000000e+00 0.000000e+00 1.000000e+00
    outer loop
      vertex   -8.459487e+00 3.394212e+01 4.100000e+01
      vertex   -3.875275e+00 3.401071e+01 4.100000e+01
      vertex   -8.268679e+00 3.407644e+01 4.100000e+01
    endloop
  endfacet
  facet normal -0.000000e+00 0.000000e+00 1.000000e+00
    outer loop
      vertex   -8.268679e+00 3.407644e+01 4.100000e+01
      vertex   -3.875275e+00 3.401071e+01 4.100000e+01
      vertex   -4.070014e+00 3.413926e+01 4.100000e+01
    endloop
  endfacet
  facet normal 0.000000e+00 0.000000e+00 1.000000e+00
    outer loop
      vertex   -8.268679e+00 3.407644e+01 4.100000e+01
      vertex   -4.070014e+00 3.413926e+01 4.100000e+01
      vertex   -8.070181e+00 3.419910e+01 4.100000e+01
    endloop
  endfacet
  facet normal -0.000000e+00 0.000000e+00 1.000000e+00
    outer loop
      vertex   -8.070181e+00 3.419910e+01 4.100000e+01
      vertex   -4.070014e+00 3.413926e+01 4.100000e+01
      vertex   -4.272093e+00 3.425593e+01 4.100000e+01
    endloop
  endfacet
  facet normal 0.000000e+00 0.000000e+00 1.000000e+00
    outer loop
      vertex   -8.070181e+00 3.419910e+01 4.100000e+01
      vertex   -4.272093e+00 3.425593e+01 4.100000e+01
      vertex   -7.864702e+00 3.430968e+01 4.100000e+01
    endloop
  endfacet
  facet normal -0.000000e+00 0.000000e+00 1.000000e+00
    outer loop
      vertex   -7.864702e+00 3.430968e+01 4.100000e+01
      vertex   -4.272093e+00 3.425593e+01 4.100000e+01
      vertex   -4.480788e+00 3.436030e+01 4.100000e+01
    endloop
  endfacet
  facet normal 0.000000e+00 0.000000e+00 1.000000e+00
    outer loop
      vertex   -7.864702e+00 3.430968e+01 4.100000e+01
      vertex   -4.480788e+00 3.436030e+01 4.100000e+01
      vertex   -7.652979e+00 3.440776e+01 4.100000e+01
    endloop
  endfacet
  facet normal -0.000000e+00 0.000000e+00 1.000000e+00
    outer loop
      vertex   -7.652979e+00 3.440776e+01 4.100000e+01
      vertex   -4.480788e+00 3.436030e+01 4.100000e+01
      vertex   -4.695351e+00 3.445201e+01 4.100000e+01
    endloop
  endfacet
  facet normal 0.000000e+00 0.000000e+00 1.000000e+00
    outer loop
      vertex   -7.652979e+00 3.440776e+01 4.100000e+01
      vertex   -4.695351e+00 3.445201e+01 4.100000e+01
      vertex   -7.435768e+00 3.449301e+01 4.100000e+01
    endloop
  endfacet
  facet normal -0.000000e+00 0.000000e+00 1.000000e+00
    outer loop
      vertex   -7.435768e+00 3.449301e+01 4.100000e+01
      vertex   -4.695351e+00 3.445201e+01 4.100000e+01
      vertex   -4.915015e+00 3.453072e+01 4.100000e+01
    endloop
  endfacet
  facet normal 0.000000e+00 0.000000e+00 1.000000e+00
    outer loop
      vertex   -7.435768e+00 3.449301e+01 4.100000e+01
      vertex   -4.915015e+00 3.453072e+01 4.100000e+01
      vertex   -7.213848e+00 3.456512e+01 4.100000e+01
    endloop
  endfacet
  facet normal -0.000000e+00 0.000000e+00 1.000000e+00
    outer loop
      vertex   -7.213848e+00 3.456512e+01 4.100000e+01
      vertex   -4.915015e+00 3.453072e+01 4.100000e+01
      vertex   -5.138993e+00 3.459616e+01 4.100000e+01
    endloop
  endfacet
  facet normal 0.000000e+00 0.000000e+00 1.000000e+00
    outer loop
      vertex   -7.213848e+00 3.456512e+01 4.100000e+01
      vertex   -5.138993e+00 3.459616e+01 4.100000e+01
      vertex   -6.988013e+00 3.462382e+01 4.100000e+01
    endloop
  endfacet
  facet normal -0.000000e+00 0.000000e+00 1.000000e+00
    outer loop
      vertex   -6.988013e+00 3.462382e+01 4.100000e+01
      vertex   -5.138993e+00 3.459616e+01 4.100000e+01
      vertex   -5.366483e+00 3.464808e+01 4.100000e+01
    endloop
  endfacet
  facet normal 0.000000e+00 0.000000e+00 1.000000e+00
    outer loop
      vertex   -6.988013e+00 3.462382e+01 4.100000e+01
      vertex   -5.366483e+00 3.464808e+01 4.100000e+01
      vertex   -6.759071e+00 3.466892e+01 4.100000e+01
    endloop
  endfacet
  facet normal -0.000000e+00 0.000000e+00 1.000000e+00
    outer loop
      vertex   -6.759071e+00 3.466892e+01 4.100000e+01
      vertex   -5.366483e+00 3.464808e+01 4.100000e+01
      vertex   -5.596671e+00 3.468631e+01 4.100000e+01
    endloop
  endfacet
  facet normal 0.000000e+00 0.000000e+00 1.000000e+00
    outer loop
      vertex   -6.759071e+00 3.466892e+01 4.100000e+01
      vertex   -5.596671e+00 3.468631e+01 4.100000e+01
      vertex   -6.527842e+00 3.470024e+01 4.100000e+01
    endloop
  endfacet
  facet normal -0.000000e+00 0.000000e+00 1.000000e+00
    outer loop
      vertex   -6.527842e+00 3.470024e+01 4.100000e+01
      vertex   -5.596671e+00 3.468631e+01 4.100000e+01
      vertex   -5.828734e+00 3.471070e+01 4.100000e+01
    endloop
  endfacet
  facet normal 0.000000e+00 0.000000e+00 1.000000e+00
    outer loop
      vertex   -6.527842e+00 3.470024e+01 4.100000e+01
      vertex   -5.828734e+00 3.471070e+01 4.100000e+01
      vertex   -6.295154e+00 3.471768e+01 4.100000e+01
    endloop
  endfacet
  facet normal -0.000000e+00 0.000000e+00 1.000000e+00
    outer loop
      vertex   -6.295154e+00 3.471768e+01 4.100000e+01
      vertex   -5.828734e+00 3.471070e+01 4.100000e+01
      vertex   -6.061839e+00 3.472117e+01 4.100000e+01
    endloop
  endfacet
  facet normal 0.000000e+00 0.000000e+00 -1.000000e+00
    outer loop
      vertex   -3.827097e+00 3.099984e+01 3.988000e+01
      vertex   -3.327156e+00 3.101911e+01 3.988000e+01
      vertex   -3.820181e+00 3.082160e+01 3.988000e+01
    endloop
  endfacet
  facet normal 0.000000e+00 0.000000e+00 -1.000000e+00
    outer loop
      vertex   -3.820181e+00 3.082160e+01 3.988000e+01
      vertex   -3.327156e+00 3.101911e+01 3.988000e+01
      vertex   -3.320181e+00 3.082160e+01 3.988000e+01
    endloop
  endfacet
  facet normal 0.000000e+00 0.000000e+00 -1.000000e+00
    outer loop
      vertex   -3.820181e+00 3.082160e+01 3.988000e+01
      vertex   -3.320181e+00 3.082160e+01 3.988000e+01
      vertex   -3.327156e+00 3.062409e+01 3.988000e+01
    endloop
  endfacet
  facet normal -0.000000e+00 0.000000e+00 -1.000000e+00
    outer loop
      vertex   -3.327156e+00 3.101911e+01 3.988000e+01
      vertex   -3.827097e+00 3.099984e+01 3.988000e+01
      vertex   -3.348045e+00 3.121564e+01 3.988000e+01
    endloop
  endfacet
  facet normal 0.000000e+00 0.000000e+00 -1.000000e+00
    outer loop
      vertex   -3.348045e+00 3.121564e+01 3.988000e+01
      vertex   -3.827097e+00 3.099984e+01 3.988000e+01
      vertex   -3.847804e+00 3.117700e+01 3.988000e+01
    endloop
  endfacet
  facet normal -0.000000e+00 0.000000e+00 -1.000000e+00
    outer loop
      vertex   -3.348045e+00 3.121564e+01 3.988000e+01
      vertex   -3.847804e+00 3.117700e+01 3.988000e+01
      vertex   -3.382745e+00 3.141020e+01 3.988000e+01
    endloop
  endfacet
  facet normal 0.000000e+00 0.000000e+00 -1.000000e+00
    outer loop
      vertex   -3.382745e+00 3.141020e+01 3.988000e+01
      vertex   -3.847804e+00 3.117700e+01 3.988000e+01
      vertex   -3.882178e+00 3.135202e+01 3.988000e+01
    endloop
  endfacet
  facet normal -0.000000e+00 0.000000e+00 -1.000000e+00
    outer loop
      vertex   -3.382745e+00 3.141020e+01 3.988000e+01
      vertex   -3.882178e+00 3.135202e+01 3.988000e+01
      vertex   -3.431083e+00 3.160183e+01 3.988000e+01
    endloop
  endfacet
  facet normal 0.000000e+00 0.000000e+00 -1.000000e+00
    outer loop
      vertex   -3.431083e+00 3.160183e+01 3.988000e+01
      vertex   -3.882178e+00 3.135202e+01 3.988000e+01
      vertex   -3.930011e+00 3.152385e+01 3.988000e+01
    endloop
  endfacet
  facet normal -0.000000e+00 0.000000e+00 -1.000000e+00
    outer loop
      vertex   -3.431083e+00 3.160183e+01 3.988000e+01
      vertex   -3.930011e+00 3.152385e+01 3.988000e+01
      vertex   -3.492818e+00 3.178957e+01 3.988000e+01
    endloop
  endfacet
  facet normal 0.000000e+00 0.000000e+00 -1.000000e+00
    outer loop
      vertex   -3.492818e+00 3.178957e+01 3.988000e+01
      vertex   -3.930011e+00 3.152385e+01 3.988000e+01
      vertex   -3.991016e+00 3.169146e+01 3.988000e+01
    endloop
  endfacet
  facet normal -0.000000e+00 0.000000e+00 -1.000000e+00
    outer loop
      vertex   -3.492818e+00 3.178957e+01 3.988000e+01
      vertex   -3.991016e+00 3.169146e+01 3.988000e+01
      vertex   -3.567642e+00 3.197249e+01 3.988000e+01
    endloop
  endfacet
  facet normal 0.000000e+00 0.000000e+00 -1.000000e+00
    outer loop
      vertex   -3.567642e+00 3.197249e+01 3.988000e+01
      vertex   -3.991016e+00 3.169146e+01 3.988000e+01
      vertex   -4.064826e+00 3.185384e+01 3.988000e+01
    endloop
  endfacet
  facet normal -0.000000e+00 0.000000e+00 -1.000000e+00
    outer loop
      vertex   -3.567642e+00 3.197249e+01 3.988000e+01
      vertex   -4.064826e+00 3.185384e+01 3.988000e+01
      vertex   -3.655183e+00 3.214968e+01 3.988000e+01
    endloop
  endfacet
  facet normal 0.000000e+00 0.000000e+00 -1.000000e+00
    outer loop
      vertex   -3.655183e+00 3.214968e+01 3.988000e+01
      vertex   -4.064826e+00 3.185384e+01 3.988000e+01
      vertex   -4.150997e+00 3.201001e+01 3.988000e+01
    endloop
  endfacet
  facet normal -0.000000e+00 0.000000e+00 -1.000000e+00
    outer loop
      vertex   -3.655183e+00 3.214968e+01 3.988000e+01
      vertex   -4.150997e+00 3.201001e+01 3.988000e+01
      vertex   -3.755004e+00 3.232025e+01 3.988000e+01
    endloop
  endfacet
  facet normal 0.000000e+00 0.000000e+00 -1.000000e+00
    outer loop
      vertex   -3.755004e+00 3.232025e+01 3.988000e+01
      vertex   -4.150997e+00 3.201001e+01 3.988000e+01
      vertex   -4.249011e+00 3.215904e+01 3.988000e+01
    endloop
  endfacet
  facet normal -0.000000e+00 0.000000e+00 -1.000000e+00
    outer loop
      vertex   -3.755004e+00 3.232025e+01 3.988000e+01
      vertex   -4.249011e+00 3.215904e+01 3.988000e+01
      vertex   -3.866609e+00 3.248335e+01 3.988000e+01
    endloop
  endfacet
  facet normal 0.000000e+00 0.000000e+00 -1.000000e+00
    outer loop
      vertex   -3.866609e+00 3.248335e+01 3.988000e+01
      vertex   -4.249011e+00 3.215904e+01 3.988000e+01
      vertex   -4.358279e+00 3.230002e+01 3.988000e+01
    endloop
  endfacet
  facet normal -0.000000e+00 0.000000e+00 -1.000000e+00
    outer loop
      vertex   -3.866609e+00 3.248335e+01 3.988000e+01
      vertex   -4.358279e+00 3.230002e+01 3.988000e+01
      vertex   -3.989441e+00 3.263818e+01 3.988000e+01
    endloop
  endfacet
  facet normal 0.000000e+00 0.000000e+00 -1.000000e+00
    outer loop
      vertex   -3.989441e+00 3.263818e+01 3.988000e+01
      vertex   -4.358279e+00 3.230002e+01 3.988000e+01
      vertex   -4.478143e+00 3.243210e+01 3.988000e+01
    endloop
  endfacet
  facet normal -0.000000e+00 0.000000e+00 -1.000000e+00
    outer loop
      vertex   -3.989441e+00 3.263818e+01 3.988000e+01
      vertex   -4.478143e+00 3.243210e+01 3.988000e+01
      vertex   -4.122887e+00 3.278395e+01 3.988000e+01
    endloop
  endfacet
  facet normal -0.000000e+00 0.000000e+00 -1.000000e+00
    outer loop
      vertex   -4.122887e+00 3.278395e+01 3.988000e+01
      vertex   -4.478143e+00 3.243210e+01 3.988000e+01
      vertex   -4.266285e+00 3.291995e+01 3.988000e+01
    endloop
  endfacet
  facet normal 0.000000e+00 0.000000e+00 -1.000000e+00
    outer loop
      vertex   -4.266285e+00 3.291995e+01 3.988000e+01
      vertex   -4.478143e+00 3.243210e+01 3.988000e+01
      vertex   -4.607882e+00 3.255451e+01 3.988000e+01
    endloop
  endfacet
  facet normal -0.000000e+00 0.000000e+00 -1.000000e+00
    outer loop
      vertex   -4.266285e+00 3.291995e+01 3.988000e+01
      vertex   -4.607882e+00 3.255451e+01 3.988000e+01
      vertex   -4.418918e+00 3.304550e+01 3.988000e+01
    endloop
  endfacet
  facet normal 0.000000e+00 0.000000e+00 -1.000000e+00
    outer loop
      vertex   -4.418918e+00 3.304550e+01 3.988000e+01
      vertex   -4.607882e+00 3.255451e+01 3.988000e+01
      vertex   -4.746716e+00 3.266649e+01 3.988000e+01
    endloop
  endfacet
  facet normal -0.000000e+00 0.000000e+00 -1.000000e+00
    outer loop
      vertex   -4.418918e+00 3.304550e+01 3.988000e+01
      vertex   -4.746716e+00 3.266649e+01 3.988000e+01
      vertex   -4.580027e+00 3.315996e+01 3.988000e+01
    endloop
  endfacet
  facet normal 0.000000e+00 0.000000e+00 -1.000000e+00
    outer loop
      vertex   -4.580027e+00 3.315996e+01 3.988000e+01
      vertex   -4.746716e+00 3.266649e+01 3.988000e+01
      vertex   -4.893811e+00 3.276737e+01 3.988000e+01
    endloop
  endfacet
  facet normal -0.000000e+00 0.000000e+00 -1.000000e+00
    outer loop
      vertex   -4.580027e+00 3.315996e+01 3.988000e+01
      vertex   -4.893811e+00 3.276737e+01 3.988000e+01
      vertex   -4.748809e+00 3.326278e+01 3.988000e+01
    endloop
  endfacet
  facet normal 0.000000e+00 0.000000e+00 -1.000000e+00
    outer loop
      vertex   -4.748809e+00 3.326278e+01 3.988000e+01
      vertex   -4.893811e+00 3.276737e+01 3.988000e+01
      vertex   -5.048281e+00 3.285656e+01 3.988000e+01
    endloop
  endfacet
  facet normal -0.000000e+00 0.000000e+00 -1.000000e+00
    outer loop
      vertex   -4.748809e+00 3.326278e+01 3.988000e+01
      vertex   -5.048281e+00 3.285656e+01 3.988000e+01
      vertex   -4.924423e+00 3.335343e+01 3.988000e+01
    endloop
  endfacet
  facet normal 0.000000e+00 0.000000e+00 -1.000000e+00
    outer loop
      vertex   -4.924423e+00 3.335343e+01 3.988000e+01
      vertex   -5.048281e+00 3.285656e+01 3.988000e+01
      vertex   -5.209198e+00 3.293350e+01 3.988000e+01
    endloop
  endfacet
  facet normal -0.000000e+00 0.000000e+00 -1.000000e+00
    outer loop
      vertex   -4.924423e+00 3.335343e+01 3.988000e+01
      vertex   -5.209198e+00 3.293350e+01 3.988000e+01
      vertex   -5.105994e+00 3.343147e+01 3.988000e+01
    endloop
  endfacet
  facet normal 0.000000e+00 0.000000e+00 -1.000000e+00
    outer loop
      vertex   -5.105994e+00 3.343147e+01 3.988000e+01
      vertex   -5.209198e+00 3.293350e+01 3.988000e+01
      vertex   -5.375593e+00 3.299774e+01 3.988000e+01
    endloop
  endfacet
  facet normal -0.000000e+00 0.000000e+00 -1.000000e+00
    outer loop
      vertex   -5.105994e+00 3.343147e+01 3.988000e+01
      vertex   -5.375593e+00 3.299774e+01 3.988000e+01
      vertex   -5.292618e+00 3.349651e+01 3.988000e+01
    endloop
  endfacet
  facet normal 0.000000e+00 0.000000e+00 -1.000000e+00
    outer loop
      vertex   -5.292618e+00 3.349651e+01 3.988000e+01
      vertex   -5.375593e+00 3.299774e+01 3.988000e+01
      vertex   -5.546466e+00 3.304890e+01 3.988000e+01
    endloop
  endfacet
  facet normal -0.000000e+00 0.000000e+00 -1.000000e+00
    outer loop
      vertex   -5.292618e+00 3.349651e+01 3.988000e+01
      vertex   -5.546466e+00 3.304890e+01 3.988000e+01
      vertex   -5.483365e+00 3.354823e+01 3.988000e+01
    endloop
  endfacet
  facet normal 0.000000e+00 0.000000e+00 -1.000000e+00
    outer loop
      vertex   -5.483365e+00 3.354823e+01 3.988000e+01
      vertex   -5.546466e+00 3.304890e+01 3.988000e+01
      vertex   -5.720790e+00 3.308666e+01 3.988000e+01
    endloop
  endfacet
  facet normal -0.000000e+00 0.000000e+00 -1.000000e+00
    outer loop
      vertex   -5.483365e+00 3.354823e+01 3.988000e+01
      vertex   -5.720790e+00 3.308666e+01 3.988000e+01
      vertex   -5.677284e+00 3.358635e+01 3.988000e+01
    endloop
  endfacet
  facet normal 0.000000e+00 0.000000e+00 -1.000000e+00
    outer loop
      vertex   -5.677284e+00 3.358635e+01 3.988000e+01
      vertex   -5.720790e+00 3.308666e+01 3.988000e+01
      vertex   -5.897516e+00 3.311080e+01 3.988000e+01
    endloop
  endfacet
  facet normal -0.000000e+00 0.000000e+00 -1.000000e+00
    outer loop
      vertex   -5.677284e+00 3.358635e+01 3.988000e+01
      vertex   -5.897516e+00 3.311080e+01 3.988000e+01
      vertex   -5.873410e+00 3.361071e+01 3.988000e+01
    endloop
  endfacet
  facet normal 0.000000e+00 0.000000e+00 -1.000000e+00
    outer loop
      vertex   -5.873410e+00 3.361071e+01 3.988000e+01
      vertex   -5.897516e+00 3.311080e+01 3.988000e+01
      vertex   -6.075581e+00 3.312117e+01 3.988000e+01
    endloop
  endfacet
  facet normal -0.000000e+00 0.000000e+00 -1.000000e+00
    outer loop
      vertex   -5.873410e+00 3.361071e+01 3.988000e+01
      vertex   -6.075581e+00 3.312117e+01 3.988000e+01
      vertex   -6.070765e+00 3.362117e+01 3.988000e+01
    endloop
  endfacet
  facet normal 0.000000e+00 0.000000e+00 -1.000000e+00
    outer loop
      vertex   -6.070765e+00 3.362117e+01 3.988000e+01
      vertex   -6.075581e+00 3.312117e+01 3.988000e+01
      vertex   -6.268367e+00 3.361768e+01 3.988000e+01
    endloop
  endfacet
  facet normal 0.000000e+00 0.000000e+00 -1.000000e+00
    outer loop
      vertex   -6.268367e+00 3.361768e+01 3.988000e+01
      vertex   -6.075581e+00 3.312117e+01 3.988000e+01
      vertex   -6.253914e+00 3.311771e+01 3.988000e+01
    endloop
  endfacet
  facet normal 0.000000e+00 -0.000000e+00 -1.000000e+00
    outer loop
      vertex   -6.268367e+00 3.361768e+01 3.988000e+01
      vertex   -6.253914e+00 3.311771e+01 3.988000e+01
      vertex   -6.465230e+00 3.360026e+01 3.988000e+01
    endloop
  endfacet
  facet normal 0.000000e+00 0.000000e+00 -1.000000e+00
    outer loop
      vertex   -6.465230e+00 3.360026e+01 3.988000e+01
      vertex   -6.253914e+00 3.311771e+01 3.988000e+01
      vertex   -6.431443e+00 3.310044e+01 3.988000e+01
    endloop
  endfacet
  facet normal 0.000000e+00 -0.000000e+00 -1.000000e+00
    outer loop
      vertex   -6.465230e+00 3.360026e+01 3.988000e+01
      vertex   -6.431443e+00 3.310044e+01 3.988000e+01
      vertex   -6.660374e+00 3.356900e+01 3.988000e+01
    endloop
  endfacet
  facet normal 0.000000e+00 0.000000e+00 -1.000000e+00
    outer loop
      vertex   -6.660374e+00 3.356900e+01 3.988000e+01
      vertex   -6.431443e+00 3.310044e+01 3.988000e+01
      vertex   -6.607100e+00 3.306947e+01 3.988000e+01
    endloop
  endfacet
  facet normal 0.000000e+00 -0.000000e+00 -1.000000e+00
    outer loop
      vertex   -6.660374e+00 3.356900e+01 3.988000e+01
      vertex   -6.607100e+00 3.306947e+01 3.988000e+01
      vertex   -6.852827e+00 3.352405e+01 3.988000e+01
    endloop
  endfacet
  facet normal 0.000000e+00 0.000000e+00 -1.000000e+00
    outer loop
      vertex   -6.852827e+00 3.352405e+01 3.988000e+01
      vertex   -6.607100e+00 3.306947e+01 3.988000e+01
      vertex   -6.779829e+00 3.302498e+01 3.988000e+01
    endloop
  endfacet
  facet normal 0.000000e+00 -0.000000e+00 -1.000000e+00
    outer loop
      vertex   -6.852827e+00 3.352405e+01 3.988000e+01
      vertex   -6.779829e+00 3.302498e+01 3.988000e+01
      vertex   -7.041630e+00 3.346564e+01 3.988000e+01
    endloop
  endfacet
  facet normal 0.000000e+00 0.000000e+00 -1.000000e+00
    outer loop
      vertex   -7.041630e+00 3.346564e+01 3.988000e+01
      vertex   -6.779829e+00 3.302498e+01 3.988000e+01
      vertex   -6.948590e+00 3.296724e+01 3.988000e+01
    endloop
  endfacet
  facet normal 0.000000e+00 -0.000000e+00 -1.000000e+00
    outer loop
      vertex   -7.041630e+00 3.346564e+01 3.988000e+01
      vertex   -6.948590e+00 3.296724e+01 3.988000e+01
      vertex   -7.225842e+00 3.339406e+01 3.988000e+01
    endloop
  endfacet
  facet normal 0.000000e+00 0.000000e+00 -1.000000e+00
    outer loop
      vertex   -7.225842e+00 3.339406e+01 3.988000e+01
      vertex   -6.948590e+00 3.296724e+01 3.988000e+01
      vertex   -7.112369e+00 3.289659e+01 3.988000e+01
    endloop
  endfacet
  facet normal 0.000000e+00 -0.000000e+00 -1.000000e+00
    outer loop
      vertex   -7.225842e+00 3.339406e+01 3.988000e+01
      vertex   -7.112369e+00 3.289659e+01 3.988000e+01
      vertex   -7.404546e+00 3.330966e+01 3.988000e+01
    endloop
  endfacet
  facet normal 0.000000e+00 0.000000e+00 -1.000000e+00
    outer loop
      vertex   -7.404546e+00 3.330966e+01 3.988000e+01
      vertex   -7.112369e+00 3.289659e+01 3.988000e+01
      vertex   -7.270181e+00 3.281346e+01 3.988000e+01
    endloop
  endfacet
  facet normal 0.000000e+00 -0.000000e+00 -1.000000e+00
    outer loop
      vertex   -7.404546e+00 3.330966e+01 3.988000e+01
      vertex   -7.270181e+00 3.281346e+01 3.988000e+01
      vertex   -7.576852e+00 3.321286e+01 3.988000e+01
    endloop
  endfacet
  facet normal 0.000000e+00 0.000000e+00 -1.000000e+00
    outer loop
      vertex   -7.576852e+00 3.321286e+01 3.988000e+01
      vertex   -7.270181e+00 3.281346e+01 3.988000e+01
      vertex   -7.421077e+00 3.271836e+01 3.988000e+01
    endloop
  endfacet
  facet normal 0.000000e+00 -0.000000e+00 -1.000000e+00
    outer loop
      vertex   -7.576852e+00 3.321286e+01 3.988000e+01
      vertex   -7.421077e+00 3.271836e+01 3.988000e+01
      vertex   -7.741900e+00 3.310415e+01 3.988000e+01
    endloop
  endfacet
  facet normal 0.000000e+00 0.000000e+00 -1.000000e+00
    outer loop
      vertex   -7.741900e+00 3.310415e+01 3.988000e+01
      vertex   -7.421077e+00 3.271836e+01 3.988000e+01
      vertex   -7.564149e+00 3.261184e+01 3.988000e+01
    endloop
  endfacet
  facet normal 0.000000e+00 -0.000000e+00 -1.000000e+00
    outer loop
      vertex   -7.741900e+00 3.310415e+01 3.988000e+01
      vertex   -7.564149e+00 3.261184e+01 3.988000e+01
      vertex   -7.898869e+00 3.298407e+01 3.988000e+01
    endloop
  endfacet
  facet normal 0.000000e+00 0.000000e+00 -1.000000e+00
    outer loop
      vertex   -7.898869e+00 3.298407e+01 3.988000e+01
      vertex   -7.564149e+00 3.261184e+01 3.988000e+01
      vertex   -7.698537e+00 3.249456e+01 3.988000e+01
    endloop
  endfacet
  facet normal 0.000000e+00 -0.000000e+00 -1.000000e+00
    outer loop
      vertex   -7.898869e+00 3.298407e+01 3.988000e+01
      vertex   -7.698537e+00 3.249456e+01 3.988000e+01
      vertex   -8.046976e+00 3.285322e+01 3.988000e+01
    endloop
  endfacet
  facet normal 0.000000e+00 -0.000000e+00 -1.000000e+00
    outer loop
      vertex   -8.046976e+00 3.285322e+01 3.988000e+01
      vertex   -7.698537e+00 3.249456e+01 3.988000e+01
      vertex   -8.185485e+00 3.271224e+01 3.988000e+01
    endloop
  endfacet
  facet normal 0.000000e+00 0.000000e+00 -1.000000e+00
    outer loop
      vertex   -8.185485e+00 3.271224e+01 3.988000e+01
      vertex   -7.698537e+00 3.249456e+01 3.988000e+01
      vertex   -7.823432e+00 3.236722e+01 3.988000e+01
    endloop
  endfacet
  facet normal 0.000000e+00 -0.000000e+00 -1.000000e+00
    outer loop
      vertex   -8.185485e+00 3.271224e+01 3.988000e+01
      vertex   -7.823432e+00 3.236722e+01 3.988000e+01
      vertex   -8.313704e+00 3.256185e+01 3.988000e+01
    endloop
  endfacet
  facet normal 0.000000e+00 0.000000e+00 -1.000000e+00
    outer loop
      vertex   -8.313704e+00 3.256185e+01 3.988000e+01
      vertex   -7.823432e+00 3.236722e+01 3.988000e+01
      vertex   -7.938084e+00 3.223058e+01 3.988000e+01
    endloop
  endfacet
  facet normal 0.000000e+00 -0.000000e+00 -1.000000e+00
    outer loop
      vertex   -8.313704e+00 3.256185e+01 3.988000e+01
      vertex   -7.938084e+00 3.223058e+01 3.988000e+01
      vertex   -8.430995e+00 3.240279e+01 3.988000e+01
    endloop
  endfacet
  facet normal 0.000000e+00 0.000000e+00 -1.000000e+00
    outer loop
      vertex   -8.430995e+00 3.240279e+01 3.988000e+01
      vertex   -7.938084e+00 3.223058e+01 3.988000e+01
      vertex   -8.041803e+00 3.208547e+01 3.988000e+01
    endloop
  endfacet
  facet normal 0.000000e+00 -0.000000e+00 -1.000000e+00
    outer loop
      vertex   -8.430995e+00 3.240279e+01 3.988000e+01
      vertex   -8.041803e+00 3.208547e+01 3.988000e+01
      vertex   -8.536774e+00 3.223585e+01 3.988000e+01
    endloop
  endfacet
  facet normal 0.000000e+00 0.000000e+00 -1.000000e+00
    outer loop
      vertex   -8.536774e+00 3.223585e+01 3.988000e+01
      vertex   -8.041803e+00 3.208547e+01 3.988000e+01
      vertex   -8.133965e+00 3.193276e+01 3.988000e+01
    endloop
  endfacet
  facet normal 0.000000e+00 -0.000000e+00 -1.000000e+00
    outer loop
      vertex   -8.536774e+00 3.223585e+01 3.988000e+01
      vertex   -8.133965e+00 3.193276e+01 3.988000e+01
      vertex   -8.630513e+00 3.206186e+01 3.988000e+01
    endloop
  endfacet
  facet normal 0.000000e+00 0.000000e+00 -1.000000e+00
    outer loop
      vertex   -8.630513e+00 3.206186e+01 3.988000e+01
      vertex   -8.133965e+00 3.193276e+01 3.988000e+01
      vertex   -8.214016e+00 3.177337e+01 3.988000e+01
    endloop
  endfacet
  facet normal 0.000000e+00 -0.000000e+00 -1.000000e+00
    outer loop
      vertex   -8.630513e+00 3.206186e+01 3.988000e+01
      vertex   -8.214016e+00 3.177337e+01 3.988000e+01
      vertex   -8.711747e+00 3.188169e+01 3.988000e+01
    endloop
  endfacet
  facet normal 0.000000e+00 0.000000e+00 -1.000000e+00
    outer loop
      vertex   -8.711747e+00 3.188169e+01 3.988000e+01
      vertex   -8.214016e+00 3.177337e+01 3.988000e+01
      vertex   -8.281474e+00 3.160825e+01 3.988000e+01
    endloop
  endfacet
  facet normal 0.000000e+00 -0.000000e+00 -1.000000e+00
    outer loop
      vertex   -8.711747e+00 3.188169e+01 3.988000e+01
      vertex   -8.281474e+00 3.160825e+01 3.988000e+01
      vertex   -8.780069e+00 3.169625e+01 3.988000e+01
    endloop
  endfacet
  facet normal 0.000000e+00 0.000000e+00 -1.000000e+00
    outer loop
      vertex   -8.780069e+00 3.169625e+01 3.988000e+01
      vertex   -8.281474e+00 3.160825e+01 3.988000e+01
      vertex   -8.335934e+00 3.143840e+01 3.988000e+01
    endloop
  endfacet
  facet normal 0.000000e+00 -0.000000e+00 -1.000000e+00
    outer loop
      vertex   -8.780069e+00 3.169625e+01 3.988000e+01
      vertex   -8.335934e+00 3.143840e+01 3.988000e+01
      vertex   -8.835139e+00 3.150644e+01 3.988000e+01
    endloop
  endfacet
  facet normal 0.000000e+00 0.000000e+00 -1.000000e+00
    outer loop
      vertex   -8.835139e+00 3.150644e+01 3.988000e+01
      vertex   -8.335934e+00 3.143840e+01 3.988000e+01
      vertex   -8.377068e+00 3.126484e+01 3.988000e+01
    endloop
  endfacet
  facet normal 0.000000e+00 -0.000000e+00 -1.000000e+00
    outer loop
      vertex   -8.835139e+00 3.150644e+01 3.988000e+01
      vertex   -8.377068e+00 3.126484e+01 3.988000e+01
      vertex   -8.876684e+00 3.131323e+01 3.988000e+01
    endloop
  endfacet
  facet normal 0.000000e+00 0.000000e+00 -1.000000e+00
    outer loop
      vertex   -8.876684e+00 3.131323e+01 3.988000e+01
      vertex   -8.377068e+00 3.126484e+01 3.988000e+01
      vertex   -8.404629e+00 3.108862e+01 3.988000e+01
    endloop
  endfacet
  facet normal 0.000000e+00 -0.000000e+00 -1.000000e+00
    outer loop
      vertex   -8.876684e+00 3.131323e+01 3.988000e+01
      vertex   -8.404629e+00 3.108862e+01 3.988000e+01
      vertex   -8.904496e+00 3.111756e+01 3.988000e+01
    endloop
  endfacet
  facet normal 0.000000e+00 0.000000e+00 -1.000000e+00
    outer loop
      vertex   -8.904496e+00 3.111756e+01 3.988000e+01
      vertex   -8.404629e+00 3.108862e+01 3.988000e+01
      vertex   -8.418451e+00 3.091079e+01 3.988000e+01
    endloop
  endfacet
  facet normal 0.000000e+00 -0.000000e+00 -1.000000e+00
    outer loop
      vertex   -8.904496e+00 3.111756e+01 3.988000e+01
      vertex   -8.418451e+00 3.091079e+01 3.988000e+01
      vertex   -8.918437e+00 3.092042e+01 3.988000e+01
    endloop
  endfacet
  facet normal 0.000000e+00 0.000000e+00 -1.000000e+00
    outer loop
      vertex   -8.918437e+00 3.092042e+01 3.988000e+01
      vertex   -8.418451e+00 3.091079e+01 3.988000e+01
      vertex   -8.418451e+00 3.073242e+01 3.988000e+01
    endloop
  endfacet
  facet normal 0.000000e+00 0.000000e+00 -1.000000e+00
    outer loop
      vertex   -8.918437e+00 3.092042e+01 3.988000e+01
      vertex   -8.418451e+00 3.073242e+01 3.988000e+01
      vertex   -8.918437e+00 3.072279e+01 3.988000e+01
    endloop
  endfacet
  facet normal 0.000000e+00 0.000000e+00 -1.000000e+00
    outer loop
      vertex   -8.918437e+00 3.072279e+01 3.988000e+01
      vertex   -8.418451e+00 3.073242e+01 3.988000e+01
      vertex   -8.904496e+00 3.052565e+01 3.988000e+01
    endloop
  endfacet
  facet normal 0.000000e+00 0.000000e+00 -1.000000e+00
    outer loop
      vertex   -8.904496e+00 3.052565e+01 3.988000e+01
      vertex   -8.418451e+00 3.073242e+01 3.988000e+01
      vertex   -8.404629e+00 3.055459e+01 3.988000e+01
    endloop
  endfacet
  facet normal 0.000000e+00 0.000000e+00 -1.000000e+00
    outer loop
      vertex   -8.904496e+00 3.052565e+01 3.988000e+01
      vertex   -8.404629e+00 3.055459e+01 3.988000e+01
      vertex   -8.876684e+00 3.032998e+01 3.988000e+01
    endloop
  endfacet
  facet normal 0.000000e+00 0.000000e+00 -1.000000e+00
    outer loop
      vertex   -8.876684e+00 3.032998e+01 3.988000e+01
      vertex   -8.404629e+00 3.055459e+01 3.988000e+01
      vertex   -8.377068e+00 3.037837e+01 3.988000e+01
    endloop
  endfacet
  facet normal 0.000000e+00 0.000000e+00 -1.000000e+00
    outer loop
      vertex   -8.876684e+00 3.032998e+01 3.988000e+01
      vertex   -8.377068e+00 3.037837e+01 3.988000e+01
      vertex   -8.835139e+00 3.013677e+01 3.988000e+01
    endloop
  endfacet
  facet normal 0.000000e+00 0.000000e+00 -1.000000e+00
    outer loop
      vertex   -8.835139e+00 3.013677e+01 3.988000e+01
      vertex   -8.377068e+00 3.037837e+01 3.988000e+01
      vertex   -8.335934e+00 3.020481e+01 3.988000e+01
    endloop
  endfacet
  facet normal 0.000000e+00 0.000000e+00 -1.000000e+00
    outer loop
      vertex   -8.835139e+00 3.013677e+01 3.988000e+01
      vertex   -8.335934e+00 3.020481e+01 3.988000e+01
      vertex   -8.780069e+00 2.994696e+01 3.988000e+01
    endloop
  endfacet
  facet normal 0.000000e+00 0.000000e+00 -1.000000e+00
    outer loop
      vertex   -8.780069e+00 2.994696e+01 3.988000e+01
      vertex   -8.335934e+00 3.020481e+01 3.988000e+01
      vertex   -8.281474e+00 3.003496e+01 3.988000e+01
    endloop
  endfacet
  facet normal 0.000000e+00 0.000000e+00 -1.000000e+00
    outer loop
      vertex   -8.780069e+00 2.994696e+01 3.988000e+01
      vertex   -8.281474e+00 3.003496e+01 3.988000e+01
      vertex   -8.711747e+00 2.976151e+01 3.988000e+01
    endloop
  endfacet
  facet normal 0.000000e+00 0.000000e+00 -1.000000e+00
    outer loop
      vertex   -8.711747e+00 2.976151e+01 3.988000e+01
      vertex   -8.281474e+00 3.003496e+01 3.988000e+01
      vertex   -8.214016e+00 2.986984e+01 3.988000e+01
    endloop
  endfacet
  facet normal 0.000000e+00 0.000000e+00 -1.000000e+00
    outer loop
      vertex   -8.711747e+00 2.976151e+01 3.988000e+01
      vertex   -8.214016e+00 2.986984e+01 3.988000e+01
      vertex   -8.630513e+00 2.958135e+01 3.988000e+01
    endloop
  endfacet
  facet normal 0.000000e+00 0.000000e+00 -1.000000e+00
    outer loop
      vertex   -8.630513e+00 2.958135e+01 3.988000e+01
      vertex   -8.214016e+00 2.986984e+01 3.988000e+01
      vertex   -8.133965e+00 2.971044e+01 3.988000e+01
    endloop
  endfacet
  facet normal 0.000000e+00 0.000000e+00 -1.000000e+00
    outer loop
      vertex   -8.630513e+00 2.958135e+01 3.988000e+01
      vertex   -8.133965e+00 2.971044e+01 3.988000e+01
      vertex   -8.536774e+00 2.940736e+01 3.988000e+01
    endloop
  endfacet
  facet normal 0.000000e+00 0.000000e+00 -1.000000e+00
    outer loop
      vertex   -8.536774e+00 2.940736e+01 3.988000e+01
      vertex   -8.133965e+00 2.971044e+01 3.988000e+01
      vertex   -8.041803e+00 2.955773e+01 3.988000e+01
    endloop
  endfacet
  facet normal 0.000000e+00 0.000000e+00 -1.000000e+00
    outer loop
      vertex   -8.536774e+00 2.940736e+01 3.988000e+01
      vertex   -8.041803e+00 2.955773e+01 3.988000e+01
      vertex   -8.430995e+00 2.924042e+01 3.988000e+01
    endloop
  endfacet
  facet normal 0.000000e+00 0.000000e+00 -1.000000e+00
    outer loop
      vertex   -8.430995e+00 2.924042e+01 3.988000e+01
      vertex   -8.041803e+00 2.955773e+01 3.988000e+01
      vertex   -7.938084e+00 2.941262e+01 3.988000e+01
    endloop
  endfacet
  facet normal 0.000000e+00 0.000000e+00 -1.000000e+00
    outer loop
      vertex   -8.430995e+00 2.924042e+01 3.988000e+01
      vertex   -7.938084e+00 2.941262e+01 3.988000e+01
      vertex   -8.313704e+00 2.908136e+01 3.988000e+01
    endloop
  endfacet
  facet normal 0.000000e+00 0.000000e+00 -1.000000e+00
    outer loop
      vertex   -8.313704e+00 2.908136e+01 3.988000e+01
      vertex   -7.938084e+00 2.941262e+01 3.988000e+01
      vertex   -7.823432e+00 2.927599e+01 3.988000e+01
    endloop
  endfacet
  facet normal 0.000000e+00 0.000000e+00 -1.000000e+00
    outer loop
      vertex   -8.313704e+00 2.908136e+01 3.988000e+01
      vertex   -7.823432e+00 2.927599e+01 3.988000e+01
      vertex   -8.185485e+00 2.893096e+01 3.988000e+01
    endloop
  endfacet
  facet normal 0.000000e+00 0.000000e+00 -1.000000e+00
    outer loop
      vertex   -8.185485e+00 2.893096e+01 3.988000e+01
      vertex   -7.823432e+00 2.927599e+01 3.988000e+01
      vertex   -7.698537e+00 2.914864e+01 3.988000e+01
    endloop
  endfacet
  facet normal 0.000000e+00 0.000000e+00 -1.000000e+00
    outer loop
      vertex   -8.185485e+00 2.893096e+01 3.988000e+01
      vertex   -7.698537e+00 2.914864e+01 3.988000e+01
      vertex   -8.046976e+00 2.878999e+01 3.988000e+01
    endloop
  endfacet
  facet normal 0.000000e+00 0.000000e+00 -1.000000e+00
    outer loop
      vertex   -8.046976e+00 2.878999e+01 3.988000e+01
      vertex   -7.698537e+00 2.914864e+01 3.988000e+01
      vertex   -7.898869e+00 2.865914e+01 3.988000e+01
    endloop
  endfacet
  facet normal 0.000000e+00 0.000000e+00 -1.000000e+00
    outer loop
      vertex   -7.898869e+00 2.865914e+01 3.988000e+01
      vertex   -7.698537e+00 2.914864e+01 3.988000e+01
      vertex   -7.564149e+00 2.903136e+01 3.988000e+01
    endloop
  endfacet
  facet normal 0.000000e+00 0.000000e+00 -1.000000e+00
    outer loop
      vertex   -7.898869e+00 2.865914e+01 3.988000e+01
      vertex   -7.564149e+00 2.903136e+01 3.988000e+01
      vertex   -7.741900e+00 2.853905e+01 3.988000e+01
    endloop
  endfacet
  facet normal 0.000000e+00 0.000000e+00 -1.000000e+00
    outer loop
      vertex   -7.741900e+00 2.853905e+01 3.988000e+01
      vertex   -7.564149e+00 2.903136e+01 3.988000e+01
      vertex   -7.421077e+00 2.892485e+01 3.988000e+01
    endloop
  endfacet
  facet normal 0.000000e+00 0.000000e+00 -1.000000e+00
    outer loop
      vertex   -7.741900e+00 2.853905e+01 3.988000e+01
      vertex   -7.421077e+00 2.892485e+01 3.988000e+01
      vertex   -7.576852e+00 2.843035e+01 3.988000e+01
    endloop
  endfacet
  facet normal 0.000000e+00 0.000000e+00 -1.000000e+00
    outer loop
      vertex   -7.576852e+00 2.843035e+01 3.988000e+01
      vertex   -7.421077e+00 2.892485e+01 3.988000e+01
      vertex   -7.270181e+00 2.882975e+01 3.988000e+01
    endloop
  endfacet
  facet normal 0.000000e+00 0.000000e+00 -1.000000e+00
    outer loop
      vertex   -7.576852e+00 2.843035e+01 3.988000e+01
      vertex   -7.270181e+00 2.882975e+01 3.988000e+01
      vertex   -7.404546e+00 2.833355e+01 3.988000e+01
    endloop
  endfacet
  facet normal 0.000000e+00 0.000000e+00 -1.000000e+00
    outer loop
      vertex   -7.404546e+00 2.833355e+01 3.988000e+01
      vertex   -7.270181e+00 2.882975e+01 3.988000e+01
      vertex   -7.112369e+00 2.874662e+01 3.988000e+01
    endloop
  endfacet
  facet normal 0.000000e+00 0.000000e+00 -1.000000e+00
    outer loop
      vertex   -7.404546e+00 2.833355e+01 3.988000e+01
      vertex   -7.112369e+00 2.874662e+01 3.988000e+01
      vertex   -7.225842e+00 2.824915e+01 3.988000e+01
    endloop
  endfacet
  facet normal 0.000000e+00 0.000000e+00 -1.000000e+00
    outer loop
      vertex   -7.225842e+00 2.824915e+01 3.988000e+01
      vertex   -7.112369e+00 2.874662e+01 3.988000e+01
      vertex   -6.948590e+00 2.867597e+01 3.988000e+01
    endloop
  endfacet
  facet normal 0.000000e+00 0.000000e+00 -1.000000e+00
    outer loop
      vertex   -7.225842e+00 2.824915e+01 3.988000e+01
      vertex   -6.948590e+00 2.867597e+01 3.988000e+01
      vertex   -7.041630e+00 2.817757e+01 3.988000e+01
    endloop
  endfacet
  facet normal 0.000000e+00 0.000000e+00 -1.000000e+00
    outer loop
      vertex   -7.041630e+00 2.817757e+01 3.988000e+01
      vertex   -6.948590e+00 2.867597e+01 3.988000e+01
      vertex   -6.779829e+00 2.861823e+01 3.988000e+01
    endloop
  endfacet
  facet normal 0.000000e+00 0.000000e+00 -1.000000e+00
    outer loop
      vertex   -7.041630e+00 2.817757e+01 3.988000e+01
      vertex   -6.779829e+00 2.861823e+01 3.988000e+01
      vertex   -6.852827e+00 2.811915e+01 3.988000e+01
    endloop
  endfacet
  facet normal 0.000000e+00 0.000000e+00 -1.000000e+00
    outer loop
      vertex   -6.852827e+00 2.811915e+01 3.988000e+01
      vertex   -6.779829e+00 2.861823e+01 3.988000e+01
      vertex   -6.607100e+00 2.857374e+01 3.988000e+01
    endloop
  endfacet
  facet normal 0.000000e+00 0.000000e+00 -1.000000e+00
    outer loop
      vertex   -6.852827e+00 2.811915e+01 3.988000e+01
      vertex   -6.607100e+00 2.857374e+01 3.988000e+01
      vertex   -6.660374e+00 2.807421e+01 3.988000e+01
    endloop
  endfacet
  facet normal 0.000000e+00 0.000000e+00 -1.000000e+00
    outer loop
      vertex   -6.660374e+00 2.807421e+01 3.988000e+01
      vertex   -6.607100e+00 2.857374e+01 3.988000e+01
      vertex   -6.431443e+00 2.854276e+01 3.988000e+01
    endloop
  endfacet
  facet normal 0.000000e+00 0.000000e+00 -1.000000e+00
    outer loop
      vertex   -6.660374e+00 2.807421e+01 3.988000e+01
      vertex   -6.431443e+00 2.854276e+01 3.988000e+01
      vertex   -6.465230e+00 2.804295e+01 3.988000e+01
    endloop
  endfacet
  facet normal 0.000000e+00 0.000000e+00 -1.000000e+00
    outer loop
      vertex   -6.465230e+00 2.804295e+01 3.988000e+01
      vertex   -6.431443e+00 2.854276e+01 3.988000e+01
      vertex   -6.253914e+00 2.852549e+01 3.988000e+01
    endloop
  endfacet
  facet normal 0.000000e+00 0.000000e+00 -1.000000e+00
    outer loop
      vertex   -6.465230e+00 2.804295e+01 3.988000e+01
      vertex   -6.253914e+00 2.852549e+01 3.988000e+01
      vertex   -6.268367e+00 2.802553e+01 3.988000e+01
    endloop
  endfacet
  facet normal 0.000000e+00 0.000000e+00 -1.000000e+00
    outer loop
      vertex   -6.268367e+00 2.802553e+01 3.988000e+01
      vertex   -6.253914e+00 2.852549e+01 3.988000e+01
      vertex   -6.075581e+00 2.852204e+01 3.988000e+01
    endloop
  endfacet
  facet normal 0.000000e+00 0.000000e+00 -1.000000e+00
    outer loop
      vertex   -6.268367e+00 2.802553e+01 3.988000e+01
      vertex   -6.075581e+00 2.852204e+01 3.988000e+01
      vertex   -6.070765e+00 2.802204e+01 3.988000e+01
    endloop
  endfacet
  facet normal 0.000000e+00 0.000000e+00 -1.000000e+00
    outer loop
      vertex   -6.070765e+00 2.802204e+01 3.988000e+01
      vertex   -6.075581e+00 2.852204e+01 3.988000e+01
      vertex   -5.873410e+00 2.803250e+01 3.988000e+01
    endloop
  endfacet
  facet normal 0.000000e+00 0.000000e+00 -1.000000e+00
    outer loop
      vertex   -5.873410e+00 2.803250e+01 3.988000e+01
      vertex   -6.075581e+00 2.852204e+01 3.988000e+01
      vertex   -5.897516e+00 2.853241e+01 3.988000e+01
    endloop
  endfacet
  facet normal 0.000000e+00 0.000000e+00 -1.000000e+00
    outer loop
      vertex   -5.873410e+00 2.803250e+01 3.988000e+01
      vertex   -5.897516e+00 2.853241e+01 3.988000e+01
      vertex   -5.677284e+00 2.805685e+01 3.988000e+01
    endloop
  endfacet
  facet normal 0.000000e+00 0.000000e+00 -1.000000e+00
    outer loop
      vertex   -5.677284e+00 2.805685e+01 3.988000e+01
      vertex   -5.897516e+00 2.853241e+01 3.988000e+01
      vertex   -5.720790e+00 2.855655e+01 3.988000e+01
    endloop
  endfacet
  facet normal 0.000000e+00 0.000000e+00 -1.000000e+00
    outer loop
      vertex   -5.677284e+00 2.805685e+01 3.988000e+01
      vertex   -5.720790e+00 2.855655e+01 3.988000e+01
      vertex   -5.483365e+00 2.809498e+01 3.988000e+01
    endloop
  endfacet
  facet normal 0.000000e+00 0.000000e+00 -1.000000e+00
    outer loop
      vertex   -5.483365e+00 2.809498e+01 3.988000e+01
      vertex   -5.720790e+00 2.855655e+01 3.988000e+01
      vertex   -5.546466e+00 2.859431e+01 3.988000e+01
    endloop
  endfacet
  facet normal 0.000000e+00 0.000000e+00 -1.000000e+00
    outer loop
      vertex   -5.483365e+00 2.809498e+01 3.988000e+01
      vertex   -5.546466e+00 2.859431e+01 3.988000e+01
      vertex   -5.292618e+00 2.814669e+01 3.988000e+01
    endloop
  endfacet
  facet normal 0.000000e+00 0.000000e+00 -1.000000e+00
    outer loop
      vertex   -5.292618e+00 2.814669e+01 3.988000e+01
      vertex   -5.546466e+00 2.859431e+01 3.988000e+01
      vertex   -5.375593e+00 2.864546e+01 3.988000e+01
    endloop
  endfacet
  facet normal 0.000000e+00 0.000000e+00 -1.000000e+00
    outer loop
      vertex   -5.292618e+00 2.814669e+01 3.988000e+01
      vertex   -5.375593e+00 2.864546e+01 3.988000e+01
      vertex   -5.105994e+00 2.821173e+01 3.988000e+01
    endloop
  endfacet
  facet normal 0.000000e+00 0.000000e+00 -1.000000e+00
    outer loop
      vertex   -5.105994e+00 2.821173e+01 3.988000e+01
      vertex   -5.375593e+00 2.864546e+01 3.988000e+01
      vertex   -5.209198e+00 2.870971e+01 3.988000e+01
    endloop
  endfacet
  facet normal 0.000000e+00 0.000000e+00 -1.000000e+00
    outer loop
      vertex   -5.105994e+00 2.821173e+01 3.988000e+01
      vertex   -5.209198e+00 2.870971e+01 3.988000e+01
      vertex   -4.924423e+00 2.828977e+01 3.988000e+01
    endloop
  endfacet
  facet normal 0.000000e+00 0.000000e+00 -1.000000e+00
    outer loop
      vertex   -4.924423e+00 2.828977e+01 3.988000e+01
      vertex   -5.209198e+00 2.870971e+01 3.988000e+01
      vertex   -5.048281e+00 2.878665e+01 3.988000e+01
    endloop
  endfacet
  facet normal 0.000000e+00 0.000000e+00 -1.000000e+00
    outer loop
      vertex   -4.924423e+00 2.828977e+01 3.988000e+01
      vertex   -5.048281e+00 2.878665e+01 3.988000e+01
      vertex   -4.748809e+00 2.838043e+01 3.988000e+01
    endloop
  endfacet
  facet normal 0.000000e+00 0.000000e+00 -1.000000e+00
    outer loop
      vertex   -4.748809e+00 2.838043e+01 3.988000e+01
      vertex   -5.048281e+00 2.878665e+01 3.988000e+01
      vertex   -4.893811e+00 2.887583e+01 3.988000e+01
    endloop
  endfacet
  facet normal 0.000000e+00 0.000000e+00 -1.000000e+00
    outer loop
      vertex   -4.748809e+00 2.838043e+01 3.988000e+01
      vertex   -4.893811e+00 2.887583e+01 3.988000e+01
      vertex   -4.580027e+00 2.848324e+01 3.988000e+01
    endloop
  endfacet
  facet normal 0.000000e+00 0.000000e+00 -1.000000e+00
    outer loop
      vertex   -4.580027e+00 2.848324e+01 3.988000e+01
      vertex   -4.893811e+00 2.887583e+01 3.988000e+01
      vertex   -4.746716e+00 2.897672e+01 3.988000e+01
    endloop
  endfacet
  facet normal 0.000000e+00 0.000000e+00 -1.000000e+00
    outer loop
      vertex   -4.580027e+00 2.848324e+01 3.988000e+01
      vertex   -4.746716e+00 2.897672e+01 3.988000e+01
      vertex   -4.418918e+00 2.859771e+01 3.988000e+01
    endloop
  endfacet
  facet normal 0.000000e+00 0.000000e+00 -1.000000e+00
    outer loop
      vertex   -4.418918e+00 2.859771e+01 3.988000e+01
      vertex   -4.746716e+00 2.897672e+01 3.988000e+01
      vertex   -4.607882e+00 2.908870e+01 3.988000e+01
    endloop
  endfacet
  facet normal 0.000000e+00 0.000000e+00 -1.000000e+00
    outer loop
      vertex   -4.418918e+00 2.859771e+01 3.988000e+01
      vertex   -4.607882e+00 2.908870e+01 3.988000e+01
      vertex   -4.266285e+00 2.872325e+01 3.988000e+01
    endloop
  endfacet
  facet normal 0.000000e+00 0.000000e+00 -1.000000e+00
    outer loop
      vertex   -4.266285e+00 2.872325e+01 3.988000e+01
      vertex   -4.607882e+00 2.908870e+01 3.988000e+01
      vertex   -4.478143e+00 2.921110e+01 3.988000e+01
    endloop
  endfacet
  facet normal 0.000000e+00 0.000000e+00 -1.000000e+00
    outer loop
      vertex   -4.266285e+00 2.872325e+01 3.988000e+01
      vertex   -4.478143e+00 2.921110e+01 3.988000e+01
      vertex   -4.122887e+00 2.885925e+01 3.988000e+01
    endloop
  endfacet
  facet normal 0.000000e+00 0.000000e+00 -1.000000e+00
    outer loop
      vertex   -4.122887e+00 2.885925e+01 3.988000e+01
      vertex   -4.478143e+00 2.921110e+01 3.988000e+01
      vertex   -3.989441e+00 2.900503e+01 3.988000e+01
    endloop
  endfacet
  facet normal 0.000000e+00 0.000000e+00 -1.000000e+00
    outer loop
      vertex   -3.989441e+00 2.900503e+01 3.988000e+01
      vertex   -4.478143e+00 2.921110e+01 3.988000e+01
      vertex   -4.358279e+00 2.934319e+01 3.988000e+01
    endloop
  endfacet
  facet normal 0.000000e+00 0.000000e+00 -1.000000e+00
    outer loop
      vertex   -3.989441e+00 2.900503e+01 3.988000e+01
      vertex   -4.358279e+00 2.934319e+01 3.988000e+01
      vertex   -3.866609e+00 2.915985e+01 3.988000e+01
    endloop
  endfacet
  facet normal 0.000000e+00 0.000000e+00 -1.000000e+00
    outer loop
      vertex   -3.866609e+00 2.915985e+01 3.988000e+01
      vertex   -4.358279e+00 2.934319e+01 3.988000e+01
      vertex   -4.249011e+00 2.948417e+01 3.988000e+01
    endloop
  endfacet
  facet normal 0.000000e+00 0.000000e+00 -1.000000e+00
    outer loop
      vertex   -3.866609e+00 2.915985e+01 3.988000e+01
      vertex   -4.249011e+00 2.948417e+01 3.988000e+01
      vertex   -3.755004e+00 2.932296e+01 3.988000e+01
    endloop
  endfacet
  facet normal 0.000000e+00 0.000000e+00 -1.000000e+00
    outer loop
      vertex   -3.755004e+00 2.932296e+01 3.988000e+01
      vertex   -4.249011e+00 2.948417e+01 3.988000e+01
      vertex   -4.150997e+00 2.963320e+01 3.988000e+01
    endloop
  endfacet
  facet normal 0.000000e+00 0.000000e+00 -1.000000e+00
    outer loop
      vertex   -3.755004e+00 2.932296e+01 3.988000e+01
      vertex   -4.150997e+00 2.963320e+01 3.988000e+01
      vertex   -3.655183e+00 2.949353e+01 3.988000e+01
    endloop
  endfacet
  facet normal 0.000000e+00 0.000000e+00 -1.000000e+00
    outer loop
      vertex   -3.655183e+00 2.949353e+01 3.988000e+01
      vertex   -4.150997e+00 2.963320e+01 3.988000e+01
      vertex   -4.064826e+00 2.978937e+01 3.988000e+01
    endloop
  endfacet
  facet normal 0.000000e+00 0.000000e+00 -1.000000e+00
    outer loop
      vertex   -3.655183e+00 2.949353e+01 3.988000e+01
      vertex   -4.064826e+00 2.978937e+01 3.988000e+01
      vertex   -3.567642e+00 2.967071e+01 3.988000e+01
    endloop
  endfacet
  facet normal 0.000000e+00 0.000000e+00 -1.000000e+00
    outer loop
      vertex   -3.567642e+00 2.967071e+01 3.988000e+01
      vertex   -4.064826e+00 2.978937e+01 3.988000e+01
      vertex   -3.991016e+00 2.995174e+01 3.988000e+01
    endloop
  endfacet
  facet normal 0.000000e+00 0.000000e+00 -1.000000e+00
    outer loop
      vertex   -3.567642e+00 2.967071e+01 3.988000e+01
      vertex   -3.991016e+00 2.995174e+01 3.988000e+01
      vertex   -3.492818e+00 2.985364e+01 3.988000e+01
    endloop
  endfacet
  facet normal 0.000000e+00 0.000000e+00 -1.000000e+00
    outer loop
      vertex   -3.492818e+00 2.985364e+01 3.988000e+01
      vertex   -3.991016e+00 2.995174e+01 3.988000e+01
      vertex   -3.930011e+00 3.011935e+01 3.988000e+01
    endloop
  endfacet
  facet normal 0.000000e+00 0.000000e+00 -1.000000e+00
    outer loop
      vertex   -3.492818e+00 2.985364e+01 3.988000e+01
      vertex   -3.930011e+00 3.011935e+01 3.988000e+01
      vertex   -3.431083e+00 3.004138e+01 3.988000e+01
    endloop
  endfacet
  facet normal 0.000000e+00 0.000000e+00 -1.000000e+00
    outer loop
      vertex   -3.431083e+00 3.004138e+01 3.988000e+01
      vertex   -3.930011e+00 3.011935e+01 3.988000e+01
      vertex   -3.882178e+00 3.029119e+01 3.988000e+01
    endloop
  endfacet
  facet normal 0.000000e+00 0.000000e+00 -1.000000e+00
    outer loop
      vertex   -3.431083e+00 3.004138e+01 3.988000e+01
      vertex   -3.882178e+00 3.029119e+01 3.988000e+01
      vertex   -3.382745e+00 3.023301e+01 3.988000e+01
    endloop
  endfacet
  facet normal 0.000000e+00 0.000000e+00 -1.000000e+00
    outer loop
      vertex   -3.382745e+00 3.023301e+01 3.988000e+01
      vertex   -3.882178e+00 3.029119e+01 3.988000e+01
      vertex   -3.847804e+00 3.046621e+01 3.988000e+01
    endloop
  endfacet
  facet normal 0.000000e+00 0.000000e+00 -1.000000e+00
    outer loop
      vertex   -3.382745e+00 3.023301e+01 3.988000e+01
      vertex   -3.847804e+00 3.046621e+01 3.988000e+01
      vertex   -3.348045e+00 3.042757e+01 3.988000e+01
    endloop
  endfacet
  facet normal 0.000000e+00 0.000000e+00 -1.000000e+00
    outer loop
      vertex   -3.348045e+00 3.042757e+01 3.988000e+01
      vertex   -3.847804e+00 3.046621e+01 3.988000e+01
      vertex   -3.827097e+00 3.064337e+01 3.988000e+01
    endloop
  endfacet
  facet normal 0.000000e+00 0.000000e+00 -1.000000e+00
    outer loop
      vertex   -3.348045e+00 3.042757e+01 3.988000e+01
      vertex   -3.827097e+00 3.064337e+01 3.988000e+01
      vertex   -3.327156e+00 3.062409e+01 3.988000e+01
    endloop
  endfacet
  facet normal 0.000000e+00 0.000000e+00 -1.000000e+00
    outer loop
      vertex   -3.327156e+00 3.062409e+01 3.988000e+01
      vertex   -3.827097e+00 3.064337e+01 3.988000e+01
      vertex   -3.820181e+00 3.082160e+01 3.988000e+01
    endloop
  endfacet
  facet normal -9.992480e-01 3.877537e-02 0.000000e+00
    outer loop
      vertex   -3.827097e+00 3.064337e+01 3.988000e+01
      vertex   -3.827097e+00 3.064337e+01 4.000000e+01
      vertex   -3.820181e+00 3.082160e+01 3.988000e+01
    endloop
  endfacet
  facet normal -9.992480e-01 3.877537e-02 0.000000e+00
    outer loop
      vertex   -3.820181e+00 3.082160e+01 3.988000e+01
      vertex   -3.827097e+00 3.064337e+01 4.000000e+01
      vertex   -3.820181e+00 3.082160e+01 4.000000e+01
    endloop
  endfacet
  facet normal -9.992480e-01 -3.877537e-02 0.000000e+00
    outer loop
      vertex   -3.820181e+00 3.082160e+01 3.988000e+01
      vertex   -3.820181e+00 3.082160e+01 4.000000e+01
      vertex   -3.827097e+00 3.099984e+01 3.988000e+01
    endloop
  endfacet
  facet normal -9.992480e-01 -3.877537e-02 0.000000e+00
    outer loop
      vertex   -3.827097e+00 3.099984e+01 3.988000e+01
      vertex   -3.820181e+00 3.082160e+01 4.000000e+01
      vertex   -3.827097e+00 3.099984e+01 4.000000e+01
    endloop
  endfacet
  facet normal -9.932384e-01 -1.160929e-01 0.000000e+00
    outer loop
      vertex   -3.827097e+00 3.099984e+01 3.988000e+01
      vertex   -3.827097e+00 3.099984e+01 4.000000e+01
      vertex   -3.847804e+00 3.117700e+01 3.988000e+01
    endloop
  endfacet
  facet normal -9.932384e-01 -1.160929e-01 0.000000e+00
    outer loop
      vertex   -3.847804e+00 3.117700e+01 3.988000e+01
      vertex   -3.827097e+00 3.099984e+01 4.000000e+01
      vertex   -3.847804e+00 3.117700e+01 4.000000e+01
    endloop
  endfacet
  facet normal -9.812553e-01 -1.927123e-01 0.000000e+00
    outer loop
      vertex   -3.847804e+00 3.117700e+01 3.988000e+01
      vertex   -3.847804e+00 3.117700e+01 4.000000e+01
      vertex   -3.882178e+00 3.135202e+01 3.988000e+01
    endloop
  endfacet
  facet normal -9.812553e-01 -1.927123e-01 0.000000e+00
    outer loop
      vertex   -3.882178e+00 3.135202e+01 3.988000e+01
      vertex   -3.847804e+00 3.117700e+01 4.000000e+01
      vertex   -3.882178e+00 3.135202e+01 4.000000e+01
    endloop
  endfacet
  facet normal -9.633709e-01 -2.681726e-01 0.000000e+00
    outer loop
      vertex   -3.882178e+00 3.135202e+01 3.988000e+01
      vertex   -3.882178e+00 3.135202e+01 4.000000e+01
      vertex   -3.930011e+00 3.152385e+01 3.988000e+01
    endloop
  endfacet
  facet normal -9.633709e-01 -2.681726e-01 0.000000e+00
    outer loop
      vertex   -3.930011e+00 3.152385e+01 3.988000e+01
      vertex   -3.882178e+00 3.135202e+01 4.000000e+01
      vertex   -3.930011e+00 3.152385e+01 4.000000e+01
    endloop
  endfacet
  facet normal -9.396926e-01 -3.420201e-01 0.000000e+00
    outer loop
      vertex   -3.930011e+00 3.152385e+01 3.988000e+01
      vertex   -3.930011e+00 3.152385e+01 4.000000e+01
      vertex   -3.991016e+00 3.169146e+01 3.988000e+01
    endloop
  endfacet
  facet normal -9.396926e-01 -3.420201e-01 0.000000e+00
    outer loop
      vertex   -3.991016e+00 3.169146e+01 3.988000e+01
      vertex   -3.930011e+00 3.152385e+01 4.000000e+01
      vertex   -3.991016e+00 3.169146e+01 4.000000e+01
    endloop
  endfacet
  facet normal -9.103629e-01 -4.138107e-01 0.000000e+00
    outer loop
      vertex   -3.991016e+00 3.169146e+01 3.988000e+01
      vertex   -3.991016e+00 3.169146e+01 4.000000e+01
      vertex   -4.064826e+00 3.185384e+01 3.988000e+01
    endloop
  endfacet
  facet normal -9.103629e-01 -4.138107e-01 0.000000e+00
    outer loop
      vertex   -4.064826e+00 3.185384e+01 3.988000e+01
      vertex   -3.991016e+00 3.169146e+01 4.000000e+01
      vertex   -4.064826e+00 3.185384e+01 4.000000e+01
    endloop
  endfacet
  facet normal -8.755582e-01 -4.831126e-01 0.000000e+00
    outer loop
      vertex   -4.064826e+00 3.185384e+01 3.988000e+01
      vertex   -4.064826e+00 3.185384e+01 4.000000e+01
      vertex   -4.150997e+00 3.201001e+01 3.988000e+01
    endloop
  endfacet
  facet normal -8.755582e-01 -4.831126e-01 0.000000e+00
    outer loop
      vertex   -4.150997e+00 3.201001e+01 3.988000e+01
      vertex   -4.064826e+00 3.185384e+01 4.000000e+01
      vertex   -4.150997e+00 3.201001e+01 4.000000e+01
    endloop
  endfacet
  facet normal -8.354878e-01 -5.495090e-01 0.000000e+00
    outer loop
      vertex   -4.150997e+00 3.201001e+01 3.988000e+01
      vertex   -4.150997e+00 3.201001e+01 4.000000e+01
      vertex   -4.249011e+00 3.215904e+01 3.988000e+01
    endloop
  endfacet
  facet normal -8.354878e-01 -5.495090e-01 0.000000e+00
    outer loop
      vertex   -4.249011e+00 3.215904e+01 3.988000e+01
      vertex   -4.150997e+00 3.201001e+01 4.000000e+01
      vertex   -4.249011e+00 3.215904e+01 4.000000e+01
    endloop
  endfacet
  facet normal -7.903927e-01 -6.126005e-01 0.000000e+00
    outer loop
      vertex   -4.249011e+00 3.215904e+01 3.988000e+01
      vertex   -4.249011e+00 3.215904e+01 4.000000e+01
      vertex   -4.358279e+00 3.230002e+01 3.988000e+01
    endloop
  endfacet
  facet normal -7.903927e-01 -6.126005e-01 0.000000e+00
    outer loop
      vertex   -4.358279e+00 3.230002e+01 3.988000e+01
      vertex   -4.249011e+00 3.215904e+01 4.000000e+01
      vertex   -4.358279e+00 3.230002e+01 4.000000e+01
    endloop
  endfacet
  facet normal -7.405440e-01 -6.720079e-01 0.000000e+00
    outer loop
      vertex   -4.358279e+00 3.230002e+01 3.988000e+01
      vertex   -4.358279e+00 3.230002e+01 4.000000e+01
      vertex   -4.478143e+00 3.243210e+01 3.988000e+01
    endloop
  endfacet
  facet normal -7.405440e-01 -6.720079e-01 0.000000e+00
    outer loop
      vertex   -4.478143e+00 3.243210e+01 3.988000e+01
      vertex   -4.358279e+00 3.230002e+01 4.000000e+01
      vertex   -4.478143e+00 3.243210e+01 4.000000e+01
    endloop
  endfacet
  facet normal -6.862416e-01 -7.273736e-01 0.000000e+00
    outer loop
      vertex   -4.478143e+00 3.243210e+01 3.988000e+01
      vertex   -4.478143e+00 3.243210e+01 4.000000e+01
      vertex   -4.607882e+00 3.255451e+01 3.988000e+01
    endloop
  endfacet
  facet normal -6.862416e-01 -7.273736e-01 0.000000e+00
    outer loop
      vertex   -4.607882e+00 3.255451e+01 3.988000e+01
      vertex   -4.478143e+00 3.243210e+01 4.000000e+01
      vertex   -4.607882e+00 3.255451e+01 4.000000e+01
    endloop
  endfacet
  facet normal -6.278121e-01 -7.783649e-01 0.000000e+00
    outer loop
      vertex   -4.607882e+00 3.255451e+01 3.988000e+01
      vertex   -4.607882e+00 3.255451e+01 4.000000e+01
      vertex   -4.746716e+00 3.266649e+01 3.988000e+01
    endloop
  endfacet
  facet normal -6.278121e-01 -7.783649e-01 0.000000e+00
    outer loop
      vertex   -4.746716e+00 3.266649e+01 3.988000e+01
      vertex   -4.607882e+00 3.255451e+01 4.000000e+01
      vertex   -4.746716e+00 3.266649e+01 4.000000e+01
    endloop
  endfacet
  facet normal -5.656069e-01 -8.246750e-01 0.000000e+00
    outer loop
      vertex   -4.746716e+00 3.266649e+01 3.988000e+01
      vertex   -4.746716e+00 3.266649e+01 4.000000e+01
      vertex   -4.893811e+00 3.276737e+01 3.988000e+01
    endloop
  endfacet
  facet normal -5.656069e-01 -8.246750e-01 0.000000e+00
    outer loop
      vertex   -4.893811e+00 3.276737e+01 3.988000e+01
      vertex   -4.746716e+00 3.266649e+01 4.000000e+01
      vertex   -4.893811e+00 3.276737e+01 4.000000e+01
    endloop
  endfacet
  facet normal -5.000000e-01 -8.660254e-01 0.000000e+00
    outer loop
      vertex   -4.893811e+00 3.276737e+01 3.988000e+01
      vertex   -4.893811e+00 3.276737e+01 4.000000e+01
      vertex   -5.048281e+00 3.285656e+01 3.988000e+01
    endloop
  endfacet
  facet normal -5.000000e-01 -8.660254e-01 0.000000e+00
    outer loop
      vertex   -5.048281e+00 3.285656e+01 3.988000e+01
      vertex   -4.893811e+00 3.276737e+01 4.000000e+01
      vertex   -5.048281e+00 3.285656e+01 4.000000e+01
    endloop
  endfacet
  facet normal -4.313861e-01 -9.021674e-01 0.000000e+00
    outer loop
      vertex   -5.048281e+00 3.285656e+01 3.988000e+01
      vertex   -5.048281e+00 3.285656e+01 4.000000e+01
      vertex   -5.209198e+00 3.293350e+01 3.988000e+01
    endloop
  endfacet
  facet normal -4.313861e-01 -9.021674e-01 0.000000e+00
    outer loop
      vertex   -5.209198e+00 3.293350e+01 3.988000e+01
      vertex   -5.048281e+00 3.285656e+01 4.000000e+01
      vertex   -5.209198e+00 3.293350e+01 4.000000e+01
    endloop
  endfacet
  facet normal -3.601777e-01 -9.328837e-01 0.000000e+00
    outer loop
      vertex   -5.209198e+00 3.293350e+01 3.988000e+01
      vertex   -5.209198e+00 3.293350e+01 4.000000e+01
      vertex   -5.375593e+00 3.299774e+01 3.988000e+01
    endloop
  endfacet
  facet normal -3.601777e-01 -9.328837e-01 0.000000e+00
    outer loop
      vertex   -5.375593e+00 3.299774e+01 3.988000e+01
      vertex   -5.209198e+00 3.293350e+01 4.000000e+01
      vertex   -5.375593e+00 3.299774e+01 4.000000e+01
    endloop
  endfacet
  facet normal -2.868032e-01 -9.579895e-01 0.000000e+00
    outer loop
      vertex   -5.375593e+00 3.299774e+01 3.988000e+01
      vertex   -5.375593e+00 3.299774e+01 4.000000e+01
      vertex   -5.546466e+00 3.304890e+01 3.988000e+01
    endloop
  endfacet
  facet normal -2.868032e-01 -9.579895e-01 0.000000e+00
    outer loop
      vertex   -5.546466e+00 3.304890e+01 3.988000e+01
      vertex   -5.375593e+00 3.299774e+01 4.000000e+01
      vertex   -5.546466e+00 3.304890e+01 4.000000e+01
    endloop
  endfacet
  facet normal -2.117039e-01 -9.773339e-01 0.000000e+00
    outer loop
      vertex   -5.546466e+00 3.304890e+01 3.988000e+01
      vertex   -5.546466e+00 3.304890e+01 4.000000e+01
      vertex   -5.720790e+00 3.308666e+01 3.988000e+01
    endloop
  endfacet
  facet normal -2.117039e-01 -9.773339e-01 0.000000e+00
    outer loop
      vertex   -5.720790e+00 3.308666e+01 3.988000e+01
      vertex   -5.546466e+00 3.304890e+01 4.000000e+01
      vertex   -5.720790e+00 3.308666e+01 4.000000e+01
    endloop
  endfacet
  facet normal -1.353313e-01 -9.908004e-01 0.000000e+00
    outer loop
      vertex   -5.720790e+00 3.308666e+01 3.988000e+01
      vertex   -5.720790e+00 3.308666e+01 4.000000e+01
      vertex   -5.897516e+00 3.311080e+01 3.988000e+01
    endloop
  endfacet
  facet normal -1.353313e-01 -9.908004e-01 0.000000e+00
    outer loop
      vertex   -5.897516e+00 3.311080e+01 3.988000e+01
      vertex   -5.720790e+00 3.308666e+01 4.000000e+01
      vertex   -5.897516e+00 3.311080e+01 4.000000e+01
    endloop
  endfacet
  facet normal -5.814483e-02 -9.983082e-01 0.000000e+00
    outer loop
      vertex   -5.897516e+00 3.311080e+01 3.988000e+01
      vertex   -5.897516e+00 3.311080e+01 4.000000e+01
      vertex   -6.075581e+00 3.312117e+01 3.988000e+01
    endloop
  endfacet
  facet normal -5.814483e-02 -9.983082e-01 0.000000e+00
    outer loop
      vertex   -6.075581e+00 3.312117e+01 3.988000e+01
      vertex   -5.897516e+00 3.311080e+01 4.000000e+01
      vertex   -6.075581e+00 3.312117e+01 4.000000e+01
    endloop
  endfacet
  facet normal 1.939133e-02 -9.998120e-01 0.000000e+00
    outer loop
      vertex   -6.075581e+00 3.312117e+01 3.988000e+01
      vertex   -6.075581e+00 3.312117e+01 4.000000e+01
      vertex   -6.253914e+00 3.311771e+01 3.988000e+01
    endloop
  endfacet
  facet normal 1.939133e-02 -9.998120e-01 0.000000e+00
    outer loop
      vertex   -6.253914e+00 3.311771e+01 3.988000e+01
      vertex   -6.075581e+00 3.312117e+01 4.000000e+01
      vertex   -6.253914e+00 3.311771e+01 4.000000e+01
    endloop
  endfacet
  facet normal 9.681087e-02 -9.953028e-01 0.000000e+00
    outer loop
      vertex   -6.253914e+00 3.311771e+01 3.988000e+01
      vertex   -6.253914e+00 3.311771e+01 4.000000e+01
      vertex   -6.431443e+00 3.310044e+01 3.988000e+01
    endloop
  endfacet
  facet normal 9.681087e-02 -9.953028e-01 0.000000e+00
    outer loop
      vertex   -6.431443e+00 3.310044e+01 3.988000e+01
      vertex   -6.253914e+00 3.311771e+01 4.000000e+01
      vertex   -6.431443e+00 3.310044e+01 4.000000e+01
    endloop
  endfacet
  facet normal 1.736482e-01 -9.848078e-01 0.000000e+00
    outer loop
      vertex   -6.431443e+00 3.310044e+01 3.988000e+01
      vertex   -6.431443e+00 3.310044e+01 4.000000e+01
      vertex   -6.607100e+00 3.306947e+01 3.988000e+01
    endloop
  endfacet
  facet normal 1.736482e-01 -9.848078e-01 0.000000e+00
    outer loop
      vertex   -6.607100e+00 3.306947e+01 3.988000e+01
      vertex   -6.431443e+00 3.310044e+01 4.000000e+01
      vertex   -6.607100e+00 3.306947e+01 4.000000e+01
    endloop
  endfacet
  facet normal 2.494411e-01 -9.683900e-01 0.000000e+00
    outer loop
      vertex   -6.607100e+00 3.306947e+01 3.988000e+01
      vertex   -6.607100e+00 3.306947e+01 4.000000e+01
      vertex   -6.779829e+00 3.302498e+01 3.988000e+01
    endloop
  endfacet
  facet normal 2.494411e-01 -9.683900e-01 0.000000e+00
    outer loop
      vertex   -6.779829e+00 3.302498e+01 3.988000e+01
      vertex   -6.607100e+00 3.306947e+01 4.000000e+01
      vertex   -6.779829e+00 3.302498e+01 4.000000e+01
    endloop
  endfacet
  facet normal 3.237339e-01 -9.461482e-01 0.000000e+00
    outer loop
      vertex   -6.779829e+00 3.302498e+01 3.988000e+01
      vertex   -6.779829e+00 3.302498e+01 4.000000e+01
      vertex   -6.948590e+00 3.296724e+01 3.988000e+01
    endloop
  endfacet
  facet normal 3.237339e-01 -9.461482e-01 0.000000e+00
    outer loop
      vertex   -6.948590e+00 3.296724e+01 3.988000e+01
      vertex   -6.779829e+00 3.302498e+01 4.000000e+01
      vertex   -6.948590e+00 3.296724e+01 4.000000e+01
    endloop
  endfacet
  facet normal 3.960798e-01 -9.182161e-01 0.000000e+00
    outer loop
      vertex   -6.948590e+00 3.296724e+01 3.988000e+01
      vertex   -6.948590e+00 3.296724e+01 4.000000e+01
      vertex   -7.112369e+00 3.289659e+01 3.988000e+01
    endloop
  endfacet
  facet normal 3.960798e-01 -9.182161e-01 0.000000e+00
    outer loop
      vertex   -7.112369e+00 3.289659e+01 3.988000e+01
      vertex   -6.948590e+00 3.296724e+01 4.000000e+01
      vertex   -7.112369e+00 3.289659e+01 4.000000e+01
    endloop
  endfacet
  facet normal 4.660435e-01 -8.847618e-01 0.000000e+00
    outer loop
      vertex   -7.112369e+00 3.289659e+01 3.988000e+01
      vertex   -7.112369e+00 3.289659e+01 4.000000e+01
      vertex   -7.270181e+00 3.281346e+01 3.988000e+01
    endloop
  endfacet
  facet normal 4.660435e-01 -8.847618e-01 0.000000e+00
    outer loop
      vertex   -7.270181e+00 3.281346e+01 3.988000e+01
      vertex   -7.112369e+00 3.289659e+01 4.000000e+01
      vertex   -7.270181e+00 3.281346e+01 4.000000e+01
    endloop
  endfacet
  facet normal 5.332044e-01 -8.459864e-01 0.000000e+00
    outer loop
      vertex   -7.270181e+00 3.281346e+01 3.988000e+01
      vertex   -7.270181e+00 3.281346e+01 4.000000e+01
      vertex   -7.421077e+00 3.271836e+01 3.988000e+01
    endloop
  endfacet
  facet normal 5.332044e-01 -8.459864e-01 0.000000e+00
    outer loop
      vertex   -7.421077e+00 3.271836e+01 3.988000e+01
      vertex   -7.270181e+00 3.281346e+01 4.000000e+01
      vertex   -7.421077e+00 3.271836e+01 4.000000e+01
    endloop
  endfacet
  facet normal 5.971586e-01 -8.021232e-01 0.000000e+00
    outer loop
      vertex   -7.421077e+00 3.271836e+01 3.988000e+01
      vertex   -7.421077e+00 3.271836e+01 4.000000e+01
      vertex   -7.564149e+00 3.261184e+01 3.988000e+01
    endloop
  endfacet
  facet normal 5.971586e-01 -8.021232e-01 0.000000e+00
    outer loop
      vertex   -7.564149e+00 3.261184e+01 3.988000e+01
      vertex   -7.421077e+00 3.271836e+01 4.000000e+01
      vertex   -7.564149e+00 3.261184e+01 4.000000e+01
    endloop
  endfacet
  facet normal 6.575214e-01 -7.534359e-01 0.000000e+00
    outer loop
      vertex   -7.564149e+00 3.261184e+01 3.988000e+01
      vertex   -7.564149e+00 3.261184e+01 4.000000e+01
      vertex   -7.698537e+00 3.249456e+01 3.988000e+01
    endloop
  endfacet
  facet normal 6.575214e-01 -7.534359e-01 0.000000e+00
    outer loop
      vertex   -7.698537e+00 3.249456e+01 3.988000e+01
      vertex   -7.564149e+00 3.261184e+01 4.000000e+01
      vertex   -7.698537e+00 3.249456e+01 4.000000e+01
    endloop
  endfacet
  facet normal 7.139297e-01 -7.002173e-01 0.000000e+00
    outer loop
      vertex   -7.698537e+00 3.249456e+01 3.988000e+01
      vertex   -7.698537e+00 3.249456e+01 4.000000e+01
      vertex   -7.823432e+00 3.236722e+01 3.988000e+01
    endloop
  endfacet
  facet normal 7.139297e-01 -7.002173e-01 0.000000e+00
    outer loop
      vertex   -7.823432e+00 3.236722e+01 3.988000e+01
      vertex   -7.698537e+00 3.249456e+01 4.000000e+01
      vertex   -7.823432e+00 3.236722e+01 4.000000e+01
    endloop
  endfacet
  facet normal 7.660444e-01 -6.427876e-01 0.000000e+00
    outer loop
      vertex   -7.823432e+00 3.236722e+01 3.988000e+01
      vertex   -7.823432e+00 3.236722e+01 4.000000e+01
      vertex   -7.938084e+00 3.223058e+01 3.988000e+01
    endloop
  endfacet
  facet normal 7.660444e-01 -6.427876e-01 0.000000e+00
    outer loop
      vertex   -7.938084e+00 3.223058e+01 3.988000e+01
      vertex   -7.823432e+00 3.236722e+01 4.000000e+01
      vertex   -7.938084e+00 3.223058e+01 4.000000e+01
    endloop
  endfacet
  facet normal 8.135521e-01 -5.814921e-01 0.000000e+00
    outer loop
      vertex   -7.938084e+00 3.223058e+01 3.988000e+01
      vertex   -7.938084e+00 3.223058e+01 4.000000e+01
      vertex   -8.041803e+00 3.208547e+01 3.988000e+01
    endloop
  endfacet
  facet normal 8.135521e-01 -5.814921e-01 0.000000e+00
    outer loop
      vertex   -8.041803e+00 3.208547e+01 3.988000e+01
      vertex   -7.938084e+00 3.223058e+01 4.000000e+01
      vertex   -8.041803e+00 3.208547e+01 4.000000e+01
    endloop
  endfacet
  facet normal 8.561669e-01 -5.166994e-01 0.000000e+00
    outer loop
      vertex   -8.041803e+00 3.208547e+01 3.988000e+01
      vertex   -8.041803e+00 3.208547e+01 4.000000e+01
      vertex   -8.133965e+00 3.193276e+01 3.988000e+01
    endloop
  endfacet
  facet normal 8.561669e-01 -5.166994e-01 0.000000e+00
    outer loop
      vertex   -8.133965e+00 3.193276e+01 3.988000e+01
      vertex   -8.041803e+00 3.208547e+01 4.000000e+01
      vertex   -8.133965e+00 3.193276e+01 4.000000e+01
    endloop
  endfacet
  facet normal 8.936326e-01 -4.487992e-01 0.000000e+00
    outer loop
      vertex   -8.133965e+00 3.193276e+01 3.988000e+01
      vertex   -8.133965e+00 3.193276e+01 4.000000e+01
      vertex   -8.214016e+00 3.177337e+01 3.988000e+01
    endloop
  endfacet
  facet normal 8.936326e-01 -4.487992e-01 0.000000e+00
    outer loop
      vertex   -8.214016e+00 3.177337e+01 3.988000e+01
      vertex   -8.133965e+00 3.193276e+01 4.000000e+01
      vertex   -8.214016e+00 3.177337e+01 4.000000e+01
    endloop
  endfacet
  facet normal 9.257240e-01 -3.781999e-01 0.000000e+00
    outer loop
      vertex   -8.214016e+00 3.177337e+01 3.988000e+01
      vertex   -8.214016e+00 3.177337e+01 4.000000e+01
      vertex   -8.281474e+00 3.160825e+01 3.988000e+01
    endloop
  endfacet
  facet normal 9.257240e-01 -3.781999e-01 0.000000e+00
    outer loop
      vertex   -8.281474e+00 3.160825e+01 3.988000e+01
      vertex   -8.214016e+00 3.177337e+01 4.000000e+01
      vertex   -8.281474e+00 3.160825e+01 4.000000e+01
    endloop
  endfacet
  facet normal 9.522479e-01 -3.053260e-01 0.000000e+00
    outer loop
      vertex   -8.281474e+00 3.160825e+01 3.988000e+01
      vertex   -8.281474e+00 3.160825e+01 4.000000e+01
      vertex   -8.335934e+00 3.143840e+01 3.988000e+01
    endloop
  endfacet
  facet normal 9.522479e-01 -3.053260e-01 0.000000e+00
    outer loop
      vertex   -8.335934e+00 3.143840e+01 3.988000e+01
      vertex   -8.281474e+00 3.160825e+01 4.000000e+01
      vertex   -8.335934e+00 3.143840e+01 4.000000e+01
    endloop
  endfacet
  facet normal 9.730449e-01 -2.306159e-01 0.000000e+00
    outer loop
      vertex   -8.335934e+00 3.143840e+01 3.988000e+01
      vertex   -8.335934e+00 3.143840e+01 4.000000e+01
      vertex   -8.377068e+00 3.126484e+01 3.988000e+01
    endloop
  endfacet
  facet normal 9.730449e-01 -2.306159e-01 0.000000e+00
    outer loop
      vertex   -8.377068e+00 3.126484e+01 3.988000e+01
      vertex   -8.335934e+00 3.143840e+01 4.000000e+01
      vertex   -8.377068e+00 3.126484e+01 4.000000e+01
    endloop
  endfacet
  facet normal 9.879898e-01 -1.545188e-01 0.000000e+00
    outer loop
      vertex   -8.377068e+00 3.126484e+01 3.988000e+01
      vertex   -8.377068e+00 3.126484e+01 4.000000e+01
      vertex   -8.404629e+00 3.108862e+01 3.988000e+01
    endloop
  endfacet
  facet normal 9.879898e-01 -1.545188e-01 0.000000e+00
    outer loop
      vertex   -8.404629e+00 3.108862e+01 3.988000e+01
      vertex   -8.377068e+00 3.126484e+01 4.000000e+01
      vertex   -8.404629e+00 3.108862e+01 4.000000e+01
    endloop
  endfacet
  facet normal 9.969929e-01 -7.749242e-02 0.000000e+00
    outer loop
      vertex   -8.404629e+00 3.108862e+01 3.988000e+01
      vertex   -8.404629e+00 3.108862e+01 4.000000e+01
      vertex   -8.418451e+00 3.091079e+01 3.988000e+01
    endloop
  endfacet
  facet normal 9.969929e-01 -7.749242e-02 0.000000e+00
    outer loop
      vertex   -8.418451e+00 3.091079e+01 3.988000e+01
      vertex   -8.404629e+00 3.108862e+01 4.000000e+01
      vertex   -8.418451e+00 3.091079e+01 4.000000e+01
    endloop
  endfacet
  facet normal 1.000000e+00 0.000000e+00 -0.000000e+00
    outer loop
      vertex   -8.418451e+00 3.091079e+01 3.988000e+01
      vertex   -8.418451e+00 3.091079e+01 4.000000e+01
      vertex   -8.418451e+00 3.073242e+01 3.988000e+01
    endloop
  endfacet
  facet normal 1.000000e+00 0.000000e+00 0.000000e+00
    outer loop
      vertex   -8.418451e+00 3.073242e+01 3.988000e+01
      vertex   -8.418451e+00 3.091079e+01 4.000000e+01
      vertex   -8.418451e+00 3.073242e+01 4.000000e+01
    endloop
  endfacet
  facet normal 9.969929e-01 7.749242e-02 -0.000000e+00
    outer loop
      vertex   -8.418451e+00 3.073242e+01 3.988000e+01
      vertex   -8.418451e+00 3.073242e+01 4.000000e+01
      vertex   -8.404629e+00 3.055459e+01 3.988000e+01
    endloop
  endfacet
  facet normal 9.969929e-01 7.749242e-02 -0.000000e+00
    outer loop
      vertex   -8.404629e+00 3.055459e+01 3.988000e+01
      vertex   -8.418451e+00 3.073242e+01 4.000000e+01
      vertex   -8.404629e+00 3.055459e+01 4.000000e+01
    endloop
  endfacet
  facet normal 9.879898e-01 1.545188e-01 -0.000000e+00
    outer loop
      vertex   -8.404629e+00 3.055459e+01 3.988000e+01
      vertex   -8.404629e+00 3.055459e+01 4.000000e+01
      vertex   -8.377068e+00 3.037837e+01 3.988000e+01
    endloop
  endfacet
  facet normal 9.879898e-01 1.545188e-01 -0.000000e+00
    outer loop
      vertex   -8.377068e+00 3.037837e+01 3.988000e+01
      vertex   -8.404629e+00 3.055459e+01 4.000000e+01
      vertex   -8.377068e+00 3.037837e+01 4.000000e+01
    endloop
  endfacet
  facet normal 9.730449e-01 2.306159e-01 -0.000000e+00
    outer loop
      vertex   -8.377068e+00 3.037837e+01 3.988000e+01
      vertex   -8.377068e+00 3.037837e+01 4.000000e+01
      vertex   -8.335934e+00 3.020481e+01 3.988000e+01
    endloop
  endfacet
  facet normal 9.730449e-01 2.306159e-01 -0.000000e+00
    outer loop
      vertex   -8.335934e+00 3.020481e+01 3.988000e+01
      vertex   -8.377068e+00 3.037837e+01 4.000000e+01
      vertex   -8.335934e+00 3.020481e+01 4.000000e+01
    endloop
  endfacet
  facet normal 9.522479e-01 3.053260e-01 -0.000000e+00
    outer loop
      vertex   -8.335934e+00 3.020481e+01 3.988000e+01
      vertex   -8.335934e+00 3.020481e+01 4.000000e+01
      vertex   -8.281474e+00 3.003496e+01 3.988000e+01
    endloop
  endfacet
  facet normal 9.522479e-01 3.053260e-01 -0.000000e+00
    outer loop
      vertex   -8.281474e+00 3.003496e+01 3.988000e+01
      vertex   -8.335934e+00 3.020481e+01 4.000000e+01
      vertex   -8.281474e+00 3.003496e+01 4.000000e+01
    endloop
  endfacet
  facet normal 9.257240e-01 3.781999e-01 -0.000000e+00
    outer loop
      vertex   -8.281474e+00 3.003496e+01 3.988000e+01
      vertex   -8.281474e+00 3.003496e+01 4.000000e+01
      vertex   -8.214016e+00 2.986984e+01 3.988000e+01
    endloop
  endfacet
  facet normal 9.257240e-01 3.781999e-01 -0.000000e+00
    outer loop
      vertex   -8.214016e+00 2.986984e+01 3.988000e+01
      vertex   -8.281474e+00 3.003496e+01 4.000000e+01
      vertex   -8.214016e+00 2.986984e+01 4.000000e+01
    endloop
  endfacet
  facet normal 8.936326e-01 4.487992e-01 -0.000000e+00
    outer loop
      vertex   -8.214016e+00 2.986984e+01 3.988000e+01
      vertex   -8.214016e+00 2.986984e+01 4.000000e+01
      vertex   -8.133965e+00 2.971044e+01 3.988000e+01
    endloop
  endfacet
  facet normal 8.936326e-01 4.487992e-01 -0.000000e+00
    outer loop
      vertex   -8.133965e+00 2.971044e+01 3.988000e+01
      vertex   -8.214016e+00 2.986984e+01 4.000000e+01
      vertex   -8.133965e+00 2.971044e+01 4.000000e+01
    endloop
  endfacet
  facet normal 8.561669e-01 5.166994e-01 -0.000000e+00
    outer loop
      vertex   -8.133965e+00 2.971044e+01 3.988000e+01
      vertex   -8.133965e+00 2.971044e+01 4.000000e+01
      vertex   -8.041803e+00 2.955773e+01 3.988000e+01
    endloop
  endfacet
  facet normal 8.561669e-01 5.166994e-01 -0.000000e+00
    outer loop
      vertex   -8.041803e+00 2.955773e+01 3.988000e+01
      vertex   -8.133965e+00 2.971044e+01 4.000000e+01
      vertex   -8.041803e+00 2.955773e+01 4.000000e+01
    endloop
  endfacet
  facet normal 8.135521e-01 5.814921e-01 -0.000000e+00
    outer loop
      vertex   -8.041803e+00 2.955773e+01 3.988000e+01
      vertex   -8.041803e+00 2.955773e+01 4.000000e+01
      vertex   -7.938084e+00 2.941262e+01 3.988000e+01
    endloop
  endfacet
  facet normal 8.135521e-01 5.814921e-01 -0.000000e+00
    outer loop
      vertex   -7.938084e+00 2.941262e+01 3.988000e+01
      vertex   -8.041803e+00 2.955773e+01 4.000000e+01
      vertex   -7.938084e+00 2.941262e+01 4.000000e+01
    endloop
  endfacet
  facet normal 7.660444e-01 6.427876e-01 -0.000000e+00
    outer loop
      vertex   -7.938084e+00 2.941262e+01 3.988000e+01
      vertex   -7.938084e+00 2.941262e+01 4.000000e+01
      vertex   -7.823432e+00 2.927599e+01 3.988000e+01
    endloop
  endfacet
  facet normal 7.660444e-01 6.427876e-01 -0.000000e+00
    outer loop
      vertex   -7.823432e+00 2.927599e+01 3.988000e+01
      vertex   -7.938084e+00 2.941262e+01 4.000000e+01
      vertex   -7.823432e+00 2.927599e+01 4.000000e+01
    endloop
  endfacet
  facet normal 7.139297e-01 7.002173e-01 -0.000000e+00
    outer loop
      vertex   -7.823432e+00 2.927599e+01 3.988000e+01
      vertex   -7.823432e+00 2.927599e+01 4.000000e+01
      vertex   -7.698537e+00 2.914864e+01 3.988000e+01
    endloop
  endfacet
  facet normal 7.139297e-01 7.002173e-01 -0.000000e+00
    outer loop
      vertex   -7.698537e+00 2.914864e+01 3.988000e+01
      vertex   -7.823432e+00 2.927599e+01 4.000000e+01
      vertex   -7.698537e+00 2.914864e+01 4.000000e+01
    endloop
  endfacet
  facet normal 6.575214e-01 7.534359e-01 -0.000000e+00
    outer loop
      vertex   -7.698537e+00 2.914864e+01 3.988000e+01
      vertex   -7.698537e+00 2.914864e+01 4.000000e+01
      vertex   -7.564149e+00 2.903136e+01 3.988000e+01
    endloop
  endfacet
  facet normal 6.575214e-01 7.534359e-01 -0.000000e+00
    outer loop
      vertex   -7.564149e+00 2.903136e+01 3.988000e+01
      vertex   -7.698537e+00 2.914864e+01 4.000000e+01
      vertex   -7.564149e+00 2.903136e+01 4.000000e+01
    endloop
  endfacet
  facet normal 5.971586e-01 8.021232e-01 -0.000000e+00
    outer loop
      vertex   -7.564149e+00 2.903136e+01 3.988000e+01
      vertex   -7.564149e+00 2.903136e+01 4.000000e+01
      vertex   -7.421077e+00 2.892485e+01 3.988000e+01
    endloop
  endfacet
  facet normal 5.971586e-01 8.021232e-01 -0.000000e+00
    outer loop
      vertex   -7.421077e+00 2.892485e+01 3.988000e+01
      vertex   -7.564149e+00 2.903136e+01 4.000000e+01
      vertex   -7.421077e+00 2.892485e+01 4.000000e+01
    endloop
  endfacet
  facet normal 5.332044e-01 8.459864e-01 -0.000000e+00
    outer loop
      vertex   -7.421077e+00 2.892485e+01 3.988000e+01
      vertex   -7.421077e+00 2.892485e+01 4.000000e+01
      vertex   -7.270181e+00 2.882975e+01 3.988000e+01
    endloop
  endfacet
  facet normal 5.332044e-01 8.459864e-01 -0.000000e+00
    outer loop
      vertex   -7.270181e+00 2.882975e+01 3.988000e+01
      vertex   -7.421077e+00 2.892485e+01 4.000000e+01
      vertex   -7.270181e+00 2.882975e+01 4.000000e+01
    endloop
  endfacet
  facet normal 4.660435e-01 8.847618e-01 -0.000000e+00
    outer loop
      vertex   -7.270181e+00 2.882975e+01 3.988000e+01
      vertex   -7.270181e+00 2.882975e+01 4.000000e+01
      vertex   -7.112369e+00 2.874662e+01 3.988000e+01
    endloop
  endfacet
  facet normal 4.660435e-01 8.847618e-01 -0.000000e+00
    outer loop
      vertex   -7.112369e+00 2.874662e+01 3.988000e+01
      vertex   -7.270181e+00 2.882975e+01 4.000000e+01
      vertex   -7.112369e+00 2.874662e+01 4.000000e+01
    endloop
  endfacet
  facet normal 3.960798e-01 9.182161e-01 -0.000000e+00
    outer loop
      vertex   -7.112369e+00 2.874662e+01 3.988000e+01
      vertex   -7.112369e+00 2.874662e+01 4.000000e+01
      vertex   -6.948590e+00 2.867597e+01 3.988000e+01
    endloop
  endfacet
  facet normal 3.960798e-01 9.182161e-01 -0.000000e+00
    outer loop
      vertex   -6.948590e+00 2.867597e+01 3.988000e+01
      vertex   -7.112369e+00 2.874662e+01 4.000000e+01
      vertex   -6.948590e+00 2.867597e+01 4.000000e+01
    endloop
  endfacet
  facet normal 3.237339e-01 9.461482e-01 -0.000000e+00
    outer loop
      vertex   -6.948590e+00 2.867597e+01 3.988000e+01
      vertex   -6.948590e+00 2.867597e+01 4.000000e+01
      vertex   -6.779829e+00 2.861823e+01 3.988000e+01
    endloop
  endfacet
  facet normal 3.237339e-01 9.461482e-01 -0.000000e+00
    outer loop
      vertex   -6.779829e+00 2.861823e+01 3.988000e+01
      vertex   -6.948590e+00 2.867597e+01 4.000000e+01
      vertex   -6.779829e+00 2.861823e+01 4.000000e+01
    endloop
  endfacet
  facet normal 2.494411e-01 9.683900e-01 -0.000000e+00
    outer loop
      vertex   -6.779829e+00 2.861823e+01 3.988000e+01
      vertex   -6.779829e+00 2.861823e+01 4.000000e+01
      vertex   -6.607100e+00 2.857374e+01 3.988000e+01
    endloop
  endfacet
  facet normal 2.494411e-01 9.683900e-01 -0.000000e+00
    outer loop
      vertex   -6.607100e+00 2.857374e+01 3.988000e+01
      vertex   -6.779829e+00 2.861823e+01 4.000000e+01
      vertex   -6.607100e+00 2.857374e+01 4.000000e+01
    endloop
  endfacet
  facet normal 1.736482e-01 9.848078e-01 -0.000000e+00
    outer loop
      vertex   -6.607100e+00 2.857374e+01 3.988000e+01
      vertex   -6.607100e+00 2.857374e+01 4.000000e+01
      vertex   -6.431443e+00 2.854276e+01 3.988000e+01
    endloop
  endfacet
  facet normal 1.736482e-01 9.848078e-01 -0.000000e+00
    outer loop
      vertex   -6.431443e+00 2.854276e+01 3.988000e+01
      vertex   -6.607100e+00 2.857374e+01 4.000000e+01
      vertex   -6.431443e+00 2.854276e+01 4.000000e+01
    endloop
  endfacet
  facet normal 9.681087e-02 9.953028e-01 -0.000000e+00
    outer loop
      vertex   -6.431443e+00 2.854276e+01 3.988000e+01
      vertex   -6.431443e+00 2.854276e+01 4.000000e+01
      vertex   -6.253914e+00 2.852549e+01 3.988000e+01
    endloop
  endfacet
  facet normal 9.681087e-02 9.953028e-01 -0.000000e+00
    outer loop
      vertex   -6.253914e+00 2.852549e+01 3.988000e+01
      vertex   -6.431443e+00 2.854276e+01 4.000000e+01
      vertex   -6.253914e+00 2.852549e+01 4.000000e+01
    endloop
  endfacet
  facet normal 1.939133e-02 9.998120e-01 -0.000000e+00
    outer loop
      vertex   -6.253914e+00 2.852549e+01 3.988000e+01
      vertex   -6.253914e+00 2.852549e+01 4.000000e+01
      vertex   -6.075581e+00 2.852204e+01 3.988000e+01
    endloop
  endfacet
  facet normal 1.939133e-02 9.998120e-01 -0.000000e+00
    outer loop
      vertex   -6.075581e+00 2.852204e+01 3.988000e+01
      vertex   -6.253914e+00 2.852549e+01 4.000000e+01
      vertex   -6.075581e+00 2.852204e+01 4.000000e+01
    endloop
  endfacet
  facet normal -5.814483e-02 9.983082e-01 0.000000e+00
    outer loop
      vertex   -6.075581e+00 2.852204e+01 3.988000e+01
      vertex   -6.075581e+00 2.852204e+01 4.000000e+01
      vertex   -5.897516e+00 2.853241e+01 3.988000e+01
    endloop
  endfacet
  facet normal -5.814483e-02 9.983082e-01 0.000000e+00
    outer loop
      vertex   -5.897516e+00 2.853241e+01 3.988000e+01
      vertex   -6.075581e+00 2.852204e+01 4.000000e+01
      vertex   -5.897516e+00 2.853241e+01 4.000000e+01
    endloop
  endfacet
  facet normal -1.353313e-01 9.908004e-01 0.000000e+00
    outer loop
      vertex   -5.897516e+00 2.853241e+01 3.988000e+01
      vertex   -5.897516e+00 2.853241e+01 4.000000e+01
      vertex   -5.720790e+00 2.855655e+01 3.988000e+01
    endloop
  endfacet
  facet normal -1.353313e-01 9.908004e-01 0.000000e+00
    outer loop
      vertex   -5.720790e+00 2.855655e+01 3.988000e+01
      vertex   -5.897516e+00 2.853241e+01 4.000000e+01
      vertex   -5.720790e+00 2.855655e+01 4.000000e+01
    endloop
  endfacet
  facet normal -2.117039e-01 9.773339e-01 0.000000e+00
    outer loop
      vertex   -5.720790e+00 2.855655e+01 3.988000e+01
      vertex   -5.720790e+00 2.855655e+01 4.000000e+01
      vertex   -5.546466e+00 2.859431e+01 3.988000e+01
    endloop
  endfacet
  facet normal -2.117039e-01 9.773339e-01 0.000000e+00
    outer loop
      vertex   -5.546466e+00 2.859431e+01 3.988000e+01
      vertex   -5.720790e+00 2.855655e+01 4.000000e+01
      vertex   -5.546466e+00 2.859431e+01 4.000000e+01
    endloop
  endfacet
  facet normal -2.868032e-01 9.579895e-01 0.000000e+00
    outer loop
      vertex   -5.546466e+00 2.859431e+01 3.988000e+01
      vertex   -5.546466e+00 2.859431e+01 4.000000e+01
      vertex   -5.375593e+00 2.864546e+01 3.988000e+01
    endloop
  endfacet
  facet normal -2.868032e-01 9.579895e-01 0.000000e+00
    outer loop
      vertex   -5.375593e+00 2.864546e+01 3.988000e+01
      vertex   -5.546466e+00 2.859431e+01 4.000000e+01
      vertex   -5.375593e+00 2.864546e+01 4.000000e+01
    endloop
  endfacet
  facet normal -3.601777e-01 9.328837e-01 0.000000e+00
    outer loop
      vertex   -5.375593e+00 2.864546e+01 3.988000e+01
      vertex   -5.375593e+00 2.864546e+01 4.000000e+01
      vertex   -5.209198e+00 2.870971e+01 3.988000e+01
    endloop
  endfacet
  facet normal -3.601777e-01 9.328837e-01 0.000000e+00
    outer loop
      vertex   -5.209198e+00 2.870971e+01 3.988000e+01
      vertex   -5.375593e+00 2.864546e+01 4.000000e+01
      vertex   -5.209198e+00 2.870971e+01 4.000000e+01
    endloop
  endfacet
  facet normal -4.313861e-01 9.021674e-01 0.000000e+00
    outer loop
      vertex   -5.209198e+00 2.870971e+01 3.988000e+01
      vertex   -5.209198e+00 2.870971e+01 4.000000e+01
      vertex   -5.048281e+00 2.878665e+01 3.988000e+01
    endloop
  endfacet
  facet normal -4.313861e-01 9.021674e-01 0.000000e+00
    outer loop
      vertex   -5.048281e+00 2.878665e+01 3.988000e+01
      vertex   -5.209198e+00 2.870971e+01 4.000000e+01
      vertex   -5.048281e+00 2.878665e+01 4.000000e+01
    endloop
  endfacet
  facet normal -5.000000e-01 8.660254e-01 0.000000e+00
    outer loop
      vertex   -5.048281e+00 2.878665e+01 3.988000e+01
      vertex   -5.048281e+00 2.878665e+01 4.000000e+01
      vertex   -4.893811e+00 2.887583e+01 3.988000e+01
    endloop
  endfacet
  facet normal -5.000000e-01 8.660254e-01 0.000000e+00
    outer loop
      vertex   -4.893811e+00 2.887583e+01 3.988000e+01
      vertex   -5.048281e+00 2.878665e+01 4.000000e+01
      vertex   -4.893811e+00 2.887583e+01 4.000000e+01
    endloop
  endfacet
  facet normal -5.656069e-01 8.246750e-01 0.000000e+00
    outer loop
      vertex   -4.893811e+00 2.887583e+01 3.988000e+01
      vertex   -4.893811e+00 2.887583e+01 4.000000e+01
      vertex   -4.746716e+00 2.897672e+01 3.988000e+01
    endloop
  endfacet
  facet normal -5.656069e-01 8.246750e-01 0.000000e+00
    outer loop
      vertex   -4.746716e+00 2.897672e+01 3.988000e+01
      vertex   -4.893811e+00 2.887583e+01 4.000000e+01
      vertex   -4.746716e+00 2.897672e+01 4.000000e+01
    endloop
  endfacet
  facet normal -6.278121e-01 7.783649e-01 0.000000e+00
    outer loop
      vertex   -4.746716e+00 2.897672e+01 3.988000e+01
      vertex   -4.746716e+00 2.897672e+01 4.000000e+01
      vertex   -4.607882e+00 2.908870e+01 3.988000e+01
    endloop
  endfacet
  facet normal -6.278121e-01 7.783649e-01 0.000000e+00
    outer loop
      vertex   -4.607882e+00 2.908870e+01 3.988000e+01
      vertex   -4.746716e+00 2.897672e+01 4.000000e+01
      vertex   -4.607882e+00 2.908870e+01 4.000000e+01
    endloop
  endfacet
  facet normal -6.862416e-01 7.273736e-01 0.000000e+00
    outer loop
      vertex   -4.607882e+00 2.908870e+01 3.988000e+01
      vertex   -4.607882e+00 2.908870e+01 4.000000e+01
      vertex   -4.478143e+00 2.921110e+01 3.988000e+01
    endloop
  endfacet
  facet normal -6.862416e-01 7.273736e-01 0.000000e+00
    outer loop
      vertex   -4.478143e+00 2.921110e+01 3.988000e+01
      vertex   -4.607882e+00 2.908870e+01 4.000000e+01
      vertex   -4.478143e+00 2.921110e+01 4.000000e+01
    endloop
  endfacet
  facet normal -7.405440e-01 6.720079e-01 0.000000e+00
    outer loop
      vertex   -4.478143e+00 2.921110e+01 3.988000e+01
      vertex   -4.478143e+00 2.921110e+01 4.000000e+01
      vertex   -4.358279e+00 2.934319e+01 3.988000e+01
    endloop
  endfacet
  facet normal -7.405440e-01 6.720079e-01 0.000000e+00
    outer loop
      vertex   -4.358279e+00 2.934319e+01 3.988000e+01
      vertex   -4.478143e+00 2.921110e+01 4.000000e+01
      vertex   -4.358279e+00 2.934319e+01 4.000000e+01
    endloop
  endfacet
  facet normal -7.903927e-01 6.126005e-01 0.000000e+00
    outer loop
      vertex   -4.358279e+00 2.934319e+01 3.988000e+01
      vertex   -4.358279e+00 2.934319e+01 4.000000e+01
      vertex   -4.249011e+00 2.948417e+01 3.988000e+01
    endloop
  endfacet
  facet normal -7.903927e-01 6.126005e-01 0.000000e+00
    outer loop
      vertex   -4.249011e+00 2.948417e+01 3.988000e+01
      vertex   -4.358279e+00 2.934319e+01 4.000000e+01
      vertex   -4.249011e+00 2.948417e+01 4.000000e+01
    endloop
  endfacet
  facet normal -8.354878e-01 5.495090e-01 0.000000e+00
    outer loop
      vertex   -4.249011e+00 2.948417e+01 3.988000e+01
      vertex   -4.249011e+00 2.948417e+01 4.000000e+01
      vertex   -4.150997e+00 2.963320e+01 3.988000e+01
    endloop
  endfacet
  facet normal -8.354878e-01 5.495090e-01 0.000000e+00
    outer loop
      vertex   -4.150997e+00 2.963320e+01 3.988000e+01
      vertex   -4.249011e+00 2.948417e+01 4.000000e+01
      vertex   -4.150997e+00 2.963320e+01 4.000000e+01
    endloop
  endfacet
  facet normal -8.755582e-01 4.831126e-01 0.000000e+00
    outer loop
      vertex   -4.150997e+00 2.963320e+01 3.988000e+01
      vertex   -4.150997e+00 2.963320e+01 4.000000e+01
      vertex   -4.064826e+00 2.978937e+01 3.988000e+01
    endloop
  endfacet
  facet normal -8.755582e-01 4.831126e-01 0.000000e+00
    outer loop
      vertex   -4.064826e+00 2.978937e+01 3.988000e+01
      vertex   -4.150997e+00 2.963320e+01 4.000000e+01
      vertex   -4.064826e+00 2.978937e+01 4.000000e+01
    endloop
  endfacet
  facet normal -9.103629e-01 4.138107e-01 0.000000e+00
    outer loop
      vertex   -4.064826e+00 2.978937e+01 3.988000e+01
      vertex   -4.064826e+00 2.978937e+01 4.000000e+01
      vertex   -3.991016e+00 2.995174e+01 3.988000e+01
    endloop
  endfacet
  facet normal -9.103629e-01 4.138107e-01 0.000000e+00
    outer loop
      vertex   -3.991016e+00 2.995174e+01 3.988000e+01
      vertex   -4.064826e+00 2.978937e+01 4.000000e+01
      vertex   -3.991016e+00 2.995174e+01 4.000000e+01
    endloop
  endfacet
  facet normal -9.396926e-01 3.420201e-01 0.000000e+00
    outer loop
      vertex   -3.991016e+00 2.995174e+01 3.988000e+01
      vertex   -3.991016e+00 2.995174e+01 4.000000e+01
      vertex   -3.930011e+00 3.011935e+01 3.988000e+01
    endloop
  endfacet
  facet normal -9.396926e-01 3.420201e-01 0.000000e+00
    outer loop
      vertex   -3.930011e+00 3.011935e+01 3.988000e+01
      vertex   -3.991016e+00 2.995174e+01 4.000000e+01
      vertex   -3.930011e+00 3.011935e+01 4.000000e+01
    endloop
  endfacet
  facet normal -9.633709e-01 2.681726e-01 0.000000e+00
    outer loop
      vertex   -3.930011e+00 3.011935e+01 3.988000e+01
      vertex   -3.930011e+00 3.011935e+01 4.000000e+01
      vertex   -3.882178e+00 3.029119e+01 3.988000e+01
    endloop
  endfacet
  facet normal -9.633709e-01 2.681726e-01 0.000000e+00
    outer loop
      vertex   -3.882178e+00 3.029119e+01 3.988000e+01
      vertex   -3.930011e+00 3.011935e+01 4.000000e+01
      vertex   -3.882178e+00 3.029119e+01 4.000000e+01
    endloop
  endfacet
  facet normal -9.812553e-01 1.927123e-01 0.000000e+00
    outer loop
      vertex   -3.882178e+00 3.029119e+01 3.988000e+01
      vertex   -3.882178e+00 3.029119e+01 4.000000e+01
      vertex   -3.847804e+00 3.046621e+01 3.988000e+01
    endloop
  endfacet
  facet normal -9.812553e-01 1.927123e-01 0.000000e+00
    outer loop
      vertex   -3.847804e+00 3.046621e+01 3.988000e+01
      vertex   -3.882178e+00 3.029119e+01 4.000000e+01
      vertex   -3.847804e+00 3.046621e+01 4.000000e+01
    endloop
  endfacet
  facet normal -9.932384e-01 1.160929e-01 0.000000e+00
    outer loop
      vertex   -3.847804e+00 3.046621e+01 3.988000e+01
      vertex   -3.847804e+00 3.046621e+01 4.000000e+01
      vertex   -3.827097e+00 3.064337e+01 3.988000e+01
    endloop
  endfacet
  facet normal -9.932384e-01 1.160929e-01 0.000000e+00
    outer loop
      vertex   -3.827097e+00 3.064337e+01 3.988000e+01
      vertex   -3.847804e+00 3.046621e+01 4.000000e+01
      vertex   -3.827097e+00 3.064337e+01 4.000000e+01
    endloop
  endfacet
  facet normal 9.993771e-01 3.529146e-02 -0.000000e+00
    outer loop
      vertex   -3.327156e+00 3.101911e+01 3.988000e+01
      vertex   -3.327156e+00 3.101911e+01 4.000000e+01
      vertex   -3.320181e+00 3.082160e+01 3.988000e+01
    endloop
  endfacet
  facet normal 9.993771e-01 3.529146e-02 -0.000000e+00
    outer loop
      vertex   -3.320181e+00 3.082160e+01 3.988000e+01
      vertex   -3.327156e+00 3.101911e+01 4.000000e+01
      vertex   -3.320181e+00 3.082160e+01 4.000000e+01
    endloop
  endfacet
  facet normal 9.993771e-01 -3.529146e-02 0.000000e+00
    outer loop
      vertex   -3.320181e+00 3.082160e+01 3.988000e+01
      vertex   -3.320181e+00 3.082160e+01 4.000000e+01
      vertex   -3.327156e+00 3.062409e+01 3.988000e+01
    endloop
  endfacet
  facet normal 9.993771e-01 -3.529146e-02 0.000000e+00
    outer loop
      vertex   -3.327156e+00 3.062409e+01 3.988000e+01
      vertex   -3.320181e+00 3.082160e+01 4.000000e+01
      vertex   -3.327156e+00 3.062409e+01 4.000000e+01
    endloop
  endfacet
  facet normal 9.943982e-01 -1.056986e-01 0.000000e+00
    outer loop
      vertex   -3.327156e+00 3.062409e+01 3.988000e+01
      vertex   -3.327156e+00 3.062409e+01 4.000000e+01
      vertex   -3.348045e+00 3.042757e+01 3.988000e+01
    endloop
  endfacet
  facet normal 9.943982e-01 -1.056986e-01 0.000000e+00
    outer loop
      vertex   -3.348045e+00 3.042757e+01 3.988000e+01
      vertex   -3.327156e+00 3.062409e+01 4.000000e+01
      vertex   -3.348045e+00 3.042757e+01 4.000000e+01
    endloop
  endfacet
  facet normal 9.844653e-01 -1.755791e-01 0.000000e+00
    outer loop
      vertex   -3.348045e+00 3.042757e+01 3.988000e+01
      vertex   -3.348045e+00 3.042757e+01 4.000000e+01
      vertex   -3.382745e+00 3.023301e+01 3.988000e+01
    endloop
  endfacet
  facet normal 9.844653e-01 -1.755791e-01 0.000000e+00
    outer loop
      vertex   -3.382745e+00 3.023301e+01 3.988000e+01
      vertex   -3.348045e+00 3.042757e+01 4.000000e+01
      vertex   -3.382745e+00 3.023301e+01 4.000000e+01
    endloop
  endfacet
  facet normal 9.696279e-01 -2.445849e-01 0.000000e+00
    outer loop
      vertex   -3.382745e+00 3.023301e+01 3.988000e+01
      vertex   -3.382745e+00 3.023301e+01 4.000000e+01
      vertex   -3.431083e+00 3.004138e+01 3.988000e+01
    endloop
  endfacet
  facet normal 9.696279e-01 -2.445849e-01 0.000000e+00
    outer loop
      vertex   -3.431083e+00 3.004138e+01 3.988000e+01
      vertex   -3.382745e+00 3.023301e+01 4.000000e+01
      vertex   -3.431083e+00 3.004138e+01 4.000000e+01
    endloop
  endfacet
  facet normal 9.499598e-01 -3.123722e-01 0.000000e+00
    outer loop
      vertex   -3.431083e+00 3.004138e+01 3.988000e+01
      vertex   -3.431083e+00 3.004138e+01 4.000000e+01
      vertex   -3.492818e+00 2.985364e+01 3.988000e+01
    endloop
  endfacet
  facet normal 9.499598e-01 -3.123722e-01 0.000000e+00
    outer loop
      vertex   -3.492818e+00 2.985364e+01 3.988000e+01
      vertex   -3.431083e+00 3.004138e+01 4.000000e+01
      vertex   -3.492818e+00 2.985364e+01 4.000000e+01
    endloop
  endfacet
  facet normal 9.255591e-01 -3.786032e-01 0.000000e+00
    outer loop
      vertex   -3.492818e+00 2.985364e+01 3.988000e+01
      vertex   -3.492818e+00 2.985364e+01 4.000000e+01
      vertex   -3.567642e+00 2.967071e+01 3.988000e+01
    endloop
  endfacet
  facet normal 9.255591e-01 -3.786032e-01 0.000000e+00
    outer loop
      vertex   -3.567642e+00 2.967071e+01 3.988000e+01
      vertex   -3.492818e+00 2.985364e+01 4.000000e+01
      vertex   -3.567642e+00 2.967071e+01 4.000000e+01
    endloop
  endfacet
  facet normal 8.965472e-01 -4.429481e-01 0.000000e+00
    outer loop
      vertex   -3.567642e+00 2.967071e+01 3.988000e+01
      vertex   -3.567642e+00 2.967071e+01 4.000000e+01
      vertex   -3.655183e+00 2.949353e+01 3.988000e+01
    endloop
  endfacet
  facet normal 8.965472e-01 -4.429481e-01 0.000000e+00
    outer loop
      vertex   -3.655183e+00 2.949353e+01 3.988000e+01
      vertex   -3.567642e+00 2.967071e+01 4.000000e+01
      vertex   -3.655183e+00 2.949353e+01 4.000000e+01
    endloop
  endfacet
  facet normal 8.630689e-01 -5.050863e-01 0.000000e+00
    outer loop
      vertex   -3.655183e+00 2.949353e+01 3.988000e+01
      vertex   -3.655183e+00 2.949353e+01 4.000000e+01
      vertex   -3.755004e+00 2.932296e+01 3.988000e+01
    endloop
  endfacet
  facet normal 8.630689e-01 -5.050863e-01 0.000000e+00
    outer loop
      vertex   -3.755004e+00 2.932296e+01 3.988000e+01
      vertex   -3.655183e+00 2.949353e+01 4.000000e+01
      vertex   -3.755004e+00 2.932296e+01 4.000000e+01
    endloop
  endfacet
  facet normal 8.252907e-01 -5.647081e-01 0.000000e+00
    outer loop
      vertex   -3.755004e+00 2.932296e+01 3.988000e+01
      vertex   -3.755004e+00 2.932296e+01 4.000000e+01
      vertex   -3.866609e+00 2.915985e+01 3.988000e+01
    endloop
  endfacet
  facet normal 8.252907e-01 -5.647081e-01 0.000000e+00
    outer loop
      vertex   -3.866609e+00 2.915985e+01 3.988000e+01
      vertex   -3.755004e+00 2.932296e+01 4.000000e+01
      vertex   -3.866609e+00 2.915985e+01 4.000000e+01
    endloop
  endfacet
  facet normal 7.834010e-01 -6.215166e-01 0.000000e+00
    outer loop
      vertex   -3.866609e+00 2.915985e+01 3.988000e+01
      vertex   -3.866609e+00 2.915985e+01 4.000000e+01
      vertex   -3.989441e+00 2.900503e+01 3.988000e+01
    endloop
  endfacet
  facet normal 7.834010e-01 -6.215166e-01 0.000000e+00
    outer loop
      vertex   -3.989441e+00 2.900503e+01 3.988000e+01
      vertex   -3.866609e+00 2.915985e+01 4.000000e+01
      vertex   -3.989441e+00 2.900503e+01 4.000000e+01
    endloop
  endfacet
  facet normal 7.376085e-01 -6.752287e-01 0.000000e+00
    outer loop
      vertex   -3.989441e+00 2.900503e+01 3.988000e+01
      vertex   -3.989441e+00 2.900503e+01 4.000000e+01
      vertex   -4.122887e+00 2.885925e+01 3.988000e+01
    endloop
  endfacet
  facet normal 7.376085e-01 -6.752287e-01 0.000000e+00
    outer loop
      vertex   -4.122887e+00 2.885925e+01 3.988000e+01
      vertex   -3.989441e+00 2.900503e+01 4.000000e+01
      vertex   -4.122887e+00 2.885925e+01 4.000000e+01
    endloop
  endfacet
  facet normal 6.881412e-01 -7.255768e-01 0.000000e+00
    outer loop
      vertex   -4.122887e+00 2.885925e+01 3.988000e+01
      vertex   -4.122887e+00 2.885925e+01 4.000000e+01
      vertex   -4.266285e+00 2.872325e+01 3.988000e+01
    endloop
  endfacet
  facet normal 6.881412e-01 -7.255768e-01 0.000000e+00
    outer loop
      vertex   -4.266285e+00 2.872325e+01 3.988000e+01
      vertex   -4.122887e+00 2.885925e+01 4.000000e+01
      vertex   -4.266285e+00 2.872325e+01 4.000000e+01
    endloop
  endfacet
  facet normal 6.352456e-01 -7.723102e-01 0.000000e+00
    outer loop
      vertex   -4.266285e+00 2.872325e+01 3.988000e+01
      vertex   -4.266285e+00 2.872325e+01 4.000000e+01
      vertex   -4.418918e+00 2.859771e+01 3.988000e+01
    endloop
  endfacet
  facet normal 6.352456e-01 -7.723102e-01 0.000000e+00
    outer loop
      vertex   -4.418918e+00 2.859771e+01 3.988000e+01
      vertex   -4.266285e+00 2.872325e+01 4.000000e+01
      vertex   -4.418918e+00 2.859771e+01 4.000000e+01
    endloop
  endfacet
  facet normal 5.791853e-01 -8.151959e-01 0.000000e+00
    outer loop
      vertex   -4.418918e+00 2.859771e+01 3.988000e+01
      vertex   -4.418918e+00 2.859771e+01 4.000000e+01
      vertex   -4.580027e+00 2.848324e+01 3.988000e+01
    endloop
  endfacet
  facet normal 5.791853e-01 -8.151959e-01 0.000000e+00
    outer loop
      vertex   -4.580027e+00 2.848324e+01 3.988000e+01
      vertex   -4.418918e+00 2.859771e+01 4.000000e+01
      vertex   -4.580027e+00 2.848324e+01 4.000000e+01
    endloop
  endfacet
  facet normal 5.202394e-01 -8.540204e-01 0.000000e+00
    outer loop
      vertex   -4.580027e+00 2.848324e+01 3.988000e+01
      vertex   -4.580027e+00 2.848324e+01 4.000000e+01
      vertex   -4.748809e+00 2.838043e+01 3.988000e+01
    endloop
  endfacet
  facet normal 5.202394e-01 -8.540204e-01 0.000000e+00
    outer loop
      vertex   -4.748809e+00 2.838043e+01 3.988000e+01
      vertex   -4.580027e+00 2.848324e+01 4.000000e+01
      vertex   -4.748809e+00 2.838043e+01 4.000000e+01
    endloop
  endfacet
  facet normal 4.587018e-01 -8.885902e-01 0.000000e+00
    outer loop
      vertex   -4.748809e+00 2.838043e+01 3.988000e+01
      vertex   -4.748809e+00 2.838043e+01 4.000000e+01
      vertex   -4.924423e+00 2.828977e+01 3.988000e+01
    endloop
  endfacet
  facet normal 4.587018e-01 -8.885902e-01 0.000000e+00
    outer loop
      vertex   -4.924423e+00 2.828977e+01 3.988000e+01
      vertex   -4.748809e+00 2.838043e+01 4.000000e+01
      vertex   -4.924423e+00 2.828977e+01 4.000000e+01
    endloop
  endfacet
  facet normal 3.948790e-01 -9.187331e-01 0.000000e+00
    outer loop
      vertex   -4.924423e+00 2.828977e+01 3.988000e+01
      vertex   -4.924423e+00 2.828977e+01 4.000000e+01
      vertex   -5.105994e+00 2.821173e+01 3.988000e+01
    endloop
  endfacet
  facet normal 3.948790e-01 -9.187331e-01 0.000000e+00
    outer loop
      vertex   -5.105994e+00 2.821173e+01 3.988000e+01
      vertex   -4.924423e+00 2.828977e+01 4.000000e+01
      vertex   -5.105994e+00 2.821173e+01 4.000000e+01
    endloop
  endfacet
  facet normal 3.290889e-01 -9.442990e-01 0.000000e+00
    outer loop
      vertex   -5.105994e+00 2.821173e+01 3.988000e+01
      vertex   -5.105994e+00 2.821173e+01 4.000000e+01
      vertex   -5.292618e+00 2.814669e+01 3.988000e+01
    endloop
  endfacet
  facet normal 3.290889e-01 -9.442990e-01 0.000000e+00
    outer loop
      vertex   -5.292618e+00 2.814669e+01 3.988000e+01
      vertex   -5.105994e+00 2.821173e+01 4.000000e+01
      vertex   -5.292618e+00 2.814669e+01 4.000000e+01
    endloop
  endfacet
  facet normal 2.616593e-01 -9.651603e-01 0.000000e+00
    outer loop
      vertex   -5.292618e+00 2.814669e+01 3.988000e+01
      vertex   -5.292618e+00 2.814669e+01 4.000000e+01
      vertex   -5.483365e+00 2.809498e+01 3.988000e+01
    endloop
  endfacet
  facet normal 2.616593e-01 -9.651603e-01 0.000000e+00
    outer loop
      vertex   -5.483365e+00 2.809498e+01 3.988000e+01
      vertex   -5.292618e+00 2.814669e+01 4.000000e+01
      vertex   -5.483365e+00 2.809498e+01 4.000000e+01
    endloop
  endfacet
  facet normal 1.929261e-01 -9.812133e-01 0.000000e+00
    outer loop
      vertex   -5.483365e+00 2.809498e+01 3.988000e+01
      vertex   -5.483365e+00 2.809498e+01 4.000000e+01
      vertex   -5.677284e+00 2.805685e+01 3.988000e+01
    endloop
  endfacet
  facet normal 1.929261e-01 -9.812133e-01 0.000000e+00
    outer loop
      vertex   -5.677284e+00 2.805685e+01 3.988000e+01
      vertex   -5.483365e+00 2.809498e+01 4.000000e+01
      vertex   -5.677284e+00 2.805685e+01 4.000000e+01
    endloop
  endfacet
  facet normal 1.232317e-01 -9.923779e-01 0.000000e+00
    outer loop
      vertex   -5.677284e+00 2.805685e+01 3.988000e+01
      vertex   -5.677284e+00 2.805685e+01 4.000000e+01
      vertex   -5.873410e+00 2.803250e+01 3.988000e+01
    endloop
  endfacet
  facet normal 1.232317e-01 -9.923779e-01 0.000000e+00
    outer loop
      vertex   -5.873410e+00 2.803250e+01 3.988000e+01
      vertex   -5.677284e+00 2.805685e+01 4.000000e+01
      vertex   -5.873410e+00 2.803250e+01 4.000000e+01
    endloop
  endfacet
  facet normal 5.292345e-02 -9.985986e-01 0.000000e+00
    outer loop
      vertex   -5.873410e+00 2.803250e+01 3.988000e+01
      vertex   -5.873410e+00 2.803250e+01 4.000000e+01
      vertex   -6.070765e+00 2.802204e+01 3.988000e+01
    endloop
  endfacet
  facet normal 5.292345e-02 -9.985986e-01 0.000000e+00
    outer loop
      vertex   -6.070765e+00 2.802204e+01 3.988000e+01
      vertex   -5.873410e+00 2.803250e+01 4.000000e+01
      vertex   -6.070765e+00 2.802204e+01 4.000000e+01
    endloop
  endfacet
  facet normal -1.764848e-02 -9.998443e-01 0.000000e+00
    outer loop
      vertex   -6.070765e+00 2.802204e+01 3.988000e+01
      vertex   -6.070765e+00 2.802204e+01 4.000000e+01
      vertex   -6.268367e+00 2.802553e+01 3.988000e+01
    endloop
  endfacet
  facet normal -1.764848e-02 -9.998443e-01 0.000000e+00
    outer loop
      vertex   -6.268367e+00 2.802553e+01 3.988000e+01
      vertex   -6.070765e+00 2.802204e+01 4.000000e+01
      vertex   -6.268367e+00 2.802553e+01 4.000000e+01
    endloop
  endfacet
  facet normal -8.813249e-02 -9.961088e-01 0.000000e+00
    outer loop
      vertex   -6.268367e+00 2.802553e+01 3.988000e+01
      vertex   -6.268367e+00 2.802553e+01 4.000000e+01
      vertex   -6.465230e+00 2.804295e+01 3.988000e+01
    endloop
  endfacet
  facet normal -8.813249e-02 -9.961088e-01 0.000000e+00
    outer loop
      vertex   -6.465230e+00 2.804295e+01 3.988000e+01
      vertex   -6.268367e+00 2.802553e+01 4.000000e+01
      vertex   -6.465230e+00 2.804295e+01 4.000000e+01
    endloop
  endfacet
  facet normal -1.581774e-01 -9.874107e-01 0.000000e+00
    outer loop
      vertex   -6.465230e+00 2.804295e+01 3.988000e+01
      vertex   -6.465230e+00 2.804295e+01 4.000000e+01
      vertex   -6.660374e+00 2.807421e+01 3.988000e+01
    endloop
  endfacet
  facet normal -1.581774e-01 -9.874107e-01 0.000000e+00
    outer loop
      vertex   -6.660374e+00 2.807421e+01 3.988000e+01
      vertex   -6.465230e+00 2.804295e+01 4.000000e+01
      vertex   -6.660374e+00 2.807421e+01 4.000000e+01
    endloop
  endfacet
  facet normal -2.274343e-01 -9.737934e-01 0.000000e+00
    outer loop
      vertex   -6.660374e+00 2.807421e+01 3.988000e+01
      vertex   -6.660374e+00 2.807421e+01 4.000000e+01
      vertex   -6.852827e+00 2.811915e+01 3.988000e+01
    endloop
  endfacet
  facet normal -2.274343e-01 -9.737934e-01 0.000000e+00
    outer loop
      vertex   -6.852827e+00 2.811915e+01 3.988000e+01
      vertex   -6.660374e+00 2.807421e+01 4.000000e+01
      vertex   -6.852827e+00 2.811915e+01 4.000000e+01
    endloop
  endfacet
  facet normal -2.955582e-01 -9.553247e-01 0.000000e+00
    outer loop
      vertex   -6.852827e+00 2.811915e+01 3.988000e+01
      vertex   -6.852827e+00 2.811915e+01 4.000000e+01
      vertex   -7.041630e+00 2.817757e+01 3.988000e+01
    endloop
  endfacet
  facet normal -2.955582e-01 -9.553247e-01 0.000000e+00
    outer loop
      vertex   -7.041630e+00 2.817757e+01 3.988000e+01
      vertex   -6.852827e+00 2.811915e+01 4.000000e+01
      vertex   -7.041630e+00 2.817757e+01 4.000000e+01
    endloop
  endfacet
  facet normal -3.622096e-01 -9.320967e-01 0.000000e+00
    outer loop
      vertex   -7.041630e+00 2.817757e+01 3.988000e+01
      vertex   -7.041630e+00 2.817757e+01 4.000000e+01
      vertex   -7.225842e+00 2.824915e+01 3.988000e+01
    endloop
  endfacet
  facet normal -3.622096e-01 -9.320967e-01 0.000000e+00
    outer loop
      vertex   -7.225842e+00 2.824915e+01 3.988000e+01
      vertex   -7.041630e+00 2.817757e+01 4.000000e+01
      vertex   -7.225842e+00 2.824915e+01 4.000000e+01
    endloop
  endfacet
  facet normal -4.270564e-01 -9.042250e-01 0.000000e+00
    outer loop
      vertex   -7.225842e+00 2.824915e+01 3.988000e+01
      vertex   -7.225842e+00 2.824915e+01 4.000000e+01
      vertex   -7.404546e+00 2.833355e+01 3.988000e+01
    endloop
  endfacet
  facet normal -4.270564e-01 -9.042250e-01 0.000000e+00
    outer loop
      vertex   -7.404546e+00 2.833355e+01 3.988000e+01
      vertex   -7.225842e+00 2.824915e+01 4.000000e+01
      vertex   -7.404546e+00 2.833355e+01 4.000000e+01
    endloop
  endfacet
  facet normal -4.897757e-01 -8.718485e-01 0.000000e+00
    outer loop
      vertex   -7.404546e+00 2.833355e+01 3.988000e+01
      vertex   -7.404546e+00 2.833355e+01 4.000000e+01
      vertex   -7.576852e+00 2.843035e+01 3.988000e+01
    endloop
  endfacet
  facet normal -4.897757e-01 -8.718485e-01 0.000000e+00
    outer loop
      vertex   -7.576852e+00 2.843035e+01 3.988000e+01
      vertex   -7.404546e+00 2.833355e+01 4.000000e+01
      vertex   -7.576852e+00 2.843035e+01 4.000000e+01
    endloop
  endfacet
  facet normal -5.500550e-01 -8.351284e-01 0.000000e+00
    outer loop
      vertex   -7.576852e+00 2.843035e+01 3.988000e+01
      vertex   -7.576852e+00 2.843035e+01 4.000000e+01
      vertex   -7.741900e+00 2.853905e+01 3.988000e+01
    endloop
  endfacet
  facet normal -5.500550e-01 -8.351284e-01 0.000000e+00
    outer loop
      vertex   -7.741900e+00 2.853905e+01 3.988000e+01
      vertex   -7.576852e+00 2.843035e+01 4.000000e+01
      vertex   -7.741900e+00 2.853905e+01 4.000000e+01
    endloop
  endfacet
  facet normal -6.075939e-01 -7.942478e-01 0.000000e+00
    outer loop
      vertex   -7.741900e+00 2.853905e+01 3.988000e+01
      vertex   -7.741900e+00 2.853905e+01 4.000000e+01
      vertex   -7.898869e+00 2.865914e+01 3.988000e+01
    endloop
  endfacet
  facet normal -6.075939e-01 -7.942478e-01 0.000000e+00
    outer loop
      vertex   -7.898869e+00 2.865914e+01 3.988000e+01
      vertex   -7.741900e+00 2.853905e+01 4.000000e+01
      vertex   -7.898869e+00 2.865914e+01 4.000000e+01
    endloop
  endfacet
  facet normal -6.621058e-01 -7.494103e-01 0.000000e+00
    outer loop
      vertex   -7.898869e+00 2.865914e+01 3.988000e+01
      vertex   -7.898869e+00 2.865914e+01 4.000000e+01
      vertex   -8.046976e+00 2.878999e+01 3.988000e+01
    endloop
  endfacet
  facet normal -6.621058e-01 -7.494103e-01 0.000000e+00
    outer loop
      vertex   -8.046976e+00 2.878999e+01 3.988000e+01
      vertex   -7.898869e+00 2.865914e+01 4.000000e+01
      vertex   -8.046976e+00 2.878999e+01 4.000000e+01
    endloop
  endfacet
  facet normal -7.133192e-01 -7.008393e-01 0.000000e+00
    outer loop
      vertex   -8.046976e+00 2.878999e+01 3.988000e+01
      vertex   -8.046976e+00 2.878999e+01 4.000000e+01
      vertex   -8.185485e+00 2.893096e+01 3.988000e+01
    endloop
  endfacet
  facet normal -7.133192e-01 -7.008393e-01 0.000000e+00
    outer loop
      vertex   -8.185485e+00 2.893096e+01 3.988000e+01
      vertex   -8.046976e+00 2.878999e+01 4.000000e+01
      vertex   -8.185485e+00 2.893096e+01 4.000000e+01
    endloop
  endfacet
  facet normal -7.609788e-01 -6.487768e-01 0.000000e+00
    outer loop
      vertex   -8.185485e+00 2.893096e+01 3.988000e+01
      vertex   -8.185485e+00 2.893096e+01 4.000000e+01
      vertex   -8.313704e+00 2.908136e+01 3.988000e+01
    endloop
  endfacet
  facet normal -7.609788e-01 -6.487768e-01 0.000000e+00
    outer loop
      vertex   -8.313704e+00 2.908136e+01 3.988000e+01
      vertex   -8.185485e+00 2.893096e+01 4.000000e+01
      vertex   -8.313704e+00 2.908136e+01 4.000000e+01
    endloop
  endfacet
  facet normal -8.048472e-01 -5.934820e-01 0.000000e+00
    outer loop
      vertex   -8.313704e+00 2.908136e+01 3.988000e+01
      vertex   -8.313704e+00 2.908136e+01 4.000000e+01
      vertex   -8.430995e+00 2.924042e+01 3.988000e+01
    endloop
  endfacet
  facet normal -8.048472e-01 -5.934820e-01 0.000000e+00
    outer loop
      vertex   -8.430995e+00 2.924042e+01 3.988000e+01
      vertex   -8.313704e+00 2.908136e+01 4.000000e+01
      vertex   -8.430995e+00 2.924042e+01 4.000000e+01
    endloop
  endfacet
  facet normal -8.447060e-01 -5.352306e-01 0.000000e+00
    outer loop
      vertex   -8.430995e+00 2.924042e+01 3.988000e+01
      vertex   -8.430995e+00 2.924042e+01 4.000000e+01
      vertex   -8.536774e+00 2.940736e+01 3.988000e+01
    endloop
  endfacet
  facet normal -8.447060e-01 -5.352306e-01 0.000000e+00
    outer loop
      vertex   -8.536774e+00 2.940736e+01 3.988000e+01
      vertex   -8.430995e+00 2.924042e+01 4.000000e+01
      vertex   -8.536774e+00 2.940736e+01 4.000000e+01
    endloop
  endfacet
  facet normal -8.803565e-01 -4.743127e-01 0.000000e+00
    outer loop
      vertex   -8.536774e+00 2.940736e+01 3.988000e+01
      vertex   -8.536774e+00 2.940736e+01 4.000000e+01
      vertex   -8.630513e+00 2.958135e+01 3.988000e+01
    endloop
  endfacet
  facet normal -8.803565e-01 -4.743127e-01 0.000000e+00
    outer loop
      vertex   -8.630513e+00 2.958135e+01 3.988000e+01
      vertex   -8.536774e+00 2.940736e+01 4.000000e+01
      vertex   -8.630513e+00 2.958135e+01 4.000000e+01
    endloop
  endfacet
  facet normal -9.116210e-01 -4.110317e-01 0.000000e+00
    outer loop
      vertex   -8.630513e+00 2.958135e+01 3.988000e+01
      vertex   -8.630513e+00 2.958135e+01 4.000000e+01
      vertex   -8.711747e+00 2.976151e+01 3.988000e+01
    endloop
  endfacet
  facet normal -9.116210e-01 -4.110317e-01 0.000000e+00
    outer loop
      vertex   -8.711747e+00 2.976151e+01 3.988000e+01
      vertex   -8.630513e+00 2.958135e+01 4.000000e+01
      vertex   -8.711747e+00 2.976151e+01 4.000000e+01
    endloop
  endfacet
  facet normal -9.383440e-01 -3.457031e-01 0.000000e+00
    outer loop
      vertex   -8.711747e+00 2.976151e+01 3.988000e+01
      vertex   -8.711747e+00 2.976151e+01 4.000000e+01
      vertex   -8.780069e+00 2.994696e+01 3.988000e+01
    endloop
  endfacet
  facet normal -9.383440e-01 -3.457031e-01 0.000000e+00
    outer loop
      vertex   -8.780069e+00 2.994696e+01 3.988000e+01
      vertex   -8.711747e+00 2.976151e+01 4.000000e+01
      vertex   -8.780069e+00 2.994696e+01 4.000000e+01
    endloop
  endfacet
  facet normal -9.603921e-01 -2.786521e-01 0.000000e+00
    outer loop
      vertex   -8.780069e+00 2.994696e+01 3.988000e+01
      vertex   -8.780069e+00 2.994696e+01 4.000000e+01
      vertex   -8.835139e+00 3.013677e+01 3.988000e+01
    endloop
  endfacet
  facet normal -9.603921e-01 -2.786521e-01 0.000000e+00
    outer loop
      vertex   -8.835139e+00 3.013677e+01 3.988000e+01
      vertex   -8.780069e+00 2.994696e+01 4.000000e+01
      vertex   -8.835139e+00 3.013677e+01 4.000000e+01
    endloop
  endfacet
  facet normal -9.776556e-01 -2.102129e-01 0.000000e+00
    outer loop
      vertex   -8.835139e+00 3.013677e+01 3.988000e+01
      vertex   -8.835139e+00 3.013677e+01 4.000000e+01
      vertex   -8.876684e+00 3.032998e+01 3.988000e+01
    endloop
  endfacet
  facet normal -9.776556e-01 -2.102129e-01 0.000000e+00
    outer loop
      vertex   -8.876684e+00 3.032998e+01 3.988000e+01
      vertex   -8.835139e+00 3.013677e+01 4.000000e+01
      vertex   -8.876684e+00 3.032998e+01 4.000000e+01
    endloop
  endfacet
  facet normal -9.900485e-01 -1.407265e-01 0.000000e+00
    outer loop
      vertex   -8.876684e+00 3.032998e+01 3.988000e+01
      vertex   -8.876684e+00 3.032998e+01 4.000000e+01
      vertex   -8.904496e+00 3.052565e+01 3.988000e+01
    endloop
  endfacet
  facet normal -9.900485e-01 -1.407265e-01 0.000000e+00
    outer loop
      vertex   -8.904496e+00 3.052565e+01 3.988000e+01
      vertex   -8.876684e+00 3.032998e+01 4.000000e+01
      vertex   -8.904496e+00 3.052565e+01 4.000000e+01
    endloop
  endfacet
  facet normal -9.975090e-01 -7.053896e-02 0.000000e+00
    outer loop
      vertex   -8.904496e+00 3.052565e+01 3.988000e+01
      vertex   -8.904496e+00 3.052565e+01 4.000000e+01
      vertex   -8.918437e+00 3.072279e+01 3.988000e+01
    endloop
  endfacet
  facet normal -9.975090e-01 -7.053896e-02 0.000000e+00
    outer loop
      vertex   -8.918437e+00 3.072279e+01 3.988000e+01
      vertex   -8.904496e+00 3.052565e+01 4.000000e+01
      vertex   -8.918437e+00 3.072279e+01 4.000000e+01
    endloop
  endfacet
  facet normal -1.000000e+00 0.000000e+00 0.000000e+00
    outer loop
      vertex   -8.918437e+00 3.072279e+01 3.988000e+01
      vertex   -8.918437e+00 3.072279e+01 4.000000e+01
      vertex   -8.918437e+00 3.092042e+01 3.988000e+01
    endloop
  endfacet
  facet normal -1.000000e+00 0.000000e+00 0.000000e+00
    outer loop
      vertex   -8.918437e+00 3.092042e+01 3.988000e+01
      vertex   -8.918437e+00 3.072279e+01 4.000000e+01
      vertex   -8.918437e+00 3.092042e+01 4.000000e+01
    endloop
  endfacet
  facet normal -9.975090e-01 7.053896e-02 0.000000e+00
    outer loop
      vertex   -8.918437e+00 3.092042e+01 3.988000e+01
      vertex   -8.918437e+00 3.092042e+01 4.000000e+01
      vertex   -8.904496e+00 3.111756e+01 3.988000e+01
    endloop
  endfacet
  facet normal -9.975090e-01 7.053896e-02 0.000000e+00
    outer loop
      vertex   -8.904496e+00 3.111756e+01 3.988000e+01
      vertex   -8.918437e+00 3.092042e+01 4.000000e+01
      vertex   -8.904496e+00 3.111756e+01 4.000000e+01
    endloop
  endfacet
  facet normal -9.900485e-01 1.407265e-01 0.000000e+00
    outer loop
      vertex   -8.904496e+00 3.111756e+01 3.988000e+01
      vertex   -8.904496e+00 3.111756e+01 4.000000e+01
      vertex   -8.876684e+00 3.131323e+01 3.988000e+01
    endloop
  endfacet
  facet normal -9.900485e-01 1.407265e-01 0.000000e+00
    outer loop
      vertex   -8.876684e+00 3.131323e+01 3.988000e+01
      vertex   -8.904496e+00 3.111756e+01 4.000000e+01
      vertex   -8.876684e+00 3.131323e+01 4.000000e+01
    endloop
  endfacet
  facet normal -9.776556e-01 2.102129e-01 0.000000e+00
    outer loop
      vertex   -8.876684e+00 3.131323e+01 3.988000e+01
      vertex   -8.876684e+00 3.131323e+01 4.000000e+01
      vertex   -8.835139e+00 3.150644e+01 3.988000e+01
    endloop
  endfacet
  facet normal -9.776556e-01 2.102129e-01 0.000000e+00
    outer loop
      vertex   -8.835139e+00 3.150644e+01 3.988000e+01
      vertex   -8.876684e+00 3.131323e+01 4.000000e+01
      vertex   -8.835139e+00 3.150644e+01 4.000000e+01
    endloop
  endfacet
  facet normal -9.603921e-01 2.786521e-01 0.000000e+00
    outer loop
      vertex   -8.835139e+00 3.150644e+01 3.988000e+01
      vertex   -8.835139e+00 3.150644e+01 4.000000e+01
      vertex   -8.780069e+00 3.169625e+01 3.988000e+01
    endloop
  endfacet
  facet normal -9.603921e-01 2.786521e-01 0.000000e+00
    outer loop
      vertex   -8.780069e+00 3.169625e+01 3.988000e+01
      vertex   -8.835139e+00 3.150644e+01 4.000000e+01
      vertex   -8.780069e+00 3.169625e+01 4.000000e+01
    endloop
  endfacet
  facet normal -9.383440e-01 3.457031e-01 0.000000e+00
    outer loop
      vertex   -8.780069e+00 3.169625e+01 3.988000e+01
      vertex   -8.780069e+00 3.169625e+01 4.000000e+01
      vertex   -8.711747e+00 3.188169e+01 3.988000e+01
    endloop
  endfacet
  facet normal -9.383440e-01 3.457031e-01 0.000000e+00
    outer loop
      vertex   -8.711747e+00 3.188169e+01 3.988000e+01
      vertex   -8.780069e+00 3.169625e+01 4.000000e+01
      vertex   -8.711747e+00 3.188169e+01 4.000000e+01
    endloop
  endfacet
  facet normal -9.116210e-01 4.110317e-01 0.000000e+00
    outer loop
      vertex   -8.711747e+00 3.188169e+01 3.988000e+01
      vertex   -8.711747e+00 3.188169e+01 4.000000e+01
      vertex   -8.630513e+00 3.206186e+01 3.988000e+01
    endloop
  endfacet
  facet normal -9.116210e-01 4.110317e-01 0.000000e+00
    outer loop
      vertex   -8.630513e+00 3.206186e+01 3.988000e+01
      vertex   -8.711747e+00 3.188169e+01 4.000000e+01
      vertex   -8.630513e+00 3.206186e+01 4.000000e+01
    endloop
  endfacet
  facet normal -8.803565e-01 4.743127e-01 0.000000e+00
    outer loop
      vertex   -8.630513e+00 3.206186e+01 3.988000e+01
      vertex   -8.630513e+00 3.206186e+01 4.000000e+01
      vertex   -8.536774e+00 3.223585e+01 3.988000e+01
    endloop
  endfacet
  facet normal -8.803565e-01 4.743127e-01 0.000000e+00
    outer loop
      vertex   -8.536774e+00 3.223585e+01 3.988000e+01
      vertex   -8.630513e+00 3.206186e+01 4.000000e+01
      vertex   -8.536774e+00 3.223585e+01 4.000000e+01
    endloop
  endfacet
  facet normal -8.447060e-01 5.352306e-01 0.000000e+00
    outer loop
      vertex   -8.536774e+00 3.223585e+01 3.988000e+01
      vertex   -8.536774e+00 3.223585e+01 4.000000e+01
      vertex   -8.430995e+00 3.240279e+01 3.988000e+01
    endloop
  endfacet
  facet normal -8.447060e-01 5.352306e-01 0.000000e+00
    outer loop
      vertex   -8.430995e+00 3.240279e+01 3.988000e+01
      vertex   -8.536774e+00 3.223585e+01 4.000000e+01
      vertex   -8.430995e+00 3.240279e+01 4.000000e+01
    endloop
  endfacet
  facet normal -8.048472e-01 5.934820e-01 0.000000e+00
    outer loop
      vertex   -8.430995e+00 3.240279e+01 3.988000e+01
      vertex   -8.430995e+00 3.240279e+01 4.000000e+01
      vertex   -8.313704e+00 3.256185e+01 3.988000e+01
    endloop
  endfacet
  facet normal -8.048472e-01 5.934820e-01 0.000000e+00
    outer loop
      vertex   -8.313704e+00 3.256185e+01 3.988000e+01
      vertex   -8.430995e+00 3.240279e+01 4.000000e+01
      vertex   -8.313704e+00 3.256185e+01 4.000000e+01
    endloop
  endfacet
  facet normal -7.609788e-01 6.487768e-01 0.000000e+00
    outer loop
      vertex   -8.313704e+00 3.256185e+01 3.988000e+01
      vertex   -8.313704e+00 3.256185e+01 4.000000e+01
      vertex   -8.185485e+00 3.271224e+01 3.988000e+01
    endloop
  endfacet
  facet normal -7.609788e-01 6.487768e-01 0.000000e+00
    outer loop
      vertex   -8.185485e+00 3.271224e+01 3.988000e+01
      vertex   -8.313704e+00 3.256185e+01 4.000000e+01
      vertex   -8.185485e+00 3.271224e+01 4.000000e+01
    endloop
  endfacet
  facet normal -7.133192e-01 7.008393e-01 0.000000e+00
    outer loop
      vertex   -8.185485e+00 3.271224e+01 3.988000e+01
      vertex   -8.185485e+00 3.271224e+01 4.000000e+01
      vertex   -8.046976e+00 3.285322e+01 3.988000e+01
    endloop
  endfacet
  facet normal -7.133192e-01 7.008393e-01 0.000000e+00
    outer loop
      vertex   -8.046976e+00 3.285322e+01 3.988000e+01
      vertex   -8.185485e+00 3.271224e+01 4.000000e+01
      vertex   -8.046976e+00 3.285322e+01 4.000000e+01
    endloop
  endfacet
  facet normal -6.621058e-01 7.494103e-01 0.000000e+00
    outer loop
      vertex   -8.046976e+00 3.285322e+01 3.988000e+01
      vertex   -8.046976e+00 3.285322e+01 4.000000e+01
      vertex   -7.898869e+00 3.298407e+01 3.988000e+01
    endloop
  endfacet
  facet normal -6.621058e-01 7.494103e-01 0.000000e+00
    outer loop
      vertex   -7.898869e+00 3.298407e+01 3.988000e+01
      vertex   -8.046976e+00 3.285322e+01 4.000000e+01
      vertex   -7.898869e+00 3.298407e+01 4.000000e+01
    endloop
  endfacet
  facet normal -6.075939e-01 7.942478e-01 0.000000e+00
    outer loop
      vertex   -7.898869e+00 3.298407e+01 3.988000e+01
      vertex   -7.898869e+00 3.298407e+01 4.000000e+01
      vertex   -7.741900e+00 3.310415e+01 3.988000e+01
    endloop
  endfacet
  facet normal -6.075939e-01 7.942478e-01 0.000000e+00
    outer loop
      vertex   -7.741900e+00 3.310415e+01 3.988000e+01
      vertex   -7.898869e+00 3.298407e+01 4.000000e+01
      vertex   -7.741900e+00 3.310415e+01 4.000000e+01
    endloop
  endfacet
  facet normal -5.500550e-01 8.351284e-01 0.000000e+00
    outer loop
      vertex   -7.741900e+00 3.310415e+01 3.988000e+01
      vertex   -7.741900e+00 3.310415e+01 4.000000e+01
      vertex   -7.576852e+00 3.321286e+01 3.988000e+01
    endloop
  endfacet
  facet normal -5.500550e-01 8.351284e-01 0.000000e+00
    outer loop
      vertex   -7.576852e+00 3.321286e+01 3.988000e+01
      vertex   -7.741900e+00 3.310415e+01 4.000000e+01
      vertex   -7.576852e+00 3.321286e+01 4.000000e+01
    endloop
  endfacet
  facet normal -4.897757e-01 8.718485e-01 0.000000e+00
    outer loop
      vertex   -7.576852e+00 3.321286e+01 3.988000e+01
      vertex   -7.576852e+00 3.321286e+01 4.000000e+01
      vertex   -7.404546e+00 3.330966e+01 3.988000e+01
    endloop
  endfacet
  facet normal -4.897757e-01 8.718485e-01 0.000000e+00
    outer loop
      vertex   -7.404546e+00 3.330966e+01 3.988000e+01
      vertex   -7.576852e+00 3.321286e+01 4.000000e+01
      vertex   -7.404546e+00 3.330966e+01 4.000000e+01
    endloop
  endfacet
  facet normal -4.270564e-01 9.042250e-01 0.000000e+00
    outer loop
      vertex   -7.404546e+00 3.330966e+01 3.988000e+01
      vertex   -7.404546e+00 3.330966e+01 4.000000e+01
      vertex   -7.225842e+00 3.339406e+01 3.988000e+01
    endloop
  endfacet
  facet normal -4.270564e-01 9.042250e-01 0.000000e+00
    outer loop
      vertex   -7.225842e+00 3.339406e+01 3.988000e+01
      vertex   -7.404546e+00 3.330966e+01 4.000000e+01
      vertex   -7.225842e+00 3.339406e+01 4.000000e+01
    endloop
  endfacet
  facet normal -3.622096e-01 9.320967e-01 0.000000e+00
    outer loop
      vertex   -7.225842e+00 3.339406e+01 3.988000e+01
      vertex   -7.225842e+00 3.339406e+01 4.000000e+01
      vertex   -7.041630e+00 3.346564e+01 3.988000e+01
    endloop
  endfacet
  facet normal -3.622096e-01 9.320967e-01 0.000000e+00
    outer loop
      vertex   -7.041630e+00 3.346564e+01 3.988000e+01
      vertex   -7.225842e+00 3.339406e+01 4.000000e+01
      vertex   -7.041630e+00 3.346564e+01 4.000000e+01
    endloop
  endfacet
  facet normal -2.955582e-01 9.553247e-01 0.000000e+00
    outer loop
      vertex   -7.041630e+00 3.346564e+01 3.988000e+01
      vertex   -7.041630e+00 3.346564e+01 4.000000e+01
      vertex   -6.852827e+00 3.352405e+01 3.988000e+01
    endloop
  endfacet
  facet normal -2.955582e-01 9.553247e-01 0.000000e+00
    outer loop
      vertex   -6.852827e+00 3.352405e+01 3.988000e+01
      vertex   -7.041630e+00 3.346564e+01 4.000000e+01
      vertex   -6.852827e+00 3.352405e+01 4.000000e+01
    endloop
  endfacet
  facet normal -2.274343e-01 9.737934e-01 0.000000e+00
    outer loop
      vertex   -6.852827e+00 3.352405e+01 3.988000e+01
      vertex   -6.852827e+00 3.352405e+01 4.000000e+01
      vertex   -6.660374e+00 3.356900e+01 3.988000e+01
    endloop
  endfacet
  facet normal -2.274343e-01 9.737934e-01 0.000000e+00
    outer loop
      vertex   -6.660374e+00 3.356900e+01 3.988000e+01
      vertex   -6.852827e+00 3.352405e+01 4.000000e+01
      vertex   -6.660374e+00 3.356900e+01 4.000000e+01
    endloop
  endfacet
  facet normal -1.581774e-01 9.874107e-01 0.000000e+00
    outer loop
      vertex   -6.660374e+00 3.356900e+01 3.988000e+01
      vertex   -6.660374e+00 3.356900e+01 4.000000e+01
      vertex   -6.465230e+00 3.360026e+01 3.988000e+01
    endloop
  endfacet
  facet normal -1.581774e-01 9.874107e-01 0.000000e+00
    outer loop
      vertex   -6.465230e+00 3.360026e+01 3.988000e+01
      vertex   -6.660374e+00 3.356900e+01 4.000000e+01
      vertex   -6.465230e+00 3.360026e+01 4.000000e+01
    endloop
  endfacet
  facet normal -8.813249e-02 9.961088e-01 0.000000e+00
    outer loop
      vertex   -6.465230e+00 3.360026e+01 3.988000e+01
      vertex   -6.465230e+00 3.360026e+01 4.000000e+01
      vertex   -6.268367e+00 3.361768e+01 3.988000e+01
    endloop
  endfacet
  facet normal -8.813249e-02 9.961088e-01 0.000000e+00
    outer loop
      vertex   -6.268367e+00 3.361768e+01 3.988000e+01
      vertex   -6.465230e+00 3.360026e+01 4.000000e+01
      vertex   -6.268367e+00 3.361768e+01 4.000000e+01
    endloop
  endfacet
  facet normal -1.764848e-02 9.998443e-01 0.000000e+00
    outer loop
      vertex   -6.268367e+00 3.361768e+01 3.988000e+01
      vertex   -6.268367e+00 3.361768e+01 4.000000e+01
      vertex   -6.070765e+00 3.362117e+01 3.988000e+01
    endloop
  endfacet
  facet normal -1.764848e-02 9.998443e-01 0.000000e+00
    outer loop
      vertex   -6.070765e+00 3.362117e+01 3.988000e+01
      vertex   -6.268367e+00 3.361768e+01 4.000000e+01
      vertex   -6.070765e+00 3.362117e+01 4.000000e+01
    endloop
  endfacet
  facet normal 5.292345e-02 9.985986e-01 -0.000000e+00
    outer loop
      vertex   -6.070765e+00 3.362117e+01 3.988000e+01
      vertex   -6.070765e+00 3.362117e+01 4.000000e+01
      vertex   -5.873410e+00 3.361071e+01 3.988000e+01
    endloop
  endfacet
  facet normal 5.292345e-02 9.985986e-01 -0.000000e+00
    outer loop
      vertex   -5.873410e+00 3.361071e+01 3.988000e+01
      vertex   -6.070765e+00 3.362117e+01 4.000000e+01
      vertex   -5.873410e+00 3.361071e+01 4.000000e+01
    endloop
  endfacet
  facet normal 1.232317e-01 9.923779e-01 -0.000000e+00
    outer loop
      vertex   -5.873410e+00 3.361071e+01 3.988000e+01
      vertex   -5.873410e+00 3.361071e+01 4.000000e+01
      vertex   -5.677284e+00 3.358635e+01 3.988000e+01
    endloop
  endfacet
  facet normal 1.232317e-01 9.923779e-01 -0.000000e+00
    outer loop
      vertex   -5.677284e+00 3.358635e+01 3.988000e+01
      vertex   -5.873410e+00 3.361071e+01 4.000000e+01
      vertex   -5.677284e+00 3.358635e+01 4.000000e+01
    endloop
  endfacet
  facet normal 1.929261e-01 9.812133e-01 -0.000000e+00
    outer loop
      vertex   -5.677284e+00 3.358635e+01 3.988000e+01
      vertex   -5.677284e+00 3.358635e+01 4.000000e+01
      vertex   -5.483365e+00 3.354823e+01 3.988000e+01
    endloop
  endfacet
  facet normal 1.929261e-01 9.812133e-01 -0.000000e+00
    outer loop
      vertex   -5.483365e+00 3.354823e+01 3.988000e+01
      vertex   -5.677284e+00 3.358635e+01 4.000000e+01
      vertex   -5.483365e+00 3.354823e+01 4.000000e+01
    endloop
  endfacet
  facet normal 2.616593e-01 9.651603e-01 -0.000000e+00
    outer loop
      vertex   -5.483365e+00 3.354823e+01 3.988000e+01
      vertex   -5.483365e+00 3.354823e+01 4.000000e+01
      vertex   -5.292618e+00 3.349651e+01 3.988000e+01
    endloop
  endfacet
  facet normal 2.616593e-01 9.651603e-01 -0.000000e+00
    outer loop
      vertex   -5.292618e+00 3.349651e+01 3.988000e+01
      vertex   -5.483365e+00 3.354823e+01 4.000000e+01
      vertex   -5.292618e+00 3.349651e+01 4.000000e+01
    endloop
  endfacet
  facet normal 3.290889e-01 9.442990e-01 -0.000000e+00
    outer loop
      vertex   -5.292618e+00 3.349651e+01 3.988000e+01
      vertex   -5.292618e+00 3.349651e+01 4.000000e+01
      vertex   -5.105994e+00 3.343147e+01 3.988000e+01
    endloop
  endfacet
  facet normal 3.290889e-01 9.442990e-01 -0.000000e+00
    outer loop
      vertex   -5.105994e+00 3.343147e+01 3.988000e+01
      vertex   -5.292618e+00 3.349651e+01 4.000000e+01
      vertex   -5.105994e+00 3.343147e+01 4.000000e+01
    endloop
  endfacet
  facet normal 3.948790e-01 9.187331e-01 -0.000000e+00
    outer loop
      vertex   -5.105994e+00 3.343147e+01 3.988000e+01
      vertex   -5.105994e+00 3.343147e+01 4.000000e+01
      vertex   -4.924423e+00 3.335343e+01 3.988000e+01
    endloop
  endfacet
  facet normal 3.948790e-01 9.187331e-01 -0.000000e+00
    outer loop
      vertex   -4.924423e+00 3.335343e+01 3.988000e+01
      vertex   -5.105994e+00 3.343147e+01 4.000000e+01
      vertex   -4.924423e+00 3.335343e+01 4.000000e+01
    endloop
  endfacet
  facet normal 4.587018e-01 8.885902e-01 -0.000000e+00
    outer loop
      vertex   -4.924423e+00 3.335343e+01 3.988000e+01
      vertex   -4.924423e+00 3.335343e+01 4.000000e+01
      vertex   -4.748809e+00 3.326278e+01 3.988000e+01
    endloop
  endfacet
  facet normal 4.587018e-01 8.885902e-01 -0.000000e+00
    outer loop
      vertex   -4.748809e+00 3.326278e+01 3.988000e+01
      vertex   -4.924423e+00 3.335343e+01 4.000000e+01
      vertex   -4.748809e+00 3.326278e+01 4.000000e+01
    endloop
  endfacet
  facet normal 5.202394e-01 8.540204e-01 -0.000000e+00
    outer loop
      vertex   -4.748809e+00 3.326278e+01 3.988000e+01
      vertex   -4.748809e+00 3.326278e+01 4.000000e+01
      vertex   -4.580027e+00 3.315996e+01 3.988000e+01
    endloop
  endfacet
  facet normal 5.202394e-01 8.540204e-01 -0.000000e+00
    outer loop
      vertex   -4.580027e+00 3.315996e+01 3.988000e+01
      vertex   -4.748809e+00 3.326278e+01 4.000000e+01
      vertex   -4.580027e+00 3.315996e+01 4.000000e+01
    endloop
  endfacet
  facet normal 5.791853e-01 8.151959e-01 -0.000000e+00
    outer loop
      vertex   -4.580027e+00 3.315996e+01 3.988000e+01
      vertex   -4.580027e+00 3.315996e+01 4.000000e+01
      vertex   -4.418918e+00 3.304550e+01 3.988000e+01
    endloop
  endfacet
  facet normal 5.791853e-01 8.151959e-01 -0.000000e+00
    outer loop
      vertex   -4.418918e+00 3.304550e+01 3.988000e+01
      vertex   -4.580027e+00 3.315996e+01 4.000000e+01
      vertex   -4.418918e+00 3.304550e+01 4.000000e+01
    endloop
  endfacet
  facet normal 6.352456e-01 7.723102e-01 -0.000000e+00
    outer loop
      vertex   -4.418918e+00 3.304550e+01 3.988000e+01
      vertex   -4.418918e+00 3.304550e+01 4.000000e+01
      vertex   -4.266285e+00 3.291995e+01 3.988000e+01
    endloop
  endfacet
  facet normal 6.352456e-01 7.723102e-01 -0.000000e+00
    outer loop
      vertex   -4.266285e+00 3.291995e+01 3.988000e+01
      vertex   -4.418918e+00 3.304550e+01 4.000000e+01
      vertex   -4.266285e+00 3.291995e+01 4.000000e+01
    endloop
  endfacet
  facet normal 6.881412e-01 7.255768e-01 -0.000000e+00
    outer loop
      vertex   -4.266285e+00 3.291995e+01 3.988000e+01
      vertex   -4.266285e+00 3.291995e+01 4.000000e+01
      vertex   -4.122887e+00 3.278395e+01 3.988000e+01
    endloop
  endfacet
  facet normal 6.881412e-01 7.255768e-01 -0.000000e+00
    outer loop
      vertex   -4.122887e+00 3.278395e+01 3.988000e+01
      vertex   -4.266285e+00 3.291995e+01 4.000000e+01
      vertex   -4.122887e+00 3.278395e+01 4.000000e+01
    endloop
  endfacet
  facet normal 7.376085e-01 6.752287e-01 -0.000000e+00
    outer loop
      vertex   -4.122887e+00 3.278395e+01 3.988000e+01
      vertex   -4.122887e+00 3.278395e+01 4.000000e+01
      vertex   -3.989441e+00 3.263818e+01 3.988000e+01
    endloop
  endfacet
  facet normal 7.376085e-01 6.752287e-01 -0.000000e+00
    outer loop
      vertex   -3.989441e+00 3.263818e+01 3.988000e+01
      vertex   -4.122887e+00 3.278395e+01 4.000000e+01
      vertex   -3.989441e+00 3.263818e+01 4.000000e+01
    endloop
  endfacet
  facet normal 7.834010e-01 6.215166e-01 -0.000000e+00
    outer loop
      vertex   -3.989441e+00 3.263818e+01 3.988000e+01
      vertex   -3.989441e+00 3.263818e+01 4.000000e+01
      vertex   -3.866609e+00 3.248335e+01 3.988000e+01
    endloop
  endfacet
  facet normal 7.834010e-01 6.215166e-01 -0.000000e+00
    outer loop
      vertex   -3.866609e+00 3.248335e+01 3.988000e+01
      vertex   -3.989441e+00 3.263818e+01 4.000000e+01
      vertex   -3.866609e+00 3.248335e+01 4.000000e+01
    endloop
  endfacet
  facet normal 8.252907e-01 5.647081e-01 -0.000000e+00
    outer loop
      vertex   -3.866609e+00 3.248335e+01 3.988000e+01
      vertex   -3.866609e+00 3.248335e+01 4.000000e+01
      vertex   -3.755004e+00 3.232025e+01 3.988000e+01
    endloop
  endfacet
  facet normal 8.252907e-01 5.647081e-01 -0.000000e+00
    outer loop
      vertex   -3.755004e+00 3.232025e+01 3.988000e+01
      vertex   -3.866609e+00 3.248335e+01 4.000000e+01
      vertex   -3.755004e+00 3.232025e+01 4.000000e+01
    endloop
  endfacet
  facet normal 8.630689e-01 5.050863e-01 -0.000000e+00
    outer loop
      vertex   -3.755004e+00 3.232025e+01 3.988000e+01
      vertex   -3.755004e+00 3.232025e+01 4.000000e+01
      vertex   -3.655183e+00 3.214968e+01 3.988000e+01
    endloop
  endfacet
  facet normal 8.630689e-01 5.050863e-01 -0.000000e+00
    outer loop
      vertex   -3.655183e+00 3.214968e+01 3.988000e+01
      vertex   -3.755004e+00 3.232025e+01 4.000000e+01
      vertex   -3.655183e+00 3.214968e+01 4.000000e+01
    endloop
  endfacet
  facet normal 8.965472e-01 4.429481e-01 -0.000000e+00
    outer loop
      vertex   -3.655183e+00 3.214968e+01 3.988000e+01
      vertex   -3.655183e+00 3.214968e+01 4.000000e+01
      vertex   -3.567642e+00 3.197249e+01 3.988000e+01
    endloop
  endfacet
  facet normal 8.965472e-01 4.429481e-01 -0.000000e+00
    outer loop
      vertex   -3.567642e+00 3.197249e+01 3.988000e+01
      vertex   -3.655183e+00 3.214968e+01 4.000000e+01
      vertex   -3.567642e+00 3.197249e+01 4.000000e+01
    endloop
  endfacet
  facet normal 9.255591e-01 3.786032e-01 -0.000000e+00
    outer loop
      vertex   -3.567642e+00 3.197249e+01 3.988000e+01
      vertex   -3.567642e+00 3.197249e+01 4.000000e+01
      vertex   -3.492818e+00 3.178957e+01 3.988000e+01
    endloop
  endfacet
  facet normal 9.255591e-01 3.786032e-01 -0.000000e+00
    outer loop
      vertex   -3.492818e+00 3.178957e+01 3.988000e+01
      vertex   -3.567642e+00 3.197249e+01 4.000000e+01
      vertex   -3.492818e+00 3.178957e+01 4.000000e+01
    endloop
  endfacet
  facet normal 9.499598e-01 3.123722e-01 -0.000000e+00
    outer loop
      vertex   -3.492818e+00 3.178957e+01 3.988000e+01
      vertex   -3.492818e+00 3.178957e+01 4.000000e+01
      vertex   -3.431083e+00 3.160183e+01 3.988000e+01
    endloop
  endfacet
  facet normal 9.499598e-01 3.123722e-01 -0.000000e+00
    outer loop
      vertex   -3.431083e+00 3.160183e+01 3.988000e+01
      vertex   -3.492818e+00 3.178957e+01 4.000000e+01
      vertex   -3.431083e+00 3.160183e+01 4.000000e+01
    endloop
  endfacet
  facet normal 9.696279e-01 2.445849e-01 -0.000000e+00
    outer loop
      vertex   -3.431083e+00 3.160183e+01 3.988000e+01
      vertex   -3.431083e+00 3.160183e+01 4.000000e+01
      vertex   -3.382745e+00 3.141020e+01 3.988000e+01
    endloop
  endfacet
  facet normal 9.696279e-01 2.445849e-01 -0.000000e+00
    outer loop
      vertex   -3.382745e+00 3.141020e+01 3.988000e+01
      vertex   -3.431083e+00 3.160183e+01 4.000000e+01
      vertex   -3.382745e+00 3.141020e+01 4.000000e+01
    endloop
  endfacet
  facet normal 9.844653e-01 1.755791e-01 -0.000000e+00
    outer loop
      vertex   -3.382745e+00 3.141020e+01 3.988000e+01
      vertex   -3.382745e+00 3.141020e+01 4.000000e+01
      vertex   -3.348045e+00 3.121564e+01 3.988000e+01
    endloop
  endfacet
  facet normal 9.844653e-01 1.755791e-01 -0.000000e+00
    outer loop
      vertex   -3.348045e+00 3.121564e+01 3.988000e+01
      vertex   -3.382745e+00 3.141020e+01 4.000000e+01
      vertex   -3.348045e+00 3.121564e+01 4.000000e+01
    endloop
  endfacet
  facet normal 9.943982e-01 1.056986e-01 -0.000000e+00
    outer loop
      vertex   -3.348045e+00 3.121564e+01 3.988000e+01
      vertex   -3.348045e+00 3.121564e+01 4.000000e+01
      vertex   -3.327156e+00 3.101911e+01 3.988000e+01
    endloop
  endfacet
  facet normal 9.943982e-01 1.056986e-01 -0.000000e+00
    outer loop
      vertex   -3.327156e+00 3.101911e+01 3.988000e+01
      vertex   -3.348045e+00 3.121564e+01 4.000000e+01
      vertex   -3.327156e+00 3.101911e+01 4.000000e+01
    endloop
  endfacet
endsolid
