solid ASCII
  facet normal -9.963975e-01 8.480592e-02 2.949929e-16
    outer loop
      vertex   -2.079156e+00 3.012870e+01 4.000000e+01
      vertex   -2.079156e+00 3.012870e+01 4.150000e+01
      vertex   -2.020181e+00 3.082160e+01 4.000000e+01
    endloop
  endfacet
  facet normal -9.963975e-01 8.480592e-02 0.000000e+00
    outer loop
      vertex   -2.020181e+00 3.082160e+01 4.000000e+01
      vertex   -2.079156e+00 3.012870e+01 4.150000e+01
      vertex   -2.020181e+00 3.082160e+01 4.150000e+01
    endloop
  endfacet
  facet normal -9.963975e-01 -8.480592e-02 0.000000e+00
    outer loop
      vertex   -2.020181e+00 3.082160e+01 4.000000e+01
      vertex   -2.020181e+00 3.082160e+01 4.150000e+01
      vertex   -2.079156e+00 3.151451e+01 4.000000e+01
    endloop
  endfacet
  facet normal -9.963975e-01 -8.480592e-02 -2.949929e-16
    outer loop
      vertex   -2.079156e+00 3.151451e+01 4.000000e+01
      vertex   -2.020181e+00 3.082160e+01 4.150000e+01
      vertex   -2.079156e+00 3.151451e+01 4.150000e+01
    endloop
  endfacet
  facet normal -9.677329e-01 -2.519781e-01 -2.865065e-16
    outer loop
      vertex   -2.079156e+00 3.151451e+01 4.000000e+01
      vertex   -2.079156e+00 3.151451e+01 4.150000e+01
      vertex   -2.254384e+00 3.218748e+01 4.000000e+01
    endloop
  endfacet
  facet normal -9.677329e-01 -2.519781e-01 0.000000e+00
    outer loop
      vertex   -2.254384e+00 3.218748e+01 4.000000e+01
      vertex   -2.079156e+00 3.151451e+01 4.150000e+01
      vertex   -2.254384e+00 3.218748e+01 4.150000e+01
    endloop
  endfacet
  facet normal -9.112285e-01 -4.119012e-01 0.000000e+00
    outer loop
      vertex   -2.254384e+00 3.218748e+01 4.000000e+01
      vertex   -2.254384e+00 3.218748e+01 4.150000e+01
      vertex   -2.540823e+00 3.282115e+01 4.000000e+01
    endloop
  endfacet
  facet normal -9.112285e-01 -4.119012e-01 0.000000e+00
    outer loop
      vertex   -2.540823e+00 3.282115e+01 4.000000e+01
      vertex   -2.254384e+00 3.218748e+01 4.150000e+01
      vertex   -2.540823e+00 3.282115e+01 4.150000e+01
    endloop
  endfacet
  facet normal -8.285096e-01 -5.599748e-01 0.000000e+00
    outer loop
      vertex   -2.540823e+00 3.282115e+01 4.000000e+01
      vertex   -2.540823e+00 3.282115e+01 4.150000e+01
      vertex   -2.930235e+00 3.339731e+01 4.000000e+01
    endloop
  endfacet
  facet normal -8.285096e-01 -5.599748e-01 0.000000e+00
    outer loop
      vertex   -2.930235e+00 3.339731e+01 4.000000e+01
      vertex   -2.540823e+00 3.282115e+01 4.150000e+01
      vertex   -2.930235e+00 3.339731e+01 4.150000e+01
    endloop
  endfacet
  facet normal -7.219561e-01 -6.919389e-01 0.000000e+00
    outer loop
      vertex   -2.930235e+00 3.339731e+01 4.000000e+01
      vertex   -2.930235e+00 3.339731e+01 4.150000e+01
      vertex   -3.411415e+00 3.389936e+01 4.000000e+01
    endloop
  endfacet
  facet normal -7.219561e-01 -6.919389e-01 0.000000e+00
    outer loop
      vertex   -3.411415e+00 3.389936e+01 4.000000e+01
      vertex   -2.930235e+00 3.339731e+01 4.150000e+01
      vertex   -3.411415e+00 3.389936e+01 4.150000e+01
    endloop
  endfacet
  facet normal -5.946332e-01 -8.039971e-01 0.000000e+00
    outer loop
      vertex   -3.411415e+00 3.389936e+01 4.000000e+01
      vertex   -3.411415e+00 3.389936e+01 4.150000e+01
      vertex   -3.970521e+00 3.431287e+01 4.000000e+01
    endloop
  endfacet
  facet normal -5.946332e-01 -8.039971e-01 -5.281404e-16
    outer loop
      vertex   -3.970521e+00 3.431287e+01 4.000000e+01
      vertex   -3.411415e+00 3.389936e+01 4.150000e+01
      vertex   -3.970521e+00 3.431287e+01 4.150000e+01
    endloop
  endfacet
  facet normal -4.502037e-01 -8.929259e-01 -3.998613e-16
    outer loop
      vertex   -3.970521e+00 3.431287e+01 4.000000e+01
      vertex   -3.970521e+00 3.431287e+01 4.150000e+01
      vertex   -4.591470e+00 3.462595e+01 4.000000e+01
    endloop
  endfacet
  facet normal -4.502037e-01 -8.929259e-01 0.000000e+00
    outer loop
      vertex   -4.591470e+00 3.462595e+01 4.000000e+01
      vertex   -3.970521e+00 3.431287e+01 4.150000e+01
      vertex   -4.591470e+00 3.462595e+01 4.150000e+01
    endloop
  endfacet
  facet normal -2.928228e-01 -9.561667e-01 0.000000e+00
    outer loop
      vertex   -4.591470e+00 3.462595e+01 4.000000e+01
      vertex   -4.591470e+00 3.462595e+01 4.150000e+01
      vertex   -5.256396e+00 3.482958e+01 4.000000e+01
    endloop
  endfacet
  facet normal -2.928228e-01 -9.561667e-01 -5.201577e-16
    outer loop
      vertex   -5.256396e+00 3.482958e+01 4.000000e+01
      vertex   -4.591470e+00 3.462595e+01 4.150000e+01
      vertex   -5.256396e+00 3.482958e+01 4.150000e+01
    endloop
  endfacet
  facet normal -1.270178e-01 -9.919004e-01 -2.256290e-16
    outer loop
      vertex   -5.256396e+00 3.482958e+01 4.000000e+01
      vertex   -5.256396e+00 3.482958e+01 4.150000e+01
      vertex   -5.946172e+00 3.491791e+01 4.000000e+01
    endloop
  endfacet
  facet normal -1.270178e-01 -9.919004e-01 0.000000e+00
    outer loop
      vertex   -5.946172e+00 3.491791e+01 4.000000e+01
      vertex   -5.256396e+00 3.482958e+01 4.150000e+01
      vertex   -5.946172e+00 3.491791e+01 4.150000e+01
    endloop
  endfacet
  facet normal 4.244120e-02 -9.990990e-01 0.000000e+00
    outer loop
      vertex   -5.946172e+00 3.491791e+01 4.000000e+01
      vertex   -5.946172e+00 3.491791e+01 4.150000e+01
      vertex   -6.640954e+00 3.488840e+01 4.000000e+01
    endloop
  endfacet
  facet normal 4.244120e-02 -9.990990e-01 5.026048e-17
    outer loop
      vertex   -6.640954e+00 3.488840e+01 4.000000e+01
      vertex   -5.946172e+00 3.491791e+01 4.150000e+01
      vertex   -6.640954e+00 3.488840e+01 4.150000e+01
    endloop
  endfacet
  facet normal 2.106793e-01 -9.775552e-01 2.494944e-16
    outer loop
      vertex   -6.640954e+00 3.488840e+01 4.000000e+01
      vertex   -6.640954e+00 3.488840e+01 4.150000e+01
      vertex   -7.320754e+00 3.474189e+01 4.000000e+01
    endloop
  endfacet
  facet normal 2.106793e-01 -9.775552e-01 -2.494944e-16
    outer loop
      vertex   -7.320754e+00 3.474189e+01 4.000000e+01
      vertex   -6.640954e+00 3.488840e+01 4.150000e+01
      vertex   -7.320754e+00 3.474189e+01 4.150000e+01
    endloop
  endfacet
  facet normal 3.728565e-01 -9.278890e-01 -4.415508e-16
    outer loop
      vertex   -7.320754e+00 3.474189e+01 4.000000e+01
      vertex   -7.320754e+00 3.474189e+01 4.150000e+01
      vertex   -7.966016e+00 3.448260e+01 4.000000e+01
    endloop
  endfacet
  facet normal 3.728565e-01 -9.278890e-01 0.000000e+00
    outer loop
      vertex   -7.966016e+00 3.448260e+01 4.000000e+01
      vertex   -7.320754e+00 3.474189e+01 4.150000e+01
      vertex   -7.966016e+00 3.448260e+01 4.150000e+01
    endloop
  endfacet
  facet normal 5.243073e-01 -8.515291e-01 0.000000e+00
    outer loop
      vertex   -7.966016e+00 3.448260e+01 4.000000e+01
      vertex   -7.966016e+00 3.448260e+01 4.150000e+01
      vertex   -8.558177e+00 3.411799e+01 4.000000e+01
    endloop
  endfacet
  facet normal 5.243073e-01 -8.515291e-01 -6.209046e-16
    outer loop
      vertex   -8.558177e+00 3.411799e+01 4.000000e+01
      vertex   -7.966016e+00 3.448260e+01 4.150000e+01
      vertex   -8.558177e+00 3.411799e+01 4.150000e+01
    endloop
  endfacet
  facet normal 6.606747e-01 -7.506723e-01 -7.823960e-16
    outer loop
      vertex   -8.558177e+00 3.411799e+01 4.000000e+01
      vertex   -8.558177e+00 3.411799e+01 4.150000e+01
      vertex   -9.080201e+00 3.365855e+01 4.000000e+01
    endloop
  endfacet
  facet normal 6.606747e-01 -7.506723e-01 0.000000e+00
    outer loop
      vertex   -9.080201e+00 3.365855e+01 4.000000e+01
      vertex   -8.558177e+00 3.411799e+01 4.150000e+01
      vertex   -9.080201e+00 3.365855e+01 4.150000e+01
    endloop
  endfacet
  facet normal 7.780358e-01 -6.282200e-01 0.000000e+00
    outer loop
      vertex   -9.080201e+00 3.365855e+01 4.000000e+01
      vertex   -9.080201e+00 3.365855e+01 4.150000e+01
      vertex   -9.517071e+00 3.311750e+01 4.000000e+01
    endloop
  endfacet
  facet normal 7.780358e-01 -6.282200e-01 0.000000e+00
    outer loop
      vertex   -9.517071e+00 3.311750e+01 4.000000e+01
      vertex   -9.080201e+00 3.365855e+01 4.150000e+01
      vertex   -9.517071e+00 3.311750e+01 4.150000e+01
    endloop
  endfacet
  facet normal 8.730141e-01 -4.876949e-01 0.000000e+00
    outer loop
      vertex   -9.517071e+00 3.311750e+01 4.000000e+01
      vertex   -9.517071e+00 3.311750e+01 4.150000e+01
      vertex   -9.856218e+00 3.251040e+01 4.000000e+01
    endloop
  endfacet
  facet normal 8.730141e-01 -4.876949e-01 0.000000e+00
    outer loop
      vertex   -9.856218e+00 3.251040e+01 4.000000e+01
      vertex   -9.517071e+00 3.311750e+01 4.150000e+01
      vertex   -9.856218e+00 3.251040e+01 4.150000e+01
    endloop
  endfacet
  facet normal 9.428774e-01 -3.331398e-01 0.000000e+00
    outer loop
      vertex   -9.856218e+00 3.251040e+01 4.000000e+01
      vertex   -9.856218e+00 3.251040e+01 4.150000e+01
      vertex   -1.008789e+01 3.185471e+01 4.000000e+01
    endloop
  endfacet
  facet normal 9.428774e-01 -3.331398e-01 0.000000e+00
    outer loop
      vertex   -1.008789e+01 3.185471e+01 4.000000e+01
      vertex   -9.856218e+00 3.251040e+01 4.150000e+01
      vertex   -1.008789e+01 3.185471e+01 4.150000e+01
    endloop
  endfacet
  facet normal 9.856159e-01 -1.690008e-01 0.000000e+00
    outer loop
      vertex   -1.008789e+01 3.185471e+01 4.000000e+01
      vertex   -1.008789e+01 3.185471e+01 4.150000e+01
      vertex   -1.020541e+01 3.116931e+01 4.000000e+01
    endloop
  endfacet
  facet normal 9.856159e-01 -1.690008e-01 0.000000e+00
    outer loop
      vertex   -1.020541e+01 3.116931e+01 4.000000e+01
      vertex   -1.008789e+01 3.185471e+01 4.150000e+01
      vertex   -1.020541e+01 3.116931e+01 4.150000e+01
    endloop
  endfacet
  facet normal 1.000000e+00 0.000000e+00 -0.000000e+00
    outer loop
      vertex   -1.020541e+01 3.116931e+01 4.000000e+01
      vertex   -1.020541e+01 3.116931e+01 4.150000e+01
      vertex   -1.020541e+01 3.047390e+01 4.000000e+01
    endloop
  endfacet
  facet normal 1.000000e+00 0.000000e+00 0.000000e+00
    outer loop
      vertex   -1.020541e+01 3.047390e+01 4.000000e+01
      vertex   -1.020541e+01 3.116931e+01 4.150000e+01
      vertex   -1.020541e+01 3.047390e+01 4.150000e+01
    endloop
  endfacet
  facet normal 9.856159e-01 1.690008e-01 -0.000000e+00
    outer loop
      vertex   -1.020541e+01 3.047390e+01 4.000000e+01
      vertex   -1.020541e+01 3.047390e+01 4.150000e+01
      vertex   -1.008789e+01 2.978849e+01 4.000000e+01
    endloop
  endfacet
  facet normal 9.856159e-01 1.690008e-01 -0.000000e+00
    outer loop
      vertex   -1.008789e+01 2.978849e+01 4.000000e+01
      vertex   -1.020541e+01 3.047390e+01 4.150000e+01
      vertex   -1.008789e+01 2.978849e+01 4.150000e+01
    endloop
  endfacet
  facet normal 9.428774e-01 3.331398e-01 -0.000000e+00
    outer loop
      vertex   -1.008789e+01 2.978849e+01 4.000000e+01
      vertex   -1.008789e+01 2.978849e+01 4.150000e+01
      vertex   -9.856218e+00 2.913281e+01 4.000000e+01
    endloop
  endfacet
  facet normal 9.428774e-01 3.331398e-01 -0.000000e+00
    outer loop
      vertex   -9.856218e+00 2.913281e+01 4.000000e+01
      vertex   -1.008789e+01 2.978849e+01 4.150000e+01
      vertex   -9.856218e+00 2.913281e+01 4.150000e+01
    endloop
  endfacet
  facet normal 8.730141e-01 4.876949e-01 -0.000000e+00
    outer loop
      vertex   -9.856218e+00 2.913281e+01 4.000000e+01
      vertex   -9.856218e+00 2.913281e+01 4.150000e+01
      vertex   -9.517071e+00 2.852571e+01 4.000000e+01
    endloop
  endfacet
  facet normal 8.730141e-01 4.876949e-01 -0.000000e+00
    outer loop
      vertex   -9.517071e+00 2.852571e+01 4.000000e+01
      vertex   -9.856218e+00 2.913281e+01 4.150000e+01
      vertex   -9.517071e+00 2.852571e+01 4.150000e+01
    endloop
  endfacet
  facet normal 7.780358e-01 6.282200e-01 -0.000000e+00
    outer loop
      vertex   -9.517071e+00 2.852571e+01 4.000000e+01
      vertex   -9.517071e+00 2.852571e+01 4.150000e+01
      vertex   -9.080201e+00 2.798465e+01 4.000000e+01
    endloop
  endfacet
  facet normal 7.780358e-01 6.282200e-01 -0.000000e+00
    outer loop
      vertex   -9.080201e+00 2.798465e+01 4.000000e+01
      vertex   -9.517071e+00 2.852571e+01 4.150000e+01
      vertex   -9.080201e+00 2.798465e+01 4.150000e+01
    endloop
  endfacet
  facet normal 6.606747e-01 7.506723e-01 -0.000000e+00
    outer loop
      vertex   -9.080201e+00 2.798465e+01 4.000000e+01
      vertex   -9.080201e+00 2.798465e+01 4.150000e+01
      vertex   -8.558177e+00 2.752522e+01 4.000000e+01
    endloop
  endfacet
  facet normal 6.606747e-01 7.506723e-01 7.823960e-16
    outer loop
      vertex   -8.558177e+00 2.752522e+01 4.000000e+01
      vertex   -9.080201e+00 2.798465e+01 4.150000e+01
      vertex   -8.558177e+00 2.752522e+01 4.150000e+01
    endloop
  endfacet
  facet normal 5.243073e-01 8.515291e-01 6.209046e-16
    outer loop
      vertex   -8.558177e+00 2.752522e+01 4.000000e+01
      vertex   -8.558177e+00 2.752522e+01 4.150000e+01
      vertex   -7.966016e+00 2.716061e+01 4.000000e+01
    endloop
  endfacet
  facet normal 5.243073e-01 8.515291e-01 -0.000000e+00
    outer loop
      vertex   -7.966016e+00 2.716061e+01 4.000000e+01
      vertex   -8.558177e+00 2.752522e+01 4.150000e+01
      vertex   -7.966016e+00 2.716061e+01 4.150000e+01
    endloop
  endfacet
  facet normal 3.728565e-01 9.278890e-01 -0.000000e+00
    outer loop
      vertex   -7.966016e+00 2.716061e+01 4.000000e+01
      vertex   -7.966016e+00 2.716061e+01 4.150000e+01
      vertex   -7.320754e+00 2.690132e+01 4.000000e+01
    endloop
  endfacet
  facet normal 3.728565e-01 9.278890e-01 4.415508e-16
    outer loop
      vertex   -7.320754e+00 2.690132e+01 4.000000e+01
      vertex   -7.966016e+00 2.716061e+01 4.150000e+01
      vertex   -7.320754e+00 2.690132e+01 4.150000e+01
    endloop
  endfacet
  facet normal 2.106793e-01 9.775552e-01 2.494944e-16
    outer loop
      vertex   -7.320754e+00 2.690132e+01 4.000000e+01
      vertex   -7.320754e+00 2.690132e+01 4.150000e+01
      vertex   -6.640954e+00 2.675481e+01 4.000000e+01
    endloop
  endfacet
  facet normal 2.106793e-01 9.775552e-01 -2.494944e-16
    outer loop
      vertex   -6.640954e+00 2.675481e+01 4.000000e+01
      vertex   -7.320754e+00 2.690132e+01 4.150000e+01
      vertex   -6.640954e+00 2.675481e+01 4.150000e+01
    endloop
  endfacet
  facet normal 4.244120e-02 9.990990e-01 -5.026048e-17
    outer loop
      vertex   -6.640954e+00 2.675481e+01 4.000000e+01
      vertex   -6.640954e+00 2.675481e+01 4.150000e+01
      vertex   -5.946172e+00 2.672530e+01 4.000000e+01
    endloop
  endfacet
  facet normal 4.244120e-02 9.990990e-01 -0.000000e+00
    outer loop
      vertex   -5.946172e+00 2.672530e+01 4.000000e+01
      vertex   -6.640954e+00 2.675481e+01 4.150000e+01
      vertex   -5.946172e+00 2.672530e+01 4.150000e+01
    endloop
  endfacet
  facet normal -1.270178e-01 9.919004e-01 0.000000e+00
    outer loop
      vertex   -5.946172e+00 2.672530e+01 4.000000e+01
      vertex   -5.946172e+00 2.672530e+01 4.150000e+01
      vertex   -5.256396e+00 2.681363e+01 4.000000e+01
    endloop
  endfacet
  facet normal -1.270178e-01 9.919004e-01 2.256290e-16
    outer loop
      vertex   -5.256396e+00 2.681363e+01 4.000000e+01
      vertex   -5.946172e+00 2.672530e+01 4.150000e+01
      vertex   -5.256396e+00 2.681363e+01 4.150000e+01
    endloop
  endfacet
  facet normal -2.928228e-01 9.561667e-01 5.201577e-16
    outer loop
      vertex   -5.256396e+00 2.681363e+01 4.000000e+01
      vertex   -5.256396e+00 2.681363e+01 4.150000e+01
      vertex   -4.591470e+00 2.701726e+01 4.000000e+01
    endloop
  endfacet
  facet normal -2.928228e-01 9.561667e-01 0.000000e+00
    outer loop
      vertex   -4.591470e+00 2.701726e+01 4.000000e+01
      vertex   -5.256396e+00 2.681363e+01 4.150000e+01
      vertex   -4.591470e+00 2.701726e+01 4.150000e+01
    endloop
  endfacet
  facet normal -4.502037e-01 8.929259e-01 0.000000e+00
    outer loop
      vertex   -4.591470e+00 2.701726e+01 4.000000e+01
      vertex   -4.591470e+00 2.701726e+01 4.150000e+01
      vertex   -3.970521e+00 2.733033e+01 4.000000e+01
    endloop
  endfacet
  facet normal -4.502037e-01 8.929259e-01 -1.715012e-15
    outer loop
      vertex   -3.970521e+00 2.733033e+01 4.000000e+01
      vertex   -4.591470e+00 2.701726e+01 4.150000e+01
      vertex   -3.970521e+00 2.733033e+01 4.150000e+01
    endloop
  endfacet
  facet normal -5.946332e-01 8.039971e-01 -1.376107e-15
    outer loop
      vertex   -3.970521e+00 2.733033e+01 4.000000e+01
      vertex   -3.970521e+00 2.733033e+01 4.150000e+01
      vertex   -3.411415e+00 2.774385e+01 4.000000e+01
    endloop
  endfacet
  facet normal -5.946332e-01 8.039971e-01 0.000000e+00
    outer loop
      vertex   -3.411415e+00 2.774385e+01 4.000000e+01
      vertex   -3.970521e+00 2.733033e+01 4.150000e+01
      vertex   -3.411415e+00 2.774385e+01 4.150000e+01
    endloop
  endfacet
  facet normal -7.219561e-01 6.919389e-01 0.000000e+00
    outer loop
      vertex   -3.411415e+00 2.774385e+01 4.000000e+01
      vertex   -3.411415e+00 2.774385e+01 4.150000e+01
      vertex   -2.930235e+00 2.824590e+01 4.000000e+01
    endloop
  endfacet
  facet normal -7.219561e-01 6.919389e-01 0.000000e+00
    outer loop
      vertex   -2.930235e+00 2.824590e+01 4.000000e+01
      vertex   -3.411415e+00 2.774385e+01 4.150000e+01
      vertex   -2.930235e+00 2.824590e+01 4.150000e+01
    endloop
  endfacet
  facet normal -8.285096e-01 5.599748e-01 0.000000e+00
    outer loop
      vertex   -2.930235e+00 2.824590e+01 4.000000e+01
      vertex   -2.930235e+00 2.824590e+01 4.150000e+01
      vertex   -2.540823e+00 2.882205e+01 4.000000e+01
    endloop
  endfacet
  facet normal -8.285096e-01 5.599748e-01 0.000000e+00
    outer loop
      vertex   -2.540823e+00 2.882205e+01 4.000000e+01
      vertex   -2.930235e+00 2.824590e+01 4.150000e+01
      vertex   -2.540823e+00 2.882205e+01 4.150000e+01
    endloop
  endfacet
  facet normal -9.112285e-01 4.119012e-01 0.000000e+00
    outer loop
      vertex   -2.540823e+00 2.882205e+01 4.000000e+01
      vertex   -2.540823e+00 2.882205e+01 4.150000e+01
      vertex   -2.254384e+00 2.945573e+01 4.000000e+01
    endloop
  endfacet
  facet normal -9.112285e-01 4.119012e-01 0.000000e+00
    outer loop
      vertex   -2.254384e+00 2.945573e+01 4.000000e+01
      vertex   -2.540823e+00 2.882205e+01 4.150000e+01
      vertex   -2.254384e+00 2.945573e+01 4.150000e+01
    endloop
  endfacet
  facet normal -9.677329e-01 2.519781e-01 0.000000e+00
    outer loop
      vertex   -2.254384e+00 2.945573e+01 4.000000e+01
      vertex   -2.254384e+00 2.945573e+01 4.150000e+01
      vertex   -2.079156e+00 3.012870e+01 4.000000e+01
    endloop
  endfacet
  facet normal -9.677329e-01 2.519781e-01 2.865065e-16
    outer loop
      vertex   -2.079156e+00 3.012870e+01 4.000000e+01
      vertex   -2.254384e+00 2.945573e+01 4.150000e+01
      vertex   -2.079156e+00 3.012870e+01 4.150000e+01
    endloop
  endfacet
  facet normal -4.584147e-15 -1.000000e+00 0.000000e+00
    outer loop
      vertex   -1.132018e+01 -3.295000e+01 3.850000e+01
      vertex   -1.132018e+01 -3.295000e+01 4.000000e+01
      vertex   -1.287018e+01 -3.295000e+01 3.850000e+01
    endloop
  endfacet
  facet normal -4.584147e-15 -1.000000e+00 0.000000e+00
    outer loop
      vertex   -1.287018e+01 -3.295000e+01 3.850000e+01
      vertex   -1.132018e+01 -3.295000e+01 4.000000e+01
      vertex   -1.287018e+01 -3.295000e+01 4.000000e+01
    endloop
  endfacet
  facet normal 0.000000e+00 -1.000000e+00 0.000000e+00
    outer loop
      vertex   4.216000e+01 -3.295000e+01 3.850000e+01
      vertex   4.216000e+01 -3.295000e+01 4.000000e+01
      vertex   8.510336e+00 -3.295000e+01 3.850000e+01
    endloop
  endfacet
  facet normal 0.000000e+00 -1.000000e+00 0.000000e+00
    outer loop
      vertex   8.510336e+00 -3.295000e+01 3.850000e+01
      vertex   4.216000e+01 -3.295000e+01 4.000000e+01
      vertex   8.510336e+00 -3.295000e+01 4.000000e+01
    endloop
  endfacet
  facet normal -1.000000e+00 9.654113e-17 0.000000e+00
    outer loop
      vertex   -1.287018e+01 -3.295000e+01 3.850000e+01
      vertex   -1.287018e+01 -3.295000e+01 4.000000e+01
      vertex   -1.287018e+01 4.065000e+01 3.850000e+01
    endloop
  endfacet
  facet normal -1.000000e+00 9.654113e-17 0.000000e+00
    outer loop
      vertex   -1.287018e+01 4.065000e+01 3.850000e+01
      vertex   -1.287018e+01 -3.295000e+01 4.000000e+01
      vertex   -1.287018e+01 4.065000e+01 4.000000e+01
    endloop
  endfacet
  facet normal 0.000000e+00 1.000000e+00 0.000000e+00
    outer loop
      vertex   4.216000e+01 4.065000e+01 4.000000e+01
      vertex   4.216000e+01 4.065000e+01 3.850000e+01
      vertex   -1.287018e+01 4.065000e+01 4.000000e+01
    endloop
  endfacet
  facet normal 0.000000e+00 1.000000e+00 0.000000e+00
    outer loop
      vertex   -1.287018e+01 4.065000e+01 4.000000e+01
      vertex   4.216000e+01 4.065000e+01 3.850000e+01
      vertex   -1.287018e+01 4.065000e+01 3.850000e+01
    endloop
  endfacet
  facet normal 0.000000e+00 0.000000e+00 -1.000000e+00
    outer loop
      vertex   -2.079156e+00 3.012870e+01 4.000000e+01
      vertex   -2.020181e+00 3.082160e+01 4.000000e+01
      vertex   4.066000e+01 3.910000e+01 4.000000e+01
    endloop
  endfacet
  facet normal 0.000000e+00 0.000000e+00 -1.000000e+00
    outer loop
      vertex   4.066000e+01 3.910000e+01 4.000000e+01
      vertex   -2.020181e+00 3.082160e+01 4.000000e+01
      vertex   -2.079156e+00 3.151451e+01 4.000000e+01
    endloop
  endfacet
  facet normal 0.000000e+00 0.000000e+00 -1.000000e+00
    outer loop
      vertex   4.066000e+01 3.910000e+01 4.000000e+01
      vertex   -2.079156e+00 3.151451e+01 4.000000e+01
      vertex   -2.254384e+00 3.218748e+01 4.000000e+01
    endloop
  endfacet
  facet normal 0.000000e+00 0.000000e+00 -1.000000e+00
    outer loop
      vertex   -2.254384e+00 3.218748e+01 4.000000e+01
      vertex   -2.540823e+00 3.282115e+01 4.000000e+01
      vertex   4.066000e+01 3.910000e+01 4.000000e+01
    endloop
  endfacet
  facet normal 0.000000e+00 0.000000e+00 -1.000000e+00
    outer loop
      vertex   4.066000e+01 3.910000e+01 4.000000e+01
      vertex   -2.540823e+00 3.282115e+01 4.000000e+01
      vertex   -2.930235e+00 3.339731e+01 4.000000e+01
    endloop
  endfacet
  facet normal 0.000000e+00 0.000000e+00 -1.000000e+00
    outer loop
      vertex   4.066000e+01 3.910000e+01 4.000000e+01
      vertex   -2.930235e+00 3.339731e+01 4.000000e+01
      vertex   -3.411415e+00 3.389936e+01 4.000000e+01
    endloop
  endfacet
  facet normal 0.000000e+00 0.000000e+00 -1.000000e+00
    outer loop
      vertex   -3.411415e+00 3.389936e+01 4.000000e+01
      vertex   -3.970521e+00 3.431287e+01 4.000000e+01
      vertex   4.066000e+01 3.910000e+01 4.000000e+01
    endloop
  endfacet
  facet normal -0.000000e+00 0.000000e+00 -1.000000e+00
    outer loop
      vertex   4.066000e+01 3.910000e+01 4.000000e+01
      vertex   -3.970521e+00 3.431287e+01 4.000000e+01
      vertex   -1.132018e+01 3.910000e+01 4.000000e+01
    endloop
  endfacet
  facet normal 0.000000e+00 0.000000e+00 -1.000000e+00
    outer loop
      vertex   -1.132018e+01 3.910000e+01 4.000000e+01
      vertex   -3.970521e+00 3.431287e+01 4.000000e+01
      vertex   -4.591470e+00 3.462595e+01 4.000000e+01
    endloop
  endfacet
  facet normal 0.000000e+00 0.000000e+00 -1.000000e+00
    outer loop
      vertex   -1.132018e+01 3.910000e+01 4.000000e+01
      vertex   -4.591470e+00 3.462595e+01 4.000000e+01
      vertex   -5.256396e+00 3.482958e+01 4.000000e+01
    endloop
  endfacet
  facet normal 0.000000e+00 0.000000e+00 -1.000000e+00
    outer loop
      vertex   -5.256396e+00 3.482958e+01 4.000000e+01
      vertex   -5.946172e+00 3.491791e+01 4.000000e+01
      vertex   -1.132018e+01 3.910000e+01 4.000000e+01
    endloop
  endfacet
  facet normal 0.000000e+00 0.000000e+00 -1.000000e+00
    outer loop
      vertex   -1.132018e+01 3.910000e+01 4.000000e+01
      vertex   -5.946172e+00 3.491791e+01 4.000000e+01
      vertex   -6.640954e+00 3.488840e+01 4.000000e+01
    endloop
  endfacet
  facet normal 0.000000e+00 0.000000e+00 -1.000000e+00
    outer loop
      vertex   -1.132018e+01 3.910000e+01 4.000000e+01
      vertex   -6.640954e+00 3.488840e+01 4.000000e+01
      vertex   -7.320754e+00 3.474189e+01 4.000000e+01
    endloop
  endfacet
  facet normal -0.000000e+00 0.000000e+00 -1.000000e+00
    outer loop
      vertex   -7.320754e+00 3.474189e+01 4.000000e+01
      vertex   -7.966016e+00 3.448260e+01 4.000000e+01
      vertex   -1.132018e+01 3.910000e+01 4.000000e+01
    endloop
  endfacet
  facet normal 0.000000e+00 0.000000e+00 -1.000000e+00
    outer loop
      vertex   -1.132018e+01 3.910000e+01 4.000000e+01
      vertex   -7.966016e+00 3.448260e+01 4.000000e+01
      vertex   -8.558177e+00 3.411799e+01 4.000000e+01
    endloop
  endfacet
  facet normal 0.000000e+00 0.000000e+00 -1.000000e+00
    outer loop
      vertex   -1.132018e+01 3.910000e+01 4.000000e+01
      vertex   -8.558177e+00 3.411799e+01 4.000000e+01
      vertex   -9.080201e+00 3.365855e+01 4.000000e+01
    endloop
  endfacet
  facet normal -0.000000e+00 0.000000e+00 -1.000000e+00
    outer loop
      vertex   -9.080201e+00 3.365855e+01 4.000000e+01
      vertex   -9.517071e+00 3.311750e+01 4.000000e+01
      vertex   -1.132018e+01 3.910000e+01 4.000000e+01
    endloop
  endfacet
  facet normal 0.000000e+00 0.000000e+00 -1.000000e+00
    outer loop
      vertex   -1.132018e+01 3.910000e+01 4.000000e+01
      vertex   -9.517071e+00 3.311750e+01 4.000000e+01
      vertex   -9.856218e+00 3.251040e+01 4.000000e+01
    endloop
  endfacet
  facet normal 0.000000e+00 0.000000e+00 -1.000000e+00
    outer loop
      vertex   -1.132018e+01 3.910000e+01 4.000000e+01
      vertex   -9.856218e+00 3.251040e+01 4.000000e+01
      vertex   -1.008789e+01 3.185471e+01 4.000000e+01
    endloop
  endfacet
  facet normal -0.000000e+00 0.000000e+00 -1.000000e+00
    outer loop
      vertex   -1.008789e+01 3.185471e+01 4.000000e+01
      vertex   -1.020541e+01 3.116931e+01 4.000000e+01
      vertex   -1.132018e+01 3.910000e+01 4.000000e+01
    endloop
  endfacet
  facet normal 0.000000e+00 0.000000e+00 -1.000000e+00
    outer loop
      vertex   -1.132018e+01 3.910000e+01 4.000000e+01
      vertex   -1.020541e+01 3.116931e+01 4.000000e+01
      vertex   -1.020541e+01 3.047390e+01 4.000000e+01
    endloop
  endfacet
  facet normal 0.000000e+00 -0.000000e+00 -1.000000e+00
    outer loop
      vertex   -1.132018e+01 3.910000e+01 4.000000e+01
      vertex   -1.020541e+01 3.047390e+01 4.000000e+01
      vertex   -1.132018e+01 -3.295000e+01 4.000000e+01
    endloop
  endfacet
  facet normal 0.000000e+00 0.000000e+00 -1.000000e+00
    outer loop
      vertex   -1.132018e+01 -3.295000e+01 4.000000e+01
      vertex   -1.020541e+01 3.047390e+01 4.000000e+01
      vertex   -1.008789e+01 2.978849e+01 4.000000e+01
    endloop
  endfacet
  facet normal 0.000000e+00 0.000000e+00 -1.000000e+00
    outer loop
      vertex   -1.132018e+01 -3.295000e+01 4.000000e+01
      vertex   -1.008789e+01 2.978849e+01 4.000000e+01
      vertex   -9.856218e+00 2.913281e+01 4.000000e+01
    endloop
  endfacet
  facet normal 0.000000e+00 -0.000000e+00 -1.000000e+00
    outer loop
      vertex   -9.856218e+00 2.913281e+01 4.000000e+01
      vertex   -9.517071e+00 2.852571e+01 4.000000e+01
      vertex   -1.132018e+01 -3.295000e+01 4.000000e+01
    endloop
  endfacet
  facet normal 0.000000e+00 0.000000e+00 -1.000000e+00
    outer loop
      vertex   -1.132018e+01 -3.295000e+01 4.000000e+01
      vertex   -9.517071e+00 2.852571e+01 4.000000e+01
      vertex   -9.080201e+00 2.798465e+01 4.000000e+01
    endloop
  endfacet
  facet normal 0.000000e+00 0.000000e+00 -1.000000e+00
    outer loop
      vertex   -1.132018e+01 -3.295000e+01 4.000000e+01
      vertex   -9.080201e+00 2.798465e+01 4.000000e+01
      vertex   -8.558177e+00 2.752522e+01 4.000000e+01
    endloop
  endfacet
  facet normal 0.000000e+00 -0.000000e+00 -1.000000e+00
    outer loop
      vertex   -8.558177e+00 2.752522e+01 4.000000e+01
      vertex   -7.966016e+00 2.716061e+01 4.000000e+01
      vertex   -1.132018e+01 -3.295000e+01 4.000000e+01
    endloop
  endfacet
  facet normal 0.000000e+00 0.000000e+00 -1.000000e+00
    outer loop
      vertex   -1.132018e+01 -3.295000e+01 4.000000e+01
      vertex   -7.966016e+00 2.716061e+01 4.000000e+01
      vertex   -7.320754e+00 2.690132e+01 4.000000e+01
    endloop
  endfacet
  facet normal 0.000000e+00 0.000000e+00 -1.000000e+00
    outer loop
      vertex   -1.132018e+01 -3.295000e+01 4.000000e+01
      vertex   -7.320754e+00 2.690132e+01 4.000000e+01
      vertex   -6.640954e+00 2.675481e+01 4.000000e+01
    endloop
  endfacet
  facet normal 0.000000e+00 -0.000000e+00 -1.000000e+00
    outer loop
      vertex   -6.640954e+00 2.675481e+01 4.000000e+01
      vertex   -5.946172e+00 2.672530e+01 4.000000e+01
      vertex   -1.132018e+01 -3.295000e+01 4.000000e+01
    endloop
  endfacet
  facet normal 0.000000e+00 0.000000e+00 -1.000000e+00
    outer loop
      vertex   -1.132018e+01 -3.295000e+01 4.000000e+01
      vertex   -5.946172e+00 2.672530e+01 4.000000e+01
      vertex   -5.256396e+00 2.681363e+01 4.000000e+01
    endloop
  endfacet
  facet normal 0.000000e+00 0.000000e+00 -1.000000e+00
    outer loop
      vertex   -1.132018e+01 -3.295000e+01 4.000000e+01
      vertex   -5.256396e+00 2.681363e+01 4.000000e+01
      vertex   8.510336e+00 -3.140000e+01 4.000000e+01
    endloop
  endfacet
  facet normal 0.000000e+00 0.000000e+00 -1.000000e+00
    outer loop
      vertex   8.510336e+00 -3.140000e+01 4.000000e+01
      vertex   -5.256396e+00 2.681363e+01 4.000000e+01
      vertex   -4.591470e+00 2.701726e+01 4.000000e+01
    endloop
  endfacet
  facet normal 0.000000e+00 0.000000e+00 -1.000000e+00
    outer loop
      vertex   8.510336e+00 -3.140000e+01 4.000000e+01
      vertex   -4.591470e+00 2.701726e+01 4.000000e+01
      vertex   -3.970521e+00 2.733033e+01 4.000000e+01
    endloop
  endfacet
  facet normal 0.000000e+00 0.000000e+00 -1.000000e+00
    outer loop
      vertex   -3.970521e+00 2.733033e+01 4.000000e+01
      vertex   -3.411415e+00 2.774385e+01 4.000000e+01
      vertex   8.510336e+00 -3.140000e+01 4.000000e+01
    endloop
  endfacet
  facet normal 0.000000e+00 0.000000e+00 -1.000000e+00
    outer loop
      vertex   8.510336e+00 -3.140000e+01 4.000000e+01
      vertex   -3.411415e+00 2.774385e+01 4.000000e+01
      vertex   -2.930235e+00 2.824590e+01 4.000000e+01
    endloop
  endfacet
  facet normal 0.000000e+00 0.000000e+00 -1.000000e+00
    outer loop
      vertex   8.510336e+00 -3.140000e+01 4.000000e+01
      vertex   -2.930235e+00 2.824590e+01 4.000000e+01
      vertex   -2.540823e+00 2.882205e+01 4.000000e+01
    endloop
  endfacet
  facet normal 0.000000e+00 0.000000e+00 -1.000000e+00
    outer loop
      vertex   8.510336e+00 -3.140000e+01 4.000000e+01
      vertex   -2.540823e+00 2.882205e+01 4.000000e+01
      vertex   4.066000e+01 3.910000e+01 4.000000e+01
    endloop
  endfacet
  facet normal 0.000000e+00 0.000000e+00 -1.000000e+00
    outer loop
      vertex   4.066000e+01 3.910000e+01 4.000000e+01
      vertex   -2.540823e+00 2.882205e+01 4.000000e+01
      vertex   -2.254384e+00 2.945573e+01 4.000000e+01
    endloop
  endfacet
  facet normal 0.000000e+00 0.000000e+00 -1.000000e+00
    outer loop
      vertex   4.066000e+01 3.910000e+01 4.000000e+01
      vertex   -2.254384e+00 2.945573e+01 4.000000e+01
      vertex   -2.079156e+00 3.012870e+01 4.000000e+01
    endloop
  endfacet
  facet normal 0.000000e+00 0.000000e+00 -1.000000e+00
    outer loop
      vertex   4.066000e+01 3.910000e+01 4.000000e+01
      vertex   4.066000e+01 -3.140000e+01 4.000000e+01
      vertex   8.510336e+00 -3.140000e+01 4.000000e+01
    endloop
  endfacet
  facet normal 0.000000e+00 0.000000e+00 -1.000000e+00
    outer loop
      vertex   -1.132018e+01 -3.295000e+01 4.000000e+01
      vertex   8.510336e+00 -3.140000e+01 4.000000e+01
      vertex   -1.032018e+01 -3.450000e+01 4.000000e+01
    endloop
  endfacet
  facet normal 0.000000e+00 0.000000e+00 -1.000000e+00
    outer loop
      vertex   -1.032018e+01 -3.450000e+01 4.000000e+01
      vertex   8.510336e+00 -3.140000e+01 4.000000e+01
      vertex   8.510336e+00 -3.295000e+01 4.000000e+01
    endloop
  endfacet
  facet normal 0.000000e+00 0.000000e+00 -1.000000e+00
    outer loop
      vertex   -1.032018e+01 -3.450000e+01 4.000000e+01
      vertex   8.510336e+00 -3.295000e+01 4.000000e+01
      vertex   3.976000e+01 -3.450000e+01 4.000000e+01
    endloop
  endfacet
  facet normal 0.000000e+00 0.000000e+00 -1.000000e+00
    outer loop
      vertex   3.976000e+01 -3.450000e+01 4.000000e+01
      vertex   8.510336e+00 -3.295000e+01 4.000000e+01
      vertex   4.216000e+01 -3.295000e+01 4.000000e+01
    endloop
  endfacet
  facet normal 0.000000e+00 0.000000e+00 -1.000000e+00
    outer loop
      vertex   3.976000e+01 -3.450000e+01 4.000000e+01
      vertex   4.216000e+01 -3.295000e+01 4.000000e+01
      vertex   4.045459e+01 -3.443923e+01 4.000000e+01
    endloop
  endfacet
  facet normal 0.000000e+00 0.000000e+00 -1.000000e+00
    outer loop
      vertex   4.045459e+01 -3.443923e+01 4.000000e+01
      vertex   4.216000e+01 -3.295000e+01 4.000000e+01
      vertex   4.112808e+01 -3.425877e+01 4.000000e+01
    endloop
  endfacet
  facet normal 0.000000e+00 0.000000e+00 -1.000000e+00
    outer loop
      vertex   4.112808e+01 -3.425877e+01 4.000000e+01
      vertex   4.216000e+01 -3.295000e+01 4.000000e+01
      vertex   4.176000e+01 -3.396410e+01 4.000000e+01
    endloop
  endfacet
  facet normal 0.000000e+00 0.000000e+00 -1.000000e+00
    outer loop
      vertex   4.176000e+01 -3.396410e+01 4.000000e+01
      vertex   4.216000e+01 -3.295000e+01 4.000000e+01
      vertex   4.233115e+01 -3.356418e+01 4.000000e+01
    endloop
  endfacet
  facet normal 0.000000e+00 0.000000e+00 -1.000000e+00
    outer loop
      vertex   4.233115e+01 -3.356418e+01 4.000000e+01
      vertex   4.216000e+01 -3.295000e+01 4.000000e+01
      vertex   4.282418e+01 -3.307115e+01 4.000000e+01
    endloop
  endfacet
  facet normal 0.000000e+00 0.000000e+00 -1.000000e+00
    outer loop
      vertex   4.282418e+01 -3.307115e+01 4.000000e+01
      vertex   4.216000e+01 -3.295000e+01 4.000000e+01
      vertex   4.322410e+01 -3.250000e+01 4.000000e+01
    endloop
  endfacet
  facet normal -0.000000e+00 0.000000e+00 -1.000000e+00
    outer loop
      vertex   4.322410e+01 -3.250000e+01 4.000000e+01
      vertex   4.216000e+01 -3.295000e+01 4.000000e+01
      vertex   4.351877e+01 -3.186808e+01 4.000000e+01
    endloop
  endfacet
  facet normal -0.000000e+00 0.000000e+00 -1.000000e+00
    outer loop
      vertex   4.351877e+01 -3.186808e+01 4.000000e+01
      vertex   4.216000e+01 -3.295000e+01 4.000000e+01
      vertex   4.369923e+01 -3.119459e+01 4.000000e+01
    endloop
  endfacet
  facet normal -0.000000e+00 0.000000e+00 -1.000000e+00
    outer loop
      vertex   4.369923e+01 -3.119459e+01 4.000000e+01
      vertex   4.216000e+01 -3.295000e+01 4.000000e+01
      vertex   4.376000e+01 -3.050000e+01 4.000000e+01
    endloop
  endfacet
  facet normal -0.000000e+00 0.000000e+00 -1.000000e+00
    outer loop
      vertex   4.376000e+01 -3.050000e+01 4.000000e+01
      vertex   4.216000e+01 -3.295000e+01 4.000000e+01
      vertex   4.376000e+01 3.810000e+01 4.000000e+01
    endloop
  endfacet
  facet normal -0.000000e+00 0.000000e+00 -1.000000e+00
    outer loop
      vertex   4.376000e+01 3.810000e+01 4.000000e+01
      vertex   4.216000e+01 -3.295000e+01 4.000000e+01
      vertex   4.216000e+01 4.065000e+01 4.000000e+01
    endloop
  endfacet
  facet normal 0.000000e+00 0.000000e+00 -1.000000e+00
    outer loop
      vertex   4.376000e+01 3.810000e+01 4.000000e+01
      vertex   4.216000e+01 4.065000e+01 4.000000e+01
      vertex   4.369923e+01 3.879459e+01 4.000000e+01
    endloop
  endfacet
  facet normal 0.000000e+00 0.000000e+00 -1.000000e+00
    outer loop
      vertex   4.369923e+01 3.879459e+01 4.000000e+01
      vertex   4.216000e+01 4.065000e+01 4.000000e+01
      vertex   4.351877e+01 3.946808e+01 4.000000e+01
    endloop
  endfacet
  facet normal 0.000000e+00 0.000000e+00 -1.000000e+00
    outer loop
      vertex   4.351877e+01 3.946808e+01 4.000000e+01
      vertex   4.216000e+01 4.065000e+01 4.000000e+01
      vertex   4.322410e+01 4.010000e+01 4.000000e+01
    endloop
  endfacet
  facet normal 0.000000e+00 0.000000e+00 -1.000000e+00
    outer loop
      vertex   4.322410e+01 4.010000e+01 4.000000e+01
      vertex   4.216000e+01 4.065000e+01 4.000000e+01
      vertex   4.282418e+01 4.067115e+01 4.000000e+01
    endloop
  endfacet
  facet normal -0.000000e+00 0.000000e+00 -1.000000e+00
    outer loop
      vertex   4.282418e+01 4.067115e+01 4.000000e+01
      vertex   4.216000e+01 4.065000e+01 4.000000e+01
      vertex   4.233115e+01 4.116418e+01 4.000000e+01
    endloop
  endfacet
  facet normal -0.000000e+00 0.000000e+00 -1.000000e+00
    outer loop
      vertex   4.233115e+01 4.116418e+01 4.000000e+01
      vertex   4.216000e+01 4.065000e+01 4.000000e+01
      vertex   4.176000e+01 4.156410e+01 4.000000e+01
    endloop
  endfacet
  facet normal -0.000000e+00 -0.000000e+00 -1.000000e+00
    outer loop
      vertex   4.176000e+01 4.156410e+01 4.000000e+01
      vertex   4.216000e+01 4.065000e+01 4.000000e+01
      vertex   4.112808e+01 4.185877e+01 4.000000e+01
    endloop
  endfacet
  facet normal -0.000000e+00 -0.000000e+00 -1.000000e+00
    outer loop
      vertex   4.112808e+01 4.185877e+01 4.000000e+01
      vertex   4.216000e+01 4.065000e+01 4.000000e+01
      vertex   4.045459e+01 4.203923e+01 4.000000e+01
    endloop
  endfacet
  facet normal -0.000000e+00 -0.000000e+00 -1.000000e+00
    outer loop
      vertex   4.045459e+01 4.203923e+01 4.000000e+01
      vertex   4.216000e+01 4.065000e+01 4.000000e+01
      vertex   3.976000e+01 4.210000e+01 4.000000e+01
    endloop
  endfacet
  facet normal -0.000000e+00 -0.000000e+00 -1.000000e+00
    outer loop
      vertex   3.976000e+01 4.210000e+01 4.000000e+01
      vertex   4.216000e+01 4.065000e+01 4.000000e+01
      vertex   -1.032018e+01 4.210000e+01 4.000000e+01
    endloop
  endfacet
  facet normal 0.000000e+00 -0.000000e+00 -1.000000e+00
    outer loop
      vertex   -1.032018e+01 4.210000e+01 4.000000e+01
      vertex   4.216000e+01 4.065000e+01 4.000000e+01
      vertex   -1.287018e+01 4.065000e+01 4.000000e+01
    endloop
  endfacet
  facet normal 0.000000e+00 0.000000e+00 -1.000000e+00
    outer loop
      vertex   -1.032018e+01 4.210000e+01 4.000000e+01
      vertex   -1.287018e+01 4.065000e+01 4.000000e+01
      vertex   -1.101477e+01 4.203923e+01 4.000000e+01
    endloop
  endfacet
  facet normal 0.000000e+00 0.000000e+00 -1.000000e+00
    outer loop
      vertex   -1.101477e+01 4.203923e+01 4.000000e+01
      vertex   -1.287018e+01 4.065000e+01 4.000000e+01
      vertex   -1.168826e+01 4.185877e+01 4.000000e+01
    endloop
  endfacet
  facet normal 0.000000e+00 0.000000e+00 -1.000000e+00
    outer loop
      vertex   -1.168826e+01 4.185877e+01 4.000000e+01
      vertex   -1.287018e+01 4.065000e+01 4.000000e+01
      vertex   -1.232018e+01 4.156410e+01 4.000000e+01
    endloop
  endfacet
  facet normal 0.000000e+00 0.000000e+00 -1.000000e+00
    outer loop
      vertex   -1.232018e+01 4.156410e+01 4.000000e+01
      vertex   -1.287018e+01 4.065000e+01 4.000000e+01
      vertex   -1.289133e+01 4.116418e+01 4.000000e+01
    endloop
  endfacet
  facet normal 0.000000e+00 -0.000000e+00 -1.000000e+00
    outer loop
      vertex   -1.289133e+01 4.116418e+01 4.000000e+01
      vertex   -1.287018e+01 4.065000e+01 4.000000e+01
      vertex   -1.338436e+01 4.067115e+01 4.000000e+01
    endloop
  endfacet
  facet normal 0.000000e+00 -0.000000e+00 -1.000000e+00
    outer loop
      vertex   -1.338436e+01 4.067115e+01 4.000000e+01
      vertex   -1.287018e+01 4.065000e+01 4.000000e+01
      vertex   -1.378428e+01 4.010000e+01 4.000000e+01
    endloop
  endfacet
  facet normal 0.000000e+00 -0.000000e+00 -1.000000e+00
    outer loop
      vertex   -1.378428e+01 4.010000e+01 4.000000e+01
      vertex   -1.287018e+01 4.065000e+01 4.000000e+01
      vertex   -1.407895e+01 3.946808e+01 4.000000e+01
    endloop
  endfacet
  facet normal 0.000000e+00 -0.000000e+00 -1.000000e+00
    outer loop
      vertex   -1.407895e+01 3.946808e+01 4.000000e+01
      vertex   -1.287018e+01 4.065000e+01 4.000000e+01
      vertex   -1.425941e+01 3.879459e+01 4.000000e+01
    endloop
  endfacet
  facet normal 0.000000e+00 -0.000000e+00 -1.000000e+00
    outer loop
      vertex   -1.425941e+01 3.879459e+01 4.000000e+01
      vertex   -1.287018e+01 4.065000e+01 4.000000e+01
      vertex   -1.432018e+01 3.810000e+01 4.000000e+01
    endloop
  endfacet
  facet normal 0.000000e+00 0.000000e+00 -1.000000e+00
    outer loop
      vertex   -1.432018e+01 3.810000e+01 4.000000e+01
      vertex   -1.287018e+01 4.065000e+01 4.000000e+01
      vertex   -1.287018e+01 -3.295000e+01 4.000000e+01
    endloop
  endfacet
  facet normal 0.000000e+00 0.000000e+00 -1.000000e+00
    outer loop
      vertex   -1.432018e+01 3.810000e+01 4.000000e+01
      vertex   -1.287018e+01 -3.295000e+01 4.000000e+01
      vertex   -1.432018e+01 -3.050000e+01 4.000000e+01
    endloop
  endfacet
  facet normal 0.000000e+00 0.000000e+00 -1.000000e+00
    outer loop
      vertex   -1.432018e+01 -3.050000e+01 4.000000e+01
      vertex   -1.287018e+01 -3.295000e+01 4.000000e+01
      vertex   -1.425941e+01 -3.119459e+01 4.000000e+01
    endloop
  endfacet
  facet normal 0.000000e+00 0.000000e+00 -1.000000e+00
    outer loop
      vertex   -1.425941e+01 -3.119459e+01 4.000000e+01
      vertex   -1.287018e+01 -3.295000e+01 4.000000e+01
      vertex   -1.407895e+01 -3.186808e+01 4.000000e+01
    endloop
  endfacet
  facet normal 0.000000e+00 0.000000e+00 -1.000000e+00
    outer loop
      vertex   -1.407895e+01 -3.186808e+01 4.000000e+01
      vertex   -1.287018e+01 -3.295000e+01 4.000000e+01
      vertex   -1.378428e+01 -3.250000e+01 4.000000e+01
    endloop
  endfacet
  facet normal 0.000000e+00 0.000000e+00 -1.000000e+00
    outer loop
      vertex   -1.378428e+01 -3.250000e+01 4.000000e+01
      vertex   -1.287018e+01 -3.295000e+01 4.000000e+01
      vertex   -1.338436e+01 -3.307115e+01 4.000000e+01
    endloop
  endfacet
  facet normal 0.000000e+00 0.000000e+00 -1.000000e+00
    outer loop
      vertex   -1.338436e+01 -3.307115e+01 4.000000e+01
      vertex   -1.287018e+01 -3.295000e+01 4.000000e+01
      vertex   -1.289133e+01 -3.356418e+01 4.000000e+01
    endloop
  endfacet
  facet normal 0.000000e+00 0.000000e+00 -1.000000e+00
    outer loop
      vertex   -1.289133e+01 -3.356418e+01 4.000000e+01
      vertex   -1.287018e+01 -3.295000e+01 4.000000e+01
      vertex   -1.232018e+01 -3.396410e+01 4.000000e+01
    endloop
  endfacet
  facet normal 0.000000e+00 0.000000e+00 -1.000000e+00
    outer loop
      vertex   -1.232018e+01 -3.396410e+01 4.000000e+01
      vertex   -1.287018e+01 -3.295000e+01 4.000000e+01
      vertex   -1.132018e+01 -3.295000e+01 4.000000e+01
    endloop
  endfacet
  facet normal 0.000000e+00 0.000000e+00 -1.000000e+00
    outer loop
      vertex   -1.232018e+01 -3.396410e+01 4.000000e+01
      vertex   -1.132018e+01 -3.295000e+01 4.000000e+01
      vertex   -1.168826e+01 -3.425877e+01 4.000000e+01
    endloop
  endfacet
  facet normal 0.000000e+00 0.000000e+00 -1.000000e+00
    outer loop
      vertex   -1.168826e+01 -3.425877e+01 4.000000e+01
      vertex   -1.132018e+01 -3.295000e+01 4.000000e+01
      vertex   -1.101477e+01 -3.443923e+01 4.000000e+01
    endloop
  endfacet
  facet normal 0.000000e+00 0.000000e+00 -1.000000e+00
    outer loop
      vertex   -1.101477e+01 -3.443923e+01 4.000000e+01
      vertex   -1.132018e+01 -3.295000e+01 4.000000e+01
      vertex   -1.032018e+01 -3.450000e+01 4.000000e+01
    endloop
  endfacet
  facet normal 1.000000e+00 -9.861801e-17 0.000000e+00
    outer loop
      vertex   -1.132018e+01 -3.295000e+01 4.000000e+01
      vertex   -1.132018e+01 -3.295000e+01 3.850000e+01
      vertex   -1.132018e+01 3.910000e+01 4.000000e+01
    endloop
  endfacet
  facet normal 1.000000e+00 -9.861801e-17 0.000000e+00
    outer loop
      vertex   -1.132018e+01 3.910000e+01 4.000000e+01
      vertex   -1.132018e+01 -3.295000e+01 3.850000e+01
      vertex   -1.132018e+01 3.910000e+01 3.850000e+01
    endloop
  endfacet
  facet normal 0.000000e+00 0.000000e+00 -1.000000e+00
    outer loop
      vertex   -1.132018e+01 3.910000e+01 3.850000e+01
      vertex   4.216000e+01 4.065000e+01 3.850000e+01
      vertex   4.066000e+01 3.910000e+01 3.850000e+01
    endloop
  endfacet
  facet normal 0.000000e+00 0.000000e+00 -1.000000e+00
    outer loop
      vertex   4.066000e+01 3.910000e+01 3.850000e+01
      vertex   4.216000e+01 4.065000e+01 3.850000e+01
      vertex   4.216000e+01 -3.295000e+01 3.850000e+01
    endloop
  endfacet
  facet normal 0.000000e+00 -0.000000e+00 -1.000000e+00
    outer loop
      vertex   4.066000e+01 3.910000e+01 3.850000e+01
      vertex   4.216000e+01 -3.295000e+01 3.850000e+01
      vertex   4.066000e+01 -3.140000e+01 3.850000e+01
    endloop
  endfacet
  facet normal 0.000000e+00 -0.000000e+00 -1.000000e+00
    outer loop
      vertex   4.066000e+01 -3.140000e+01 3.850000e+01
      vertex   4.216000e+01 -3.295000e+01 3.850000e+01
      vertex   8.510336e+00 -3.295000e+01 3.850000e+01
    endloop
  endfacet
  facet normal 0.000000e+00 0.000000e+00 -1.000000e+00
    outer loop
      vertex   4.066000e+01 -3.140000e+01 3.850000e+01
      vertex   8.510336e+00 -3.295000e+01 3.850000e+01
      vertex   8.510336e+00 -3.140000e+01 3.850000e+01
    endloop
  endfacet
  facet normal 0.000000e+00 0.000000e+00 -1.000000e+00
    outer loop
      vertex   -1.132018e+01 -3.295000e+01 3.850000e+01
      vertex   -1.287018e+01 -3.295000e+01 3.850000e+01
      vertex   -1.132018e+01 3.910000e+01 3.850000e+01
    endloop
  endfacet
  facet normal -0.000000e+00 0.000000e+00 -1.000000e+00
    outer loop
      vertex   -1.132018e+01 3.910000e+01 3.850000e+01
      vertex   -1.287018e+01 -3.295000e+01 3.850000e+01
      vertex   -1.287018e+01 4.065000e+01 3.850000e+01
    endloop
  endfacet
  facet normal 0.000000e+00 0.000000e+00 -1.000000e+00
    outer loop
      vertex   -1.132018e+01 3.910000e+01 3.850000e+01
      vertex   -1.287018e+01 4.065000e+01 3.850000e+01
      vertex   4.216000e+01 4.065000e+01 3.850000e+01
    endloop
  endfacet
  facet normal -1.118013e-08 -1.000000e+00 0.000000e+00
    outer loop
      vertex   4.066000e+01 3.910000e+01 3.850000e+01
      vertex   4.066000e+01 3.910000e+01 4.000000e+01
      vertex   -1.132018e+01 3.910000e+01 3.850000e+01
    endloop
  endfacet
  facet normal -1.118013e-08 -1.000000e+00 0.000000e+00
    outer loop
      vertex   -1.132018e+01 3.910000e+01 3.850000e+01
      vertex   4.066000e+01 3.910000e+01 4.000000e+01
      vertex   -1.132018e+01 3.910000e+01 4.000000e+01
    endloop
  endfacet
  facet normal 9.877360e-01 -8.641571e-02 1.300379e-01
    outer loop
      vertex   4.376000e+01 -3.050000e+01 4.000000e+01
      vertex   4.370889e+01 -3.050000e+01 4.038823e+01
      vertex   4.369923e+01 -3.119459e+01 4.000000e+01
    endloop
  endfacet
  facet normal 9.877360e-01 -8.641571e-02 1.300379e-01
    outer loop
      vertex   4.369923e+01 -3.119459e+01 4.000000e+01
      vertex   4.370889e+01 -3.050000e+01 4.038823e+01
      vertex   4.364890e+01 -3.118572e+01 4.038823e+01
    endloop
  endfacet
  facet normal 9.577242e-01 -2.566214e-01 1.300379e-01
    outer loop
      vertex   4.369923e+01 -3.119459e+01 4.000000e+01
      vertex   4.364890e+01 -3.118572e+01 4.038823e+01
      vertex   4.351877e+01 -3.186808e+01 4.000000e+01
    endloop
  endfacet
  facet normal 9.577242e-01 -2.566214e-01 1.300379e-01
    outer loop
      vertex   4.351877e+01 -3.186808e+01 4.000000e+01
      vertex   4.364890e+01 -3.118572e+01 4.038823e+01
      vertex   4.347074e+01 -3.185060e+01 4.038823e+01
    endloop
  endfacet
  facet normal 8.986123e-01 -4.190298e-01 1.300379e-01
    outer loop
      vertex   4.351877e+01 -3.186808e+01 4.000000e+01
      vertex   4.347074e+01 -3.185060e+01 4.038823e+01
      vertex   4.322410e+01 -3.250000e+01 4.000000e+01
    endloop
  endfacet
  facet normal 8.986123e-01 -4.190298e-01 1.300379e-01
    outer loop
      vertex   4.322410e+01 -3.250000e+01 4.000000e+01
      vertex   4.347074e+01 -3.185060e+01 4.038823e+01
      vertex   4.317984e+01 -3.247444e+01 4.038823e+01
    endloop
  endfacet
  facet normal 8.121966e-01 -5.687062e-01 1.300379e-01
    outer loop
      vertex   4.322410e+01 -3.250000e+01 4.000000e+01
      vertex   4.317984e+01 -3.247444e+01 4.038823e+01
      vertex   4.282418e+01 -3.307115e+01 4.000000e+01
    endloop
  endfacet
  facet normal 8.121966e-01 -5.687062e-01 1.300379e-01
    outer loop
      vertex   4.282418e+01 -3.307115e+01 4.000000e+01
      vertex   4.317984e+01 -3.247444e+01 4.038823e+01
      vertex   4.278502e+01 -3.303830e+01 4.038823e+01
    endloop
  endfacet
  facet normal 7.011028e-01 -7.011028e-01 1.300379e-01
    outer loop
      vertex   4.282418e+01 -3.307115e+01 4.000000e+01
      vertex   4.278502e+01 -3.303830e+01 4.038823e+01
      vertex   4.233115e+01 -3.356418e+01 4.000000e+01
    endloop
  endfacet
  facet normal 7.011028e-01 -7.011028e-01 1.300379e-01
    outer loop
      vertex   4.233115e+01 -3.356418e+01 4.000000e+01
      vertex   4.278502e+01 -3.303830e+01 4.038823e+01
      vertex   4.229830e+01 -3.352502e+01 4.038823e+01
    endloop
  endfacet
  facet normal 5.687062e-01 -8.121966e-01 1.300379e-01
    outer loop
      vertex   4.233115e+01 -3.356418e+01 4.000000e+01
      vertex   4.229830e+01 -3.352502e+01 4.038823e+01
      vertex   4.176000e+01 -3.396410e+01 4.000000e+01
    endloop
  endfacet
  facet normal 5.687062e-01 -8.121966e-01 1.300379e-01
    outer loop
      vertex   4.176000e+01 -3.396410e+01 4.000000e+01
      vertex   4.229830e+01 -3.352502e+01 4.038823e+01
      vertex   4.173444e+01 -3.391984e+01 4.038823e+01
    endloop
  endfacet
  facet normal 4.190298e-01 -8.986123e-01 1.300379e-01
    outer loop
      vertex   4.176000e+01 -3.396410e+01 4.000000e+01
      vertex   4.173444e+01 -3.391984e+01 4.038823e+01
      vertex   4.112808e+01 -3.425877e+01 4.000000e+01
    endloop
  endfacet
  facet normal 4.190298e-01 -8.986123e-01 1.300379e-01
    outer loop
      vertex   4.112808e+01 -3.425877e+01 4.000000e+01
      vertex   4.173444e+01 -3.391984e+01 4.038823e+01
      vertex   4.111060e+01 -3.421074e+01 4.038823e+01
    endloop
  endfacet
  facet normal 2.566214e-01 -9.577242e-01 1.300379e-01
    outer loop
      vertex   4.112808e+01 -3.425877e+01 4.000000e+01
      vertex   4.111060e+01 -3.421074e+01 4.038823e+01
      vertex   4.045459e+01 -3.443923e+01 4.000000e+01
    endloop
  endfacet
  facet normal 2.566214e-01 -9.577242e-01 1.300379e-01
    outer loop
      vertex   4.045459e+01 -3.443923e+01 4.000000e+01
      vertex   4.111060e+01 -3.421074e+01 4.038823e+01
      vertex   4.044572e+01 -3.438890e+01 4.038823e+01
    endloop
  endfacet
  facet normal 8.641571e-02 -9.877360e-01 1.300379e-01
    outer loop
      vertex   4.045459e+01 -3.443923e+01 4.000000e+01
      vertex   4.044572e+01 -3.438890e+01 4.038823e+01
      vertex   3.976000e+01 -3.450000e+01 4.000000e+01
    endloop
  endfacet
  facet normal 8.641571e-02 -9.877360e-01 1.300379e-01
    outer loop
      vertex   3.976000e+01 -3.450000e+01 4.000000e+01
      vertex   4.044572e+01 -3.438890e+01 4.038823e+01
      vertex   3.976000e+01 -3.444889e+01 4.038823e+01
    endloop
  endfacet
  facet normal 8.056623e-02 -9.208762e-01 3.814394e-01
    outer loop
      vertex   3.976000e+01 -3.444889e+01 4.038823e+01
      vertex   4.044572e+01 -3.438890e+01 4.038823e+01
      vertex   4.041970e+01 -3.424132e+01 4.075000e+01
    endloop
  endfacet
  facet normal 8.056623e-02 -9.208762e-01 3.814394e-01
    outer loop
      vertex   3.976000e+01 -3.444889e+01 4.038823e+01
      vertex   4.041970e+01 -3.424132e+01 4.075000e+01
      vertex   3.976000e+01 -3.429904e+01 4.075000e+01
    endloop
  endfacet
  facet normal 6.924283e-02 -7.914492e-01 6.073003e-01
    outer loop
      vertex   3.976000e+01 -3.429904e+01 4.075000e+01
      vertex   4.041970e+01 -3.424132e+01 4.075000e+01
      vertex   4.037830e+01 -3.400657e+01 4.106066e+01
    endloop
  endfacet
  facet normal 6.924283e-02 -7.914492e-01 6.073003e-01
    outer loop
      vertex   3.976000e+01 -3.429904e+01 4.075000e+01
      vertex   4.037830e+01 -3.400657e+01 4.106066e+01
      vertex   3.976000e+01 -3.406066e+01 4.106066e+01
    endloop
  endfacet
  facet normal 5.318435e-02 -6.078999e-01 7.922305e-01
    outer loop
      vertex   3.976000e+01 -3.406066e+01 4.106066e+01
      vertex   4.037830e+01 -3.400657e+01 4.106066e+01
      vertex   4.032436e+01 -3.370063e+01 4.129904e+01
    endloop
  endfacet
  facet normal 5.318435e-02 -6.078999e-01 7.922305e-01
    outer loop
      vertex   3.976000e+01 -3.406066e+01 4.106066e+01
      vertex   4.032436e+01 -3.370063e+01 4.129904e+01
      vertex   3.976000e+01 -3.375000e+01 4.129904e+01
    endloop
  endfacet
  facet normal 3.346171e-02 -3.824691e-01 9.233622e-01
    outer loop
      vertex   3.976000e+01 -3.375000e+01 4.129904e+01
      vertex   4.032436e+01 -3.370063e+01 4.129904e+01
      vertex   4.026154e+01 -3.334435e+01 4.144889e+01
    endloop
  endfacet
  facet normal 3.346171e-02 -3.824691e-01 9.233622e-01
    outer loop
      vertex   3.976000e+01 -3.375000e+01 4.129904e+01
      vertex   4.026154e+01 -3.334435e+01 4.144889e+01
      vertex   3.976000e+01 -3.338823e+01 4.144889e+01
    endloop
  endfacet
  facet normal 1.141882e-02 -1.305177e-01 9.913802e-01
    outer loop
      vertex   3.976000e+01 -3.338823e+01 4.144889e+01
      vertex   4.026154e+01 -3.334435e+01 4.144889e+01
      vertex   3.976000e+01 -3.300000e+01 4.150000e+01
    endloop
  endfacet
  facet normal 1.267753e-02 -1.287171e-01 9.916003e-01
    outer loop
      vertex   3.976000e+01 -3.300000e+01 4.150000e+01
      vertex   4.026154e+01 -3.334435e+01 4.144889e+01
      vertex   4.024773e+01 -3.295196e+01 4.150000e+01
    endloop
  endfacet
  facet normal 3.427182e-02 -1.279042e-01 9.911942e-01
    outer loop
      vertex   4.024773e+01 -3.295196e+01 4.150000e+01
      vertex   4.026154e+01 -3.334435e+01 4.144889e+01
      vertex   4.074783e+01 -3.321405e+01 4.144889e+01
    endloop
  endfacet
  facet normal 3.716107e-02 -1.225036e-01 9.917721e-01
    outer loop
      vertex   4.024773e+01 -3.295196e+01 4.150000e+01
      vertex   4.074783e+01 -3.321405e+01 4.144889e+01
      vertex   4.071671e+01 -3.280970e+01 4.150000e+01
    endloop
  endfacet
  facet normal 5.639201e-02 -1.209331e-01 9.910576e-01
    outer loop
      vertex   4.071671e+01 -3.280970e+01 4.150000e+01
      vertex   4.074783e+01 -3.321405e+01 4.144889e+01
      vertex   4.120411e+01 -3.300128e+01 4.144889e+01
    endloop
  endfacet
  facet normal 5.993707e-02 -1.121344e-01 9.918838e-01
    outer loop
      vertex   4.071671e+01 -3.280970e+01 4.150000e+01
      vertex   4.120411e+01 -3.300128e+01 4.144889e+01
      vertex   4.114893e+01 -3.257867e+01 4.150000e+01
    endloop
  endfacet
  facet normal 7.689009e-02 -1.098104e-01 9.909741e-01
    outer loop
      vertex   4.114893e+01 -3.257867e+01 4.150000e+01
      vertex   4.120411e+01 -3.300128e+01 4.144889e+01
      vertex   4.161652e+01 -3.271251e+01 4.144889e+01
    endloop
  endfacet
  facet normal 8.038907e-02 -9.795437e-02 9.919388e-01
    outer loop
      vertex   4.114893e+01 -3.257867e+01 4.150000e+01
      vertex   4.161652e+01 -3.271251e+01 4.144889e+01
      vertex   4.152777e+01 -3.226777e+01 4.150000e+01
    endloop
  endfacet
  facet normal 9.493714e-02 -9.493714e-02 9.909460e-01
    outer loop
      vertex   4.152777e+01 -3.226777e+01 4.150000e+01
      vertex   4.161652e+01 -3.271251e+01 4.144889e+01
      vertex   4.197251e+01 -3.235652e+01 4.144889e+01
    endloop
  endfacet
  facet normal 9.795437e-02 -8.038907e-02 9.919388e-01
    outer loop
      vertex   4.152777e+01 -3.226777e+01 4.150000e+01
      vertex   4.197251e+01 -3.235652e+01 4.144889e+01
      vertex   4.183867e+01 -3.188893e+01 4.150000e+01
    endloop
  endfacet
  facet normal 1.098104e-01 -7.689009e-02 9.909741e-01
    outer loop
      vertex   4.183867e+01 -3.188893e+01 4.150000e+01
      vertex   4.197251e+01 -3.235652e+01 4.144889e+01
      vertex   4.226128e+01 -3.194411e+01 4.144889e+01
    endloop
  endfacet
  facet normal 1.121344e-01 -5.993707e-02 9.918838e-01
    outer loop
      vertex   4.183867e+01 -3.188893e+01 4.150000e+01
      vertex   4.226128e+01 -3.194411e+01 4.144889e+01
      vertex   4.206970e+01 -3.145671e+01 4.150000e+01
    endloop
  endfacet
  facet normal 1.209331e-01 -5.639201e-02 9.910576e-01
    outer loop
      vertex   4.206970e+01 -3.145671e+01 4.150000e+01
      vertex   4.226128e+01 -3.194411e+01 4.144889e+01
      vertex   4.247405e+01 -3.148783e+01 4.144889e+01
    endloop
  endfacet
  facet normal 1.225036e-01 -3.716107e-02 9.917721e-01
    outer loop
      vertex   4.206970e+01 -3.145671e+01 4.150000e+01
      vertex   4.247405e+01 -3.148783e+01 4.144889e+01
      vertex   4.221196e+01 -3.098773e+01 4.150000e+01
    endloop
  endfacet
  facet normal 1.279042e-01 -3.427182e-02 9.911942e-01
    outer loop
      vertex   4.221196e+01 -3.098773e+01 4.150000e+01
      vertex   4.247405e+01 -3.148783e+01 4.144889e+01
      vertex   4.260435e+01 -3.100154e+01 4.144889e+01
    endloop
  endfacet
  facet normal 1.287171e-01 -1.267753e-02 9.916003e-01
    outer loop
      vertex   4.221196e+01 -3.098773e+01 4.150000e+01
      vertex   4.260435e+01 -3.100154e+01 4.144889e+01
      vertex   4.226000e+01 -3.050000e+01 4.150000e+01
    endloop
  endfacet
  facet normal 1.305177e-01 -1.141882e-02 9.913802e-01
    outer loop
      vertex   4.226000e+01 -3.050000e+01 4.150000e+01
      vertex   4.260435e+01 -3.100154e+01 4.144889e+01
      vertex   4.264823e+01 -3.050000e+01 4.144889e+01
    endloop
  endfacet
  facet normal 3.824691e-01 -3.346171e-02 9.233622e-01
    outer loop
      vertex   4.264823e+01 -3.050000e+01 4.144889e+01
      vertex   4.260435e+01 -3.100154e+01 4.144889e+01
      vertex   4.296063e+01 -3.106436e+01 4.129904e+01
    endloop
  endfacet
  facet normal 3.824691e-01 -3.346171e-02 9.233622e-01
    outer loop
      vertex   4.264823e+01 -3.050000e+01 4.144889e+01
      vertex   4.296063e+01 -3.106436e+01 4.129904e+01
      vertex   4.301000e+01 -3.050000e+01 4.129904e+01
    endloop
  endfacet
  facet normal 6.078999e-01 -5.318435e-02 7.922305e-01
    outer loop
      vertex   4.301000e+01 -3.050000e+01 4.129904e+01
      vertex   4.296063e+01 -3.106436e+01 4.129904e+01
      vertex   4.326657e+01 -3.111830e+01 4.106066e+01
    endloop
  endfacet
  facet normal 6.078999e-01 -5.318435e-02 7.922305e-01
    outer loop
      vertex   4.301000e+01 -3.050000e+01 4.129904e+01
      vertex   4.326657e+01 -3.111830e+01 4.106066e+01
      vertex   4.332066e+01 -3.050000e+01 4.106066e+01
    endloop
  endfacet
  facet normal 7.914492e-01 -6.924283e-02 6.073003e-01
    outer loop
      vertex   4.332066e+01 -3.050000e+01 4.106066e+01
      vertex   4.326657e+01 -3.111830e+01 4.106066e+01
      vertex   4.350132e+01 -3.115970e+01 4.075000e+01
    endloop
  endfacet
  facet normal 7.914492e-01 -6.924283e-02 6.073003e-01
    outer loop
      vertex   4.332066e+01 -3.050000e+01 4.106066e+01
      vertex   4.350132e+01 -3.115970e+01 4.075000e+01
      vertex   4.355904e+01 -3.050000e+01 4.075000e+01
    endloop
  endfacet
  facet normal 9.208762e-01 -8.056623e-02 3.814394e-01
    outer loop
      vertex   4.355904e+01 -3.050000e+01 4.075000e+01
      vertex   4.350132e+01 -3.115970e+01 4.075000e+01
      vertex   4.364890e+01 -3.118572e+01 4.038823e+01
    endloop
  endfacet
  facet normal 9.208762e-01 -8.056623e-02 3.814394e-01
    outer loop
      vertex   4.355904e+01 -3.050000e+01 4.075000e+01
      vertex   4.364890e+01 -3.118572e+01 4.038823e+01
      vertex   4.370889e+01 -3.050000e+01 4.038823e+01
    endloop
  endfacet
  facet normal 3.708480e-01 -9.936842e-02 9.233622e-01
    outer loop
      vertex   4.296063e+01 -3.106436e+01 4.129904e+01
      vertex   4.260435e+01 -3.100154e+01 4.144889e+01
      vertex   4.281400e+01 -3.161157e+01 4.129904e+01
    endloop
  endfacet
  facet normal 3.708480e-01 -9.936842e-02 9.233622e-01
    outer loop
      vertex   4.281400e+01 -3.161157e+01 4.129904e+01
      vertex   4.260435e+01 -3.100154e+01 4.144889e+01
      vertex   4.247405e+01 -3.148783e+01 4.144889e+01
    endloop
  endfacet
  facet normal 3.479588e-01 -1.622559e-01 9.233622e-01
    outer loop
      vertex   4.281400e+01 -3.161157e+01 4.129904e+01
      vertex   4.247405e+01 -3.148783e+01 4.144889e+01
      vertex   4.257458e+01 -3.212500e+01 4.129904e+01
    endloop
  endfacet
  facet normal 3.479588e-01 -1.622559e-01 9.233622e-01
    outer loop
      vertex   4.257458e+01 -3.212500e+01 4.129904e+01
      vertex   4.247405e+01 -3.148783e+01 4.144889e+01
      vertex   4.226128e+01 -3.194411e+01 4.144889e+01
    endloop
  endfacet
  facet normal 3.144971e-01 -2.202133e-01 9.233622e-01
    outer loop
      vertex   4.257458e+01 -3.212500e+01 4.129904e+01
      vertex   4.226128e+01 -3.194411e+01 4.144889e+01
      vertex   4.224964e+01 -3.258906e+01 4.129904e+01
    endloop
  endfacet
  facet normal 3.144971e-01 -2.202133e-01 9.233622e-01
    outer loop
      vertex   4.224964e+01 -3.258906e+01 4.129904e+01
      vertex   4.226128e+01 -3.194411e+01 4.144889e+01
      vertex   4.197251e+01 -3.235652e+01 4.144889e+01
    endloop
  endfacet
  facet normal 2.714796e-01 -2.714796e-01 9.233622e-01
    outer loop
      vertex   4.224964e+01 -3.258906e+01 4.129904e+01
      vertex   4.197251e+01 -3.235652e+01 4.144889e+01
      vertex   4.184906e+01 -3.298964e+01 4.129904e+01
    endloop
  endfacet
  facet normal 2.714796e-01 -2.714796e-01 9.233622e-01
    outer loop
      vertex   4.184906e+01 -3.298964e+01 4.129904e+01
      vertex   4.197251e+01 -3.235652e+01 4.144889e+01
      vertex   4.161652e+01 -3.271251e+01 4.144889e+01
    endloop
  endfacet
  facet normal 2.202133e-01 -3.144971e-01 9.233622e-01
    outer loop
      vertex   4.184906e+01 -3.298964e+01 4.129904e+01
      vertex   4.161652e+01 -3.271251e+01 4.144889e+01
      vertex   4.138500e+01 -3.331458e+01 4.129904e+01
    endloop
  endfacet
  facet normal 2.202133e-01 -3.144971e-01 9.233622e-01
    outer loop
      vertex   4.138500e+01 -3.331458e+01 4.129904e+01
      vertex   4.161652e+01 -3.271251e+01 4.144889e+01
      vertex   4.120411e+01 -3.300128e+01 4.144889e+01
    endloop
  endfacet
  facet normal 1.622559e-01 -3.479588e-01 9.233622e-01
    outer loop
      vertex   4.138500e+01 -3.331458e+01 4.129904e+01
      vertex   4.120411e+01 -3.300128e+01 4.144889e+01
      vertex   4.087157e+01 -3.355400e+01 4.129904e+01
    endloop
  endfacet
  facet normal 1.622559e-01 -3.479588e-01 9.233622e-01
    outer loop
      vertex   4.087157e+01 -3.355400e+01 4.129904e+01
      vertex   4.120411e+01 -3.300128e+01 4.144889e+01
      vertex   4.074783e+01 -3.321405e+01 4.144889e+01
    endloop
  endfacet
  facet normal 9.936842e-02 -3.708480e-01 9.233622e-01
    outer loop
      vertex   4.087157e+01 -3.355400e+01 4.129904e+01
      vertex   4.074783e+01 -3.321405e+01 4.144889e+01
      vertex   4.032436e+01 -3.370063e+01 4.129904e+01
    endloop
  endfacet
  facet normal 9.936842e-02 -3.708480e-01 9.233622e-01
    outer loop
      vertex   4.032436e+01 -3.370063e+01 4.129904e+01
      vertex   4.074783e+01 -3.321405e+01 4.144889e+01
      vertex   4.026154e+01 -3.334435e+01 4.144889e+01
    endloop
  endfacet
  facet normal 5.894291e-01 -1.579371e-01 7.922305e-01
    outer loop
      vertex   4.326657e+01 -3.111830e+01 4.106066e+01
      vertex   4.296063e+01 -3.106436e+01 4.129904e+01
      vertex   4.310593e+01 -3.171782e+01 4.106066e+01
    endloop
  endfacet
  facet normal 5.894291e-01 -1.579371e-01 7.922305e-01
    outer loop
      vertex   4.310593e+01 -3.171782e+01 4.106066e+01
      vertex   4.296063e+01 -3.106436e+01 4.129904e+01
      vertex   4.281400e+01 -3.161157e+01 4.129904e+01
    endloop
  endfacet
  facet normal 5.530489e-01 -2.578909e-01 7.922305e-01
    outer loop
      vertex   4.310593e+01 -3.171782e+01 4.106066e+01
      vertex   4.281400e+01 -3.161157e+01 4.129904e+01
      vertex   4.284362e+01 -3.228033e+01 4.106066e+01
    endloop
  endfacet
  facet normal 5.530489e-01 -2.578909e-01 7.922305e-01
    outer loop
      vertex   4.284362e+01 -3.228033e+01 4.106066e+01
      vertex   4.281400e+01 -3.161157e+01 4.129904e+01
      vertex   4.257458e+01 -3.212500e+01 4.129904e+01
    endloop
  endfacet
  facet normal 4.998645e-01 -3.500089e-01 7.922305e-01
    outer loop
      vertex   4.284362e+01 -3.228033e+01 4.106066e+01
      vertex   4.257458e+01 -3.212500e+01 4.129904e+01
      vertex   4.248762e+01 -3.278875e+01 4.106066e+01
    endloop
  endfacet
  facet normal 4.998645e-01 -3.500089e-01 7.922305e-01
    outer loop
      vertex   4.248762e+01 -3.278875e+01 4.106066e+01
      vertex   4.257458e+01 -3.212500e+01 4.129904e+01
      vertex   4.224964e+01 -3.258906e+01 4.129904e+01
    endloop
  endfacet
  facet normal 4.314921e-01 -4.314921e-01 7.922305e-01
    outer loop
      vertex   4.248762e+01 -3.278875e+01 4.106066e+01
      vertex   4.224964e+01 -3.258906e+01 4.129904e+01
      vertex   4.204875e+01 -3.322762e+01 4.106066e+01
    endloop
  endfacet
  facet normal 4.314921e-01 -4.314921e-01 7.922305e-01
    outer loop
      vertex   4.204875e+01 -3.322762e+01 4.106066e+01
      vertex   4.224964e+01 -3.258906e+01 4.129904e+01
      vertex   4.184906e+01 -3.298964e+01 4.129904e+01
    endloop
  endfacet
  facet normal 3.500089e-01 -4.998645e-01 7.922305e-01
    outer loop
      vertex   4.204875e+01 -3.322762e+01 4.106066e+01
      vertex   4.184906e+01 -3.298964e+01 4.129904e+01
      vertex   4.154033e+01 -3.358362e+01 4.106066e+01
    endloop
  endfacet
  facet normal 3.500089e-01 -4.998645e-01 7.922305e-01
    outer loop
      vertex   4.154033e+01 -3.358362e+01 4.106066e+01
      vertex   4.184906e+01 -3.298964e+01 4.129904e+01
      vertex   4.138500e+01 -3.331458e+01 4.129904e+01
    endloop
  endfacet
  facet normal 2.578909e-01 -5.530489e-01 7.922305e-01
    outer loop
      vertex   4.154033e+01 -3.358362e+01 4.106066e+01
      vertex   4.138500e+01 -3.331458e+01 4.129904e+01
      vertex   4.097782e+01 -3.384593e+01 4.106066e+01
    endloop
  endfacet
  facet normal 2.578909e-01 -5.530489e-01 7.922305e-01
    outer loop
      vertex   4.097782e+01 -3.384593e+01 4.106066e+01
      vertex   4.138500e+01 -3.331458e+01 4.129904e+01
      vertex   4.087157e+01 -3.355400e+01 4.129904e+01
    endloop
  endfacet
  facet normal 1.579371e-01 -5.894291e-01 7.922305e-01
    outer loop
      vertex   4.097782e+01 -3.384593e+01 4.106066e+01
      vertex   4.087157e+01 -3.355400e+01 4.129904e+01
      vertex   4.037830e+01 -3.400657e+01 4.106066e+01
    endloop
  endfacet
  facet normal 1.579371e-01 -5.894291e-01 7.922305e-01
    outer loop
      vertex   4.037830e+01 -3.400657e+01 4.106066e+01
      vertex   4.087157e+01 -3.355400e+01 4.129904e+01
      vertex   4.032436e+01 -3.370063e+01 4.129904e+01
    endloop
  endfacet
  facet normal 8.928959e-01 -2.392507e-01 3.814394e-01
    outer loop
      vertex   4.347074e+01 -3.185060e+01 4.038823e+01
      vertex   4.364890e+01 -3.118572e+01 4.038823e+01
      vertex   4.350132e+01 -3.115970e+01 4.075000e+01
    endloop
  endfacet
  facet normal 7.674014e-01 -2.056246e-01 6.073003e-01
    outer loop
      vertex   4.350132e+01 -3.115970e+01 4.075000e+01
      vertex   4.326657e+01 -3.111830e+01 4.106066e+01
      vertex   4.332993e+01 -3.179935e+01 4.075000e+01
    endloop
  endfacet
  facet normal 7.674014e-01 -2.056246e-01 6.073003e-01
    outer loop
      vertex   4.332993e+01 -3.179935e+01 4.075000e+01
      vertex   4.326657e+01 -3.111830e+01 4.106066e+01
      vertex   4.310593e+01 -3.171782e+01 4.106066e+01
    endloop
  endfacet
  facet normal 7.200365e-01 -3.357585e-01 6.073003e-01
    outer loop
      vertex   4.332993e+01 -3.179935e+01 4.075000e+01
      vertex   4.310593e+01 -3.171782e+01 4.106066e+01
      vertex   4.305006e+01 -3.239952e+01 4.075000e+01
    endloop
  endfacet
  facet normal 7.200365e-01 -3.357585e-01 6.073003e-01
    outer loop
      vertex   4.305006e+01 -3.239952e+01 4.075000e+01
      vertex   4.310593e+01 -3.171782e+01 4.106066e+01
      vertex   4.284362e+01 -3.228033e+01 4.106066e+01
    endloop
  endfacet
  facet normal 6.507937e-01 -4.556906e-01 6.073003e-01
    outer loop
      vertex   4.305006e+01 -3.239952e+01 4.075000e+01
      vertex   4.284362e+01 -3.228033e+01 4.106066e+01
      vertex   4.267023e+01 -3.294197e+01 4.075000e+01
    endloop
  endfacet
  facet normal 6.507937e-01 -4.556906e-01 6.073003e-01
    outer loop
      vertex   4.267023e+01 -3.294197e+01 4.075000e+01
      vertex   4.284362e+01 -3.228033e+01 4.106066e+01
      vertex   4.248762e+01 -3.278875e+01 4.106066e+01
    endloop
  endfacet
  facet normal 5.617768e-01 -5.617768e-01 6.073003e-01
    outer loop
      vertex   4.267023e+01 -3.294197e+01 4.075000e+01
      vertex   4.248762e+01 -3.278875e+01 4.106066e+01
      vertex   4.220197e+01 -3.341023e+01 4.075000e+01
    endloop
  endfacet
  facet normal 5.617768e-01 -5.617768e-01 6.073003e-01
    outer loop
      vertex   4.220197e+01 -3.341023e+01 4.075000e+01
      vertex   4.248762e+01 -3.278875e+01 4.106066e+01
      vertex   4.204875e+01 -3.322762e+01 4.106066e+01
    endloop
  endfacet
  facet normal 4.556906e-01 -6.507937e-01 6.073003e-01
    outer loop
      vertex   4.220197e+01 -3.341023e+01 4.075000e+01
      vertex   4.204875e+01 -3.322762e+01 4.106066e+01
      vertex   4.165952e+01 -3.379006e+01 4.075000e+01
    endloop
  endfacet
  facet normal 4.556906e-01 -6.507937e-01 6.073003e-01
    outer loop
      vertex   4.165952e+01 -3.379006e+01 4.075000e+01
      vertex   4.204875e+01 -3.322762e+01 4.106066e+01
      vertex   4.154033e+01 -3.358362e+01 4.106066e+01
    endloop
  endfacet
  facet normal 3.357585e-01 -7.200365e-01 6.073003e-01
    outer loop
      vertex   4.165952e+01 -3.379006e+01 4.075000e+01
      vertex   4.154033e+01 -3.358362e+01 4.106066e+01
      vertex   4.105935e+01 -3.406993e+01 4.075000e+01
    endloop
  endfacet
  facet normal 3.357585e-01 -7.200365e-01 6.073003e-01
    outer loop
      vertex   4.105935e+01 -3.406993e+01 4.075000e+01
      vertex   4.154033e+01 -3.358362e+01 4.106066e+01
      vertex   4.097782e+01 -3.384593e+01 4.106066e+01
    endloop
  endfacet
  facet normal 2.056246e-01 -7.674014e-01 6.073003e-01
    outer loop
      vertex   4.105935e+01 -3.406993e+01 4.075000e+01
      vertex   4.097782e+01 -3.384593e+01 4.106066e+01
      vertex   4.041970e+01 -3.424132e+01 4.075000e+01
    endloop
  endfacet
  facet normal 2.056246e-01 -7.674014e-01 6.073003e-01
    outer loop
      vertex   4.041970e+01 -3.424132e+01 4.075000e+01
      vertex   4.097782e+01 -3.384593e+01 4.106066e+01
      vertex   4.037830e+01 -3.400657e+01 4.106066e+01
    endloop
  endfacet
  facet normal 8.377853e-01 -3.906657e-01 3.814394e-01
    outer loop
      vertex   4.317984e+01 -3.247444e+01 4.038823e+01
      vertex   4.347074e+01 -3.185060e+01 4.038823e+01
      vertex   4.332993e+01 -3.179935e+01 4.075000e+01
    endloop
  endfacet
  facet normal 8.928959e-01 -2.392507e-01 3.814394e-01
    outer loop
      vertex   4.332993e+01 -3.179935e+01 4.075000e+01
      vertex   4.347074e+01 -3.185060e+01 4.038823e+01
      vertex   4.350132e+01 -3.115970e+01 4.075000e+01
    endloop
  endfacet
  facet normal 8.377853e-01 -3.906657e-01 3.814394e-01
    outer loop
      vertex   4.317984e+01 -3.247444e+01 4.038823e+01
      vertex   4.332993e+01 -3.179935e+01 4.075000e+01
      vertex   4.305006e+01 -3.239952e+01 4.075000e+01
    endloop
  endfacet
  facet normal 7.572191e-01 -5.302105e-01 3.814394e-01
    outer loop
      vertex   4.278502e+01 -3.303830e+01 4.038823e+01
      vertex   4.317984e+01 -3.247444e+01 4.038823e+01
      vertex   4.305006e+01 -3.239952e+01 4.075000e+01
    endloop
  endfacet
  facet normal 7.572191e-01 -5.302105e-01 3.814394e-01
    outer loop
      vertex   4.278502e+01 -3.303830e+01 4.038823e+01
      vertex   4.305006e+01 -3.239952e+01 4.075000e+01
      vertex   4.267023e+01 -3.294197e+01 4.075000e+01
    endloop
  endfacet
  facet normal 6.536451e-01 -6.536451e-01 3.814394e-01
    outer loop
      vertex   4.229830e+01 -3.352502e+01 4.038823e+01
      vertex   4.278502e+01 -3.303830e+01 4.038823e+01
      vertex   4.267023e+01 -3.294197e+01 4.075000e+01
    endloop
  endfacet
  facet normal 6.536451e-01 -6.536451e-01 3.814394e-01
    outer loop
      vertex   4.229830e+01 -3.352502e+01 4.038823e+01
      vertex   4.267023e+01 -3.294197e+01 4.075000e+01
      vertex   4.220197e+01 -3.341023e+01 4.075000e+01
    endloop
  endfacet
  facet normal 5.302105e-01 -7.572191e-01 3.814394e-01
    outer loop
      vertex   4.173444e+01 -3.391984e+01 4.038823e+01
      vertex   4.229830e+01 -3.352502e+01 4.038823e+01
      vertex   4.220197e+01 -3.341023e+01 4.075000e+01
    endloop
  endfacet
  facet normal 5.302105e-01 -7.572191e-01 3.814394e-01
    outer loop
      vertex   4.173444e+01 -3.391984e+01 4.038823e+01
      vertex   4.220197e+01 -3.341023e+01 4.075000e+01
      vertex   4.165952e+01 -3.379006e+01 4.075000e+01
    endloop
  endfacet
  facet normal 3.906657e-01 -8.377853e-01 3.814394e-01
    outer loop
      vertex   4.111060e+01 -3.421074e+01 4.038823e+01
      vertex   4.173444e+01 -3.391984e+01 4.038823e+01
      vertex   4.165952e+01 -3.379006e+01 4.075000e+01
    endloop
  endfacet
  facet normal 3.906657e-01 -8.377853e-01 3.814394e-01
    outer loop
      vertex   4.111060e+01 -3.421074e+01 4.038823e+01
      vertex   4.165952e+01 -3.379006e+01 4.075000e+01
      vertex   4.105935e+01 -3.406993e+01 4.075000e+01
    endloop
  endfacet
  facet normal 2.392507e-01 -8.928959e-01 3.814394e-01
    outer loop
      vertex   4.044572e+01 -3.438890e+01 4.038823e+01
      vertex   4.111060e+01 -3.421074e+01 4.038823e+01
      vertex   4.105935e+01 -3.406993e+01 4.075000e+01
    endloop
  endfacet
  facet normal 2.392507e-01 -8.928959e-01 3.814394e-01
    outer loop
      vertex   4.044572e+01 -3.438890e+01 4.038823e+01
      vertex   4.105935e+01 -3.406993e+01 4.075000e+01
      vertex   4.041970e+01 -3.424132e+01 4.075000e+01
    endloop
  endfacet
  facet normal 0.000000e+00 -1.305262e-01 9.914449e-01
    outer loop
      vertex   -1.032018e+01 -3.338823e+01 4.144889e+01
      vertex   -1.973484e+00 -3.338823e+01 4.144889e+01
      vertex   -1.032018e+01 -3.300000e+01 4.150000e+01
    endloop
  endfacet
  facet normal 0.000000e+00 -1.305262e-01 9.914449e-01
    outer loop
      vertex   -1.032018e+01 -3.300000e+01 4.150000e+01
      vertex   -1.973484e+00 -3.338823e+01 4.144889e+01
      vertex   6.373213e+00 -3.338823e+01 4.144889e+01
    endloop
  endfacet
  facet normal 0.000000e+00 -1.305262e-01 9.914449e-01
    outer loop
      vertex   -1.032018e+01 -3.300000e+01 4.150000e+01
      vertex   6.373213e+00 -3.338823e+01 4.144889e+01
      vertex   1.471991e+01 -3.338823e+01 4.144889e+01
    endloop
  endfacet
  facet normal 0.000000e+00 -3.826834e-01 9.238795e-01
    outer loop
      vertex   1.471991e+01 -3.338823e+01 4.144889e+01
      vertex   6.373213e+00 -3.338823e+01 4.144889e+01
      vertex   1.471991e+01 -3.375000e+01 4.129904e+01
    endloop
  endfacet
  facet normal -3.248240e-16 -3.826834e-01 9.238795e-01
    outer loop
      vertex   1.471991e+01 -3.338823e+01 4.144889e+01
      vertex   1.471991e+01 -3.375000e+01 4.129904e+01
      vertex   2.306661e+01 -3.375000e+01 4.129904e+01
    endloop
  endfacet
  facet normal -5.182302e-16 -6.087614e-01 7.933533e-01
    outer loop
      vertex   2.306661e+01 -3.375000e+01 4.129904e+01
      vertex   1.471991e+01 -3.375000e+01 4.129904e+01
      vertex   2.306661e+01 -3.406066e+01 4.106066e+01
    endloop
  endfacet
  facet normal 5.180200e-16 -6.087614e-01 7.933533e-01
    outer loop
      vertex   2.306661e+01 -3.375000e+01 4.129904e+01
      vertex   2.306661e+01 -3.406066e+01 4.106066e+01
      vertex   3.141330e+01 -3.406066e+01 4.106066e+01
    endloop
  endfacet
  facet normal 6.753707e-16 -7.933533e-01 6.087614e-01
    outer loop
      vertex   3.141330e+01 -3.406066e+01 4.106066e+01
      vertex   2.306661e+01 -3.406066e+01 4.106066e+01
      vertex   3.141330e+01 -3.429904e+01 4.075000e+01
    endloop
  endfacet
  facet normal -1.350249e-15 -7.933533e-01 6.087614e-01
    outer loop
      vertex   3.141330e+01 -3.406066e+01 4.106066e+01
      vertex   3.141330e+01 -3.429904e+01 4.075000e+01
      vertex   3.976000e+01 -3.429904e+01 4.075000e+01
    endloop
  endfacet
  facet normal -1.572972e-15 -9.238795e-01 3.826834e-01
    outer loop
      vertex   3.976000e+01 -3.429904e+01 4.075000e+01
      vertex   3.141330e+01 -3.429904e+01 4.075000e+01
      vertex   3.976000e+01 -3.444889e+01 4.038823e+01
    endloop
  endfacet
  facet normal -7.864858e-16 -9.238795e-01 3.826834e-01
    outer loop
      vertex   3.976000e+01 -3.444889e+01 4.038823e+01
      vertex   3.141330e+01 -3.429904e+01 4.075000e+01
      vertex   3.141330e+01 -3.444889e+01 4.038823e+01
    endloop
  endfacet
  facet normal -8.440033e-16 -9.914449e-01 1.305262e-01
    outer loop
      vertex   3.976000e+01 -3.444889e+01 4.038823e+01
      vertex   3.141330e+01 -3.444889e+01 4.038823e+01
      vertex   3.976000e+01 -3.450000e+01 4.000000e+01
    endloop
  endfacet
  facet normal 0.000000e+00 -9.914449e-01 1.305262e-01
    outer loop
      vertex   3.976000e+01 -3.450000e+01 4.000000e+01
      vertex   3.141330e+01 -3.444889e+01 4.038823e+01
      vertex   2.306661e+01 -3.444889e+01 4.038823e+01
    endloop
  endfacet
  facet normal 0.000000e+00 -9.914449e-01 1.305262e-01
    outer loop
      vertex   3.976000e+01 -3.450000e+01 4.000000e+01
      vertex   2.306661e+01 -3.444889e+01 4.038823e+01
      vertex   1.471991e+01 -3.444889e+01 4.038823e+01
    endloop
  endfacet
  facet normal 0.000000e+00 -9.238795e-01 3.826834e-01
    outer loop
      vertex   1.471991e+01 -3.444889e+01 4.038823e+01
      vertex   2.306661e+01 -3.444889e+01 4.038823e+01
      vertex   1.471991e+01 -3.429904e+01 4.075000e+01
    endloop
  endfacet
  facet normal 0.000000e+00 -9.238795e-01 3.826834e-01
    outer loop
      vertex   1.471991e+01 -3.444889e+01 4.038823e+01
      vertex   1.471991e+01 -3.429904e+01 4.075000e+01
      vertex   6.373213e+00 -3.429904e+01 4.075000e+01
    endloop
  endfacet
  facet normal 0.000000e+00 -7.933533e-01 6.087614e-01
    outer loop
      vertex   6.373213e+00 -3.429904e+01 4.075000e+01
      vertex   1.471991e+01 -3.429904e+01 4.075000e+01
      vertex   6.373213e+00 -3.406066e+01 4.106066e+01
    endloop
  endfacet
  facet normal 0.000000e+00 -7.933533e-01 6.087614e-01
    outer loop
      vertex   6.373213e+00 -3.429904e+01 4.075000e+01
      vertex   6.373213e+00 -3.406066e+01 4.106066e+01
      vertex   -1.973484e+00 -3.406066e+01 4.106066e+01
    endloop
  endfacet
  facet normal 0.000000e+00 -6.087614e-01 7.933533e-01
    outer loop
      vertex   -1.973484e+00 -3.406066e+01 4.106066e+01
      vertex   6.373213e+00 -3.406066e+01 4.106066e+01
      vertex   -1.973484e+00 -3.375000e+01 4.129904e+01
    endloop
  endfacet
  facet normal 0.000000e+00 -6.087614e-01 7.933533e-01
    outer loop
      vertex   -1.973484e+00 -3.406066e+01 4.106066e+01
      vertex   -1.973484e+00 -3.375000e+01 4.129904e+01
      vertex   -1.032018e+01 -3.375000e+01 4.129904e+01
    endloop
  endfacet
  facet normal 0.000000e+00 -3.826834e-01 9.238795e-01
    outer loop
      vertex   -1.032018e+01 -3.375000e+01 4.129904e+01
      vertex   -1.973484e+00 -3.375000e+01 4.129904e+01
      vertex   -1.032018e+01 -3.338823e+01 4.144889e+01
    endloop
  endfacet
  facet normal 0.000000e+00 -3.826834e-01 9.238795e-01
    outer loop
      vertex   -1.032018e+01 -3.338823e+01 4.144889e+01
      vertex   -1.973484e+00 -3.375000e+01 4.129904e+01
      vertex   -1.973484e+00 -3.338823e+01 4.144889e+01
    endloop
  endfacet
  facet normal 1.868269e-15 -6.087614e-01 7.933533e-01
    outer loop
      vertex   -1.032018e+01 -3.375000e+01 4.129904e+01
      vertex   -1.032018e+01 -3.406066e+01 4.106066e+01
      vertex   -1.973484e+00 -3.406066e+01 4.106066e+01
    endloop
  endfacet
  facet normal 1.711831e-15 -7.933533e-01 6.087614e-01
    outer loop
      vertex   -1.973484e+00 -3.406066e+01 4.106066e+01
      vertex   -1.032018e+01 -3.406066e+01 4.106066e+01
      vertex   -1.973484e+00 -3.429904e+01 4.075000e+01
    endloop
  endfacet
  facet normal 0.000000e+00 -7.933533e-01 6.087614e-01
    outer loop
      vertex   -1.973484e+00 -3.406066e+01 4.106066e+01
      vertex   -1.973484e+00 -3.429904e+01 4.075000e+01
      vertex   6.373213e+00 -3.429904e+01 4.075000e+01
    endloop
  endfacet
  facet normal 0.000000e+00 -9.238795e-01 3.826834e-01
    outer loop
      vertex   6.373213e+00 -3.429904e+01 4.075000e+01
      vertex   -1.973484e+00 -3.429904e+01 4.075000e+01
      vertex   6.373213e+00 -3.444889e+01 4.038823e+01
    endloop
  endfacet
  facet normal 0.000000e+00 -9.238795e-01 3.826834e-01
    outer loop
      vertex   6.373213e+00 -3.429904e+01 4.075000e+01
      vertex   6.373213e+00 -3.444889e+01 4.038823e+01
      vertex   1.471991e+01 -3.444889e+01 4.038823e+01
    endloop
  endfacet
  facet normal 0.000000e+00 -9.914449e-01 1.305262e-01
    outer loop
      vertex   1.471991e+01 -3.444889e+01 4.038823e+01
      vertex   6.373213e+00 -3.444889e+01 4.038823e+01
      vertex   -1.032018e+01 -3.450000e+01 4.000000e+01
    endloop
  endfacet
  facet normal 0.000000e+00 -9.914449e-01 1.305262e-01
    outer loop
      vertex   1.471991e+01 -3.444889e+01 4.038823e+01
      vertex   -1.032018e+01 -3.450000e+01 4.000000e+01
      vertex   3.976000e+01 -3.450000e+01 4.000000e+01
    endloop
  endfacet
  facet normal 0.000000e+00 -7.933533e-01 6.087614e-01
    outer loop
      vertex   -1.032018e+01 -3.406066e+01 4.106066e+01
      vertex   -1.032018e+01 -3.429904e+01 4.075000e+01
      vertex   -1.973484e+00 -3.429904e+01 4.075000e+01
    endloop
  endfacet
  facet normal 0.000000e+00 -9.238795e-01 3.826834e-01
    outer loop
      vertex   -1.973484e+00 -3.429904e+01 4.075000e+01
      vertex   -1.032018e+01 -3.429904e+01 4.075000e+01
      vertex   -1.973484e+00 -3.444889e+01 4.038823e+01
    endloop
  endfacet
  facet normal 0.000000e+00 -9.238795e-01 3.826834e-01
    outer loop
      vertex   -1.973484e+00 -3.429904e+01 4.075000e+01
      vertex   -1.973484e+00 -3.444889e+01 4.038823e+01
      vertex   6.373213e+00 -3.444889e+01 4.038823e+01
    endloop
  endfacet
  facet normal 0.000000e+00 -9.914449e-01 1.305262e-01
    outer loop
      vertex   6.373213e+00 -3.444889e+01 4.038823e+01
      vertex   -1.973484e+00 -3.444889e+01 4.038823e+01
      vertex   -1.032018e+01 -3.450000e+01 4.000000e+01
    endloop
  endfacet
  facet normal 7.855221e-16 -9.238795e-01 3.826834e-01
    outer loop
      vertex   -1.032018e+01 -3.429904e+01 4.075000e+01
      vertex   -1.032018e+01 -3.444889e+01 4.038823e+01
      vertex   -1.973484e+00 -3.444889e+01 4.038823e+01
    endloop
  endfacet
  facet normal 8.440033e-16 -9.914449e-01 1.305262e-01
    outer loop
      vertex   -1.973484e+00 -3.444889e+01 4.038823e+01
      vertex   -1.032018e+01 -3.444889e+01 4.038823e+01
      vertex   -1.032018e+01 -3.450000e+01 4.000000e+01
    endloop
  endfacet
  facet normal -1.711164e-15 -7.933533e-01 6.087614e-01
    outer loop
      vertex   3.976000e+01 -3.429904e+01 4.075000e+01
      vertex   3.976000e+01 -3.406066e+01 4.106066e+01
      vertex   3.141330e+01 -3.406066e+01 4.106066e+01
    endloop
  endfacet
  facet normal -1.868972e-15 -6.087614e-01 7.933533e-01
    outer loop
      vertex   3.141330e+01 -3.406066e+01 4.106066e+01
      vertex   3.976000e+01 -3.406066e+01 4.106066e+01
      vertex   3.141330e+01 -3.375000e+01 4.129904e+01
    endloop
  endfacet
  facet normal 1.193144e-15 -6.087614e-01 7.933533e-01
    outer loop
      vertex   3.141330e+01 -3.406066e+01 4.106066e+01
      vertex   3.141330e+01 -3.375000e+01 4.129904e+01
      vertex   2.306661e+01 -3.375000e+01 4.129904e+01
    endloop
  endfacet
  facet normal 1.112259e-15 -3.826834e-01 9.238795e-01
    outer loop
      vertex   2.306661e+01 -3.375000e+01 4.129904e+01
      vertex   3.141330e+01 -3.375000e+01 4.129904e+01
      vertex   2.306661e+01 -3.338823e+01 4.144889e+01
    endloop
  endfacet
  facet normal 0.000000e+00 -3.826834e-01 9.238795e-01
    outer loop
      vertex   2.306661e+01 -3.375000e+01 4.129904e+01
      vertex   2.306661e+01 -3.338823e+01 4.144889e+01
      vertex   1.471991e+01 -3.338823e+01 4.144889e+01
    endloop
  endfacet
  facet normal 0.000000e+00 -1.305262e-01 9.914449e-01
    outer loop
      vertex   1.471991e+01 -3.338823e+01 4.144889e+01
      vertex   2.306661e+01 -3.338823e+01 4.144889e+01
      vertex   3.976000e+01 -3.300000e+01 4.150000e+01
    endloop
  endfacet
  facet normal 0.000000e+00 -1.305262e-01 9.914449e-01
    outer loop
      vertex   1.471991e+01 -3.338823e+01 4.144889e+01
      vertex   3.976000e+01 -3.300000e+01 4.150000e+01
      vertex   -1.032018e+01 -3.300000e+01 4.150000e+01
    endloop
  endfacet
  facet normal -1.193144e-15 -6.087614e-01 7.933533e-01
    outer loop
      vertex   3.976000e+01 -3.406066e+01 4.106066e+01
      vertex   3.976000e+01 -3.375000e+01 4.129904e+01
      vertex   3.141330e+01 -3.375000e+01 4.129904e+01
    endloop
  endfacet
  facet normal -1.112259e-15 -3.826834e-01 9.238795e-01
    outer loop
      vertex   3.141330e+01 -3.375000e+01 4.129904e+01
      vertex   3.976000e+01 -3.375000e+01 4.129904e+01
      vertex   3.141330e+01 -3.338823e+01 4.144889e+01
    endloop
  endfacet
  facet normal 0.000000e+00 -3.826834e-01 9.238795e-01
    outer loop
      vertex   3.141330e+01 -3.375000e+01 4.129904e+01
      vertex   3.141330e+01 -3.338823e+01 4.144889e+01
      vertex   2.306661e+01 -3.338823e+01 4.144889e+01
    endloop
  endfacet
  facet normal 0.000000e+00 -1.305262e-01 9.914449e-01
    outer loop
      vertex   2.306661e+01 -3.338823e+01 4.144889e+01
      vertex   3.141330e+01 -3.338823e+01 4.144889e+01
      vertex   3.976000e+01 -3.300000e+01 4.150000e+01
    endloop
  endfacet
  facet normal 0.000000e+00 -3.826834e-01 9.238795e-01
    outer loop
      vertex   3.976000e+01 -3.375000e+01 4.129904e+01
      vertex   3.976000e+01 -3.338823e+01 4.144889e+01
      vertex   3.141330e+01 -3.338823e+01 4.144889e+01
    endloop
  endfacet
  facet normal 0.000000e+00 -1.305262e-01 9.914449e-01
    outer loop
      vertex   3.141330e+01 -3.338823e+01 4.144889e+01
      vertex   3.976000e+01 -3.338823e+01 4.144889e+01
      vertex   3.976000e+01 -3.300000e+01 4.150000e+01
    endloop
  endfacet
  facet normal 0.000000e+00 -3.826834e-01 9.238795e-01
    outer loop
      vertex   6.373213e+00 -3.338823e+01 4.144889e+01
      vertex   -1.973484e+00 -3.338823e+01 4.144889e+01
      vertex   6.373213e+00 -3.375000e+01 4.129904e+01
    endloop
  endfacet
  facet normal 0.000000e+00 -3.826834e-01 9.238795e-01
    outer loop
      vertex   6.373213e+00 -3.375000e+01 4.129904e+01
      vertex   -1.973484e+00 -3.338823e+01 4.144889e+01
      vertex   -1.973484e+00 -3.375000e+01 4.129904e+01
    endloop
  endfacet
  facet normal 0.000000e+00 -6.087614e-01 7.933533e-01
    outer loop
      vertex   6.373213e+00 -3.375000e+01 4.129904e+01
      vertex   -1.973484e+00 -3.375000e+01 4.129904e+01
      vertex   6.373213e+00 -3.406066e+01 4.106066e+01
    endloop
  endfacet
  facet normal 0.000000e+00 -3.826834e-01 9.238795e-01
    outer loop
      vertex   6.373213e+00 -3.338823e+01 4.144889e+01
      vertex   6.373213e+00 -3.375000e+01 4.129904e+01
      vertex   1.471991e+01 -3.375000e+01 4.129904e+01
    endloop
  endfacet
  facet normal 0.000000e+00 -6.087614e-01 7.933533e-01
    outer loop
      vertex   1.471991e+01 -3.375000e+01 4.129904e+01
      vertex   6.373213e+00 -3.375000e+01 4.129904e+01
      vertex   1.471991e+01 -3.406066e+01 4.106066e+01
    endloop
  endfacet
  facet normal -5.180200e-16 -6.087614e-01 7.933533e-01
    outer loop
      vertex   1.471991e+01 -3.375000e+01 4.129904e+01
      vertex   1.471991e+01 -3.406066e+01 4.106066e+01
      vertex   2.306661e+01 -3.406066e+01 4.106066e+01
    endloop
  endfacet
  facet normal -6.753707e-16 -7.933533e-01 6.087614e-01
    outer loop
      vertex   2.306661e+01 -3.406066e+01 4.106066e+01
      vertex   1.471991e+01 -3.406066e+01 4.106066e+01
      vertex   2.306661e+01 -3.429904e+01 4.075000e+01
    endloop
  endfacet
  facet normal 6.751244e-16 -7.933533e-01 6.087614e-01
    outer loop
      vertex   2.306661e+01 -3.406066e+01 4.106066e+01
      vertex   2.306661e+01 -3.429904e+01 4.075000e+01
      vertex   3.141330e+01 -3.429904e+01 4.075000e+01
    endloop
  endfacet
  facet normal 7.864858e-16 -9.238795e-01 3.826834e-01
    outer loop
      vertex   3.141330e+01 -3.429904e+01 4.075000e+01
      vertex   2.306661e+01 -3.429904e+01 4.075000e+01
      vertex   3.141330e+01 -3.444889e+01 4.038823e+01
    endloop
  endfacet
  facet normal 0.000000e+00 -6.087614e-01 7.933533e-01
    outer loop
      vertex   1.471991e+01 -3.406066e+01 4.106066e+01
      vertex   6.373213e+00 -3.375000e+01 4.129904e+01
      vertex   6.373213e+00 -3.406066e+01 4.106066e+01
    endloop
  endfacet
  facet normal 0.000000e+00 -7.933533e-01 6.087614e-01
    outer loop
      vertex   2.306661e+01 -3.429904e+01 4.075000e+01
      vertex   1.471991e+01 -3.406066e+01 4.106066e+01
      vertex   1.471991e+01 -3.429904e+01 4.075000e+01
    endloop
  endfacet
  facet normal 0.000000e+00 -7.933533e-01 6.087614e-01
    outer loop
      vertex   1.471991e+01 -3.429904e+01 4.075000e+01
      vertex   1.471991e+01 -3.406066e+01 4.106066e+01
      vertex   6.373213e+00 -3.406066e+01 4.106066e+01
    endloop
  endfacet
  facet normal 0.000000e+00 -9.238795e-01 3.826834e-01
    outer loop
      vertex   3.141330e+01 -3.444889e+01 4.038823e+01
      vertex   2.306661e+01 -3.429904e+01 4.075000e+01
      vertex   2.306661e+01 -3.444889e+01 4.038823e+01
    endloop
  endfacet
  facet normal 0.000000e+00 -9.238795e-01 3.826834e-01
    outer loop
      vertex   2.306661e+01 -3.444889e+01 4.038823e+01
      vertex   2.306661e+01 -3.429904e+01 4.075000e+01
      vertex   1.471991e+01 -3.429904e+01 4.075000e+01
    endloop
  endfacet
  facet normal -8.641571e-02 -9.877360e-01 1.300379e-01
    outer loop
      vertex   -1.032018e+01 -3.450000e+01 4.000000e+01
      vertex   -1.032018e+01 -3.444889e+01 4.038823e+01
      vertex   -1.101477e+01 -3.443923e+01 4.000000e+01
    endloop
  endfacet
  facet normal -8.641571e-02 -9.877360e-01 1.300379e-01
    outer loop
      vertex   -1.101477e+01 -3.443923e+01 4.000000e+01
      vertex   -1.032018e+01 -3.444889e+01 4.038823e+01
      vertex   -1.100590e+01 -3.438890e+01 4.038823e+01
    endloop
  endfacet
  facet normal -2.566214e-01 -9.577242e-01 1.300379e-01
    outer loop
      vertex   -1.101477e+01 -3.443923e+01 4.000000e+01
      vertex   -1.100590e+01 -3.438890e+01 4.038823e+01
      vertex   -1.168826e+01 -3.425877e+01 4.000000e+01
    endloop
  endfacet
  facet normal -2.566214e-01 -9.577242e-01 1.300379e-01
    outer loop
      vertex   -1.168826e+01 -3.425877e+01 4.000000e+01
      vertex   -1.100590e+01 -3.438890e+01 4.038823e+01
      vertex   -1.167078e+01 -3.421074e+01 4.038823e+01
    endloop
  endfacet
  facet normal -4.190298e-01 -8.986123e-01 1.300379e-01
    outer loop
      vertex   -1.168826e+01 -3.425877e+01 4.000000e+01
      vertex   -1.167078e+01 -3.421074e+01 4.038823e+01
      vertex   -1.232018e+01 -3.396410e+01 4.000000e+01
    endloop
  endfacet
  facet normal -4.190298e-01 -8.986123e-01 1.300379e-01
    outer loop
      vertex   -1.232018e+01 -3.396410e+01 4.000000e+01
      vertex   -1.167078e+01 -3.421074e+01 4.038823e+01
      vertex   -1.229463e+01 -3.391984e+01 4.038823e+01
    endloop
  endfacet
  facet normal -5.687062e-01 -8.121966e-01 1.300379e-01
    outer loop
      vertex   -1.232018e+01 -3.396410e+01 4.000000e+01
      vertex   -1.229463e+01 -3.391984e+01 4.038823e+01
      vertex   -1.289133e+01 -3.356418e+01 4.000000e+01
    endloop
  endfacet
  facet normal -5.687062e-01 -8.121966e-01 1.300379e-01
    outer loop
      vertex   -1.289133e+01 -3.356418e+01 4.000000e+01
      vertex   -1.229463e+01 -3.391984e+01 4.038823e+01
      vertex   -1.285848e+01 -3.352502e+01 4.038823e+01
    endloop
  endfacet
  facet normal -7.011028e-01 -7.011028e-01 1.300379e-01
    outer loop
      vertex   -1.289133e+01 -3.356418e+01 4.000000e+01
      vertex   -1.285848e+01 -3.352502e+01 4.038823e+01
      vertex   -1.338436e+01 -3.307115e+01 4.000000e+01
    endloop
  endfacet
  facet normal -7.011028e-01 -7.011028e-01 1.300379e-01
    outer loop
      vertex   -1.338436e+01 -3.307115e+01 4.000000e+01
      vertex   -1.285848e+01 -3.352502e+01 4.038823e+01
      vertex   -1.334521e+01 -3.303830e+01 4.038823e+01
    endloop
  endfacet
  facet normal -8.121966e-01 -5.687062e-01 1.300379e-01
    outer loop
      vertex   -1.338436e+01 -3.307115e+01 4.000000e+01
      vertex   -1.334521e+01 -3.303830e+01 4.038823e+01
      vertex   -1.378428e+01 -3.250000e+01 4.000000e+01
    endloop
  endfacet
  facet normal -8.121966e-01 -5.687062e-01 1.300379e-01
    outer loop
      vertex   -1.378428e+01 -3.250000e+01 4.000000e+01
      vertex   -1.334521e+01 -3.303830e+01 4.038823e+01
      vertex   -1.374002e+01 -3.247444e+01 4.038823e+01
    endloop
  endfacet
  facet normal -8.986123e-01 -4.190298e-01 1.300379e-01
    outer loop
      vertex   -1.378428e+01 -3.250000e+01 4.000000e+01
      vertex   -1.374002e+01 -3.247444e+01 4.038823e+01
      vertex   -1.407895e+01 -3.186808e+01 4.000000e+01
    endloop
  endfacet
  facet normal -8.986123e-01 -4.190298e-01 1.300379e-01
    outer loop
      vertex   -1.407895e+01 -3.186808e+01 4.000000e+01
      vertex   -1.374002e+01 -3.247444e+01 4.038823e+01
      vertex   -1.403092e+01 -3.185060e+01 4.038823e+01
    endloop
  endfacet
  facet normal -9.577242e-01 -2.566214e-01 1.300379e-01
    outer loop
      vertex   -1.407895e+01 -3.186808e+01 4.000000e+01
      vertex   -1.403092e+01 -3.185060e+01 4.038823e+01
      vertex   -1.425941e+01 -3.119459e+01 4.000000e+01
    endloop
  endfacet
  facet normal -9.577242e-01 -2.566214e-01 1.300379e-01
    outer loop
      vertex   -1.425941e+01 -3.119459e+01 4.000000e+01
      vertex   -1.403092e+01 -3.185060e+01 4.038823e+01
      vertex   -1.420908e+01 -3.118572e+01 4.038823e+01
    endloop
  endfacet
  facet normal -9.877360e-01 -8.641571e-02 1.300379e-01
    outer loop
      vertex   -1.425941e+01 -3.119459e+01 4.000000e+01
      vertex   -1.420908e+01 -3.118572e+01 4.038823e+01
      vertex   -1.432018e+01 -3.050000e+01 4.000000e+01
    endloop
  endfacet
  facet normal -9.877360e-01 -8.641571e-02 1.300379e-01
    outer loop
      vertex   -1.432018e+01 -3.050000e+01 4.000000e+01
      vertex   -1.420908e+01 -3.118572e+01 4.038823e+01
      vertex   -1.426907e+01 -3.050000e+01 4.038823e+01
    endloop
  endfacet
  facet normal -9.208762e-01 -8.056623e-02 3.814394e-01
    outer loop
      vertex   -1.426907e+01 -3.050000e+01 4.038823e+01
      vertex   -1.420908e+01 -3.118572e+01 4.038823e+01
      vertex   -1.406150e+01 -3.115970e+01 4.075000e+01
    endloop
  endfacet
  facet normal -9.208762e-01 -8.056623e-02 3.814394e-01
    outer loop
      vertex   -1.426907e+01 -3.050000e+01 4.038823e+01
      vertex   -1.406150e+01 -3.115970e+01 4.075000e+01
      vertex   -1.411922e+01 -3.050000e+01 4.075000e+01
    endloop
  endfacet
  facet normal -7.914492e-01 -6.924283e-02 6.073003e-01
    outer loop
      vertex   -1.411922e+01 -3.050000e+01 4.075000e+01
      vertex   -1.406150e+01 -3.115970e+01 4.075000e+01
      vertex   -1.382675e+01 -3.111830e+01 4.106066e+01
    endloop
  endfacet
  facet normal -7.914492e-01 -6.924283e-02 6.073003e-01
    outer loop
      vertex   -1.411922e+01 -3.050000e+01 4.075000e+01
      vertex   -1.382675e+01 -3.111830e+01 4.106066e+01
      vertex   -1.388084e+01 -3.050000e+01 4.106066e+01
    endloop
  endfacet
  facet normal -6.078999e-01 -5.318435e-02 7.922305e-01
    outer loop
      vertex   -1.388084e+01 -3.050000e+01 4.106066e+01
      vertex   -1.382675e+01 -3.111830e+01 4.106066e+01
      vertex   -1.352081e+01 -3.106436e+01 4.129904e+01
    endloop
  endfacet
  facet normal -6.078999e-01 -5.318435e-02 7.922305e-01
    outer loop
      vertex   -1.388084e+01 -3.050000e+01 4.106066e+01
      vertex   -1.352081e+01 -3.106436e+01 4.129904e+01
      vertex   -1.357018e+01 -3.050000e+01 4.129904e+01
    endloop
  endfacet
  facet normal -3.824691e-01 -3.346171e-02 9.233622e-01
    outer loop
      vertex   -1.357018e+01 -3.050000e+01 4.129904e+01
      vertex   -1.352081e+01 -3.106436e+01 4.129904e+01
      vertex   -1.316453e+01 -3.100154e+01 4.144889e+01
    endloop
  endfacet
  facet normal -3.824691e-01 -3.346171e-02 9.233622e-01
    outer loop
      vertex   -1.357018e+01 -3.050000e+01 4.129904e+01
      vertex   -1.316453e+01 -3.100154e+01 4.144889e+01
      vertex   -1.320841e+01 -3.050000e+01 4.144889e+01
    endloop
  endfacet
  facet normal -1.305177e-01 -1.141882e-02 9.913802e-01
    outer loop
      vertex   -1.320841e+01 -3.050000e+01 4.144889e+01
      vertex   -1.316453e+01 -3.100154e+01 4.144889e+01
      vertex   -1.282018e+01 -3.050000e+01 4.150000e+01
    endloop
  endfacet
  facet normal -1.287171e-01 -1.267753e-02 9.916003e-01
    outer loop
      vertex   -1.282018e+01 -3.050000e+01 4.150000e+01
      vertex   -1.316453e+01 -3.100154e+01 4.144889e+01
      vertex   -1.277214e+01 -3.098773e+01 4.150000e+01
    endloop
  endfacet
  facet normal -1.279042e-01 -3.427182e-02 9.911942e-01
    outer loop
      vertex   -1.277214e+01 -3.098773e+01 4.150000e+01
      vertex   -1.316453e+01 -3.100154e+01 4.144889e+01
      vertex   -1.303423e+01 -3.148783e+01 4.144889e+01
    endloop
  endfacet
  facet normal -1.225036e-01 -3.716107e-02 9.917721e-01
    outer loop
      vertex   -1.277214e+01 -3.098773e+01 4.150000e+01
      vertex   -1.303423e+01 -3.148783e+01 4.144889e+01
      vertex   -1.262988e+01 -3.145671e+01 4.150000e+01
    endloop
  endfacet
  facet normal -1.209331e-01 -5.639201e-02 9.910576e-01
    outer loop
      vertex   -1.262988e+01 -3.145671e+01 4.150000e+01
      vertex   -1.303423e+01 -3.148783e+01 4.144889e+01
      vertex   -1.282146e+01 -3.194411e+01 4.144889e+01
    endloop
  endfacet
  facet normal -1.121344e-01 -5.993707e-02 9.918838e-01
    outer loop
      vertex   -1.262988e+01 -3.145671e+01 4.150000e+01
      vertex   -1.282146e+01 -3.194411e+01 4.144889e+01
      vertex   -1.239886e+01 -3.188893e+01 4.150000e+01
    endloop
  endfacet
  facet normal -1.098104e-01 -7.689009e-02 9.909741e-01
    outer loop
      vertex   -1.239886e+01 -3.188893e+01 4.150000e+01
      vertex   -1.282146e+01 -3.194411e+01 4.144889e+01
      vertex   -1.253269e+01 -3.235652e+01 4.144889e+01
    endloop
  endfacet
  facet normal -9.795437e-02 -8.038907e-02 9.919388e-01
    outer loop
      vertex   -1.239886e+01 -3.188893e+01 4.150000e+01
      vertex   -1.253269e+01 -3.235652e+01 4.144889e+01
      vertex   -1.208795e+01 -3.226777e+01 4.150000e+01
    endloop
  endfacet
  facet normal -9.493714e-02 -9.493714e-02 9.909460e-01
    outer loop
      vertex   -1.208795e+01 -3.226777e+01 4.150000e+01
      vertex   -1.253269e+01 -3.235652e+01 4.144889e+01
      vertex   -1.217670e+01 -3.271251e+01 4.144889e+01
    endloop
  endfacet
  facet normal -8.038907e-02 -9.795437e-02 9.919388e-01
    outer loop
      vertex   -1.208795e+01 -3.226777e+01 4.150000e+01
      vertex   -1.217670e+01 -3.271251e+01 4.144889e+01
      vertex   -1.170911e+01 -3.257867e+01 4.150000e+01
    endloop
  endfacet
  facet normal -7.689009e-02 -1.098104e-01 9.909741e-01
    outer loop
      vertex   -1.170911e+01 -3.257867e+01 4.150000e+01
      vertex   -1.217670e+01 -3.271251e+01 4.144889e+01
      vertex   -1.176430e+01 -3.300128e+01 4.144889e+01
    endloop
  endfacet
  facet normal -5.993707e-02 -1.121344e-01 9.918838e-01
    outer loop
      vertex   -1.170911e+01 -3.257867e+01 4.150000e+01
      vertex   -1.176430e+01 -3.300128e+01 4.144889e+01
      vertex   -1.127689e+01 -3.280970e+01 4.150000e+01
    endloop
  endfacet
  facet normal -5.639201e-02 -1.209331e-01 9.910576e-01
    outer loop
      vertex   -1.127689e+01 -3.280970e+01 4.150000e+01
      vertex   -1.176430e+01 -3.300128e+01 4.144889e+01
      vertex   -1.130801e+01 -3.321405e+01 4.144889e+01
    endloop
  endfacet
  facet normal -3.716107e-02 -1.225036e-01 9.917721e-01
    outer loop
      vertex   -1.127689e+01 -3.280970e+01 4.150000e+01
      vertex   -1.130801e+01 -3.321405e+01 4.144889e+01
      vertex   -1.080791e+01 -3.295196e+01 4.150000e+01
    endloop
  endfacet
  facet normal -3.427182e-02 -1.279042e-01 9.911942e-01
    outer loop
      vertex   -1.080791e+01 -3.295196e+01 4.150000e+01
      vertex   -1.130801e+01 -3.321405e+01 4.144889e+01
      vertex   -1.082172e+01 -3.334435e+01 4.144889e+01
    endloop
  endfacet
  facet normal -1.267753e-02 -1.287171e-01 9.916003e-01
    outer loop
      vertex   -1.080791e+01 -3.295196e+01 4.150000e+01
      vertex   -1.082172e+01 -3.334435e+01 4.144889e+01
      vertex   -1.032018e+01 -3.300000e+01 4.150000e+01
    endloop
  endfacet
  facet normal -1.141882e-02 -1.305177e-01 9.913802e-01
    outer loop
      vertex   -1.032018e+01 -3.300000e+01 4.150000e+01
      vertex   -1.082172e+01 -3.334435e+01 4.144889e+01
      vertex   -1.032018e+01 -3.338823e+01 4.144889e+01
    endloop
  endfacet
  facet normal -3.346171e-02 -3.824691e-01 9.233622e-01
    outer loop
      vertex   -1.032018e+01 -3.338823e+01 4.144889e+01
      vertex   -1.082172e+01 -3.334435e+01 4.144889e+01
      vertex   -1.088454e+01 -3.370063e+01 4.129904e+01
    endloop
  endfacet
  facet normal -3.346171e-02 -3.824691e-01 9.233622e-01
    outer loop
      vertex   -1.032018e+01 -3.338823e+01 4.144889e+01
      vertex   -1.088454e+01 -3.370063e+01 4.129904e+01
      vertex   -1.032018e+01 -3.375000e+01 4.129904e+01
    endloop
  endfacet
  facet normal -5.318435e-02 -6.078999e-01 7.922305e-01
    outer loop
      vertex   -1.032018e+01 -3.375000e+01 4.129904e+01
      vertex   -1.088454e+01 -3.370063e+01 4.129904e+01
      vertex   -1.093848e+01 -3.400657e+01 4.106066e+01
    endloop
  endfacet
  facet normal -5.318435e-02 -6.078999e-01 7.922305e-01
    outer loop
      vertex   -1.032018e+01 -3.375000e+01 4.129904e+01
      vertex   -1.093848e+01 -3.400657e+01 4.106066e+01
      vertex   -1.032018e+01 -3.406066e+01 4.106066e+01
    endloop
  endfacet
  facet normal -6.924283e-02 -7.914492e-01 6.073003e-01
    outer loop
      vertex   -1.032018e+01 -3.406066e+01 4.106066e+01
      vertex   -1.093848e+01 -3.400657e+01 4.106066e+01
      vertex   -1.097988e+01 -3.424132e+01 4.075000e+01
    endloop
  endfacet
  facet normal -6.924283e-02 -7.914492e-01 6.073003e-01
    outer loop
      vertex   -1.032018e+01 -3.406066e+01 4.106066e+01
      vertex   -1.097988e+01 -3.424132e+01 4.075000e+01
      vertex   -1.032018e+01 -3.429904e+01 4.075000e+01
    endloop
  endfacet
  facet normal -8.056623e-02 -9.208762e-01 3.814394e-01
    outer loop
      vertex   -1.032018e+01 -3.429904e+01 4.075000e+01
      vertex   -1.097988e+01 -3.424132e+01 4.075000e+01
      vertex   -1.100590e+01 -3.438890e+01 4.038823e+01
    endloop
  endfacet
  facet normal -8.056623e-02 -9.208762e-01 3.814394e-01
    outer loop
      vertex   -1.032018e+01 -3.429904e+01 4.075000e+01
      vertex   -1.100590e+01 -3.438890e+01 4.038823e+01
      vertex   -1.032018e+01 -3.444889e+01 4.038823e+01
    endloop
  endfacet
  facet normal -9.936842e-02 -3.708480e-01 9.233622e-01
    outer loop
      vertex   -1.088454e+01 -3.370063e+01 4.129904e+01
      vertex   -1.082172e+01 -3.334435e+01 4.144889e+01
      vertex   -1.143175e+01 -3.355400e+01 4.129904e+01
    endloop
  endfacet
  facet normal -9.936842e-02 -3.708480e-01 9.233622e-01
    outer loop
      vertex   -1.143175e+01 -3.355400e+01 4.129904e+01
      vertex   -1.082172e+01 -3.334435e+01 4.144889e+01
      vertex   -1.130801e+01 -3.321405e+01 4.144889e+01
    endloop
  endfacet
  facet normal -1.622559e-01 -3.479588e-01 9.233622e-01
    outer loop
      vertex   -1.143175e+01 -3.355400e+01 4.129904e+01
      vertex   -1.130801e+01 -3.321405e+01 4.144889e+01
      vertex   -1.194518e+01 -3.331458e+01 4.129904e+01
    endloop
  endfacet
  facet normal -1.622559e-01 -3.479588e-01 9.233622e-01
    outer loop
      vertex   -1.194518e+01 -3.331458e+01 4.129904e+01
      vertex   -1.130801e+01 -3.321405e+01 4.144889e+01
      vertex   -1.176430e+01 -3.300128e+01 4.144889e+01
    endloop
  endfacet
  facet normal -2.202133e-01 -3.144971e-01 9.233622e-01
    outer loop
      vertex   -1.194518e+01 -3.331458e+01 4.129904e+01
      vertex   -1.176430e+01 -3.300128e+01 4.144889e+01
      vertex   -1.240924e+01 -3.298964e+01 4.129904e+01
    endloop
  endfacet
  facet normal -2.202133e-01 -3.144971e-01 9.233622e-01
    outer loop
      vertex   -1.240924e+01 -3.298964e+01 4.129904e+01
      vertex   -1.176430e+01 -3.300128e+01 4.144889e+01
      vertex   -1.217670e+01 -3.271251e+01 4.144889e+01
    endloop
  endfacet
  facet normal -2.714796e-01 -2.714796e-01 9.233622e-01
    outer loop
      vertex   -1.240924e+01 -3.298964e+01 4.129904e+01
      vertex   -1.217670e+01 -3.271251e+01 4.144889e+01
      vertex   -1.280983e+01 -3.258906e+01 4.129904e+01
    endloop
  endfacet
  facet normal -2.714796e-01 -2.714796e-01 9.233622e-01
    outer loop
      vertex   -1.280983e+01 -3.258906e+01 4.129904e+01
      vertex   -1.217670e+01 -3.271251e+01 4.144889e+01
      vertex   -1.253269e+01 -3.235652e+01 4.144889e+01
    endloop
  endfacet
  facet normal -3.144971e-01 -2.202133e-01 9.233622e-01
    outer loop
      vertex   -1.280983e+01 -3.258906e+01 4.129904e+01
      vertex   -1.253269e+01 -3.235652e+01 4.144889e+01
      vertex   -1.313476e+01 -3.212500e+01 4.129904e+01
    endloop
  endfacet
  facet normal -3.144971e-01 -2.202133e-01 9.233622e-01
    outer loop
      vertex   -1.313476e+01 -3.212500e+01 4.129904e+01
      vertex   -1.253269e+01 -3.235652e+01 4.144889e+01
      vertex   -1.282146e+01 -3.194411e+01 4.144889e+01
    endloop
  endfacet
  facet normal -3.479588e-01 -1.622559e-01 9.233622e-01
    outer loop
      vertex   -1.313476e+01 -3.212500e+01 4.129904e+01
      vertex   -1.282146e+01 -3.194411e+01 4.144889e+01
      vertex   -1.337418e+01 -3.161157e+01 4.129904e+01
    endloop
  endfacet
  facet normal -3.479588e-01 -1.622559e-01 9.233622e-01
    outer loop
      vertex   -1.337418e+01 -3.161157e+01 4.129904e+01
      vertex   -1.282146e+01 -3.194411e+01 4.144889e+01
      vertex   -1.303423e+01 -3.148783e+01 4.144889e+01
    endloop
  endfacet
  facet normal -3.708480e-01 -9.936842e-02 9.233622e-01
    outer loop
      vertex   -1.337418e+01 -3.161157e+01 4.129904e+01
      vertex   -1.303423e+01 -3.148783e+01 4.144889e+01
      vertex   -1.352081e+01 -3.106436e+01 4.129904e+01
    endloop
  endfacet
  facet normal -3.708480e-01 -9.936842e-02 9.233622e-01
    outer loop
      vertex   -1.352081e+01 -3.106436e+01 4.129904e+01
      vertex   -1.303423e+01 -3.148783e+01 4.144889e+01
      vertex   -1.316453e+01 -3.100154e+01 4.144889e+01
    endloop
  endfacet
  facet normal -1.579371e-01 -5.894291e-01 7.922305e-01
    outer loop
      vertex   -1.093848e+01 -3.400657e+01 4.106066e+01
      vertex   -1.088454e+01 -3.370063e+01 4.129904e+01
      vertex   -1.153800e+01 -3.384593e+01 4.106066e+01
    endloop
  endfacet
  facet normal -1.579371e-01 -5.894291e-01 7.922305e-01
    outer loop
      vertex   -1.153800e+01 -3.384593e+01 4.106066e+01
      vertex   -1.088454e+01 -3.370063e+01 4.129904e+01
      vertex   -1.143175e+01 -3.355400e+01 4.129904e+01
    endloop
  endfacet
  facet normal -2.578909e-01 -5.530489e-01 7.922305e-01
    outer loop
      vertex   -1.153800e+01 -3.384593e+01 4.106066e+01
      vertex   -1.143175e+01 -3.355400e+01 4.129904e+01
      vertex   -1.210051e+01 -3.358362e+01 4.106066e+01
    endloop
  endfacet
  facet normal -2.578909e-01 -5.530489e-01 7.922305e-01
    outer loop
      vertex   -1.210051e+01 -3.358362e+01 4.106066e+01
      vertex   -1.143175e+01 -3.355400e+01 4.129904e+01
      vertex   -1.194518e+01 -3.331458e+01 4.129904e+01
    endloop
  endfacet
  facet normal -3.500089e-01 -4.998645e-01 7.922305e-01
    outer loop
      vertex   -1.210051e+01 -3.358362e+01 4.106066e+01
      vertex   -1.194518e+01 -3.331458e+01 4.129904e+01
      vertex   -1.260893e+01 -3.322762e+01 4.106066e+01
    endloop
  endfacet
  facet normal -3.500089e-01 -4.998645e-01 7.922305e-01
    outer loop
      vertex   -1.260893e+01 -3.322762e+01 4.106066e+01
      vertex   -1.194518e+01 -3.331458e+01 4.129904e+01
      vertex   -1.240924e+01 -3.298964e+01 4.129904e+01
    endloop
  endfacet
  facet normal -4.314921e-01 -4.314921e-01 7.922305e-01
    outer loop
      vertex   -1.260893e+01 -3.322762e+01 4.106066e+01
      vertex   -1.240924e+01 -3.298964e+01 4.129904e+01
      vertex   -1.304781e+01 -3.278875e+01 4.106066e+01
    endloop
  endfacet
  facet normal -4.314921e-01 -4.314921e-01 7.922305e-01
    outer loop
      vertex   -1.304781e+01 -3.278875e+01 4.106066e+01
      vertex   -1.240924e+01 -3.298964e+01 4.129904e+01
      vertex   -1.280983e+01 -3.258906e+01 4.129904e+01
    endloop
  endfacet
  facet normal -4.998645e-01 -3.500089e-01 7.922305e-01
    outer loop
      vertex   -1.304781e+01 -3.278875e+01 4.106066e+01
      vertex   -1.280983e+01 -3.258906e+01 4.129904e+01
      vertex   -1.340380e+01 -3.228033e+01 4.106066e+01
    endloop
  endfacet
  facet normal -4.998645e-01 -3.500089e-01 7.922305e-01
    outer loop
      vertex   -1.340380e+01 -3.228033e+01 4.106066e+01
      vertex   -1.280983e+01 -3.258906e+01 4.129904e+01
      vertex   -1.313476e+01 -3.212500e+01 4.129904e+01
    endloop
  endfacet
  facet normal -5.530489e-01 -2.578909e-01 7.922305e-01
    outer loop
      vertex   -1.340380e+01 -3.228033e+01 4.106066e+01
      vertex   -1.313476e+01 -3.212500e+01 4.129904e+01
      vertex   -1.366611e+01 -3.171782e+01 4.106066e+01
    endloop
  endfacet
  facet normal -5.530489e-01 -2.578909e-01 7.922305e-01
    outer loop
      vertex   -1.366611e+01 -3.171782e+01 4.106066e+01
      vertex   -1.313476e+01 -3.212500e+01 4.129904e+01
      vertex   -1.337418e+01 -3.161157e+01 4.129904e+01
    endloop
  endfacet
  facet normal -5.894291e-01 -1.579371e-01 7.922305e-01
    outer loop
      vertex   -1.366611e+01 -3.171782e+01 4.106066e+01
      vertex   -1.337418e+01 -3.161157e+01 4.129904e+01
      vertex   -1.382675e+01 -3.111830e+01 4.106066e+01
    endloop
  endfacet
  facet normal -5.894291e-01 -1.579371e-01 7.922305e-01
    outer loop
      vertex   -1.382675e+01 -3.111830e+01 4.106066e+01
      vertex   -1.337418e+01 -3.161157e+01 4.129904e+01
      vertex   -1.352081e+01 -3.106436e+01 4.129904e+01
    endloop
  endfacet
  facet normal -2.392507e-01 -8.928959e-01 3.814394e-01
    outer loop
      vertex   -1.167078e+01 -3.421074e+01 4.038823e+01
      vertex   -1.100590e+01 -3.438890e+01 4.038823e+01
      vertex   -1.097988e+01 -3.424132e+01 4.075000e+01
    endloop
  endfacet
  facet normal -2.056246e-01 -7.674014e-01 6.073003e-01
    outer loop
      vertex   -1.097988e+01 -3.424132e+01 4.075000e+01
      vertex   -1.093848e+01 -3.400657e+01 4.106066e+01
      vertex   -1.161953e+01 -3.406993e+01 4.075000e+01
    endloop
  endfacet
  facet normal -2.056246e-01 -7.674014e-01 6.073003e-01
    outer loop
      vertex   -1.161953e+01 -3.406993e+01 4.075000e+01
      vertex   -1.093848e+01 -3.400657e+01 4.106066e+01
      vertex   -1.153800e+01 -3.384593e+01 4.106066e+01
    endloop
  endfacet
  facet normal -3.357585e-01 -7.200365e-01 6.073003e-01
    outer loop
      vertex   -1.161953e+01 -3.406993e+01 4.075000e+01
      vertex   -1.153800e+01 -3.384593e+01 4.106066e+01
      vertex   -1.221970e+01 -3.379006e+01 4.075000e+01
    endloop
  endfacet
  facet normal -3.357585e-01 -7.200365e-01 6.073003e-01
    outer loop
      vertex   -1.221970e+01 -3.379006e+01 4.075000e+01
      vertex   -1.153800e+01 -3.384593e+01 4.106066e+01
      vertex   -1.210051e+01 -3.358362e+01 4.106066e+01
    endloop
  endfacet
  facet normal -4.556906e-01 -6.507937e-01 6.073003e-01
    outer loop
      vertex   -1.221970e+01 -3.379006e+01 4.075000e+01
      vertex   -1.210051e+01 -3.358362e+01 4.106066e+01
      vertex   -1.276216e+01 -3.341023e+01 4.075000e+01
    endloop
  endfacet
  facet normal -4.556906e-01 -6.507937e-01 6.073003e-01
    outer loop
      vertex   -1.276216e+01 -3.341023e+01 4.075000e+01
      vertex   -1.210051e+01 -3.358362e+01 4.106066e+01
      vertex   -1.260893e+01 -3.322762e+01 4.106066e+01
    endloop
  endfacet
  facet normal -5.617768e-01 -5.617768e-01 6.073003e-01
    outer loop
      vertex   -1.276216e+01 -3.341023e+01 4.075000e+01
      vertex   -1.260893e+01 -3.322762e+01 4.106066e+01
      vertex   -1.323041e+01 -3.294197e+01 4.075000e+01
    endloop
  endfacet
  facet normal -5.617768e-01 -5.617768e-01 6.073003e-01
    outer loop
      vertex   -1.323041e+01 -3.294197e+01 4.075000e+01
      vertex   -1.260893e+01 -3.322762e+01 4.106066e+01
      vertex   -1.304781e+01 -3.278875e+01 4.106066e+01
    endloop
  endfacet
  facet normal -6.507937e-01 -4.556906e-01 6.073003e-01
    outer loop
      vertex   -1.323041e+01 -3.294197e+01 4.075000e+01
      vertex   -1.304781e+01 -3.278875e+01 4.106066e+01
      vertex   -1.361024e+01 -3.239952e+01 4.075000e+01
    endloop
  endfacet
  facet normal -6.507937e-01 -4.556906e-01 6.073003e-01
    outer loop
      vertex   -1.361024e+01 -3.239952e+01 4.075000e+01
      vertex   -1.304781e+01 -3.278875e+01 4.106066e+01
      vertex   -1.340380e+01 -3.228033e+01 4.106066e+01
    endloop
  endfacet
  facet normal -7.200365e-01 -3.357585e-01 6.073003e-01
    outer loop
      vertex   -1.361024e+01 -3.239952e+01 4.075000e+01
      vertex   -1.340380e+01 -3.228033e+01 4.106066e+01
      vertex   -1.389011e+01 -3.179935e+01 4.075000e+01
    endloop
  endfacet
  facet normal -7.200365e-01 -3.357585e-01 6.073003e-01
    outer loop
      vertex   -1.389011e+01 -3.179935e+01 4.075000e+01
      vertex   -1.340380e+01 -3.228033e+01 4.106066e+01
      vertex   -1.366611e+01 -3.171782e+01 4.106066e+01
    endloop
  endfacet
  facet normal -7.674014e-01 -2.056246e-01 6.073003e-01
    outer loop
      vertex   -1.389011e+01 -3.179935e+01 4.075000e+01
      vertex   -1.366611e+01 -3.171782e+01 4.106066e+01
      vertex   -1.406150e+01 -3.115970e+01 4.075000e+01
    endloop
  endfacet
  facet normal -7.674014e-01 -2.056246e-01 6.073003e-01
    outer loop
      vertex   -1.406150e+01 -3.115970e+01 4.075000e+01
      vertex   -1.366611e+01 -3.171782e+01 4.106066e+01
      vertex   -1.382675e+01 -3.111830e+01 4.106066e+01
    endloop
  endfacet
  facet normal -3.906657e-01 -8.377853e-01 3.814394e-01
    outer loop
      vertex   -1.229463e+01 -3.391984e+01 4.038823e+01
      vertex   -1.167078e+01 -3.421074e+01 4.038823e+01
      vertex   -1.161953e+01 -3.406993e+01 4.075000e+01
    endloop
  endfacet
  facet normal -2.392507e-01 -8.928959e-01 3.814394e-01
    outer loop
      vertex   -1.161953e+01 -3.406993e+01 4.075000e+01
      vertex   -1.167078e+01 -3.421074e+01 4.038823e+01
      vertex   -1.097988e+01 -3.424132e+01 4.075000e+01
    endloop
  endfacet
  facet normal -3.906657e-01 -8.377853e-01 3.814394e-01
    outer loop
      vertex   -1.229463e+01 -3.391984e+01 4.038823e+01
      vertex   -1.161953e+01 -3.406993e+01 4.075000e+01
      vertex   -1.221970e+01 -3.379006e+01 4.075000e+01
    endloop
  endfacet
  facet normal -5.302105e-01 -7.572191e-01 3.814394e-01
    outer loop
      vertex   -1.285848e+01 -3.352502e+01 4.038823e+01
      vertex   -1.229463e+01 -3.391984e+01 4.038823e+01
      vertex   -1.221970e+01 -3.379006e+01 4.075000e+01
    endloop
  endfacet
  facet normal -5.302105e-01 -7.572191e-01 3.814394e-01
    outer loop
      vertex   -1.285848e+01 -3.352502e+01 4.038823e+01
      vertex   -1.221970e+01 -3.379006e+01 4.075000e+01
      vertex   -1.276216e+01 -3.341023e+01 4.075000e+01
    endloop
  endfacet
  facet normal -6.536451e-01 -6.536451e-01 3.814394e-01
    outer loop
      vertex   -1.334521e+01 -3.303830e+01 4.038823e+01
      vertex   -1.285848e+01 -3.352502e+01 4.038823e+01
      vertex   -1.276216e+01 -3.341023e+01 4.075000e+01
    endloop
  endfacet
  facet normal -6.536451e-01 -6.536451e-01 3.814394e-01
    outer loop
      vertex   -1.334521e+01 -3.303830e+01 4.038823e+01
      vertex   -1.276216e+01 -3.341023e+01 4.075000e+01
      vertex   -1.323041e+01 -3.294197e+01 4.075000e+01
    endloop
  endfacet
  facet normal -7.572191e-01 -5.302105e-01 3.814394e-01
    outer loop
      vertex   -1.374002e+01 -3.247444e+01 4.038823e+01
      vertex   -1.334521e+01 -3.303830e+01 4.038823e+01
      vertex   -1.323041e+01 -3.294197e+01 4.075000e+01
    endloop
  endfacet
  facet normal -7.572191e-01 -5.302105e-01 3.814394e-01
    outer loop
      vertex   -1.374002e+01 -3.247444e+01 4.038823e+01
      vertex   -1.323041e+01 -3.294197e+01 4.075000e+01
      vertex   -1.361024e+01 -3.239952e+01 4.075000e+01
    endloop
  endfacet
  facet normal -8.377853e-01 -3.906657e-01 3.814394e-01
    outer loop
      vertex   -1.403092e+01 -3.185060e+01 4.038823e+01
      vertex   -1.374002e+01 -3.247444e+01 4.038823e+01
      vertex   -1.361024e+01 -3.239952e+01 4.075000e+01
    endloop
  endfacet
  facet normal -8.377853e-01 -3.906657e-01 3.814394e-01
    outer loop
      vertex   -1.403092e+01 -3.185060e+01 4.038823e+01
      vertex   -1.361024e+01 -3.239952e+01 4.075000e+01
      vertex   -1.389011e+01 -3.179935e+01 4.075000e+01
    endloop
  endfacet
  facet normal -8.928959e-01 -2.392507e-01 3.814394e-01
    outer loop
      vertex   -1.420908e+01 -3.118572e+01 4.038823e+01
      vertex   -1.403092e+01 -3.185060e+01 4.038823e+01
      vertex   -1.389011e+01 -3.179935e+01 4.075000e+01
    endloop
  endfacet
  facet normal -8.928959e-01 -2.392507e-01 3.814394e-01
    outer loop
      vertex   -1.420908e+01 -3.118572e+01 4.038823e+01
      vertex   -1.389011e+01 -3.179935e+01 4.075000e+01
      vertex   -1.406150e+01 -3.115970e+01 4.075000e+01
    endloop
  endfacet
  facet normal -3.527170e-02 0.000000e+00 9.993778e-01
    outer loop
      vertex   -1.282018e+01 -2.472106e+00 4.150000e+01
      vertex   -1.294128e+01 -9.592375e-01 4.149573e+01
      vertex   -1.282018e+01 -3.050000e+01 4.150000e+01
    endloop
  endfacet
  facet normal -1.305262e-01 -3.916316e-04 9.914448e-01
    outer loop
      vertex   -1.282018e+01 -3.050000e+01 4.150000e+01
      vertex   -1.294128e+01 -9.592375e-01 4.149573e+01
      vertex   -1.320841e+01 -3.050000e+01 4.144889e+01
    endloop
  endfacet
  facet normal -1.727006e-01 0.000000e+00 9.849744e-01
    outer loop
      vertex   -1.320841e+01 -3.050000e+01 4.144889e+01
      vertex   -1.294128e+01 -9.592375e-01 4.149573e+01
      vertex   -1.320841e+01 -2.287778e+01 4.144889e+01
    endloop
  endfacet
  facet normal -3.826834e-01 0.000000e+00 9.238795e-01
    outer loop
      vertex   -1.320841e+01 -3.050000e+01 4.144889e+01
      vertex   -1.320841e+01 -2.287778e+01 4.144889e+01
      vertex   -1.357018e+01 -3.050000e+01 4.129904e+01
    endloop
  endfacet
  facet normal -3.826834e-01 0.000000e+00 9.238795e-01
    outer loop
      vertex   -1.357018e+01 -3.050000e+01 4.129904e+01
      vertex   -1.320841e+01 -2.287778e+01 4.144889e+01
      vertex   -1.357018e+01 -2.287778e+01 4.129904e+01
    endloop
  endfacet
  facet normal -6.087614e-01 0.000000e+00 7.933533e-01
    outer loop
      vertex   -1.357018e+01 -3.050000e+01 4.129904e+01
      vertex   -1.357018e+01 -2.287778e+01 4.129904e+01
      vertex   -1.388084e+01 -3.050000e+01 4.106066e+01
    endloop
  endfacet
  facet normal -6.087614e-01 4.256151e-16 7.933533e-01
    outer loop
      vertex   -1.388084e+01 -3.050000e+01 4.106066e+01
      vertex   -1.357018e+01 -2.287778e+01 4.129904e+01
      vertex   -1.388084e+01 -2.287778e+01 4.106066e+01
    endloop
  endfacet
  facet normal -7.933533e-01 5.546723e-16 6.087614e-01
    outer loop
      vertex   -1.388084e+01 -3.050000e+01 4.106066e+01
      vertex   -1.388084e+01 -2.287778e+01 4.106066e+01
      vertex   -1.411922e+01 -3.050000e+01 4.075000e+01
    endloop
  endfacet
  facet normal -7.933533e-01 3.697816e-16 6.087614e-01
    outer loop
      vertex   -1.411922e+01 -3.050000e+01 4.075000e+01
      vertex   -1.388084e+01 -2.287778e+01 4.106066e+01
      vertex   -1.411922e+01 -2.287778e+01 4.075000e+01
    endloop
  endfacet
  facet normal -9.238795e-01 4.306198e-16 3.826834e-01
    outer loop
      vertex   -1.411922e+01 -3.050000e+01 4.075000e+01
      vertex   -1.411922e+01 -2.287778e+01 4.075000e+01
      vertex   -1.426907e+01 -3.050000e+01 4.038823e+01
    endloop
  endfacet
  facet normal -9.238795e-01 6.459296e-16 3.826834e-01
    outer loop
      vertex   -1.426907e+01 -3.050000e+01 4.038823e+01
      vertex   -1.411922e+01 -2.287778e+01 4.075000e+01
      vertex   -1.426907e+01 -2.287778e+01 4.038823e+01
    endloop
  endfacet
  facet normal -9.914449e-01 6.931679e-16 1.305262e-01
    outer loop
      vertex   -1.426907e+01 -3.050000e+01 4.038823e+01
      vertex   -1.426907e+01 -2.287778e+01 4.038823e+01
      vertex   -1.432018e+01 -3.050000e+01 4.000000e+01
    endloop
  endfacet
  facet normal -9.914449e-01 0.000000e+00 1.305262e-01
    outer loop
      vertex   -1.432018e+01 -3.050000e+01 4.000000e+01
      vertex   -1.426907e+01 -2.287778e+01 4.038823e+01
      vertex   -1.426907e+01 -1.525556e+01 4.038823e+01
    endloop
  endfacet
  facet normal -9.914449e-01 0.000000e+00 1.305262e-01
    outer loop
      vertex   -1.432018e+01 -3.050000e+01 4.000000e+01
      vertex   -1.426907e+01 -1.525556e+01 4.038823e+01
      vertex   -1.426907e+01 -7.633333e+00 4.038823e+01
    endloop
  endfacet
  facet normal -9.238795e-01 0.000000e+00 3.826834e-01
    outer loop
      vertex   -1.426907e+01 -7.633333e+00 4.038823e+01
      vertex   -1.426907e+01 -1.525556e+01 4.038823e+01
      vertex   -1.411922e+01 -7.633333e+00 4.075000e+01
    endloop
  endfacet
  facet normal -9.238795e-01 0.000000e+00 3.826834e-01
    outer loop
      vertex   -1.426907e+01 -7.633333e+00 4.038823e+01
      vertex   -1.411922e+01 -7.633333e+00 4.075000e+01
      vertex   -1.411922e+01 -1.111111e-02 4.075000e+01
    endloop
  endfacet
  facet normal -7.933533e-01 0.000000e+00 6.087614e-01
    outer loop
      vertex   -1.411922e+01 -1.111111e-02 4.075000e+01
      vertex   -1.411922e+01 -7.633333e+00 4.075000e+01
      vertex   -1.388084e+01 -1.111111e-02 4.106066e+01
    endloop
  endfacet
  facet normal -7.933533e-01 0.000000e+00 6.087614e-01
    outer loop
      vertex   -1.411922e+01 -1.111111e-02 4.075000e+01
      vertex   -1.388084e+01 -1.111111e-02 4.106066e+01
      vertex   -1.388084e+01 7.611111e+00 4.106066e+01
    endloop
  endfacet
  facet normal -6.087614e-01 0.000000e+00 7.933533e-01
    outer loop
      vertex   -1.388084e+01 7.611111e+00 4.106066e+01
      vertex   -1.388084e+01 -1.111111e-02 4.106066e+01
      vertex   -1.357018e+01 7.611111e+00 4.129904e+01
    endloop
  endfacet
  facet normal -6.087614e-01 0.000000e+00 7.933533e-01
    outer loop
      vertex   -1.388084e+01 7.611111e+00 4.106066e+01
      vertex   -1.357018e+01 7.611111e+00 4.129904e+01
      vertex   -1.357018e+01 1.523333e+01 4.129904e+01
    endloop
  endfacet
  facet normal -3.826834e-01 0.000000e+00 9.238795e-01
    outer loop
      vertex   -1.357018e+01 1.523333e+01 4.129904e+01
      vertex   -1.357018e+01 7.611111e+00 4.129904e+01
      vertex   -1.320841e+01 1.523333e+01 4.144889e+01
    endloop
  endfacet
  facet normal -3.826834e-01 0.000000e+00 9.238795e-01
    outer loop
      vertex   -1.357018e+01 1.523333e+01 4.129904e+01
      vertex   -1.320841e+01 1.523333e+01 4.144889e+01
      vertex   -1.320841e+01 2.285556e+01 4.144889e+01
    endloop
  endfacet
  facet normal -1.305262e-01 0.000000e+00 9.914449e-01
    outer loop
      vertex   -1.320841e+01 2.285556e+01 4.144889e+01
      vertex   -1.320841e+01 1.523333e+01 4.144889e+01
      vertex   -1.282018e+01 3.810000e+01 4.150000e+01
    endloop
  endfacet
  facet normal -1.305262e-01 0.000000e+00 9.914449e-01
    outer loop
      vertex   -1.320841e+01 2.285556e+01 4.144889e+01
      vertex   -1.282018e+01 3.810000e+01 4.150000e+01
      vertex   -1.320841e+01 3.047778e+01 4.144889e+01
    endloop
  endfacet
  facet normal -1.305262e-01 0.000000e+00 9.914449e-01
    outer loop
      vertex   -1.320841e+01 3.047778e+01 4.144889e+01
      vertex   -1.282018e+01 3.810000e+01 4.150000e+01
      vertex   -1.320841e+01 3.810000e+01 4.144889e+01
    endloop
  endfacet
  facet normal -3.826834e-01 0.000000e+00 9.238795e-01
    outer loop
      vertex   -1.320841e+01 3.047778e+01 4.144889e+01
      vertex   -1.320841e+01 3.810000e+01 4.144889e+01
      vertex   -1.357018e+01 3.047778e+01 4.129904e+01
    endloop
  endfacet
  facet normal -3.826834e-01 0.000000e+00 9.238795e-01
    outer loop
      vertex   -1.357018e+01 3.047778e+01 4.129904e+01
      vertex   -1.320841e+01 3.810000e+01 4.144889e+01
      vertex   -1.357018e+01 3.810000e+01 4.129904e+01
    endloop
  endfacet
  facet normal -6.087614e-01 0.000000e+00 7.933533e-01
    outer loop
      vertex   -1.357018e+01 3.047778e+01 4.129904e+01
      vertex   -1.357018e+01 3.810000e+01 4.129904e+01
      vertex   -1.388084e+01 3.047778e+01 4.106066e+01
    endloop
  endfacet
  facet normal -6.087614e-01 -4.256151e-16 7.933533e-01
    outer loop
      vertex   -1.388084e+01 3.047778e+01 4.106066e+01
      vertex   -1.357018e+01 3.810000e+01 4.129904e+01
      vertex   -1.388084e+01 3.810000e+01 4.106066e+01
    endloop
  endfacet
  facet normal -7.933533e-01 -5.546723e-16 6.087614e-01
    outer loop
      vertex   -1.388084e+01 3.047778e+01 4.106066e+01
      vertex   -1.388084e+01 3.810000e+01 4.106066e+01
      vertex   -1.411922e+01 3.047778e+01 4.075000e+01
    endloop
  endfacet
  facet normal -7.933533e-01 -3.697816e-16 6.087614e-01
    outer loop
      vertex   -1.411922e+01 3.047778e+01 4.075000e+01
      vertex   -1.388084e+01 3.810000e+01 4.106066e+01
      vertex   -1.411922e+01 3.810000e+01 4.075000e+01
    endloop
  endfacet
  facet normal -9.238795e-01 -4.306198e-16 3.826834e-01
    outer loop
      vertex   -1.411922e+01 3.047778e+01 4.075000e+01
      vertex   -1.411922e+01 3.810000e+01 4.075000e+01
      vertex   -1.426907e+01 3.047778e+01 4.038823e+01
    endloop
  endfacet
  facet normal -9.238795e-01 -6.459296e-16 3.826834e-01
    outer loop
      vertex   -1.426907e+01 3.047778e+01 4.038823e+01
      vertex   -1.411922e+01 3.810000e+01 4.075000e+01
      vertex   -1.426907e+01 3.810000e+01 4.038823e+01
    endloop
  endfacet
  facet normal -9.914449e-01 -6.931679e-16 1.305262e-01
    outer loop
      vertex   -1.426907e+01 3.047778e+01 4.038823e+01
      vertex   -1.426907e+01 3.810000e+01 4.038823e+01
      vertex   -1.432018e+01 3.810000e+01 4.000000e+01
    endloop
  endfacet
  facet normal -1.476649e-01 -1.030558e-03 9.890369e-01
    outer loop
      vertex   -1.298009e+01 5.000000e-01 4.149145e+01
      vertex   -1.320841e+01 -7.633333e+00 4.144889e+01
      vertex   -1.294128e+01 -9.592375e-01 4.149573e+01
    endloop
  endfacet
  facet normal -1.727006e-01 0.000000e+00 9.849744e-01
    outer loop
      vertex   -1.294128e+01 -9.592375e-01 4.149573e+01
      vertex   -1.320841e+01 -7.633333e+00 4.144889e+01
      vertex   -1.320841e+01 -1.525556e+01 4.144889e+01
    endloop
  endfacet
  facet normal -1.727006e-01 0.000000e+00 9.849744e-01
    outer loop
      vertex   -1.294128e+01 -9.592375e-01 4.149573e+01
      vertex   -1.320841e+01 -1.525556e+01 4.144889e+01
      vertex   -1.320841e+01 -2.287778e+01 4.144889e+01
    endloop
  endfacet
  facet normal -3.826834e-01 0.000000e+00 9.238795e-01
    outer loop
      vertex   -1.320841e+01 -2.287778e+01 4.144889e+01
      vertex   -1.320841e+01 -1.525556e+01 4.144889e+01
      vertex   -1.357018e+01 -2.287778e+01 4.129904e+01
    endloop
  endfacet
  facet normal -1.200367e-01 2.848078e-04 9.927694e-01
    outer loop
      vertex   -1.294128e+01 1.959238e+00 4.149573e+01
      vertex   -1.282018e+01 3.810000e+01 4.150000e+01
      vertex   -1.298009e+01 5.000000e-01 4.149145e+01
    endloop
  endfacet
  facet normal -1.558590e-01 4.382912e-04 9.877792e-01
    outer loop
      vertex   -1.298009e+01 5.000000e-01 4.149145e+01
      vertex   -1.282018e+01 3.810000e+01 4.150000e+01
      vertex   -1.320841e+01 1.523333e+01 4.144889e+01
    endloop
  endfacet
  facet normal -1.832627e-01 0.000000e+00 9.830640e-01
    outer loop
      vertex   -1.298009e+01 5.000000e-01 4.149145e+01
      vertex   -1.320841e+01 1.523333e+01 4.144889e+01
      vertex   -1.320841e+01 7.611111e+00 4.144889e+01
    endloop
  endfacet
  facet normal -3.826834e-01 0.000000e+00 9.238795e-01
    outer loop
      vertex   -1.320841e+01 7.611111e+00 4.144889e+01
      vertex   -1.320841e+01 1.523333e+01 4.144889e+01
      vertex   -1.357018e+01 7.611111e+00 4.129904e+01
    endloop
  endfacet
  facet normal -3.826834e-01 0.000000e+00 9.238795e-01
    outer loop
      vertex   -1.320841e+01 7.611111e+00 4.144889e+01
      vertex   -1.357018e+01 7.611111e+00 4.129904e+01
      vertex   -1.357018e+01 -1.111111e-02 4.129904e+01
    endloop
  endfacet
  facet normal -6.087614e-01 0.000000e+00 7.933533e-01
    outer loop
      vertex   -1.357018e+01 -1.111111e-02 4.129904e+01
      vertex   -1.357018e+01 7.611111e+00 4.129904e+01
      vertex   -1.388084e+01 -1.111111e-02 4.106066e+01
    endloop
  endfacet
  facet normal -6.087614e-01 0.000000e+00 7.933533e-01
    outer loop
      vertex   -1.357018e+01 -1.111111e-02 4.129904e+01
      vertex   -1.388084e+01 -1.111111e-02 4.106066e+01
      vertex   -1.388084e+01 -7.633333e+00 4.106066e+01
    endloop
  endfacet
  facet normal -7.933533e-01 0.000000e+00 6.087614e-01
    outer loop
      vertex   -1.388084e+01 -7.633333e+00 4.106066e+01
      vertex   -1.388084e+01 -1.111111e-02 4.106066e+01
      vertex   -1.411922e+01 -7.633333e+00 4.075000e+01
    endloop
  endfacet
  facet normal -7.933533e-01 0.000000e+00 6.087614e-01
    outer loop
      vertex   -1.388084e+01 -7.633333e+00 4.106066e+01
      vertex   -1.411922e+01 -7.633333e+00 4.075000e+01
      vertex   -1.411922e+01 -1.525556e+01 4.075000e+01
    endloop
  endfacet
  facet normal -9.238795e-01 0.000000e+00 3.826834e-01
    outer loop
      vertex   -1.411922e+01 -1.525556e+01 4.075000e+01
      vertex   -1.411922e+01 -7.633333e+00 4.075000e+01
      vertex   -1.426907e+01 -1.525556e+01 4.038823e+01
    endloop
  endfacet
  facet normal -9.238795e-01 0.000000e+00 3.826834e-01
    outer loop
      vertex   -1.411922e+01 -1.525556e+01 4.075000e+01
      vertex   -1.426907e+01 -1.525556e+01 4.038823e+01
      vertex   -1.426907e+01 -2.287778e+01 4.038823e+01
    endloop
  endfacet
  facet normal -3.527170e-02 0.000000e+00 9.993778e-01
    outer loop
      vertex   -1.294128e+01 1.959238e+00 4.149573e+01
      vertex   -1.282018e+01 3.472106e+00 4.150000e+01
      vertex   -1.282018e+01 3.810000e+01 4.150000e+01
    endloop
  endfacet
  facet normal -9.914449e-01 0.000000e+00 1.305262e-01
    outer loop
      vertex   -1.432018e+01 -3.050000e+01 4.000000e+01
      vertex   -1.426907e+01 7.611111e+00 4.038823e+01
      vertex   -1.432018e+01 3.810000e+01 4.000000e+01
    endloop
  endfacet
  facet normal -9.914449e-01 0.000000e+00 1.305262e-01
    outer loop
      vertex   -1.432018e+01 3.810000e+01 4.000000e+01
      vertex   -1.426907e+01 7.611111e+00 4.038823e+01
      vertex   -1.426907e+01 1.523333e+01 4.038823e+01
    endloop
  endfacet
  facet normal -9.914449e-01 0.000000e+00 1.305262e-01
    outer loop
      vertex   -1.432018e+01 3.810000e+01 4.000000e+01
      vertex   -1.426907e+01 1.523333e+01 4.038823e+01
      vertex   -1.426907e+01 2.285556e+01 4.038823e+01
    endloop
  endfacet
  facet normal -9.238795e-01 0.000000e+00 3.826834e-01
    outer loop
      vertex   -1.426907e+01 2.285556e+01 4.038823e+01
      vertex   -1.426907e+01 1.523333e+01 4.038823e+01
      vertex   -1.411922e+01 2.285556e+01 4.075000e+01
    endloop
  endfacet
  facet normal -9.238795e-01 0.000000e+00 3.826834e-01
    outer loop
      vertex   -1.426907e+01 2.285556e+01 4.038823e+01
      vertex   -1.411922e+01 2.285556e+01 4.075000e+01
      vertex   -1.411922e+01 3.047778e+01 4.075000e+01
    endloop
  endfacet
  facet normal -7.933533e-01 0.000000e+00 6.087614e-01
    outer loop
      vertex   -1.411922e+01 3.047778e+01 4.075000e+01
      vertex   -1.411922e+01 2.285556e+01 4.075000e+01
      vertex   -1.388084e+01 3.047778e+01 4.106066e+01
    endloop
  endfacet
  facet normal -3.826834e-01 0.000000e+00 9.238795e-01
    outer loop
      vertex   -1.320841e+01 2.285556e+01 4.144889e+01
      vertex   -1.320841e+01 3.047778e+01 4.144889e+01
      vertex   -1.357018e+01 2.285556e+01 4.129904e+01
    endloop
  endfacet
  facet normal -3.826834e-01 0.000000e+00 9.238795e-01
    outer loop
      vertex   -1.357018e+01 2.285556e+01 4.129904e+01
      vertex   -1.320841e+01 3.047778e+01 4.144889e+01
      vertex   -1.357018e+01 3.047778e+01 4.129904e+01
    endloop
  endfacet
  facet normal -6.087614e-01 0.000000e+00 7.933533e-01
    outer loop
      vertex   -1.357018e+01 2.285556e+01 4.129904e+01
      vertex   -1.357018e+01 3.047778e+01 4.129904e+01
      vertex   -1.388084e+01 2.285556e+01 4.106066e+01
    endloop
  endfacet
  facet normal -6.087614e-01 0.000000e+00 7.933533e-01
    outer loop
      vertex   -1.388084e+01 2.285556e+01 4.106066e+01
      vertex   -1.357018e+01 3.047778e+01 4.129904e+01
      vertex   -1.388084e+01 3.047778e+01 4.106066e+01
    endloop
  endfacet
  facet normal -7.933533e-01 0.000000e+00 6.087614e-01
    outer loop
      vertex   -1.388084e+01 2.285556e+01 4.106066e+01
      vertex   -1.388084e+01 3.047778e+01 4.106066e+01
      vertex   -1.411922e+01 2.285556e+01 4.075000e+01
    endloop
  endfacet
  facet normal -1.832627e-01 0.000000e+00 9.830640e-01
    outer loop
      vertex   -1.320841e+01 -7.633333e+00 4.144889e+01
      vertex   -1.298009e+01 5.000000e-01 4.149145e+01
      vertex   -1.320841e+01 -1.111111e-02 4.144889e+01
    endloop
  endfacet
  facet normal -1.832627e-01 0.000000e+00 9.830640e-01
    outer loop
      vertex   -1.320841e+01 -1.111111e-02 4.144889e+01
      vertex   -1.298009e+01 5.000000e-01 4.149145e+01
      vertex   -1.320841e+01 7.611111e+00 4.144889e+01
    endloop
  endfacet
  facet normal -3.826834e-01 0.000000e+00 9.238795e-01
    outer loop
      vertex   -1.320841e+01 -1.111111e-02 4.144889e+01
      vertex   -1.320841e+01 7.611111e+00 4.144889e+01
      vertex   -1.357018e+01 -1.111111e-02 4.129904e+01
    endloop
  endfacet
  facet normal -3.826834e-01 0.000000e+00 9.238795e-01
    outer loop
      vertex   -1.320841e+01 -7.633333e+00 4.144889e+01
      vertex   -1.320841e+01 -1.111111e-02 4.144889e+01
      vertex   -1.357018e+01 -7.633333e+00 4.129904e+01
    endloop
  endfacet
  facet normal -3.826834e-01 0.000000e+00 9.238795e-01
    outer loop
      vertex   -1.357018e+01 -7.633333e+00 4.129904e+01
      vertex   -1.320841e+01 -1.111111e-02 4.144889e+01
      vertex   -1.357018e+01 -1.111111e-02 4.129904e+01
    endloop
  endfacet
  facet normal -6.087614e-01 0.000000e+00 7.933533e-01
    outer loop
      vertex   -1.357018e+01 -7.633333e+00 4.129904e+01
      vertex   -1.357018e+01 -1.111111e-02 4.129904e+01
      vertex   -1.388084e+01 -7.633333e+00 4.106066e+01
    endloop
  endfacet
  facet normal -3.826834e-01 0.000000e+00 9.238795e-01
    outer loop
      vertex   -1.320841e+01 -1.525556e+01 4.144889e+01
      vertex   -1.320841e+01 -7.633333e+00 4.144889e+01
      vertex   -1.357018e+01 -1.525556e+01 4.129904e+01
    endloop
  endfacet
  facet normal -3.826834e-01 0.000000e+00 9.238795e-01
    outer loop
      vertex   -1.357018e+01 -1.525556e+01 4.129904e+01
      vertex   -1.320841e+01 -7.633333e+00 4.144889e+01
      vertex   -1.357018e+01 -7.633333e+00 4.129904e+01
    endloop
  endfacet
  facet normal -6.087614e-01 0.000000e+00 7.933533e-01
    outer loop
      vertex   -1.357018e+01 -1.525556e+01 4.129904e+01
      vertex   -1.357018e+01 -7.633333e+00 4.129904e+01
      vertex   -1.388084e+01 -1.525556e+01 4.106066e+01
    endloop
  endfacet
  facet normal -6.087614e-01 0.000000e+00 7.933533e-01
    outer loop
      vertex   -1.388084e+01 -1.525556e+01 4.106066e+01
      vertex   -1.357018e+01 -7.633333e+00 4.129904e+01
      vertex   -1.388084e+01 -7.633333e+00 4.106066e+01
    endloop
  endfacet
  facet normal -7.933533e-01 0.000000e+00 6.087614e-01
    outer loop
      vertex   -1.388084e+01 -1.525556e+01 4.106066e+01
      vertex   -1.388084e+01 -7.633333e+00 4.106066e+01
      vertex   -1.411922e+01 -1.525556e+01 4.075000e+01
    endloop
  endfacet
  facet normal -3.826834e-01 0.000000e+00 9.238795e-01
    outer loop
      vertex   -1.320841e+01 2.285556e+01 4.144889e+01
      vertex   -1.357018e+01 2.285556e+01 4.129904e+01
      vertex   -1.357018e+01 1.523333e+01 4.129904e+01
    endloop
  endfacet
  facet normal -6.087614e-01 0.000000e+00 7.933533e-01
    outer loop
      vertex   -1.357018e+01 1.523333e+01 4.129904e+01
      vertex   -1.357018e+01 2.285556e+01 4.129904e+01
      vertex   -1.388084e+01 1.523333e+01 4.106066e+01
    endloop
  endfacet
  facet normal -6.087614e-01 0.000000e+00 7.933533e-01
    outer loop
      vertex   -1.357018e+01 1.523333e+01 4.129904e+01
      vertex   -1.388084e+01 1.523333e+01 4.106066e+01
      vertex   -1.388084e+01 7.611111e+00 4.106066e+01
    endloop
  endfacet
  facet normal -7.933533e-01 0.000000e+00 6.087614e-01
    outer loop
      vertex   -1.388084e+01 7.611111e+00 4.106066e+01
      vertex   -1.388084e+01 1.523333e+01 4.106066e+01
      vertex   -1.411922e+01 7.611111e+00 4.075000e+01
    endloop
  endfacet
  facet normal -7.933533e-01 0.000000e+00 6.087614e-01
    outer loop
      vertex   -1.388084e+01 7.611111e+00 4.106066e+01
      vertex   -1.411922e+01 7.611111e+00 4.075000e+01
      vertex   -1.411922e+01 -1.111111e-02 4.075000e+01
    endloop
  endfacet
  facet normal -9.238795e-01 0.000000e+00 3.826834e-01
    outer loop
      vertex   -1.411922e+01 -1.111111e-02 4.075000e+01
      vertex   -1.411922e+01 7.611111e+00 4.075000e+01
      vertex   -1.426907e+01 -1.111111e-02 4.038823e+01
    endloop
  endfacet
  facet normal -9.238795e-01 0.000000e+00 3.826834e-01
    outer loop
      vertex   -1.411922e+01 -1.111111e-02 4.075000e+01
      vertex   -1.426907e+01 -1.111111e-02 4.038823e+01
      vertex   -1.426907e+01 -7.633333e+00 4.038823e+01
    endloop
  endfacet
  facet normal -9.914449e-01 0.000000e+00 1.305262e-01
    outer loop
      vertex   -1.426907e+01 -7.633333e+00 4.038823e+01
      vertex   -1.426907e+01 -1.111111e-02 4.038823e+01
      vertex   -1.432018e+01 -3.050000e+01 4.000000e+01
    endloop
  endfacet
  facet normal -6.087614e-01 0.000000e+00 7.933533e-01
    outer loop
      vertex   -1.388084e+01 1.523333e+01 4.106066e+01
      vertex   -1.357018e+01 2.285556e+01 4.129904e+01
      vertex   -1.388084e+01 2.285556e+01 4.106066e+01
    endloop
  endfacet
  facet normal -6.087614e-01 0.000000e+00 7.933533e-01
    outer loop
      vertex   -1.388084e+01 -2.287778e+01 4.106066e+01
      vertex   -1.357018e+01 -2.287778e+01 4.129904e+01
      vertex   -1.357018e+01 -1.525556e+01 4.129904e+01
    endloop
  endfacet
  facet normal -3.826834e-01 0.000000e+00 9.238795e-01
    outer loop
      vertex   -1.357018e+01 -1.525556e+01 4.129904e+01
      vertex   -1.357018e+01 -2.287778e+01 4.129904e+01
      vertex   -1.320841e+01 -1.525556e+01 4.144889e+01
    endloop
  endfacet
  facet normal -6.087614e-01 0.000000e+00 7.933533e-01
    outer loop
      vertex   -1.388084e+01 -2.287778e+01 4.106066e+01
      vertex   -1.357018e+01 -1.525556e+01 4.129904e+01
      vertex   -1.388084e+01 -1.525556e+01 4.106066e+01
    endloop
  endfacet
  facet normal -7.933533e-01 0.000000e+00 6.087614e-01
    outer loop
      vertex   -1.388084e+01 1.523333e+01 4.106066e+01
      vertex   -1.388084e+01 2.285556e+01 4.106066e+01
      vertex   -1.411922e+01 1.523333e+01 4.075000e+01
    endloop
  endfacet
  facet normal -7.933533e-01 0.000000e+00 6.087614e-01
    outer loop
      vertex   -1.411922e+01 1.523333e+01 4.075000e+01
      vertex   -1.388084e+01 2.285556e+01 4.106066e+01
      vertex   -1.411922e+01 2.285556e+01 4.075000e+01
    endloop
  endfacet
  facet normal -9.238795e-01 0.000000e+00 3.826834e-01
    outer loop
      vertex   -1.411922e+01 1.523333e+01 4.075000e+01
      vertex   -1.411922e+01 2.285556e+01 4.075000e+01
      vertex   -1.426907e+01 1.523333e+01 4.038823e+01
    endloop
  endfacet
  facet normal -7.933533e-01 0.000000e+00 6.087614e-01
    outer loop
      vertex   -1.411922e+01 -2.287778e+01 4.075000e+01
      vertex   -1.388084e+01 -2.287778e+01 4.106066e+01
      vertex   -1.388084e+01 -1.525556e+01 4.106066e+01
    endloop
  endfacet
  facet normal -7.933533e-01 0.000000e+00 6.087614e-01
    outer loop
      vertex   -1.411922e+01 -2.287778e+01 4.075000e+01
      vertex   -1.388084e+01 -1.525556e+01 4.106066e+01
      vertex   -1.411922e+01 -1.525556e+01 4.075000e+01
    endloop
  endfacet
  facet normal -9.238795e-01 0.000000e+00 3.826834e-01
    outer loop
      vertex   -1.426907e+01 2.285556e+01 4.038823e+01
      vertex   -1.411922e+01 3.047778e+01 4.075000e+01
      vertex   -1.426907e+01 3.047778e+01 4.038823e+01
    endloop
  endfacet
  facet normal -7.933533e-01 0.000000e+00 6.087614e-01
    outer loop
      vertex   -1.388084e+01 1.523333e+01 4.106066e+01
      vertex   -1.411922e+01 1.523333e+01 4.075000e+01
      vertex   -1.411922e+01 7.611111e+00 4.075000e+01
    endloop
  endfacet
  facet normal -9.238795e-01 0.000000e+00 3.826834e-01
    outer loop
      vertex   -1.411922e+01 7.611111e+00 4.075000e+01
      vertex   -1.411922e+01 1.523333e+01 4.075000e+01
      vertex   -1.426907e+01 7.611111e+00 4.038823e+01
    endloop
  endfacet
  facet normal -9.238795e-01 0.000000e+00 3.826834e-01
    outer loop
      vertex   -1.411922e+01 7.611111e+00 4.075000e+01
      vertex   -1.426907e+01 7.611111e+00 4.038823e+01
      vertex   -1.426907e+01 -1.111111e-02 4.038823e+01
    endloop
  endfacet
  facet normal -9.914449e-01 0.000000e+00 1.305262e-01
    outer loop
      vertex   -1.426907e+01 -1.111111e-02 4.038823e+01
      vertex   -1.426907e+01 7.611111e+00 4.038823e+01
      vertex   -1.432018e+01 -3.050000e+01 4.000000e+01
    endloop
  endfacet
  facet normal -9.238795e-01 0.000000e+00 3.826834e-01
    outer loop
      vertex   -1.426907e+01 7.611111e+00 4.038823e+01
      vertex   -1.411922e+01 1.523333e+01 4.075000e+01
      vertex   -1.426907e+01 1.523333e+01 4.038823e+01
    endloop
  endfacet
  facet normal -9.238795e-01 0.000000e+00 3.826834e-01
    outer loop
      vertex   -1.426907e+01 -2.287778e+01 4.038823e+01
      vertex   -1.411922e+01 -2.287778e+01 4.075000e+01
      vertex   -1.411922e+01 -1.525556e+01 4.075000e+01
    endloop
  endfacet
  facet normal -9.914449e-01 0.000000e+00 1.305262e-01
    outer loop
      vertex   -1.432018e+01 3.810000e+01 4.000000e+01
      vertex   -1.426907e+01 2.285556e+01 4.038823e+01
      vertex   -1.426907e+01 3.047778e+01 4.038823e+01
    endloop
  endfacet
  facet normal -9.877360e-01 8.641571e-02 1.300379e-01
    outer loop
      vertex   -1.432018e+01 3.810000e+01 4.000000e+01
      vertex   -1.426907e+01 3.810000e+01 4.038823e+01
      vertex   -1.425941e+01 3.879459e+01 4.000000e+01
    endloop
  endfacet
  facet normal -9.877360e-01 8.641571e-02 1.300379e-01
    outer loop
      vertex   -1.425941e+01 3.879459e+01 4.000000e+01
      vertex   -1.426907e+01 3.810000e+01 4.038823e+01
      vertex   -1.420908e+01 3.878572e+01 4.038823e+01
    endloop
  endfacet
  facet normal -9.577242e-01 2.566214e-01 1.300379e-01
    outer loop
      vertex   -1.425941e+01 3.879459e+01 4.000000e+01
      vertex   -1.420908e+01 3.878572e+01 4.038823e+01
      vertex   -1.407895e+01 3.946808e+01 4.000000e+01
    endloop
  endfacet
  facet normal -9.577242e-01 2.566214e-01 1.300379e-01
    outer loop
      vertex   -1.407895e+01 3.946808e+01 4.000000e+01
      vertex   -1.420908e+01 3.878572e+01 4.038823e+01
      vertex   -1.403092e+01 3.945060e+01 4.038823e+01
    endloop
  endfacet
  facet normal -8.986123e-01 4.190298e-01 1.300379e-01
    outer loop
      vertex   -1.407895e+01 3.946808e+01 4.000000e+01
      vertex   -1.403092e+01 3.945060e+01 4.038823e+01
      vertex   -1.378428e+01 4.010000e+01 4.000000e+01
    endloop
  endfacet
  facet normal -8.986123e-01 4.190298e-01 1.300379e-01
    outer loop
      vertex   -1.378428e+01 4.010000e+01 4.000000e+01
      vertex   -1.403092e+01 3.945060e+01 4.038823e+01
      vertex   -1.374002e+01 4.007444e+01 4.038823e+01
    endloop
  endfacet
  facet normal -8.121966e-01 5.687062e-01 1.300379e-01
    outer loop
      vertex   -1.378428e+01 4.010000e+01 4.000000e+01
      vertex   -1.374002e+01 4.007444e+01 4.038823e+01
      vertex   -1.338436e+01 4.067115e+01 4.000000e+01
    endloop
  endfacet
  facet normal -8.121966e-01 5.687062e-01 1.300379e-01
    outer loop
      vertex   -1.338436e+01 4.067115e+01 4.000000e+01
      vertex   -1.374002e+01 4.007444e+01 4.038823e+01
      vertex   -1.334521e+01 4.063830e+01 4.038823e+01
    endloop
  endfacet
  facet normal -7.011028e-01 7.011028e-01 1.300379e-01
    outer loop
      vertex   -1.338436e+01 4.067115e+01 4.000000e+01
      vertex   -1.334521e+01 4.063830e+01 4.038823e+01
      vertex   -1.289133e+01 4.116418e+01 4.000000e+01
    endloop
  endfacet
  facet normal -7.011028e-01 7.011028e-01 1.300379e-01
    outer loop
      vertex   -1.289133e+01 4.116418e+01 4.000000e+01
      vertex   -1.334521e+01 4.063830e+01 4.038823e+01
      vertex   -1.285848e+01 4.112502e+01 4.038823e+01
    endloop
  endfacet
  facet normal -5.687062e-01 8.121966e-01 1.300379e-01
    outer loop
      vertex   -1.289133e+01 4.116418e+01 4.000000e+01
      vertex   -1.285848e+01 4.112502e+01 4.038823e+01
      vertex   -1.232018e+01 4.156410e+01 4.000000e+01
    endloop
  endfacet
  facet normal -5.687062e-01 8.121966e-01 1.300379e-01
    outer loop
      vertex   -1.232018e+01 4.156410e+01 4.000000e+01
      vertex   -1.285848e+01 4.112502e+01 4.038823e+01
      vertex   -1.229463e+01 4.151984e+01 4.038823e+01
    endloop
  endfacet
  facet normal -4.190298e-01 8.986123e-01 1.300379e-01
    outer loop
      vertex   -1.232018e+01 4.156410e+01 4.000000e+01
      vertex   -1.229463e+01 4.151984e+01 4.038823e+01
      vertex   -1.168826e+01 4.185877e+01 4.000000e+01
    endloop
  endfacet
  facet normal -4.190298e-01 8.986123e-01 1.300379e-01
    outer loop
      vertex   -1.168826e+01 4.185877e+01 4.000000e+01
      vertex   -1.229463e+01 4.151984e+01 4.038823e+01
      vertex   -1.167078e+01 4.181074e+01 4.038823e+01
    endloop
  endfacet
  facet normal -2.566214e-01 9.577242e-01 1.300379e-01
    outer loop
      vertex   -1.168826e+01 4.185877e+01 4.000000e+01
      vertex   -1.167078e+01 4.181074e+01 4.038823e+01
      vertex   -1.101477e+01 4.203923e+01 4.000000e+01
    endloop
  endfacet
  facet normal -2.566214e-01 9.577242e-01 1.300379e-01
    outer loop
      vertex   -1.101477e+01 4.203923e+01 4.000000e+01
      vertex   -1.167078e+01 4.181074e+01 4.038823e+01
      vertex   -1.100590e+01 4.198890e+01 4.038823e+01
    endloop
  endfacet
  facet normal -8.641571e-02 9.877360e-01 1.300379e-01
    outer loop
      vertex   -1.101477e+01 4.203923e+01 4.000000e+01
      vertex   -1.100590e+01 4.198890e+01 4.038823e+01
      vertex   -1.032018e+01 4.210000e+01 4.000000e+01
    endloop
  endfacet
  facet normal -8.641571e-02 9.877360e-01 1.300379e-01
    outer loop
      vertex   -1.032018e+01 4.210000e+01 4.000000e+01
      vertex   -1.100590e+01 4.198890e+01 4.038823e+01
      vertex   -1.032018e+01 4.204889e+01 4.038823e+01
    endloop
  endfacet
  facet normal -8.056623e-02 9.208762e-01 3.814394e-01
    outer loop
      vertex   -1.032018e+01 4.204889e+01 4.038823e+01
      vertex   -1.100590e+01 4.198890e+01 4.038823e+01
      vertex   -1.097988e+01 4.184132e+01 4.075000e+01
    endloop
  endfacet
  facet normal -8.056623e-02 9.208762e-01 3.814394e-01
    outer loop
      vertex   -1.032018e+01 4.204889e+01 4.038823e+01
      vertex   -1.097988e+01 4.184132e+01 4.075000e+01
      vertex   -1.032018e+01 4.189904e+01 4.075000e+01
    endloop
  endfacet
  facet normal -6.924283e-02 7.914492e-01 6.073003e-01
    outer loop
      vertex   -1.032018e+01 4.189904e+01 4.075000e+01
      vertex   -1.097988e+01 4.184132e+01 4.075000e+01
      vertex   -1.093848e+01 4.160657e+01 4.106066e+01
    endloop
  endfacet
  facet normal -6.924283e-02 7.914492e-01 6.073003e-01
    outer loop
      vertex   -1.032018e+01 4.189904e+01 4.075000e+01
      vertex   -1.093848e+01 4.160657e+01 4.106066e+01
      vertex   -1.032018e+01 4.166066e+01 4.106066e+01
    endloop
  endfacet
  facet normal -5.318435e-02 6.078999e-01 7.922305e-01
    outer loop
      vertex   -1.032018e+01 4.166066e+01 4.106066e+01
      vertex   -1.093848e+01 4.160657e+01 4.106066e+01
      vertex   -1.088454e+01 4.130063e+01 4.129904e+01
    endloop
  endfacet
  facet normal -5.318435e-02 6.078999e-01 7.922305e-01
    outer loop
      vertex   -1.032018e+01 4.166066e+01 4.106066e+01
      vertex   -1.088454e+01 4.130063e+01 4.129904e+01
      vertex   -1.032018e+01 4.135000e+01 4.129904e+01
    endloop
  endfacet
  facet normal -3.346171e-02 3.824691e-01 9.233622e-01
    outer loop
      vertex   -1.032018e+01 4.135000e+01 4.129904e+01
      vertex   -1.088454e+01 4.130063e+01 4.129904e+01
      vertex   -1.082172e+01 4.094435e+01 4.144889e+01
    endloop
  endfacet
  facet normal -3.346171e-02 3.824691e-01 9.233622e-01
    outer loop
      vertex   -1.032018e+01 4.135000e+01 4.129904e+01
      vertex   -1.082172e+01 4.094435e+01 4.144889e+01
      vertex   -1.032018e+01 4.098823e+01 4.144889e+01
    endloop
  endfacet
  facet normal -1.141882e-02 1.305177e-01 9.913802e-01
    outer loop
      vertex   -1.032018e+01 4.098823e+01 4.144889e+01
      vertex   -1.082172e+01 4.094435e+01 4.144889e+01
      vertex   -1.032018e+01 4.060000e+01 4.150000e+01
    endloop
  endfacet
  facet normal -1.267753e-02 1.287171e-01 9.916003e-01
    outer loop
      vertex   -1.032018e+01 4.060000e+01 4.150000e+01
      vertex   -1.082172e+01 4.094435e+01 4.144889e+01
      vertex   -1.080791e+01 4.055196e+01 4.150000e+01
    endloop
  endfacet
  facet normal -3.427182e-02 1.279042e-01 9.911942e-01
    outer loop
      vertex   -1.080791e+01 4.055196e+01 4.150000e+01
      vertex   -1.082172e+01 4.094435e+01 4.144889e+01
      vertex   -1.130801e+01 4.081405e+01 4.144889e+01
    endloop
  endfacet
  facet normal -3.716107e-02 1.225036e-01 9.917721e-01
    outer loop
      vertex   -1.080791e+01 4.055196e+01 4.150000e+01
      vertex   -1.130801e+01 4.081405e+01 4.144889e+01
      vertex   -1.127689e+01 4.040970e+01 4.150000e+01
    endloop
  endfacet
  facet normal -5.639201e-02 1.209331e-01 9.910576e-01
    outer loop
      vertex   -1.127689e+01 4.040970e+01 4.150000e+01
      vertex   -1.130801e+01 4.081405e+01 4.144889e+01
      vertex   -1.176430e+01 4.060128e+01 4.144889e+01
    endloop
  endfacet
  facet normal -5.993707e-02 1.121344e-01 9.918838e-01
    outer loop
      vertex   -1.127689e+01 4.040970e+01 4.150000e+01
      vertex   -1.176430e+01 4.060128e+01 4.144889e+01
      vertex   -1.170911e+01 4.017867e+01 4.150000e+01
    endloop
  endfacet
  facet normal -7.689009e-02 1.098104e-01 9.909741e-01
    outer loop
      vertex   -1.170911e+01 4.017867e+01 4.150000e+01
      vertex   -1.176430e+01 4.060128e+01 4.144889e+01
      vertex   -1.217670e+01 4.031251e+01 4.144889e+01
    endloop
  endfacet
  facet normal -8.038907e-02 9.795437e-02 9.919388e-01
    outer loop
      vertex   -1.170911e+01 4.017867e+01 4.150000e+01
      vertex   -1.217670e+01 4.031251e+01 4.144889e+01
      vertex   -1.208795e+01 3.986777e+01 4.150000e+01
    endloop
  endfacet
  facet normal -9.493714e-02 9.493714e-02 9.909460e-01
    outer loop
      vertex   -1.208795e+01 3.986777e+01 4.150000e+01
      vertex   -1.217670e+01 4.031251e+01 4.144889e+01
      vertex   -1.253269e+01 3.995652e+01 4.144889e+01
    endloop
  endfacet
  facet normal -9.795437e-02 8.038907e-02 9.919388e-01
    outer loop
      vertex   -1.208795e+01 3.986777e+01 4.150000e+01
      vertex   -1.253269e+01 3.995652e+01 4.144889e+01
      vertex   -1.239886e+01 3.948893e+01 4.150000e+01
    endloop
  endfacet
  facet normal -1.098104e-01 7.689009e-02 9.909741e-01
    outer loop
      vertex   -1.239886e+01 3.948893e+01 4.150000e+01
      vertex   -1.253269e+01 3.995652e+01 4.144889e+01
      vertex   -1.282146e+01 3.954411e+01 4.144889e+01
    endloop
  endfacet
  facet normal -1.121344e-01 5.993707e-02 9.918838e-01
    outer loop
      vertex   -1.239886e+01 3.948893e+01 4.150000e+01
      vertex   -1.282146e+01 3.954411e+01 4.144889e+01
      vertex   -1.262988e+01 3.905671e+01 4.150000e+01
    endloop
  endfacet
  facet normal -1.209331e-01 5.639201e-02 9.910576e-01
    outer loop
      vertex   -1.262988e+01 3.905671e+01 4.150000e+01
      vertex   -1.282146e+01 3.954411e+01 4.144889e+01
      vertex   -1.303423e+01 3.908783e+01 4.144889e+01
    endloop
  endfacet
  facet normal -1.225036e-01 3.716107e-02 9.917721e-01
    outer loop
      vertex   -1.262988e+01 3.905671e+01 4.150000e+01
      vertex   -1.303423e+01 3.908783e+01 4.144889e+01
      vertex   -1.277214e+01 3.858773e+01 4.150000e+01
    endloop
  endfacet
  facet normal -1.279042e-01 3.427182e-02 9.911942e-01
    outer loop
      vertex   -1.277214e+01 3.858773e+01 4.150000e+01
      vertex   -1.303423e+01 3.908783e+01 4.144889e+01
      vertex   -1.316453e+01 3.860154e+01 4.144889e+01
    endloop
  endfacet
  facet normal -1.287171e-01 1.267753e-02 9.916003e-01
    outer loop
      vertex   -1.277214e+01 3.858773e+01 4.150000e+01
      vertex   -1.316453e+01 3.860154e+01 4.144889e+01
      vertex   -1.282018e+01 3.810000e+01 4.150000e+01
    endloop
  endfacet
  facet normal -1.305177e-01 1.141882e-02 9.913802e-01
    outer loop
      vertex   -1.282018e+01 3.810000e+01 4.150000e+01
      vertex   -1.316453e+01 3.860154e+01 4.144889e+01
      vertex   -1.320841e+01 3.810000e+01 4.144889e+01
    endloop
  endfacet
  facet normal -3.824691e-01 3.346171e-02 9.233622e-01
    outer loop
      vertex   -1.320841e+01 3.810000e+01 4.144889e+01
      vertex   -1.316453e+01 3.860154e+01 4.144889e+01
      vertex   -1.352081e+01 3.866436e+01 4.129904e+01
    endloop
  endfacet
  facet normal -3.824691e-01 3.346171e-02 9.233622e-01
    outer loop
      vertex   -1.320841e+01 3.810000e+01 4.144889e+01
      vertex   -1.352081e+01 3.866436e+01 4.129904e+01
      vertex   -1.357018e+01 3.810000e+01 4.129904e+01
    endloop
  endfacet
  facet normal -6.078999e-01 5.318435e-02 7.922305e-01
    outer loop
      vertex   -1.357018e+01 3.810000e+01 4.129904e+01
      vertex   -1.352081e+01 3.866436e+01 4.129904e+01
      vertex   -1.382675e+01 3.871830e+01 4.106066e+01
    endloop
  endfacet
  facet normal -6.078999e-01 5.318435e-02 7.922305e-01
    outer loop
      vertex   -1.357018e+01 3.810000e+01 4.129904e+01
      vertex   -1.382675e+01 3.871830e+01 4.106066e+01
      vertex   -1.388084e+01 3.810000e+01 4.106066e+01
    endloop
  endfacet
  facet normal -7.914492e-01 6.924283e-02 6.073003e-01
    outer loop
      vertex   -1.388084e+01 3.810000e+01 4.106066e+01
      vertex   -1.382675e+01 3.871830e+01 4.106066e+01
      vertex   -1.406150e+01 3.875970e+01 4.075000e+01
    endloop
  endfacet
  facet normal -7.914492e-01 6.924283e-02 6.073003e-01
    outer loop
      vertex   -1.388084e+01 3.810000e+01 4.106066e+01
      vertex   -1.406150e+01 3.875970e+01 4.075000e+01
      vertex   -1.411922e+01 3.810000e+01 4.075000e+01
    endloop
  endfacet
  facet normal -9.208762e-01 8.056623e-02 3.814394e-01
    outer loop
      vertex   -1.411922e+01 3.810000e+01 4.075000e+01
      vertex   -1.406150e+01 3.875970e+01 4.075000e+01
      vertex   -1.420908e+01 3.878572e+01 4.038823e+01
    endloop
  endfacet
  facet normal -9.208762e-01 8.056623e-02 3.814394e-01
    outer loop
      vertex   -1.411922e+01 3.810000e+01 4.075000e+01
      vertex   -1.420908e+01 3.878572e+01 4.038823e+01
      vertex   -1.426907e+01 3.810000e+01 4.038823e+01
    endloop
  endfacet
  facet normal -3.708480e-01 9.936842e-02 9.233622e-01
    outer loop
      vertex   -1.352081e+01 3.866436e+01 4.129904e+01
      vertex   -1.316453e+01 3.860154e+01 4.144889e+01
      vertex   -1.337418e+01 3.921157e+01 4.129904e+01
    endloop
  endfacet
  facet normal -3.708480e-01 9.936842e-02 9.233622e-01
    outer loop
      vertex   -1.337418e+01 3.921157e+01 4.129904e+01
      vertex   -1.316453e+01 3.860154e+01 4.144889e+01
      vertex   -1.303423e+01 3.908783e+01 4.144889e+01
    endloop
  endfacet
  facet normal -3.479588e-01 1.622559e-01 9.233622e-01
    outer loop
      vertex   -1.337418e+01 3.921157e+01 4.129904e+01
      vertex   -1.303423e+01 3.908783e+01 4.144889e+01
      vertex   -1.313476e+01 3.972500e+01 4.129904e+01
    endloop
  endfacet
  facet normal -3.479588e-01 1.622559e-01 9.233622e-01
    outer loop
      vertex   -1.313476e+01 3.972500e+01 4.129904e+01
      vertex   -1.303423e+01 3.908783e+01 4.144889e+01
      vertex   -1.282146e+01 3.954411e+01 4.144889e+01
    endloop
  endfacet
  facet normal -3.144971e-01 2.202133e-01 9.233622e-01
    outer loop
      vertex   -1.313476e+01 3.972500e+01 4.129904e+01
      vertex   -1.282146e+01 3.954411e+01 4.144889e+01
      vertex   -1.280983e+01 4.018906e+01 4.129904e+01
    endloop
  endfacet
  facet normal -3.144971e-01 2.202133e-01 9.233622e-01
    outer loop
      vertex   -1.280983e+01 4.018906e+01 4.129904e+01
      vertex   -1.282146e+01 3.954411e+01 4.144889e+01
      vertex   -1.253269e+01 3.995652e+01 4.144889e+01
    endloop
  endfacet
  facet normal -2.714796e-01 2.714796e-01 9.233622e-01
    outer loop
      vertex   -1.280983e+01 4.018906e+01 4.129904e+01
      vertex   -1.253269e+01 3.995652e+01 4.144889e+01
      vertex   -1.240924e+01 4.058964e+01 4.129904e+01
    endloop
  endfacet
  facet normal -2.714796e-01 2.714796e-01 9.233622e-01
    outer loop
      vertex   -1.240924e+01 4.058964e+01 4.129904e+01
      vertex   -1.253269e+01 3.995652e+01 4.144889e+01
      vertex   -1.217670e+01 4.031251e+01 4.144889e+01
    endloop
  endfacet
  facet normal -2.202133e-01 3.144971e-01 9.233622e-01
    outer loop
      vertex   -1.240924e+01 4.058964e+01 4.129904e+01
      vertex   -1.217670e+01 4.031251e+01 4.144889e+01
      vertex   -1.194518e+01 4.091458e+01 4.129904e+01
    endloop
  endfacet
  facet normal -2.202133e-01 3.144971e-01 9.233622e-01
    outer loop
      vertex   -1.194518e+01 4.091458e+01 4.129904e+01
      vertex   -1.217670e+01 4.031251e+01 4.144889e+01
      vertex   -1.176430e+01 4.060128e+01 4.144889e+01
    endloop
  endfacet
  facet normal -1.622559e-01 3.479588e-01 9.233622e-01
    outer loop
      vertex   -1.194518e+01 4.091458e+01 4.129904e+01
      vertex   -1.176430e+01 4.060128e+01 4.144889e+01
      vertex   -1.143175e+01 4.115400e+01 4.129904e+01
    endloop
  endfacet
  facet normal -1.622559e-01 3.479588e-01 9.233622e-01
    outer loop
      vertex   -1.143175e+01 4.115400e+01 4.129904e+01
      vertex   -1.176430e+01 4.060128e+01 4.144889e+01
      vertex   -1.130801e+01 4.081405e+01 4.144889e+01
    endloop
  endfacet
  facet normal -9.936842e-02 3.708480e-01 9.233622e-01
    outer loop
      vertex   -1.143175e+01 4.115400e+01 4.129904e+01
      vertex   -1.130801e+01 4.081405e+01 4.144889e+01
      vertex   -1.088454e+01 4.130063e+01 4.129904e+01
    endloop
  endfacet
  facet normal -9.936842e-02 3.708480e-01 9.233622e-01
    outer loop
      vertex   -1.088454e+01 4.130063e+01 4.129904e+01
      vertex   -1.130801e+01 4.081405e+01 4.144889e+01
      vertex   -1.082172e+01 4.094435e+01 4.144889e+01
    endloop
  endfacet
  facet normal -5.894291e-01 1.579371e-01 7.922305e-01
    outer loop
      vertex   -1.382675e+01 3.871830e+01 4.106066e+01
      vertex   -1.352081e+01 3.866436e+01 4.129904e+01
      vertex   -1.366611e+01 3.931782e+01 4.106066e+01
    endloop
  endfacet
  facet normal -5.894291e-01 1.579371e-01 7.922305e-01
    outer loop
      vertex   -1.366611e+01 3.931782e+01 4.106066e+01
      vertex   -1.352081e+01 3.866436e+01 4.129904e+01
      vertex   -1.337418e+01 3.921157e+01 4.129904e+01
    endloop
  endfacet
  facet normal -5.530489e-01 2.578909e-01 7.922305e-01
    outer loop
      vertex   -1.366611e+01 3.931782e+01 4.106066e+01
      vertex   -1.337418e+01 3.921157e+01 4.129904e+01
      vertex   -1.340380e+01 3.988033e+01 4.106066e+01
    endloop
  endfacet
  facet normal -5.530489e-01 2.578909e-01 7.922305e-01
    outer loop
      vertex   -1.340380e+01 3.988033e+01 4.106066e+01
      vertex   -1.337418e+01 3.921157e+01 4.129904e+01
      vertex   -1.313476e+01 3.972500e+01 4.129904e+01
    endloop
  endfacet
  facet normal -4.998645e-01 3.500089e-01 7.922305e-01
    outer loop
      vertex   -1.340380e+01 3.988033e+01 4.106066e+01
      vertex   -1.313476e+01 3.972500e+01 4.129904e+01
      vertex   -1.304781e+01 4.038875e+01 4.106066e+01
    endloop
  endfacet
  facet normal -4.998645e-01 3.500089e-01 7.922305e-01
    outer loop
      vertex   -1.304781e+01 4.038875e+01 4.106066e+01
      vertex   -1.313476e+01 3.972500e+01 4.129904e+01
      vertex   -1.280983e+01 4.018906e+01 4.129904e+01
    endloop
  endfacet
  facet normal -4.314921e-01 4.314921e-01 7.922305e-01
    outer loop
      vertex   -1.304781e+01 4.038875e+01 4.106066e+01
      vertex   -1.280983e+01 4.018906e+01 4.129904e+01
      vertex   -1.260893e+01 4.082762e+01 4.106066e+01
    endloop
  endfacet
  facet normal -4.314921e-01 4.314921e-01 7.922305e-01
    outer loop
      vertex   -1.260893e+01 4.082762e+01 4.106066e+01
      vertex   -1.280983e+01 4.018906e+01 4.129904e+01
      vertex   -1.240924e+01 4.058964e+01 4.129904e+01
    endloop
  endfacet
  facet normal -3.500089e-01 4.998645e-01 7.922305e-01
    outer loop
      vertex   -1.260893e+01 4.082762e+01 4.106066e+01
      vertex   -1.240924e+01 4.058964e+01 4.129904e+01
      vertex   -1.210051e+01 4.118362e+01 4.106066e+01
    endloop
  endfacet
  facet normal -3.500089e-01 4.998645e-01 7.922305e-01
    outer loop
      vertex   -1.210051e+01 4.118362e+01 4.106066e+01
      vertex   -1.240924e+01 4.058964e+01 4.129904e+01
      vertex   -1.194518e+01 4.091458e+01 4.129904e+01
    endloop
  endfacet
  facet normal -2.578909e-01 5.530489e-01 7.922305e-01
    outer loop
      vertex   -1.210051e+01 4.118362e+01 4.106066e+01
      vertex   -1.194518e+01 4.091458e+01 4.129904e+01
      vertex   -1.153800e+01 4.144593e+01 4.106066e+01
    endloop
  endfacet
  facet normal -2.578909e-01 5.530489e-01 7.922305e-01
    outer loop
      vertex   -1.153800e+01 4.144593e+01 4.106066e+01
      vertex   -1.194518e+01 4.091458e+01 4.129904e+01
      vertex   -1.143175e+01 4.115400e+01 4.129904e+01
    endloop
  endfacet
  facet normal -1.579371e-01 5.894291e-01 7.922305e-01
    outer loop
      vertex   -1.153800e+01 4.144593e+01 4.106066e+01
      vertex   -1.143175e+01 4.115400e+01 4.129904e+01
      vertex   -1.093848e+01 4.160657e+01 4.106066e+01
    endloop
  endfacet
  facet normal -1.579371e-01 5.894291e-01 7.922305e-01
    outer loop
      vertex   -1.093848e+01 4.160657e+01 4.106066e+01
      vertex   -1.143175e+01 4.115400e+01 4.129904e+01
      vertex   -1.088454e+01 4.130063e+01 4.129904e+01
    endloop
  endfacet
  facet normal -8.928959e-01 2.392507e-01 3.814394e-01
    outer loop
      vertex   -1.403092e+01 3.945060e+01 4.038823e+01
      vertex   -1.420908e+01 3.878572e+01 4.038823e+01
      vertex   -1.406150e+01 3.875970e+01 4.075000e+01
    endloop
  endfacet
  facet normal -7.674014e-01 2.056246e-01 6.073003e-01
    outer loop
      vertex   -1.406150e+01 3.875970e+01 4.075000e+01
      vertex   -1.382675e+01 3.871830e+01 4.106066e+01
      vertex   -1.389011e+01 3.939935e+01 4.075000e+01
    endloop
  endfacet
  facet normal -7.674014e-01 2.056246e-01 6.073003e-01
    outer loop
      vertex   -1.389011e+01 3.939935e+01 4.075000e+01
      vertex   -1.382675e+01 3.871830e+01 4.106066e+01
      vertex   -1.366611e+01 3.931782e+01 4.106066e+01
    endloop
  endfacet
  facet normal -7.200365e-01 3.357585e-01 6.073003e-01
    outer loop
      vertex   -1.389011e+01 3.939935e+01 4.075000e+01
      vertex   -1.366611e+01 3.931782e+01 4.106066e+01
      vertex   -1.361024e+01 3.999952e+01 4.075000e+01
    endloop
  endfacet
  facet normal -7.200365e-01 3.357585e-01 6.073003e-01
    outer loop
      vertex   -1.361024e+01 3.999952e+01 4.075000e+01
      vertex   -1.366611e+01 3.931782e+01 4.106066e+01
      vertex   -1.340380e+01 3.988033e+01 4.106066e+01
    endloop
  endfacet
  facet normal -6.507937e-01 4.556906e-01 6.073003e-01
    outer loop
      vertex   -1.361024e+01 3.999952e+01 4.075000e+01
      vertex   -1.340380e+01 3.988033e+01 4.106066e+01
      vertex   -1.323041e+01 4.054197e+01 4.075000e+01
    endloop
  endfacet
  facet normal -6.507937e-01 4.556906e-01 6.073003e-01
    outer loop
      vertex   -1.323041e+01 4.054197e+01 4.075000e+01
      vertex   -1.340380e+01 3.988033e+01 4.106066e+01
      vertex   -1.304781e+01 4.038875e+01 4.106066e+01
    endloop
  endfacet
  facet normal -5.617768e-01 5.617768e-01 6.073003e-01
    outer loop
      vertex   -1.323041e+01 4.054197e+01 4.075000e+01
      vertex   -1.304781e+01 4.038875e+01 4.106066e+01
      vertex   -1.276216e+01 4.101023e+01 4.075000e+01
    endloop
  endfacet
  facet normal -5.617768e-01 5.617768e-01 6.073003e-01
    outer loop
      vertex   -1.276216e+01 4.101023e+01 4.075000e+01
      vertex   -1.304781e+01 4.038875e+01 4.106066e+01
      vertex   -1.260893e+01 4.082762e+01 4.106066e+01
    endloop
  endfacet
  facet normal -4.556906e-01 6.507937e-01 6.073003e-01
    outer loop
      vertex   -1.276216e+01 4.101023e+01 4.075000e+01
      vertex   -1.260893e+01 4.082762e+01 4.106066e+01
      vertex   -1.221970e+01 4.139006e+01 4.075000e+01
    endloop
  endfacet
  facet normal -4.556906e-01 6.507937e-01 6.073003e-01
    outer loop
      vertex   -1.221970e+01 4.139006e+01 4.075000e+01
      vertex   -1.260893e+01 4.082762e+01 4.106066e+01
      vertex   -1.210051e+01 4.118362e+01 4.106066e+01
    endloop
  endfacet
  facet normal -3.357585e-01 7.200365e-01 6.073003e-01
    outer loop
      vertex   -1.221970e+01 4.139006e+01 4.075000e+01
      vertex   -1.210051e+01 4.118362e+01 4.106066e+01
      vertex   -1.161953e+01 4.166993e+01 4.075000e+01
    endloop
  endfacet
  facet normal -3.357585e-01 7.200365e-01 6.073003e-01
    outer loop
      vertex   -1.161953e+01 4.166993e+01 4.075000e+01
      vertex   -1.210051e+01 4.118362e+01 4.106066e+01
      vertex   -1.153800e+01 4.144593e+01 4.106066e+01
    endloop
  endfacet
  facet normal -2.056246e-01 7.674014e-01 6.073003e-01
    outer loop
      vertex   -1.161953e+01 4.166993e+01 4.075000e+01
      vertex   -1.153800e+01 4.144593e+01 4.106066e+01
      vertex   -1.097988e+01 4.184132e+01 4.075000e+01
    endloop
  endfacet
  facet normal -2.056246e-01 7.674014e-01 6.073003e-01
    outer loop
      vertex   -1.097988e+01 4.184132e+01 4.075000e+01
      vertex   -1.153800e+01 4.144593e+01 4.106066e+01
      vertex   -1.093848e+01 4.160657e+01 4.106066e+01
    endloop
  endfacet
  facet normal -8.377853e-01 3.906657e-01 3.814394e-01
    outer loop
      vertex   -1.374002e+01 4.007444e+01 4.038823e+01
      vertex   -1.403092e+01 3.945060e+01 4.038823e+01
      vertex   -1.389011e+01 3.939935e+01 4.075000e+01
    endloop
  endfacet
  facet normal -8.928959e-01 2.392507e-01 3.814394e-01
    outer loop
      vertex   -1.389011e+01 3.939935e+01 4.075000e+01
      vertex   -1.403092e+01 3.945060e+01 4.038823e+01
      vertex   -1.406150e+01 3.875970e+01 4.075000e+01
    endloop
  endfacet
  facet normal -8.377853e-01 3.906657e-01 3.814394e-01
    outer loop
      vertex   -1.374002e+01 4.007444e+01 4.038823e+01
      vertex   -1.389011e+01 3.939935e+01 4.075000e+01
      vertex   -1.361024e+01 3.999952e+01 4.075000e+01
    endloop
  endfacet
  facet normal -7.572191e-01 5.302105e-01 3.814394e-01
    outer loop
      vertex   -1.334521e+01 4.063830e+01 4.038823e+01
      vertex   -1.374002e+01 4.007444e+01 4.038823e+01
      vertex   -1.361024e+01 3.999952e+01 4.075000e+01
    endloop
  endfacet
  facet normal -7.572191e-01 5.302105e-01 3.814394e-01
    outer loop
      vertex   -1.334521e+01 4.063830e+01 4.038823e+01
      vertex   -1.361024e+01 3.999952e+01 4.075000e+01
      vertex   -1.323041e+01 4.054197e+01 4.075000e+01
    endloop
  endfacet
  facet normal -6.536451e-01 6.536451e-01 3.814394e-01
    outer loop
      vertex   -1.285848e+01 4.112502e+01 4.038823e+01
      vertex   -1.334521e+01 4.063830e+01 4.038823e+01
      vertex   -1.323041e+01 4.054197e+01 4.075000e+01
    endloop
  endfacet
  facet normal -6.536451e-01 6.536451e-01 3.814394e-01
    outer loop
      vertex   -1.285848e+01 4.112502e+01 4.038823e+01
      vertex   -1.323041e+01 4.054197e+01 4.075000e+01
      vertex   -1.276216e+01 4.101023e+01 4.075000e+01
    endloop
  endfacet
  facet normal -5.302105e-01 7.572191e-01 3.814394e-01
    outer loop
      vertex   -1.229463e+01 4.151984e+01 4.038823e+01
      vertex   -1.285848e+01 4.112502e+01 4.038823e+01
      vertex   -1.276216e+01 4.101023e+01 4.075000e+01
    endloop
  endfacet
  facet normal -5.302105e-01 7.572191e-01 3.814394e-01
    outer loop
      vertex   -1.229463e+01 4.151984e+01 4.038823e+01
      vertex   -1.276216e+01 4.101023e+01 4.075000e+01
      vertex   -1.221970e+01 4.139006e+01 4.075000e+01
    endloop
  endfacet
  facet normal -3.906657e-01 8.377853e-01 3.814394e-01
    outer loop
      vertex   -1.167078e+01 4.181074e+01 4.038823e+01
      vertex   -1.229463e+01 4.151984e+01 4.038823e+01
      vertex   -1.221970e+01 4.139006e+01 4.075000e+01
    endloop
  endfacet
  facet normal -3.906657e-01 8.377853e-01 3.814394e-01
    outer loop
      vertex   -1.167078e+01 4.181074e+01 4.038823e+01
      vertex   -1.221970e+01 4.139006e+01 4.075000e+01
      vertex   -1.161953e+01 4.166993e+01 4.075000e+01
    endloop
  endfacet
  facet normal -2.392507e-01 8.928959e-01 3.814394e-01
    outer loop
      vertex   -1.100590e+01 4.198890e+01 4.038823e+01
      vertex   -1.167078e+01 4.181074e+01 4.038823e+01
      vertex   -1.161953e+01 4.166993e+01 4.075000e+01
    endloop
  endfacet
  facet normal -2.392507e-01 8.928959e-01 3.814394e-01
    outer loop
      vertex   -1.100590e+01 4.198890e+01 4.038823e+01
      vertex   -1.161953e+01 4.166993e+01 4.075000e+01
      vertex   -1.097988e+01 4.184132e+01 4.075000e+01
    endloop
  endfacet
  facet normal 0.000000e+00 1.305262e-01 9.914449e-01
    outer loop
      vertex   3.976000e+01 4.098823e+01 4.144889e+01
      vertex   3.141330e+01 4.098823e+01 4.144889e+01
      vertex   3.976000e+01 4.060000e+01 4.150000e+01
    endloop
  endfacet
  facet normal 0.000000e+00 1.305262e-01 9.914449e-01
    outer loop
      vertex   3.976000e+01 4.060000e+01 4.150000e+01
      vertex   3.141330e+01 4.098823e+01 4.144889e+01
      vertex   2.306661e+01 4.098823e+01 4.144889e+01
    endloop
  endfacet
  facet normal 0.000000e+00 1.305262e-01 9.914449e-01
    outer loop
      vertex   3.976000e+01 4.060000e+01 4.150000e+01
      vertex   2.306661e+01 4.098823e+01 4.144889e+01
      vertex   1.471991e+01 4.098823e+01 4.144889e+01
    endloop
  endfacet
  facet normal -0.000000e+00 3.826834e-01 9.238795e-01
    outer loop
      vertex   1.471991e+01 4.098823e+01 4.144889e+01
      vertex   2.306661e+01 4.098823e+01 4.144889e+01
      vertex   1.471991e+01 4.135000e+01 4.129904e+01
    endloop
  endfacet
  facet normal -7.876451e-16 3.826834e-01 9.238795e-01
    outer loop
      vertex   1.471991e+01 4.098823e+01 4.144889e+01
      vertex   1.471991e+01 4.135000e+01 4.129904e+01
      vertex   6.373213e+00 4.135000e+01 4.129904e+01
    endloop
  endfacet
  facet normal -6.753707e-16 6.087614e-01 7.933533e-01
    outer loop
      vertex   6.373213e+00 4.135000e+01 4.129904e+01
      vertex   1.471991e+01 4.135000e+01 4.129904e+01
      vertex   6.373213e+00 4.166066e+01 4.106066e+01
    endloop
  endfacet
  facet normal 0.000000e+00 6.087614e-01 7.933533e-01
    outer loop
      vertex   6.373213e+00 4.135000e+01 4.129904e+01
      vertex   6.373213e+00 4.166066e+01 4.106066e+01
      vertex   -1.973484e+00 4.166066e+01 4.106066e+01
    endloop
  endfacet
  facet normal -0.000000e+00 7.933533e-01 6.087614e-01
    outer loop
      vertex   -1.973484e+00 4.166066e+01 4.106066e+01
      vertex   6.373213e+00 4.166066e+01 4.106066e+01
      vertex   -1.973484e+00 4.189904e+01 4.075000e+01
    endloop
  endfacet
  facet normal 6.751244e-16 7.933533e-01 6.087614e-01
    outer loop
      vertex   -1.973484e+00 4.166066e+01 4.106066e+01
      vertex   -1.973484e+00 4.189904e+01 4.075000e+01
      vertex   -1.032018e+01 4.189904e+01 4.075000e+01
    endloop
  endfacet
  facet normal 7.864858e-16 9.238795e-01 3.826834e-01
    outer loop
      vertex   -1.032018e+01 4.189904e+01 4.075000e+01
      vertex   -1.973484e+00 4.189904e+01 4.075000e+01
      vertex   -1.032018e+01 4.204889e+01 4.038823e+01
    endloop
  endfacet
  facet normal 7.864858e-16 9.238795e-01 3.826834e-01
    outer loop
      vertex   -1.032018e+01 4.204889e+01 4.038823e+01
      vertex   -1.973484e+00 4.189904e+01 4.075000e+01
      vertex   -1.973484e+00 4.204889e+01 4.038823e+01
    endloop
  endfacet
  facet normal 8.440033e-16 9.914449e-01 1.305262e-01
    outer loop
      vertex   -1.032018e+01 4.204889e+01 4.038823e+01
      vertex   -1.973484e+00 4.204889e+01 4.038823e+01
      vertex   -1.032018e+01 4.210000e+01 4.000000e+01
    endloop
  endfacet
  facet normal 0.000000e+00 9.914449e-01 1.305262e-01
    outer loop
      vertex   -1.032018e+01 4.210000e+01 4.000000e+01
      vertex   -1.973484e+00 4.204889e+01 4.038823e+01
      vertex   6.373213e+00 4.204889e+01 4.038823e+01
    endloop
  endfacet
  facet normal 0.000000e+00 9.914449e-01 1.305262e-01
    outer loop
      vertex   -1.032018e+01 4.210000e+01 4.000000e+01
      vertex   6.373213e+00 4.204889e+01 4.038823e+01
      vertex   1.471991e+01 4.204889e+01 4.038823e+01
    endloop
  endfacet
  facet normal 0.000000e+00 9.238795e-01 3.826834e-01
    outer loop
      vertex   1.471991e+01 4.204889e+01 4.038823e+01
      vertex   6.373213e+00 4.204889e+01 4.038823e+01
      vertex   1.471991e+01 4.189904e+01 4.075000e+01
    endloop
  endfacet
  facet normal 0.000000e+00 9.238795e-01 3.826834e-01
    outer loop
      vertex   1.471991e+01 4.204889e+01 4.038823e+01
      vertex   1.471991e+01 4.189904e+01 4.075000e+01
      vertex   2.306661e+01 4.189904e+01 4.075000e+01
    endloop
  endfacet
  facet normal 0.000000e+00 7.933533e-01 6.087614e-01
    outer loop
      vertex   2.306661e+01 4.189904e+01 4.075000e+01
      vertex   1.471991e+01 4.189904e+01 4.075000e+01
      vertex   2.306661e+01 4.166066e+01 4.106066e+01
    endloop
  endfacet
  facet normal 0.000000e+00 7.933533e-01 6.087614e-01
    outer loop
      vertex   2.306661e+01 4.189904e+01 4.075000e+01
      vertex   2.306661e+01 4.166066e+01 4.106066e+01
      vertex   3.141330e+01 4.166066e+01 4.106066e+01
    endloop
  endfacet
  facet normal 0.000000e+00 6.087614e-01 7.933533e-01
    outer loop
      vertex   3.141330e+01 4.166066e+01 4.106066e+01
      vertex   2.306661e+01 4.166066e+01 4.106066e+01
      vertex   3.141330e+01 4.135000e+01 4.129904e+01
    endloop
  endfacet
  facet normal 0.000000e+00 6.087614e-01 7.933533e-01
    outer loop
      vertex   3.141330e+01 4.166066e+01 4.106066e+01
      vertex   3.141330e+01 4.135000e+01 4.129904e+01
      vertex   3.976000e+01 4.135000e+01 4.129904e+01
    endloop
  endfacet
  facet normal 0.000000e+00 3.826834e-01 9.238795e-01
    outer loop
      vertex   3.976000e+01 4.135000e+01 4.129904e+01
      vertex   3.141330e+01 4.135000e+01 4.129904e+01
      vertex   3.976000e+01 4.098823e+01 4.144889e+01
    endloop
  endfacet
  facet normal 0.000000e+00 3.826834e-01 9.238795e-01
    outer loop
      vertex   3.976000e+01 4.098823e+01 4.144889e+01
      vertex   3.141330e+01 4.135000e+01 4.129904e+01
      vertex   3.141330e+01 4.098823e+01 4.144889e+01
    endloop
  endfacet
  facet normal -1.868269e-15 6.087614e-01 7.933533e-01
    outer loop
      vertex   3.976000e+01 4.135000e+01 4.129904e+01
      vertex   3.976000e+01 4.166066e+01 4.106066e+01
      vertex   3.141330e+01 4.166066e+01 4.106066e+01
    endloop
  endfacet
  facet normal -1.711831e-15 7.933533e-01 6.087614e-01
    outer loop
      vertex   3.141330e+01 4.166066e+01 4.106066e+01
      vertex   3.976000e+01 4.166066e+01 4.106066e+01
      vertex   3.141330e+01 4.189904e+01 4.075000e+01
    endloop
  endfacet
  facet normal 0.000000e+00 7.933533e-01 6.087614e-01
    outer loop
      vertex   3.141330e+01 4.166066e+01 4.106066e+01
      vertex   3.141330e+01 4.189904e+01 4.075000e+01
      vertex   2.306661e+01 4.189904e+01 4.075000e+01
    endloop
  endfacet
  facet normal -0.000000e+00 9.238795e-01 3.826834e-01
    outer loop
      vertex   2.306661e+01 4.189904e+01 4.075000e+01
      vertex   3.141330e+01 4.189904e+01 4.075000e+01
      vertex   2.306661e+01 4.204889e+01 4.038823e+01
    endloop
  endfacet
  facet normal 0.000000e+00 9.238795e-01 3.826834e-01
    outer loop
      vertex   2.306661e+01 4.189904e+01 4.075000e+01
      vertex   2.306661e+01 4.204889e+01 4.038823e+01
      vertex   1.471991e+01 4.204889e+01 4.038823e+01
    endloop
  endfacet
  facet normal -0.000000e+00 9.914449e-01 1.305262e-01
    outer loop
      vertex   1.471991e+01 4.204889e+01 4.038823e+01
      vertex   2.306661e+01 4.204889e+01 4.038823e+01
      vertex   3.976000e+01 4.210000e+01 4.000000e+01
    endloop
  endfacet
  facet normal 0.000000e+00 9.914449e-01 1.305262e-01
    outer loop
      vertex   1.471991e+01 4.204889e+01 4.038823e+01
      vertex   3.976000e+01 4.210000e+01 4.000000e+01
      vertex   -1.032018e+01 4.210000e+01 4.000000e+01
    endloop
  endfacet
  facet normal 0.000000e+00 7.933533e-01 6.087614e-01
    outer loop
      vertex   3.976000e+01 4.166066e+01 4.106066e+01
      vertex   3.976000e+01 4.189904e+01 4.075000e+01
      vertex   3.141330e+01 4.189904e+01 4.075000e+01
    endloop
  endfacet
  facet normal -0.000000e+00 9.238795e-01 3.826834e-01
    outer loop
      vertex   3.141330e+01 4.189904e+01 4.075000e+01
      vertex   3.976000e+01 4.189904e+01 4.075000e+01
      vertex   3.141330e+01 4.204889e+01 4.038823e+01
    endloop
  endfacet
  facet normal 0.000000e+00 9.238795e-01 3.826834e-01
    outer loop
      vertex   3.141330e+01 4.189904e+01 4.075000e+01
      vertex   3.141330e+01 4.204889e+01 4.038823e+01
      vertex   2.306661e+01 4.204889e+01 4.038823e+01
    endloop
  endfacet
  facet normal -0.000000e+00 9.914449e-01 1.305262e-01
    outer loop
      vertex   2.306661e+01 4.204889e+01 4.038823e+01
      vertex   3.141330e+01 4.204889e+01 4.038823e+01
      vertex   3.976000e+01 4.210000e+01 4.000000e+01
    endloop
  endfacet
  facet normal 0.000000e+00 9.238795e-01 3.826834e-01
    outer loop
      vertex   3.976000e+01 4.189904e+01 4.075000e+01
      vertex   3.976000e+01 4.204889e+01 4.038823e+01
      vertex   3.141330e+01 4.204889e+01 4.038823e+01
    endloop
  endfacet
  facet normal -0.000000e+00 9.914449e-01 1.305262e-01
    outer loop
      vertex   3.141330e+01 4.204889e+01 4.038823e+01
      vertex   3.976000e+01 4.204889e+01 4.038823e+01
      vertex   3.976000e+01 4.210000e+01 4.000000e+01
    endloop
  endfacet
  facet normal 1.711164e-15 7.933533e-01 6.087614e-01
    outer loop
      vertex   -1.032018e+01 4.189904e+01 4.075000e+01
      vertex   -1.032018e+01 4.166066e+01 4.106066e+01
      vertex   -1.973484e+00 4.166066e+01 4.106066e+01
    endloop
  endfacet
  facet normal 1.868972e-15 6.087614e-01 7.933533e-01
    outer loop
      vertex   -1.973484e+00 4.166066e+01 4.106066e+01
      vertex   -1.032018e+01 4.166066e+01 4.106066e+01
      vertex   -1.973484e+00 4.135000e+01 4.129904e+01
    endloop
  endfacet
  facet normal 0.000000e+00 6.087614e-01 7.933533e-01
    outer loop
      vertex   -1.973484e+00 4.166066e+01 4.106066e+01
      vertex   -1.973484e+00 4.135000e+01 4.129904e+01
      vertex   6.373213e+00 4.135000e+01 4.129904e+01
    endloop
  endfacet
  facet normal 0.000000e+00 3.826834e-01 9.238795e-01
    outer loop
      vertex   6.373213e+00 4.135000e+01 4.129904e+01
      vertex   -1.973484e+00 4.135000e+01 4.129904e+01
      vertex   6.373213e+00 4.098823e+01 4.144889e+01
    endloop
  endfacet
  facet normal 3.269470e-16 3.826834e-01 9.238795e-01
    outer loop
      vertex   6.373213e+00 4.135000e+01 4.129904e+01
      vertex   6.373213e+00 4.098823e+01 4.144889e+01
      vertex   1.471991e+01 4.098823e+01 4.144889e+01
    endloop
  endfacet
  facet normal 1.111151e-16 1.305262e-01 9.914449e-01
    outer loop
      vertex   1.471991e+01 4.098823e+01 4.144889e+01
      vertex   6.373213e+00 4.098823e+01 4.144889e+01
      vertex   -1.032018e+01 4.060000e+01 4.150000e+01
    endloop
  endfacet
  facet normal 1.857654e-17 1.305262e-01 9.914449e-01
    outer loop
      vertex   1.471991e+01 4.098823e+01 4.144889e+01
      vertex   -1.032018e+01 4.060000e+01 4.150000e+01
      vertex   3.976000e+01 4.060000e+01 4.150000e+01
    endloop
  endfacet
  facet normal 1.193144e-15 6.087614e-01 7.933533e-01
    outer loop
      vertex   -1.032018e+01 4.166066e+01 4.106066e+01
      vertex   -1.032018e+01 4.135000e+01 4.129904e+01
      vertex   -1.973484e+00 4.135000e+01 4.129904e+01
    endloop
  endfacet
  facet normal 1.112259e-15 3.826834e-01 9.238795e-01
    outer loop
      vertex   -1.973484e+00 4.135000e+01 4.129904e+01
      vertex   -1.032018e+01 4.135000e+01 4.129904e+01
      vertex   -1.973484e+00 4.098823e+01 4.144889e+01
    endloop
  endfacet
  facet normal 0.000000e+00 3.826834e-01 9.238795e-01
    outer loop
      vertex   -1.973484e+00 4.135000e+01 4.129904e+01
      vertex   -1.973484e+00 4.098823e+01 4.144889e+01
      vertex   6.373213e+00 4.098823e+01 4.144889e+01
    endloop
  endfacet
  facet normal 0.000000e+00 1.305262e-01 9.914449e-01
    outer loop
      vertex   6.373213e+00 4.098823e+01 4.144889e+01
      vertex   -1.973484e+00 4.098823e+01 4.144889e+01
      vertex   -1.032018e+01 4.060000e+01 4.150000e+01
    endloop
  endfacet
  facet normal 0.000000e+00 3.826834e-01 9.238795e-01
    outer loop
      vertex   -1.032018e+01 4.135000e+01 4.129904e+01
      vertex   -1.032018e+01 4.098823e+01 4.144889e+01
      vertex   -1.973484e+00 4.098823e+01 4.144889e+01
    endloop
  endfacet
  facet normal 0.000000e+00 1.305262e-01 9.914449e-01
    outer loop
      vertex   -1.973484e+00 4.098823e+01 4.144889e+01
      vertex   -1.032018e+01 4.098823e+01 4.144889e+01
      vertex   -1.032018e+01 4.060000e+01 4.150000e+01
    endloop
  endfacet
  facet normal -0.000000e+00 3.826834e-01 9.238795e-01
    outer loop
      vertex   2.306661e+01 4.098823e+01 4.144889e+01
      vertex   3.141330e+01 4.098823e+01 4.144889e+01
      vertex   2.306661e+01 4.135000e+01 4.129904e+01
    endloop
  endfacet
  facet normal -0.000000e+00 3.826834e-01 9.238795e-01
    outer loop
      vertex   2.306661e+01 4.135000e+01 4.129904e+01
      vertex   3.141330e+01 4.098823e+01 4.144889e+01
      vertex   3.141330e+01 4.135000e+01 4.129904e+01
    endloop
  endfacet
  facet normal -0.000000e+00 6.087614e-01 7.933533e-01
    outer loop
      vertex   2.306661e+01 4.135000e+01 4.129904e+01
      vertex   3.141330e+01 4.135000e+01 4.129904e+01
      vertex   2.306661e+01 4.166066e+01 4.106066e+01
    endloop
  endfacet
  facet normal 0.000000e+00 3.826834e-01 9.238795e-01
    outer loop
      vertex   2.306661e+01 4.098823e+01 4.144889e+01
      vertex   2.306661e+01 4.135000e+01 4.129904e+01
      vertex   1.471991e+01 4.135000e+01 4.129904e+01
    endloop
  endfacet
  facet normal -0.000000e+00 6.087614e-01 7.933533e-01
    outer loop
      vertex   1.471991e+01 4.135000e+01 4.129904e+01
      vertex   2.306661e+01 4.135000e+01 4.129904e+01
      vertex   1.471991e+01 4.166066e+01 4.106066e+01
    endloop
  endfacet
  facet normal 0.000000e+00 6.087614e-01 7.933533e-01
    outer loop
      vertex   1.471991e+01 4.135000e+01 4.129904e+01
      vertex   1.471991e+01 4.166066e+01 4.106066e+01
      vertex   6.373213e+00 4.166066e+01 4.106066e+01
    endloop
  endfacet
  facet normal -0.000000e+00 7.933533e-01 6.087614e-01
    outer loop
      vertex   6.373213e+00 4.166066e+01 4.106066e+01
      vertex   1.471991e+01 4.166066e+01 4.106066e+01
      vertex   6.373213e+00 4.189904e+01 4.075000e+01
    endloop
  endfacet
  facet normal 0.000000e+00 7.933533e-01 6.087614e-01
    outer loop
      vertex   6.373213e+00 4.166066e+01 4.106066e+01
      vertex   6.373213e+00 4.189904e+01 4.075000e+01
      vertex   -1.973484e+00 4.189904e+01 4.075000e+01
    endloop
  endfacet
  facet normal -0.000000e+00 9.238795e-01 3.826834e-01
    outer loop
      vertex   -1.973484e+00 4.189904e+01 4.075000e+01
      vertex   6.373213e+00 4.189904e+01 4.075000e+01
      vertex   -1.973484e+00 4.204889e+01 4.038823e+01
    endloop
  endfacet
  facet normal 5.182302e-16 6.087614e-01 7.933533e-01
    outer loop
      vertex   1.471991e+01 4.166066e+01 4.106066e+01
      vertex   2.306661e+01 4.135000e+01 4.129904e+01
      vertex   2.306661e+01 4.166066e+01 4.106066e+01
    endloop
  endfacet
  facet normal -0.000000e+00 7.933533e-01 6.087614e-01
    outer loop
      vertex   6.373213e+00 4.189904e+01 4.075000e+01
      vertex   1.471991e+01 4.166066e+01 4.106066e+01
      vertex   1.471991e+01 4.189904e+01 4.075000e+01
    endloop
  endfacet
  facet normal 6.751244e-16 7.933533e-01 6.087614e-01
    outer loop
      vertex   1.471991e+01 4.189904e+01 4.075000e+01
      vertex   1.471991e+01 4.166066e+01 4.106066e+01
      vertex   2.306661e+01 4.166066e+01 4.106066e+01
    endloop
  endfacet
  facet normal -0.000000e+00 9.238795e-01 3.826834e-01
    outer loop
      vertex   -1.973484e+00 4.204889e+01 4.038823e+01
      vertex   6.373213e+00 4.189904e+01 4.075000e+01
      vertex   6.373213e+00 4.204889e+01 4.038823e+01
    endloop
  endfacet
  facet normal 0.000000e+00 9.238795e-01 3.826834e-01
    outer loop
      vertex   6.373213e+00 4.204889e+01 4.038823e+01
      vertex   6.373213e+00 4.189904e+01 4.075000e+01
      vertex   1.471991e+01 4.189904e+01 4.075000e+01
    endloop
  endfacet
  facet normal 8.641571e-02 9.877360e-01 1.300379e-01
    outer loop
      vertex   3.976000e+01 4.210000e+01 4.000000e+01
      vertex   3.976000e+01 4.204889e+01 4.038823e+01
      vertex   4.045459e+01 4.203923e+01 4.000000e+01
    endloop
  endfacet
  facet normal 8.641571e-02 9.877360e-01 1.300379e-01
    outer loop
      vertex   4.045459e+01 4.203923e+01 4.000000e+01
      vertex   3.976000e+01 4.204889e+01 4.038823e+01
      vertex   4.044572e+01 4.198890e+01 4.038823e+01
    endloop
  endfacet
  facet normal 2.566214e-01 9.577242e-01 1.300379e-01
    outer loop
      vertex   4.045459e+01 4.203923e+01 4.000000e+01
      vertex   4.044572e+01 4.198890e+01 4.038823e+01
      vertex   4.112808e+01 4.185877e+01 4.000000e+01
    endloop
  endfacet
  facet normal 2.566214e-01 9.577242e-01 1.300379e-01
    outer loop
      vertex   4.112808e+01 4.185877e+01 4.000000e+01
      vertex   4.044572e+01 4.198890e+01 4.038823e+01
      vertex   4.111060e+01 4.181074e+01 4.038823e+01
    endloop
  endfacet
  facet normal 4.190298e-01 8.986123e-01 1.300379e-01
    outer loop
      vertex   4.112808e+01 4.185877e+01 4.000000e+01
      vertex   4.111060e+01 4.181074e+01 4.038823e+01
      vertex   4.176000e+01 4.156410e+01 4.000000e+01
    endloop
  endfacet
  facet normal 4.190298e-01 8.986123e-01 1.300379e-01
    outer loop
      vertex   4.176000e+01 4.156410e+01 4.000000e+01
      vertex   4.111060e+01 4.181074e+01 4.038823e+01
      vertex   4.173444e+01 4.151984e+01 4.038823e+01
    endloop
  endfacet
  facet normal 5.687062e-01 8.121966e-01 1.300379e-01
    outer loop
      vertex   4.176000e+01 4.156410e+01 4.000000e+01
      vertex   4.173444e+01 4.151984e+01 4.038823e+01
      vertex   4.233115e+01 4.116418e+01 4.000000e+01
    endloop
  endfacet
  facet normal 5.687062e-01 8.121966e-01 1.300379e-01
    outer loop
      vertex   4.233115e+01 4.116418e+01 4.000000e+01
      vertex   4.173444e+01 4.151984e+01 4.038823e+01
      vertex   4.229830e+01 4.112502e+01 4.038823e+01
    endloop
  endfacet
  facet normal 7.011028e-01 7.011028e-01 1.300379e-01
    outer loop
      vertex   4.233115e+01 4.116418e+01 4.000000e+01
      vertex   4.229830e+01 4.112502e+01 4.038823e+01
      vertex   4.282418e+01 4.067115e+01 4.000000e+01
    endloop
  endfacet
  facet normal 7.011028e-01 7.011028e-01 1.300379e-01
    outer loop
      vertex   4.282418e+01 4.067115e+01 4.000000e+01
      vertex   4.229830e+01 4.112502e+01 4.038823e+01
      vertex   4.278502e+01 4.063830e+01 4.038823e+01
    endloop
  endfacet
  facet normal 8.121966e-01 5.687062e-01 1.300379e-01
    outer loop
      vertex   4.282418e+01 4.067115e+01 4.000000e+01
      vertex   4.278502e+01 4.063830e+01 4.038823e+01
      vertex   4.322410e+01 4.010000e+01 4.000000e+01
    endloop
  endfacet
  facet normal 8.121966e-01 5.687062e-01 1.300379e-01
    outer loop
      vertex   4.322410e+01 4.010000e+01 4.000000e+01
      vertex   4.278502e+01 4.063830e+01 4.038823e+01
      vertex   4.317984e+01 4.007444e+01 4.038823e+01
    endloop
  endfacet
  facet normal 8.986123e-01 4.190298e-01 1.300379e-01
    outer loop
      vertex   4.322410e+01 4.010000e+01 4.000000e+01
      vertex   4.317984e+01 4.007444e+01 4.038823e+01
      vertex   4.351877e+01 3.946808e+01 4.000000e+01
    endloop
  endfacet
  facet normal 8.986123e-01 4.190298e-01 1.300379e-01
    outer loop
      vertex   4.351877e+01 3.946808e+01 4.000000e+01
      vertex   4.317984e+01 4.007444e+01 4.038823e+01
      vertex   4.347074e+01 3.945060e+01 4.038823e+01
    endloop
  endfacet
  facet normal 9.577242e-01 2.566214e-01 1.300379e-01
    outer loop
      vertex   4.351877e+01 3.946808e+01 4.000000e+01
      vertex   4.347074e+01 3.945060e+01 4.038823e+01
      vertex   4.369923e+01 3.879459e+01 4.000000e+01
    endloop
  endfacet
  facet normal 9.577242e-01 2.566214e-01 1.300379e-01
    outer loop
      vertex   4.369923e+01 3.879459e+01 4.000000e+01
      vertex   4.347074e+01 3.945060e+01 4.038823e+01
      vertex   4.364890e+01 3.878572e+01 4.038823e+01
    endloop
  endfacet
  facet normal 9.877360e-01 8.641571e-02 1.300379e-01
    outer loop
      vertex   4.369923e+01 3.879459e+01 4.000000e+01
      vertex   4.364890e+01 3.878572e+01 4.038823e+01
      vertex   4.376000e+01 3.810000e+01 4.000000e+01
    endloop
  endfacet
  facet normal 9.877360e-01 8.641571e-02 1.300379e-01
    outer loop
      vertex   4.376000e+01 3.810000e+01 4.000000e+01
      vertex   4.364890e+01 3.878572e+01 4.038823e+01
      vertex   4.370889e+01 3.810000e+01 4.038823e+01
    endloop
  endfacet
  facet normal 9.208762e-01 8.056623e-02 3.814394e-01
    outer loop
      vertex   4.370889e+01 3.810000e+01 4.038823e+01
      vertex   4.364890e+01 3.878572e+01 4.038823e+01
      vertex   4.350132e+01 3.875970e+01 4.075000e+01
    endloop
  endfacet
  facet normal 9.208762e-01 8.056623e-02 3.814394e-01
    outer loop
      vertex   4.370889e+01 3.810000e+01 4.038823e+01
      vertex   4.350132e+01 3.875970e+01 4.075000e+01
      vertex   4.355904e+01 3.810000e+01 4.075000e+01
    endloop
  endfacet
  facet normal 7.914492e-01 6.924283e-02 6.073003e-01
    outer loop
      vertex   4.355904e+01 3.810000e+01 4.075000e+01
      vertex   4.350132e+01 3.875970e+01 4.075000e+01
      vertex   4.326657e+01 3.871830e+01 4.106066e+01
    endloop
  endfacet
  facet normal 7.914492e-01 6.924283e-02 6.073003e-01
    outer loop
      vertex   4.355904e+01 3.810000e+01 4.075000e+01
      vertex   4.326657e+01 3.871830e+01 4.106066e+01
      vertex   4.332066e+01 3.810000e+01 4.106066e+01
    endloop
  endfacet
  facet normal 6.078999e-01 5.318435e-02 7.922305e-01
    outer loop
      vertex   4.332066e+01 3.810000e+01 4.106066e+01
      vertex   4.326657e+01 3.871830e+01 4.106066e+01
      vertex   4.296063e+01 3.866436e+01 4.129904e+01
    endloop
  endfacet
  facet normal 6.078999e-01 5.318435e-02 7.922305e-01
    outer loop
      vertex   4.332066e+01 3.810000e+01 4.106066e+01
      vertex   4.296063e+01 3.866436e+01 4.129904e+01
      vertex   4.301000e+01 3.810000e+01 4.129904e+01
    endloop
  endfacet
  facet normal 3.824691e-01 3.346171e-02 9.233622e-01
    outer loop
      vertex   4.301000e+01 3.810000e+01 4.129904e+01
      vertex   4.296063e+01 3.866436e+01 4.129904e+01
      vertex   4.260435e+01 3.860154e+01 4.144889e+01
    endloop
  endfacet
  facet normal 3.824691e-01 3.346171e-02 9.233622e-01
    outer loop
      vertex   4.301000e+01 3.810000e+01 4.129904e+01
      vertex   4.260435e+01 3.860154e+01 4.144889e+01
      vertex   4.264823e+01 3.810000e+01 4.144889e+01
    endloop
  endfacet
  facet normal 1.305177e-01 1.141882e-02 9.913802e-01
    outer loop
      vertex   4.264823e+01 3.810000e+01 4.144889e+01
      vertex   4.260435e+01 3.860154e+01 4.144889e+01
      vertex   4.226000e+01 3.810000e+01 4.150000e+01
    endloop
  endfacet
  facet normal 1.287171e-01 1.267753e-02 9.916003e-01
    outer loop
      vertex   4.226000e+01 3.810000e+01 4.150000e+01
      vertex   4.260435e+01 3.860154e+01 4.144889e+01
      vertex   4.221196e+01 3.858773e+01 4.150000e+01
    endloop
  endfacet
  facet normal 1.279042e-01 3.427182e-02 9.911942e-01
    outer loop
      vertex   4.221196e+01 3.858773e+01 4.150000e+01
      vertex   4.260435e+01 3.860154e+01 4.144889e+01
      vertex   4.247405e+01 3.908783e+01 4.144889e+01
    endloop
  endfacet
  facet normal 1.225036e-01 3.716107e-02 9.917721e-01
    outer loop
      vertex   4.221196e+01 3.858773e+01 4.150000e+01
      vertex   4.247405e+01 3.908783e+01 4.144889e+01
      vertex   4.206970e+01 3.905671e+01 4.150000e+01
    endloop
  endfacet
  facet normal 1.209331e-01 5.639201e-02 9.910576e-01
    outer loop
      vertex   4.206970e+01 3.905671e+01 4.150000e+01
      vertex   4.247405e+01 3.908783e+01 4.144889e+01
      vertex   4.226128e+01 3.954411e+01 4.144889e+01
    endloop
  endfacet
  facet normal 1.121344e-01 5.993707e-02 9.918838e-01
    outer loop
      vertex   4.206970e+01 3.905671e+01 4.150000e+01
      vertex   4.226128e+01 3.954411e+01 4.144889e+01
      vertex   4.183867e+01 3.948893e+01 4.150000e+01
    endloop
  endfacet
  facet normal 1.098104e-01 7.689009e-02 9.909741e-01
    outer loop
      vertex   4.183867e+01 3.948893e+01 4.150000e+01
      vertex   4.226128e+01 3.954411e+01 4.144889e+01
      vertex   4.197251e+01 3.995652e+01 4.144889e+01
    endloop
  endfacet
  facet normal 9.795437e-02 8.038907e-02 9.919388e-01
    outer loop
      vertex   4.183867e+01 3.948893e+01 4.150000e+01
      vertex   4.197251e+01 3.995652e+01 4.144889e+01
      vertex   4.152777e+01 3.986777e+01 4.150000e+01
    endloop
  endfacet
  facet normal 9.493714e-02 9.493714e-02 9.909460e-01
    outer loop
      vertex   4.152777e+01 3.986777e+01 4.150000e+01
      vertex   4.197251e+01 3.995652e+01 4.144889e+01
      vertex   4.161652e+01 4.031251e+01 4.144889e+01
    endloop
  endfacet
  facet normal 8.038907e-02 9.795437e-02 9.919388e-01
    outer loop
      vertex   4.152777e+01 3.986777e+01 4.150000e+01
      vertex   4.161652e+01 4.031251e+01 4.144889e+01
      vertex   4.114893e+01 4.017867e+01 4.150000e+01
    endloop
  endfacet
  facet normal 7.689009e-02 1.098104e-01 9.909741e-01
    outer loop
      vertex   4.114893e+01 4.017867e+01 4.150000e+01
      vertex   4.161652e+01 4.031251e+01 4.144889e+01
      vertex   4.120411e+01 4.060128e+01 4.144889e+01
    endloop
  endfacet
  facet normal 5.993707e-02 1.121344e-01 9.918838e-01
    outer loop
      vertex   4.114893e+01 4.017867e+01 4.150000e+01
      vertex   4.120411e+01 4.060128e+01 4.144889e+01
      vertex   4.071671e+01 4.040970e+01 4.150000e+01
    endloop
  endfacet
  facet normal 5.639201e-02 1.209331e-01 9.910576e-01
    outer loop
      vertex   4.071671e+01 4.040970e+01 4.150000e+01
      vertex   4.120411e+01 4.060128e+01 4.144889e+01
      vertex   4.074783e+01 4.081405e+01 4.144889e+01
    endloop
  endfacet
  facet normal 3.716107e-02 1.225036e-01 9.917721e-01
    outer loop
      vertex   4.071671e+01 4.040970e+01 4.150000e+01
      vertex   4.074783e+01 4.081405e+01 4.144889e+01
      vertex   4.024773e+01 4.055196e+01 4.150000e+01
    endloop
  endfacet
  facet normal 3.427182e-02 1.279042e-01 9.911942e-01
    outer loop
      vertex   4.024773e+01 4.055196e+01 4.150000e+01
      vertex   4.074783e+01 4.081405e+01 4.144889e+01
      vertex   4.026154e+01 4.094435e+01 4.144889e+01
    endloop
  endfacet
  facet normal 1.267753e-02 1.287171e-01 9.916003e-01
    outer loop
      vertex   4.024773e+01 4.055196e+01 4.150000e+01
      vertex   4.026154e+01 4.094435e+01 4.144889e+01
      vertex   3.976000e+01 4.060000e+01 4.150000e+01
    endloop
  endfacet
  facet normal 1.141882e-02 1.305177e-01 9.913802e-01
    outer loop
      vertex   3.976000e+01 4.060000e+01 4.150000e+01
      vertex   4.026154e+01 4.094435e+01 4.144889e+01
      vertex   3.976000e+01 4.098823e+01 4.144889e+01
    endloop
  endfacet
  facet normal 3.346171e-02 3.824691e-01 9.233622e-01
    outer loop
      vertex   3.976000e+01 4.098823e+01 4.144889e+01
      vertex   4.026154e+01 4.094435e+01 4.144889e+01
      vertex   4.032436e+01 4.130063e+01 4.129904e+01
    endloop
  endfacet
  facet normal 3.346171e-02 3.824691e-01 9.233622e-01
    outer loop
      vertex   3.976000e+01 4.098823e+01 4.144889e+01
      vertex   4.032436e+01 4.130063e+01 4.129904e+01
      vertex   3.976000e+01 4.135000e+01 4.129904e+01
    endloop
  endfacet
  facet normal 5.318435e-02 6.078999e-01 7.922305e-01
    outer loop
      vertex   3.976000e+01 4.135000e+01 4.129904e+01
      vertex   4.032436e+01 4.130063e+01 4.129904e+01
      vertex   4.037830e+01 4.160657e+01 4.106066e+01
    endloop
  endfacet
  facet normal 5.318435e-02 6.078999e-01 7.922305e-01
    outer loop
      vertex   3.976000e+01 4.135000e+01 4.129904e+01
      vertex   4.037830e+01 4.160657e+01 4.106066e+01
      vertex   3.976000e+01 4.166066e+01 4.106066e+01
    endloop
  endfacet
  facet normal 6.924283e-02 7.914492e-01 6.073003e-01
    outer loop
      vertex   3.976000e+01 4.166066e+01 4.106066e+01
      vertex   4.037830e+01 4.160657e+01 4.106066e+01
      vertex   4.041970e+01 4.184132e+01 4.075000e+01
    endloop
  endfacet
  facet normal 6.924283e-02 7.914492e-01 6.073003e-01
    outer loop
      vertex   3.976000e+01 4.166066e+01 4.106066e+01
      vertex   4.041970e+01 4.184132e+01 4.075000e+01
      vertex   3.976000e+01 4.189904e+01 4.075000e+01
    endloop
  endfacet
  facet normal 8.056623e-02 9.208762e-01 3.814394e-01
    outer loop
      vertex   3.976000e+01 4.189904e+01 4.075000e+01
      vertex   4.041970e+01 4.184132e+01 4.075000e+01
      vertex   4.044572e+01 4.198890e+01 4.038823e+01
    endloop
  endfacet
  facet normal 8.056623e-02 9.208762e-01 3.814394e-01
    outer loop
      vertex   3.976000e+01 4.189904e+01 4.075000e+01
      vertex   4.044572e+01 4.198890e+01 4.038823e+01
      vertex   3.976000e+01 4.204889e+01 4.038823e+01
    endloop
  endfacet
  facet normal 9.936842e-02 3.708480e-01 9.233622e-01
    outer loop
      vertex   4.032436e+01 4.130063e+01 4.129904e+01
      vertex   4.026154e+01 4.094435e+01 4.144889e+01
      vertex   4.087157e+01 4.115400e+01 4.129904e+01
    endloop
  endfacet
  facet normal 9.936842e-02 3.708480e-01 9.233622e-01
    outer loop
      vertex   4.087157e+01 4.115400e+01 4.129904e+01
      vertex   4.026154e+01 4.094435e+01 4.144889e+01
      vertex   4.074783e+01 4.081405e+01 4.144889e+01
    endloop
  endfacet
  facet normal 1.622559e-01 3.479588e-01 9.233622e-01
    outer loop
      vertex   4.087157e+01 4.115400e+01 4.129904e+01
      vertex   4.074783e+01 4.081405e+01 4.144889e+01
      vertex   4.138500e+01 4.091458e+01 4.129904e+01
    endloop
  endfacet
  facet normal 1.622559e-01 3.479588e-01 9.233622e-01
    outer loop
      vertex   4.138500e+01 4.091458e+01 4.129904e+01
      vertex   4.074783e+01 4.081405e+01 4.144889e+01
      vertex   4.120411e+01 4.060128e+01 4.144889e+01
    endloop
  endfacet
  facet normal 2.202133e-01 3.144971e-01 9.233622e-01
    outer loop
      vertex   4.138500e+01 4.091458e+01 4.129904e+01
      vertex   4.120411e+01 4.060128e+01 4.144889e+01
      vertex   4.184906e+01 4.058964e+01 4.129904e+01
    endloop
  endfacet
  facet normal 2.202133e-01 3.144971e-01 9.233622e-01
    outer loop
      vertex   4.184906e+01 4.058964e+01 4.129904e+01
      vertex   4.120411e+01 4.060128e+01 4.144889e+01
      vertex   4.161652e+01 4.031251e+01 4.144889e+01
    endloop
  endfacet
  facet normal 2.714796e-01 2.714796e-01 9.233622e-01
    outer loop
      vertex   4.184906e+01 4.058964e+01 4.129904e+01
      vertex   4.161652e+01 4.031251e+01 4.144889e+01
      vertex   4.224964e+01 4.018906e+01 4.129904e+01
    endloop
  endfacet
  facet normal 2.714796e-01 2.714796e-01 9.233622e-01
    outer loop
      vertex   4.224964e+01 4.018906e+01 4.129904e+01
      vertex   4.161652e+01 4.031251e+01 4.144889e+01
      vertex   4.197251e+01 3.995652e+01 4.144889e+01
    endloop
  endfacet
  facet normal 3.144971e-01 2.202133e-01 9.233622e-01
    outer loop
      vertex   4.224964e+01 4.018906e+01 4.129904e+01
      vertex   4.197251e+01 3.995652e+01 4.144889e+01
      vertex   4.257458e+01 3.972500e+01 4.129904e+01
    endloop
  endfacet
  facet normal 3.144971e-01 2.202133e-01 9.233622e-01
    outer loop
      vertex   4.257458e+01 3.972500e+01 4.129904e+01
      vertex   4.197251e+01 3.995652e+01 4.144889e+01
      vertex   4.226128e+01 3.954411e+01 4.144889e+01
    endloop
  endfacet
  facet normal 3.479588e-01 1.622559e-01 9.233622e-01
    outer loop
      vertex   4.257458e+01 3.972500e+01 4.129904e+01
      vertex   4.226128e+01 3.954411e+01 4.144889e+01
      vertex   4.281400e+01 3.921157e+01 4.129904e+01
    endloop
  endfacet
  facet normal 3.479588e-01 1.622559e-01 9.233622e-01
    outer loop
      vertex   4.281400e+01 3.921157e+01 4.129904e+01
      vertex   4.226128e+01 3.954411e+01 4.144889e+01
      vertex   4.247405e+01 3.908783e+01 4.144889e+01
    endloop
  endfacet
  facet normal 3.708480e-01 9.936842e-02 9.233622e-01
    outer loop
      vertex   4.281400e+01 3.921157e+01 4.129904e+01
      vertex   4.247405e+01 3.908783e+01 4.144889e+01
      vertex   4.296063e+01 3.866436e+01 4.129904e+01
    endloop
  endfacet
  facet normal 3.708480e-01 9.936842e-02 9.233622e-01
    outer loop
      vertex   4.296063e+01 3.866436e+01 4.129904e+01
      vertex   4.247405e+01 3.908783e+01 4.144889e+01
      vertex   4.260435e+01 3.860154e+01 4.144889e+01
    endloop
  endfacet
  facet normal 1.579371e-01 5.894291e-01 7.922305e-01
    outer loop
      vertex   4.037830e+01 4.160657e+01 4.106066e+01
      vertex   4.032436e+01 4.130063e+01 4.129904e+01
      vertex   4.097782e+01 4.144593e+01 4.106066e+01
    endloop
  endfacet
  facet normal 1.579371e-01 5.894291e-01 7.922305e-01
    outer loop
      vertex   4.097782e+01 4.144593e+01 4.106066e+01
      vertex   4.032436e+01 4.130063e+01 4.129904e+01
      vertex   4.087157e+01 4.115400e+01 4.129904e+01
    endloop
  endfacet
  facet normal 2.578909e-01 5.530489e-01 7.922305e-01
    outer loop
      vertex   4.097782e+01 4.144593e+01 4.106066e+01
      vertex   4.087157e+01 4.115400e+01 4.129904e+01
      vertex   4.154033e+01 4.118362e+01 4.106066e+01
    endloop
  endfacet
  facet normal 2.578909e-01 5.530489e-01 7.922305e-01
    outer loop
      vertex   4.154033e+01 4.118362e+01 4.106066e+01
      vertex   4.087157e+01 4.115400e+01 4.129904e+01
      vertex   4.138500e+01 4.091458e+01 4.129904e+01
    endloop
  endfacet
  facet normal 3.500089e-01 4.998645e-01 7.922305e-01
    outer loop
      vertex   4.154033e+01 4.118362e+01 4.106066e+01
      vertex   4.138500e+01 4.091458e+01 4.129904e+01
      vertex   4.204875e+01 4.082762e+01 4.106066e+01
    endloop
  endfacet
  facet normal 3.500089e-01 4.998645e-01 7.922305e-01
    outer loop
      vertex   4.204875e+01 4.082762e+01 4.106066e+01
      vertex   4.138500e+01 4.091458e+01 4.129904e+01
      vertex   4.184906e+01 4.058964e+01 4.129904e+01
    endloop
  endfacet
  facet normal 4.314921e-01 4.314921e-01 7.922305e-01
    outer loop
      vertex   4.204875e+01 4.082762e+01 4.106066e+01
      vertex   4.184906e+01 4.058964e+01 4.129904e+01
      vertex   4.248762e+01 4.038875e+01 4.106066e+01
    endloop
  endfacet
  facet normal 4.314921e-01 4.314921e-01 7.922305e-01
    outer loop
      vertex   4.248762e+01 4.038875e+01 4.106066e+01
      vertex   4.184906e+01 4.058964e+01 4.129904e+01
      vertex   4.224964e+01 4.018906e+01 4.129904e+01
    endloop
  endfacet
  facet normal 4.998645e-01 3.500089e-01 7.922305e-01
    outer loop
      vertex   4.248762e+01 4.038875e+01 4.106066e+01
      vertex   4.224964e+01 4.018906e+01 4.129904e+01
      vertex   4.284362e+01 3.988033e+01 4.106066e+01
    endloop
  endfacet
  facet normal 4.998645e-01 3.500089e-01 7.922305e-01
    outer loop
      vertex   4.284362e+01 3.988033e+01 4.106066e+01
      vertex   4.224964e+01 4.018906e+01 4.129904e+01
      vertex   4.257458e+01 3.972500e+01 4.129904e+01
    endloop
  endfacet
  facet normal 5.530489e-01 2.578909e-01 7.922305e-01
    outer loop
      vertex   4.284362e+01 3.988033e+01 4.106066e+01
      vertex   4.257458e+01 3.972500e+01 4.129904e+01
      vertex   4.310593e+01 3.931782e+01 4.106066e+01
    endloop
  endfacet
  facet normal 5.530489e-01 2.578909e-01 7.922305e-01
    outer loop
      vertex   4.310593e+01 3.931782e+01 4.106066e+01
      vertex   4.257458e+01 3.972500e+01 4.129904e+01
      vertex   4.281400e+01 3.921157e+01 4.129904e+01
    endloop
  endfacet
  facet normal 5.894291e-01 1.579371e-01 7.922305e-01
    outer loop
      vertex   4.310593e+01 3.931782e+01 4.106066e+01
      vertex   4.281400e+01 3.921157e+01 4.129904e+01
      vertex   4.326657e+01 3.871830e+01 4.106066e+01
    endloop
  endfacet
  facet normal 5.894291e-01 1.579371e-01 7.922305e-01
    outer loop
      vertex   4.326657e+01 3.871830e+01 4.106066e+01
      vertex   4.281400e+01 3.921157e+01 4.129904e+01
      vertex   4.296063e+01 3.866436e+01 4.129904e+01
    endloop
  endfacet
  facet normal 2.392507e-01 8.928959e-01 3.814394e-01
    outer loop
      vertex   4.111060e+01 4.181074e+01 4.038823e+01
      vertex   4.044572e+01 4.198890e+01 4.038823e+01
      vertex   4.041970e+01 4.184132e+01 4.075000e+01
    endloop
  endfacet
  facet normal 2.056246e-01 7.674014e-01 6.073003e-01
    outer loop
      vertex   4.041970e+01 4.184132e+01 4.075000e+01
      vertex   4.037830e+01 4.160657e+01 4.106066e+01
      vertex   4.105935e+01 4.166993e+01 4.075000e+01
    endloop
  endfacet
  facet normal 2.056246e-01 7.674014e-01 6.073003e-01
    outer loop
      vertex   4.105935e+01 4.166993e+01 4.075000e+01
      vertex   4.037830e+01 4.160657e+01 4.106066e+01
      vertex   4.097782e+01 4.144593e+01 4.106066e+01
    endloop
  endfacet
  facet normal 3.357585e-01 7.200365e-01 6.073003e-01
    outer loop
      vertex   4.105935e+01 4.166993e+01 4.075000e+01
      vertex   4.097782e+01 4.144593e+01 4.106066e+01
      vertex   4.165952e+01 4.139006e+01 4.075000e+01
    endloop
  endfacet
  facet normal 3.357585e-01 7.200365e-01 6.073003e-01
    outer loop
      vertex   4.165952e+01 4.139006e+01 4.075000e+01
      vertex   4.097782e+01 4.144593e+01 4.106066e+01
      vertex   4.154033e+01 4.118362e+01 4.106066e+01
    endloop
  endfacet
  facet normal 4.556906e-01 6.507937e-01 6.073003e-01
    outer loop
      vertex   4.165952e+01 4.139006e+01 4.075000e+01
      vertex   4.154033e+01 4.118362e+01 4.106066e+01
      vertex   4.220197e+01 4.101023e+01 4.075000e+01
    endloop
  endfacet
  facet normal 4.556906e-01 6.507937e-01 6.073003e-01
    outer loop
      vertex   4.220197e+01 4.101023e+01 4.075000e+01
      vertex   4.154033e+01 4.118362e+01 4.106066e+01
      vertex   4.204875e+01 4.082762e+01 4.106066e+01
    endloop
  endfacet
  facet normal 5.617768e-01 5.617768e-01 6.073003e-01
    outer loop
      vertex   4.220197e+01 4.101023e+01 4.075000e+01
      vertex   4.204875e+01 4.082762e+01 4.106066e+01
      vertex   4.267023e+01 4.054197e+01 4.075000e+01
    endloop
  endfacet
  facet normal 5.617768e-01 5.617768e-01 6.073003e-01
    outer loop
      vertex   4.267023e+01 4.054197e+01 4.075000e+01
      vertex   4.204875e+01 4.082762e+01 4.106066e+01
      vertex   4.248762e+01 4.038875e+01 4.106066e+01
    endloop
  endfacet
  facet normal 6.507937e-01 4.556906e-01 6.073003e-01
    outer loop
      vertex   4.267023e+01 4.054197e+01 4.075000e+01
      vertex   4.248762e+01 4.038875e+01 4.106066e+01
      vertex   4.305006e+01 3.999952e+01 4.075000e+01
    endloop
  endfacet
  facet normal 6.507937e-01 4.556906e-01 6.073003e-01
    outer loop
      vertex   4.305006e+01 3.999952e+01 4.075000e+01
      vertex   4.248762e+01 4.038875e+01 4.106066e+01
      vertex   4.284362e+01 3.988033e+01 4.106066e+01
    endloop
  endfacet
  facet normal 7.200365e-01 3.357585e-01 6.073003e-01
    outer loop
      vertex   4.305006e+01 3.999952e+01 4.075000e+01
      vertex   4.284362e+01 3.988033e+01 4.106066e+01
      vertex   4.332993e+01 3.939935e+01 4.075000e+01
    endloop
  endfacet
  facet normal 7.200365e-01 3.357585e-01 6.073003e-01
    outer loop
      vertex   4.332993e+01 3.939935e+01 4.075000e+01
      vertex   4.284362e+01 3.988033e+01 4.106066e+01
      vertex   4.310593e+01 3.931782e+01 4.106066e+01
    endloop
  endfacet
  facet normal 7.674014e-01 2.056246e-01 6.073003e-01
    outer loop
      vertex   4.332993e+01 3.939935e+01 4.075000e+01
      vertex   4.310593e+01 3.931782e+01 4.106066e+01
      vertex   4.350132e+01 3.875970e+01 4.075000e+01
    endloop
  endfacet
  facet normal 7.674014e-01 2.056246e-01 6.073003e-01
    outer loop
      vertex   4.350132e+01 3.875970e+01 4.075000e+01
      vertex   4.310593e+01 3.931782e+01 4.106066e+01
      vertex   4.326657e+01 3.871830e+01 4.106066e+01
    endloop
  endfacet
  facet normal 3.906657e-01 8.377853e-01 3.814394e-01
    outer loop
      vertex   4.173444e+01 4.151984e+01 4.038823e+01
      vertex   4.111060e+01 4.181074e+01 4.038823e+01
      vertex   4.105935e+01 4.166993e+01 4.075000e+01
    endloop
  endfacet
  facet normal 2.392507e-01 8.928959e-01 3.814394e-01
    outer loop
      vertex   4.105935e+01 4.166993e+01 4.075000e+01
      vertex   4.111060e+01 4.181074e+01 4.038823e+01
      vertex   4.041970e+01 4.184132e+01 4.075000e+01
    endloop
  endfacet
  facet normal 3.906657e-01 8.377853e-01 3.814394e-01
    outer loop
      vertex   4.173444e+01 4.151984e+01 4.038823e+01
      vertex   4.105935e+01 4.166993e+01 4.075000e+01
      vertex   4.165952e+01 4.139006e+01 4.075000e+01
    endloop
  endfacet
  facet normal 5.302105e-01 7.572191e-01 3.814394e-01
    outer loop
      vertex   4.229830e+01 4.112502e+01 4.038823e+01
      vertex   4.173444e+01 4.151984e+01 4.038823e+01
      vertex   4.165952e+01 4.139006e+01 4.075000e+01
    endloop
  endfacet
  facet normal 5.302105e-01 7.572191e-01 3.814394e-01
    outer loop
      vertex   4.229830e+01 4.112502e+01 4.038823e+01
      vertex   4.165952e+01 4.139006e+01 4.075000e+01
      vertex   4.220197e+01 4.101023e+01 4.075000e+01
    endloop
  endfacet
  facet normal 6.536451e-01 6.536451e-01 3.814394e-01
    outer loop
      vertex   4.278502e+01 4.063830e+01 4.038823e+01
      vertex   4.229830e+01 4.112502e+01 4.038823e+01
      vertex   4.220197e+01 4.101023e+01 4.075000e+01
    endloop
  endfacet
  facet normal 6.536451e-01 6.536451e-01 3.814394e-01
    outer loop
      vertex   4.278502e+01 4.063830e+01 4.038823e+01
      vertex   4.220197e+01 4.101023e+01 4.075000e+01
      vertex   4.267023e+01 4.054197e+01 4.075000e+01
    endloop
  endfacet
  facet normal 7.572191e-01 5.302105e-01 3.814394e-01
    outer loop
      vertex   4.317984e+01 4.007444e+01 4.038823e+01
      vertex   4.278502e+01 4.063830e+01 4.038823e+01
      vertex   4.267023e+01 4.054197e+01 4.075000e+01
    endloop
  endfacet
  facet normal 7.572191e-01 5.302105e-01 3.814394e-01
    outer loop
      vertex   4.317984e+01 4.007444e+01 4.038823e+01
      vertex   4.267023e+01 4.054197e+01 4.075000e+01
      vertex   4.305006e+01 3.999952e+01 4.075000e+01
    endloop
  endfacet
  facet normal 8.377853e-01 3.906657e-01 3.814394e-01
    outer loop
      vertex   4.347074e+01 3.945060e+01 4.038823e+01
      vertex   4.317984e+01 4.007444e+01 4.038823e+01
      vertex   4.305006e+01 3.999952e+01 4.075000e+01
    endloop
  endfacet
  facet normal 8.377853e-01 3.906657e-01 3.814394e-01
    outer loop
      vertex   4.347074e+01 3.945060e+01 4.038823e+01
      vertex   4.305006e+01 3.999952e+01 4.075000e+01
      vertex   4.332993e+01 3.939935e+01 4.075000e+01
    endloop
  endfacet
  facet normal 8.928959e-01 2.392507e-01 3.814394e-01
    outer loop
      vertex   4.364890e+01 3.878572e+01 4.038823e+01
      vertex   4.347074e+01 3.945060e+01 4.038823e+01
      vertex   4.332993e+01 3.939935e+01 4.075000e+01
    endloop
  endfacet
  facet normal 8.928959e-01 2.392507e-01 3.814394e-01
    outer loop
      vertex   4.364890e+01 3.878572e+01 4.038823e+01
      vertex   4.332993e+01 3.939935e+01 4.075000e+01
      vertex   4.350132e+01 3.875970e+01 4.075000e+01
    endloop
  endfacet
  facet normal 3.527170e-02 -0.000000e+00 9.993778e-01
    outer loop
      vertex   4.226000e+01 3.472106e+00 4.150000e+01
      vertex   4.238110e+01 1.959238e+00 4.149573e+01
      vertex   4.226000e+01 3.810000e+01 4.150000e+01
    endloop
  endfacet
  facet normal 1.305262e-01 3.201122e-04 9.914448e-01
    outer loop
      vertex   4.226000e+01 3.810000e+01 4.150000e+01
      vertex   4.238110e+01 1.959238e+00 4.149573e+01
      vertex   4.264823e+01 3.810000e+01 4.144889e+01
    endloop
  endfacet
  facet normal 1.727006e-01 0.000000e+00 9.849744e-01
    outer loop
      vertex   4.264823e+01 3.810000e+01 4.144889e+01
      vertex   4.238110e+01 1.959238e+00 4.149573e+01
      vertex   4.264823e+01 3.047778e+01 4.144889e+01
    endloop
  endfacet
  facet normal 3.826834e-01 0.000000e+00 9.238795e-01
    outer loop
      vertex   4.264823e+01 3.810000e+01 4.144889e+01
      vertex   4.264823e+01 3.047778e+01 4.144889e+01
      vertex   4.301000e+01 3.810000e+01 4.129904e+01
    endloop
  endfacet
  facet normal 3.826834e-01 0.000000e+00 9.238795e-01
    outer loop
      vertex   4.301000e+01 3.810000e+01 4.129904e+01
      vertex   4.264823e+01 3.047778e+01 4.144889e+01
      vertex   4.301000e+01 3.047778e+01 4.129904e+01
    endloop
  endfacet
  facet normal 6.087614e-01 0.000000e+00 7.933533e-01
    outer loop
      vertex   4.301000e+01 3.810000e+01 4.129904e+01
      vertex   4.301000e+01 3.047778e+01 4.129904e+01
      vertex   4.332066e+01 3.810000e+01 4.106066e+01
    endloop
  endfacet
  facet normal 6.087614e-01 -2.614100e-15 7.933533e-01
    outer loop
      vertex   4.332066e+01 3.810000e+01 4.106066e+01
      vertex   4.301000e+01 3.047778e+01 4.129904e+01
      vertex   4.332066e+01 3.047778e+01 4.106066e+01
    endloop
  endfacet
  facet normal 7.933533e-01 -2.614100e-15 6.087614e-01
    outer loop
      vertex   4.332066e+01 3.810000e+01 4.106066e+01
      vertex   4.332066e+01 3.047778e+01 4.106066e+01
      vertex   4.355904e+01 3.810000e+01 4.075000e+01
    endloop
  endfacet
  facet normal 7.933533e-01 0.000000e+00 6.087614e-01
    outer loop
      vertex   4.355904e+01 3.810000e+01 4.075000e+01
      vertex   4.332066e+01 3.047778e+01 4.106066e+01
      vertex   4.355904e+01 3.047778e+01 4.075000e+01
    endloop
  endfacet
  facet normal 9.238795e-01 0.000000e+00 3.826834e-01
    outer loop
      vertex   4.355904e+01 3.810000e+01 4.075000e+01
      vertex   4.355904e+01 3.047778e+01 4.075000e+01
      vertex   4.370889e+01 3.810000e+01 4.038823e+01
    endloop
  endfacet
  facet normal 9.238795e-01 0.000000e+00 3.826834e-01
    outer loop
      vertex   4.370889e+01 3.810000e+01 4.038823e+01
      vertex   4.355904e+01 3.047778e+01 4.075000e+01
      vertex   4.370889e+01 3.047778e+01 4.038823e+01
    endloop
  endfacet
  facet normal 9.914449e-01 0.000000e+00 1.305262e-01
    outer loop
      vertex   4.370889e+01 3.810000e+01 4.038823e+01
      vertex   4.370889e+01 3.047778e+01 4.038823e+01
      vertex   4.376000e+01 3.810000e+01 4.000000e+01
    endloop
  endfacet
  facet normal 9.914449e-01 0.000000e+00 1.305262e-01
    outer loop
      vertex   4.376000e+01 3.810000e+01 4.000000e+01
      vertex   4.370889e+01 3.047778e+01 4.038823e+01
      vertex   4.370889e+01 2.285556e+01 4.038823e+01
    endloop
  endfacet
  facet normal 9.914449e-01 0.000000e+00 1.305262e-01
    outer loop
      vertex   4.376000e+01 3.810000e+01 4.000000e+01
      vertex   4.370889e+01 2.285556e+01 4.038823e+01
      vertex   4.370889e+01 1.523333e+01 4.038823e+01
    endloop
  endfacet
  facet normal 9.238795e-01 -0.000000e+00 3.826834e-01
    outer loop
      vertex   4.370889e+01 1.523333e+01 4.038823e+01
      vertex   4.370889e+01 2.285556e+01 4.038823e+01
      vertex   4.355904e+01 1.523333e+01 4.075000e+01
    endloop
  endfacet
  facet normal 9.238795e-01 0.000000e+00 3.826834e-01
    outer loop
      vertex   4.370889e+01 1.523333e+01 4.038823e+01
      vertex   4.355904e+01 1.523333e+01 4.075000e+01
      vertex   4.355904e+01 7.611111e+00 4.075000e+01
    endloop
  endfacet
  facet normal 7.933533e-01 -0.000000e+00 6.087614e-01
    outer loop
      vertex   4.355904e+01 7.611111e+00 4.075000e+01
      vertex   4.355904e+01 1.523333e+01 4.075000e+01
      vertex   4.332066e+01 7.611111e+00 4.106066e+01
    endloop
  endfacet
  facet normal 7.933533e-01 1.478587e-15 6.087614e-01
    outer loop
      vertex   4.355904e+01 7.611111e+00 4.075000e+01
      vertex   4.332066e+01 7.611111e+00 4.106066e+01
      vertex   4.332066e+01 -1.111111e-02 4.106066e+01
    endloop
  endfacet
  facet normal 6.087614e-01 1.134973e-15 7.933533e-01
    outer loop
      vertex   4.332066e+01 -1.111111e-02 4.106066e+01
      vertex   4.332066e+01 7.611111e+00 4.106066e+01
      vertex   4.301000e+01 -1.111111e-02 4.129904e+01
    endloop
  endfacet
  facet normal 6.087614e-01 0.000000e+00 7.933533e-01
    outer loop
      vertex   4.332066e+01 -1.111111e-02 4.106066e+01
      vertex   4.301000e+01 -1.111111e-02 4.129904e+01
      vertex   4.301000e+01 -7.633333e+00 4.129904e+01
    endloop
  endfacet
  facet normal 3.826834e-01 -0.000000e+00 9.238795e-01
    outer loop
      vertex   4.301000e+01 -7.633333e+00 4.129904e+01
      vertex   4.301000e+01 -1.111111e-02 4.129904e+01
      vertex   4.264823e+01 -7.633333e+00 4.144889e+01
    endloop
  endfacet
  facet normal 3.826834e-01 0.000000e+00 9.238795e-01
    outer loop
      vertex   4.301000e+01 -7.633333e+00 4.129904e+01
      vertex   4.264823e+01 -7.633333e+00 4.144889e+01
      vertex   4.264823e+01 -1.525556e+01 4.144889e+01
    endloop
  endfacet
  facet normal 1.727006e-01 -0.000000e+00 9.849744e-01
    outer loop
      vertex   4.264823e+01 -1.525556e+01 4.144889e+01
      vertex   4.264823e+01 -7.633333e+00 4.144889e+01
      vertex   4.238110e+01 -9.592375e-01 4.149573e+01
    endloop
  endfacet
  facet normal 1.484749e-01 -4.655760e-04 9.889161e-01
    outer loop
      vertex   4.264823e+01 -1.525556e+01 4.144889e+01
      vertex   4.238110e+01 -9.592375e-01 4.149573e+01
      vertex   4.226000e+01 -3.050000e+01 4.150000e+01
    endloop
  endfacet
  facet normal 3.527170e-02 8.941825e-18 9.993778e-01
    outer loop
      vertex   4.226000e+01 -3.050000e+01 4.150000e+01
      vertex   4.238110e+01 -9.592375e-01 4.149573e+01
      vertex   4.226000e+01 -2.472106e+00 4.150000e+01
    endloop
  endfacet
  facet normal 1.501321e-01 1.097264e-03 9.886653e-01
    outer loop
      vertex   4.241991e+01 5.000000e-01 4.149145e+01
      vertex   4.264823e+01 7.611111e+00 4.144889e+01
      vertex   4.238110e+01 1.959238e+00 4.149573e+01
    endloop
  endfacet
  facet normal 1.727006e-01 1.611211e-16 9.849744e-01
    outer loop
      vertex   4.238110e+01 1.959238e+00 4.149573e+01
      vertex   4.264823e+01 7.611111e+00 4.144889e+01
      vertex   4.264823e+01 1.523333e+01 4.144889e+01
    endloop
  endfacet
  facet normal 1.727006e-01 0.000000e+00 9.849744e-01
    outer loop
      vertex   4.238110e+01 1.959238e+00 4.149573e+01
      vertex   4.264823e+01 1.523333e+01 4.144889e+01
      vertex   4.264823e+01 2.285556e+01 4.144889e+01
    endloop
  endfacet
  facet normal 3.826834e-01 0.000000e+00 9.238795e-01
    outer loop
      vertex   4.264823e+01 2.285556e+01 4.144889e+01
      vertex   4.264823e+01 1.523333e+01 4.144889e+01
      vertex   4.301000e+01 2.285556e+01 4.129904e+01
    endloop
  endfacet
  facet normal 3.826834e-01 0.000000e+00 9.238795e-01
    outer loop
      vertex   4.264823e+01 2.285556e+01 4.144889e+01
      vertex   4.301000e+01 2.285556e+01 4.129904e+01
      vertex   4.301000e+01 3.047778e+01 4.129904e+01
    endloop
  endfacet
  facet normal 6.087614e-01 0.000000e+00 7.933533e-01
    outer loop
      vertex   4.301000e+01 3.047778e+01 4.129904e+01
      vertex   4.301000e+01 2.285556e+01 4.129904e+01
      vertex   4.332066e+01 3.047778e+01 4.106066e+01
    endloop
  endfacet
  facet normal 1.832627e-01 0.000000e+00 9.830640e-01
    outer loop
      vertex   4.264823e+01 7.611111e+00 4.144889e+01
      vertex   4.241991e+01 5.000000e-01 4.149145e+01
      vertex   4.264823e+01 -1.111111e-02 4.144889e+01
    endloop
  endfacet
  facet normal 1.791846e-01 -1.884171e-03 9.838137e-01
    outer loop
      vertex   4.264823e+01 -1.111111e-02 4.144889e+01
      vertex   4.241991e+01 5.000000e-01 4.149145e+01
      vertex   4.238110e+01 -9.592375e-01 4.149573e+01
    endloop
  endfacet
  facet normal 1.727006e-01 0.000000e+00 9.849744e-01
    outer loop
      vertex   4.264823e+01 -1.111111e-02 4.144889e+01
      vertex   4.238110e+01 -9.592375e-01 4.149573e+01
      vertex   4.264823e+01 -7.633333e+00 4.144889e+01
    endloop
  endfacet
  facet normal 1.305262e-01 0.000000e+00 9.914449e-01
    outer loop
      vertex   4.264823e+01 -1.525556e+01 4.144889e+01
      vertex   4.226000e+01 -3.050000e+01 4.150000e+01
      vertex   4.264823e+01 -2.287778e+01 4.144889e+01
    endloop
  endfacet
  facet normal 1.305262e-01 -9.242238e-16 9.914449e-01
    outer loop
      vertex   4.264823e+01 -2.287778e+01 4.144889e+01
      vertex   4.226000e+01 -3.050000e+01 4.150000e+01
      vertex   4.264823e+01 -3.050000e+01 4.144889e+01
    endloop
  endfacet
  facet normal 3.826834e-01 -8.612395e-16 9.238795e-01
    outer loop
      vertex   4.264823e+01 -2.287778e+01 4.144889e+01
      vertex   4.264823e+01 -3.050000e+01 4.144889e+01
      vertex   4.301000e+01 -2.287778e+01 4.129904e+01
    endloop
  endfacet
  facet normal 3.826834e-01 0.000000e+00 9.238795e-01
    outer loop
      vertex   4.301000e+01 -2.287778e+01 4.129904e+01
      vertex   4.264823e+01 -3.050000e+01 4.144889e+01
      vertex   4.301000e+01 -3.050000e+01 4.129904e+01
    endloop
  endfacet
  facet normal 6.087614e-01 0.000000e+00 7.933533e-01
    outer loop
      vertex   4.301000e+01 -2.287778e+01 4.129904e+01
      vertex   4.301000e+01 -3.050000e+01 4.129904e+01
      vertex   4.332066e+01 -2.287778e+01 4.106066e+01
    endloop
  endfacet
  facet normal 6.087614e-01 0.000000e+00 7.933533e-01
    outer loop
      vertex   4.332066e+01 -2.287778e+01 4.106066e+01
      vertex   4.301000e+01 -3.050000e+01 4.129904e+01
      vertex   4.332066e+01 -3.050000e+01 4.106066e+01
    endloop
  endfacet
  facet normal 7.933533e-01 0.000000e+00 6.087614e-01
    outer loop
      vertex   4.332066e+01 -2.287778e+01 4.106066e+01
      vertex   4.332066e+01 -3.050000e+01 4.106066e+01
      vertex   4.355904e+01 -2.287778e+01 4.075000e+01
    endloop
  endfacet
  facet normal 7.933533e-01 0.000000e+00 6.087614e-01
    outer loop
      vertex   4.355904e+01 -2.287778e+01 4.075000e+01
      vertex   4.332066e+01 -3.050000e+01 4.106066e+01
      vertex   4.355904e+01 -3.050000e+01 4.075000e+01
    endloop
  endfacet
  facet normal 9.238795e-01 0.000000e+00 3.826834e-01
    outer loop
      vertex   4.355904e+01 -2.287778e+01 4.075000e+01
      vertex   4.355904e+01 -3.050000e+01 4.075000e+01
      vertex   4.370889e+01 -2.287778e+01 4.038823e+01
    endloop
  endfacet
  facet normal 9.238795e-01 0.000000e+00 3.826834e-01
    outer loop
      vertex   4.370889e+01 -2.287778e+01 4.038823e+01
      vertex   4.355904e+01 -3.050000e+01 4.075000e+01
      vertex   4.370889e+01 -3.050000e+01 4.038823e+01
    endloop
  endfacet
  facet normal 9.914449e-01 0.000000e+00 1.305262e-01
    outer loop
      vertex   4.370889e+01 -2.287778e+01 4.038823e+01
      vertex   4.370889e+01 -3.050000e+01 4.038823e+01
      vertex   4.376000e+01 -3.050000e+01 4.000000e+01
    endloop
  endfacet
  facet normal 9.914449e-01 0.000000e+00 1.305262e-01
    outer loop
      vertex   4.376000e+01 3.810000e+01 4.000000e+01
      vertex   4.370889e+01 -1.111111e-02 4.038823e+01
      vertex   4.376000e+01 -3.050000e+01 4.000000e+01
    endloop
  endfacet
  facet normal 9.914449e-01 0.000000e+00 1.305262e-01
    outer loop
      vertex   4.376000e+01 -3.050000e+01 4.000000e+01
      vertex   4.370889e+01 -1.111111e-02 4.038823e+01
      vertex   4.370889e+01 -7.633333e+00 4.038823e+01
    endloop
  endfacet
  facet normal 9.914449e-01 0.000000e+00 1.305262e-01
    outer loop
      vertex   4.376000e+01 -3.050000e+01 4.000000e+01
      vertex   4.370889e+01 -7.633333e+00 4.038823e+01
      vertex   4.370889e+01 -1.525556e+01 4.038823e+01
    endloop
  endfacet
  facet normal 9.238795e-01 -0.000000e+00 3.826834e-01
    outer loop
      vertex   4.370889e+01 -1.525556e+01 4.038823e+01
      vertex   4.370889e+01 -7.633333e+00 4.038823e+01
      vertex   4.355904e+01 -1.525556e+01 4.075000e+01
    endloop
  endfacet
  facet normal 9.238795e-01 0.000000e+00 3.826834e-01
    outer loop
      vertex   4.370889e+01 -1.525556e+01 4.038823e+01
      vertex   4.355904e+01 -1.525556e+01 4.075000e+01
      vertex   4.355904e+01 -2.287778e+01 4.075000e+01
    endloop
  endfacet
  facet normal 7.933533e-01 -0.000000e+00 6.087614e-01
    outer loop
      vertex   4.355904e+01 -2.287778e+01 4.075000e+01
      vertex   4.355904e+01 -1.525556e+01 4.075000e+01
      vertex   4.332066e+01 -2.287778e+01 4.106066e+01
    endloop
  endfacet
  facet normal 3.826834e-01 0.000000e+00 9.238795e-01
    outer loop
      vertex   4.264823e+01 -1.525556e+01 4.144889e+01
      vertex   4.264823e+01 -2.287778e+01 4.144889e+01
      vertex   4.301000e+01 -1.525556e+01 4.129904e+01
    endloop
  endfacet
  facet normal 3.826834e-01 0.000000e+00 9.238795e-01
    outer loop
      vertex   4.301000e+01 -1.525556e+01 4.129904e+01
      vertex   4.264823e+01 -2.287778e+01 4.144889e+01
      vertex   4.301000e+01 -2.287778e+01 4.129904e+01
    endloop
  endfacet
  facet normal 6.087614e-01 0.000000e+00 7.933533e-01
    outer loop
      vertex   4.301000e+01 -1.525556e+01 4.129904e+01
      vertex   4.301000e+01 -2.287778e+01 4.129904e+01
      vertex   4.332066e+01 -1.525556e+01 4.106066e+01
    endloop
  endfacet
  facet normal 6.087614e-01 0.000000e+00 7.933533e-01
    outer loop
      vertex   4.332066e+01 -1.525556e+01 4.106066e+01
      vertex   4.301000e+01 -2.287778e+01 4.129904e+01
      vertex   4.332066e+01 -2.287778e+01 4.106066e+01
    endloop
  endfacet
  facet normal 7.933533e-01 0.000000e+00 6.087614e-01
    outer loop
      vertex   4.332066e+01 -1.525556e+01 4.106066e+01
      vertex   4.332066e+01 -2.287778e+01 4.106066e+01
      vertex   4.355904e+01 -1.525556e+01 4.075000e+01
    endloop
  endfacet
  facet normal 3.826834e-01 -0.000000e+00 9.238795e-01
    outer loop
      vertex   4.264823e+01 -7.633333e+00 4.144889e+01
      vertex   4.301000e+01 -1.111111e-02 4.129904e+01
      vertex   4.264823e+01 -1.111111e-02 4.144889e+01
    endloop
  endfacet
  facet normal 3.826834e-01 3.556978e-16 9.238795e-01
    outer loop
      vertex   4.264823e+01 -1.111111e-02 4.144889e+01
      vertex   4.301000e+01 -1.111111e-02 4.129904e+01
      vertex   4.301000e+01 7.611111e+00 4.129904e+01
    endloop
  endfacet
  facet normal 3.826834e-01 -0.000000e+00 9.238795e-01
    outer loop
      vertex   4.264823e+01 -1.111111e-02 4.144889e+01
      vertex   4.301000e+01 7.611111e+00 4.129904e+01
      vertex   4.264823e+01 7.611111e+00 4.144889e+01
    endloop
  endfacet
  facet normal 3.826834e-01 -8.625090e-16 9.238795e-01
    outer loop
      vertex   4.264823e+01 7.611111e+00 4.144889e+01
      vertex   4.301000e+01 7.611111e+00 4.129904e+01
      vertex   4.301000e+01 1.523333e+01 4.129904e+01
    endloop
  endfacet
  facet normal 3.826834e-01 3.567371e-16 9.238795e-01
    outer loop
      vertex   4.264823e+01 7.611111e+00 4.144889e+01
      vertex   4.301000e+01 1.523333e+01 4.129904e+01
      vertex   4.264823e+01 1.523333e+01 4.144889e+01
    endloop
  endfacet
  facet normal 3.826834e-01 0.000000e+00 9.238795e-01
    outer loop
      vertex   4.264823e+01 1.523333e+01 4.144889e+01
      vertex   4.301000e+01 1.523333e+01 4.129904e+01
      vertex   4.301000e+01 2.285556e+01 4.129904e+01
    endloop
  endfacet
  facet normal 1.727006e-01 0.000000e+00 9.849744e-01
    outer loop
      vertex   4.264823e+01 3.047778e+01 4.144889e+01
      vertex   4.238110e+01 1.959238e+00 4.149573e+01
      vertex   4.264823e+01 2.285556e+01 4.144889e+01
    endloop
  endfacet
  facet normal 3.826834e-01 0.000000e+00 9.238795e-01
    outer loop
      vertex   4.301000e+01 3.047778e+01 4.129904e+01
      vertex   4.264823e+01 3.047778e+01 4.144889e+01
      vertex   4.264823e+01 2.285556e+01 4.144889e+01
    endloop
  endfacet
  facet normal 3.826834e-01 0.000000e+00 9.238795e-01
    outer loop
      vertex   4.264823e+01 -1.525556e+01 4.144889e+01
      vertex   4.301000e+01 -1.525556e+01 4.129904e+01
      vertex   4.301000e+01 -7.633333e+00 4.129904e+01
    endloop
  endfacet
  facet normal 6.087614e-01 0.000000e+00 7.933533e-01
    outer loop
      vertex   4.301000e+01 -7.633333e+00 4.129904e+01
      vertex   4.301000e+01 -1.525556e+01 4.129904e+01
      vertex   4.332066e+01 -7.633333e+00 4.106066e+01
    endloop
  endfacet
  facet normal 6.087614e-01 0.000000e+00 7.933533e-01
    outer loop
      vertex   4.301000e+01 -7.633333e+00 4.129904e+01
      vertex   4.332066e+01 -7.633333e+00 4.106066e+01
      vertex   4.332066e+01 -1.111111e-02 4.106066e+01
    endloop
  endfacet
  facet normal 7.933533e-01 0.000000e+00 6.087614e-01
    outer loop
      vertex   4.332066e+01 -1.111111e-02 4.106066e+01
      vertex   4.332066e+01 -7.633333e+00 4.106066e+01
      vertex   4.355904e+01 -1.111111e-02 4.075000e+01
    endloop
  endfacet
  facet normal 7.933533e-01 -5.672566e-16 6.087614e-01
    outer loop
      vertex   4.332066e+01 -1.111111e-02 4.106066e+01
      vertex   4.355904e+01 -1.111111e-02 4.075000e+01
      vertex   4.355904e+01 7.611111e+00 4.075000e+01
    endloop
  endfacet
  facet normal 9.238795e-01 -3.567371e-16 3.826834e-01
    outer loop
      vertex   4.355904e+01 7.611111e+00 4.075000e+01
      vertex   4.355904e+01 -1.111111e-02 4.075000e+01
      vertex   4.370889e+01 7.611111e+00 4.038823e+01
    endloop
  endfacet
  facet normal 9.238795e-01 0.000000e+00 3.826834e-01
    outer loop
      vertex   4.355904e+01 7.611111e+00 4.075000e+01
      vertex   4.370889e+01 7.611111e+00 4.038823e+01
      vertex   4.370889e+01 1.523333e+01 4.038823e+01
    endloop
  endfacet
  facet normal 9.914449e-01 0.000000e+00 1.305262e-01
    outer loop
      vertex   4.370889e+01 1.523333e+01 4.038823e+01
      vertex   4.370889e+01 7.611111e+00 4.038823e+01
      vertex   4.376000e+01 3.810000e+01 4.000000e+01
    endloop
  endfacet
  facet normal 6.087614e-01 0.000000e+00 7.933533e-01
    outer loop
      vertex   4.332066e+01 -7.633333e+00 4.106066e+01
      vertex   4.301000e+01 -1.525556e+01 4.129904e+01
      vertex   4.332066e+01 -1.525556e+01 4.106066e+01
    endloop
  endfacet
  facet normal 6.087614e-01 5.674867e-16 7.933533e-01
    outer loop
      vertex   4.301000e+01 -1.111111e-02 4.129904e+01
      vertex   4.332066e+01 7.611111e+00 4.106066e+01
      vertex   4.301000e+01 7.611111e+00 4.129904e+01
    endloop
  endfacet
  facet normal 6.087614e-01 0.000000e+00 7.933533e-01
    outer loop
      vertex   4.301000e+01 7.611111e+00 4.129904e+01
      vertex   4.332066e+01 7.611111e+00 4.106066e+01
      vertex   4.332066e+01 1.523333e+01 4.106066e+01
    endloop
  endfacet
  facet normal 6.087614e-01 -7.395631e-16 7.933533e-01
    outer loop
      vertex   4.301000e+01 7.611111e+00 4.129904e+01
      vertex   4.332066e+01 1.523333e+01 4.106066e+01
      vertex   4.301000e+01 1.523333e+01 4.129904e+01
    endloop
  endfacet
  facet normal 6.087614e-01 0.000000e+00 7.933533e-01
    outer loop
      vertex   4.301000e+01 1.523333e+01 4.129904e+01
      vertex   4.332066e+01 1.523333e+01 4.106066e+01
      vertex   4.332066e+01 2.285556e+01 4.106066e+01
    endloop
  endfacet
  facet normal 6.087614e-01 -0.000000e+00 7.933533e-01
    outer loop
      vertex   4.301000e+01 1.523333e+01 4.129904e+01
      vertex   4.332066e+01 2.285556e+01 4.106066e+01
      vertex   4.301000e+01 2.285556e+01 4.129904e+01
    endloop
  endfacet
  facet normal 6.087614e-01 0.000000e+00 7.933533e-01
    outer loop
      vertex   4.301000e+01 2.285556e+01 4.129904e+01
      vertex   4.332066e+01 2.285556e+01 4.106066e+01
      vertex   4.332066e+01 3.047778e+01 4.106066e+01
    endloop
  endfacet
  facet normal 7.933533e-01 0.000000e+00 6.087614e-01
    outer loop
      vertex   4.332066e+01 -7.633333e+00 4.106066e+01
      vertex   4.332066e+01 -1.525556e+01 4.106066e+01
      vertex   4.355904e+01 -7.633333e+00 4.075000e+01
    endloop
  endfacet
  facet normal 7.933533e-01 0.000000e+00 6.087614e-01
    outer loop
      vertex   4.355904e+01 -7.633333e+00 4.075000e+01
      vertex   4.332066e+01 -1.525556e+01 4.106066e+01
      vertex   4.355904e+01 -1.525556e+01 4.075000e+01
    endloop
  endfacet
  facet normal 9.238795e-01 0.000000e+00 3.826834e-01
    outer loop
      vertex   4.355904e+01 -7.633333e+00 4.075000e+01
      vertex   4.355904e+01 -1.525556e+01 4.075000e+01
      vertex   4.370889e+01 -7.633333e+00 4.038823e+01
    endloop
  endfacet
  facet normal 7.933533e-01 -0.000000e+00 6.087614e-01
    outer loop
      vertex   4.332066e+01 7.611111e+00 4.106066e+01
      vertex   4.355904e+01 1.523333e+01 4.075000e+01
      vertex   4.332066e+01 1.523333e+01 4.106066e+01
    endloop
  endfacet
  facet normal 7.933533e-01 0.000000e+00 6.087614e-01
    outer loop
      vertex   4.332066e+01 1.523333e+01 4.106066e+01
      vertex   4.355904e+01 1.523333e+01 4.075000e+01
      vertex   4.355904e+01 2.285556e+01 4.075000e+01
    endloop
  endfacet
  facet normal 7.933533e-01 -0.000000e+00 6.087614e-01
    outer loop
      vertex   4.332066e+01 1.523333e+01 4.106066e+01
      vertex   4.355904e+01 2.285556e+01 4.075000e+01
      vertex   4.332066e+01 2.285556e+01 4.106066e+01
    endloop
  endfacet
  facet normal 7.933533e-01 0.000000e+00 6.087614e-01
    outer loop
      vertex   4.332066e+01 2.285556e+01 4.106066e+01
      vertex   4.355904e+01 2.285556e+01 4.075000e+01
      vertex   4.355904e+01 3.047778e+01 4.075000e+01
    endloop
  endfacet
  facet normal 7.933533e-01 -0.000000e+00 6.087614e-01
    outer loop
      vertex   4.332066e+01 2.285556e+01 4.106066e+01
      vertex   4.355904e+01 3.047778e+01 4.075000e+01
      vertex   4.332066e+01 3.047778e+01 4.106066e+01
    endloop
  endfacet
  facet normal 9.238795e-01 0.000000e+00 3.826834e-01
    outer loop
      vertex   4.370889e+01 -1.525556e+01 4.038823e+01
      vertex   4.355904e+01 -2.287778e+01 4.075000e+01
      vertex   4.370889e+01 -2.287778e+01 4.038823e+01
    endloop
  endfacet
  facet normal 7.933533e-01 0.000000e+00 6.087614e-01
    outer loop
      vertex   4.332066e+01 -7.633333e+00 4.106066e+01
      vertex   4.355904e+01 -7.633333e+00 4.075000e+01
      vertex   4.355904e+01 -1.111111e-02 4.075000e+01
    endloop
  endfacet
  facet normal 9.238795e-01 0.000000e+00 3.826834e-01
    outer loop
      vertex   4.355904e+01 -1.111111e-02 4.075000e+01
      vertex   4.355904e+01 -7.633333e+00 4.075000e+01
      vertex   4.370889e+01 -1.111111e-02 4.038823e+01
    endloop
  endfacet
  facet normal 9.238795e-01 0.000000e+00 3.826834e-01
    outer loop
      vertex   4.355904e+01 -1.111111e-02 4.075000e+01
      vertex   4.370889e+01 -1.111111e-02 4.038823e+01
      vertex   4.370889e+01 7.611111e+00 4.038823e+01
    endloop
  endfacet
  facet normal 9.914449e-01 0.000000e+00 1.305262e-01
    outer loop
      vertex   4.370889e+01 7.611111e+00 4.038823e+01
      vertex   4.370889e+01 -1.111111e-02 4.038823e+01
      vertex   4.376000e+01 3.810000e+01 4.000000e+01
    endloop
  endfacet
  facet normal 9.238795e-01 0.000000e+00 3.826834e-01
    outer loop
      vertex   4.370889e+01 -1.111111e-02 4.038823e+01
      vertex   4.355904e+01 -7.633333e+00 4.075000e+01
      vertex   4.370889e+01 -7.633333e+00 4.038823e+01
    endloop
  endfacet
  facet normal 9.238795e-01 0.000000e+00 3.826834e-01
    outer loop
      vertex   4.370889e+01 3.047778e+01 4.038823e+01
      vertex   4.355904e+01 3.047778e+01 4.075000e+01
      vertex   4.355904e+01 2.285556e+01 4.075000e+01
    endloop
  endfacet
  facet normal 9.238795e-01 0.000000e+00 3.826834e-01
    outer loop
      vertex   4.370889e+01 3.047778e+01 4.038823e+01
      vertex   4.355904e+01 2.285556e+01 4.075000e+01
      vertex   4.370889e+01 2.285556e+01 4.038823e+01
    endloop
  endfacet
  facet normal 9.238795e-01 0.000000e+00 3.826834e-01
    outer loop
      vertex   4.370889e+01 2.285556e+01 4.038823e+01
      vertex   4.355904e+01 2.285556e+01 4.075000e+01
      vertex   4.355904e+01 1.523333e+01 4.075000e+01
    endloop
  endfacet
  facet normal 9.914449e-01 0.000000e+00 1.305262e-01
    outer loop
      vertex   4.376000e+01 -3.050000e+01 4.000000e+01
      vertex   4.370889e+01 -1.525556e+01 4.038823e+01
      vertex   4.370889e+01 -2.287778e+01 4.038823e+01
    endloop
  endfacet
  facet normal 0.000000e+00 0.000000e+00 1.000000e+00
    outer loop
      vertex   -2.079156e+00 3.151451e+01 4.150000e+01
      vertex   -2.020181e+00 3.082160e+01 4.150000e+01
      vertex   6.728492e+00 2.702220e+01 4.150000e+01
    endloop
  endfacet
  facet normal 0.000000e+00 0.000000e+00 1.000000e+00
    outer loop
      vertex   6.728492e+00 2.702220e+01 4.150000e+01
      vertex   -2.020181e+00 3.082160e+01 4.150000e+01
      vertex   -2.079156e+00 3.012870e+01 4.150000e+01
    endloop
  endfacet
  facet normal 0.000000e+00 0.000000e+00 1.000000e+00
    outer loop
      vertex   6.728492e+00 2.702220e+01 4.150000e+01
      vertex   -2.079156e+00 3.012870e+01 4.150000e+01
      vertex   5.021724e+00 2.644678e+01 4.150000e+01
    endloop
  endfacet
  facet normal 0.000000e+00 0.000000e+00 1.000000e+00
    outer loop
      vertex   5.021724e+00 2.644678e+01 4.150000e+01
      vertex   -2.079156e+00 3.012870e+01 4.150000e+01
      vertex   -2.254384e+00 2.945573e+01 4.150000e+01
    endloop
  endfacet
  facet normal 0.000000e+00 0.000000e+00 1.000000e+00
    outer loop
      vertex   5.021724e+00 2.644678e+01 4.150000e+01
      vertex   -2.254384e+00 2.945573e+01 4.150000e+01
      vertex   3.355960e+00 2.576164e+01 4.150000e+01
    endloop
  endfacet
  facet normal 0.000000e+00 0.000000e+00 1.000000e+00
    outer loop
      vertex   3.355960e+00 2.576164e+01 4.150000e+01
      vertex   -2.254384e+00 2.945573e+01 4.150000e+01
      vertex   -2.540823e+00 2.882205e+01 4.150000e+01
    endloop
  endfacet
  facet normal 0.000000e+00 0.000000e+00 1.000000e+00
    outer loop
      vertex   3.355960e+00 2.576164e+01 4.150000e+01
      vertex   -2.540823e+00 2.882205e+01 4.150000e+01
      vertex   -2.930235e+00 2.824590e+01 4.150000e+01
    endloop
  endfacet
  facet normal 0.000000e+00 0.000000e+00 1.000000e+00
    outer loop
      vertex   3.355960e+00 2.576164e+01 4.150000e+01
      vertex   -2.930235e+00 2.824590e+01 4.150000e+01
      vertex   1.738245e+00 2.496970e+01 4.150000e+01
    endloop
  endfacet
  facet normal 0.000000e+00 0.000000e+00 1.000000e+00
    outer loop
      vertex   1.738245e+00 2.496970e+01 4.150000e+01
      vertex   -2.930235e+00 2.824590e+01 4.150000e+01
      vertex   -3.411415e+00 2.774385e+01 4.150000e+01
    endloop
  endfacet
  facet normal 0.000000e+00 0.000000e+00 1.000000e+00
    outer loop
      vertex   1.738245e+00 2.496970e+01 4.150000e+01
      vertex   -3.411415e+00 2.774385e+01 4.150000e+01
      vertex   1.754169e-01 2.407430e+01 4.150000e+01
    endloop
  endfacet
  facet normal 0.000000e+00 0.000000e+00 1.000000e+00
    outer loop
      vertex   1.754169e-01 2.407430e+01 4.150000e+01
      vertex   -3.411415e+00 2.774385e+01 4.150000e+01
      vertex   -3.970521e+00 2.733033e+01 4.150000e+01
    endloop
  endfacet
  facet normal 0.000000e+00 0.000000e+00 1.000000e+00
    outer loop
      vertex   1.754169e-01 2.407430e+01 4.150000e+01
      vertex   -3.970521e+00 2.733033e+01 4.150000e+01
      vertex   -4.591470e+00 2.701726e+01 4.150000e+01
    endloop
  endfacet
  facet normal 0.000000e+00 0.000000e+00 1.000000e+00
    outer loop
      vertex   1.754169e-01 2.407430e+01 4.150000e+01
      vertex   -4.591470e+00 2.701726e+01 4.150000e+01
      vertex   -1.325916e+00 2.307923e+01 4.150000e+01
    endloop
  endfacet
  facet normal 0.000000e+00 0.000000e+00 1.000000e+00
    outer loop
      vertex   -1.325916e+00 2.307923e+01 4.150000e+01
      vertex   -4.591470e+00 2.701726e+01 4.150000e+01
      vertex   -5.256396e+00 2.681363e+01 4.150000e+01
    endloop
  endfacet
  facet normal 0.000000e+00 0.000000e+00 1.000000e+00
    outer loop
      vertex   -1.325916e+00 2.307923e+01 4.150000e+01
      vertex   -5.256396e+00 2.681363e+01 4.150000e+01
      vertex   -2.759405e+00 2.198868e+01 4.150000e+01
    endloop
  endfacet
  facet normal 0.000000e+00 0.000000e+00 1.000000e+00
    outer loop
      vertex   -2.759405e+00 2.198868e+01 4.150000e+01
      vertex   -5.256396e+00 2.681363e+01 4.150000e+01
      vertex   -5.946172e+00 2.672530e+01 4.150000e+01
    endloop
  endfacet
  facet normal 0.000000e+00 0.000000e+00 1.000000e+00
    outer loop
      vertex   -2.759405e+00 2.198868e+01 4.150000e+01
      vertex   -5.946172e+00 2.672530e+01 4.150000e+01
      vertex   -6.640954e+00 2.675481e+01 4.150000e+01
    endloop
  endfacet
  facet normal 0.000000e+00 0.000000e+00 1.000000e+00
    outer loop
      vertex   -2.759405e+00 2.198868e+01 4.150000e+01
      vertex   -6.640954e+00 2.675481e+01 4.150000e+01
      vertex   -4.118990e+00 2.080729e+01 4.150000e+01
    endloop
  endfacet
  facet normal 0.000000e+00 0.000000e+00 1.000000e+00
    outer loop
      vertex   -4.118990e+00 2.080729e+01 4.150000e+01
      vertex   -6.640954e+00 2.675481e+01 4.150000e+01
      vertex   -7.320754e+00 2.690132e+01 4.150000e+01
    endloop
  endfacet
  facet normal 0.000000e+00 0.000000e+00 1.000000e+00
    outer loop
      vertex   -4.118990e+00 2.080729e+01 4.150000e+01
      vertex   -7.320754e+00 2.690132e+01 4.150000e+01
      vertex   -5.398922e+00 1.954003e+01 4.150000e+01
    endloop
  endfacet
  facet normal 0.000000e+00 0.000000e+00 1.000000e+00
    outer loop
      vertex   -5.398922e+00 1.954003e+01 4.150000e+01
      vertex   -7.320754e+00 2.690132e+01 4.150000e+01
      vertex   -7.966016e+00 2.716061e+01 4.150000e+01
    endloop
  endfacet
  facet normal 0.000000e+00 0.000000e+00 1.000000e+00
    outer loop
      vertex   -5.398922e+00 1.954003e+01 4.150000e+01
      vertex   -7.966016e+00 2.716061e+01 4.150000e+01
      vertex   -6.593790e+00 1.819226e+01 4.150000e+01
    endloop
  endfacet
  facet normal 0.000000e+00 0.000000e+00 1.000000e+00
    outer loop
      vertex   -6.593790e+00 1.819226e+01 4.150000e+01
      vertex   -7.966016e+00 2.716061e+01 4.150000e+01
      vertex   -8.558177e+00 2.752522e+01 4.150000e+01
    endloop
  endfacet
  facet normal 0.000000e+00 0.000000e+00 1.000000e+00
    outer loop
      vertex   -6.593790e+00 1.819226e+01 4.150000e+01
      vertex   -8.558177e+00 2.752522e+01 4.150000e+01
      vertex   -7.698542e+00 1.676970e+01 4.150000e+01
    endloop
  endfacet
  facet normal 0.000000e+00 0.000000e+00 1.000000e+00
    outer loop
      vertex   -7.698542e+00 1.676970e+01 4.150000e+01
      vertex   -8.558177e+00 2.752522e+01 4.150000e+01
      vertex   -9.080201e+00 2.798465e+01 4.150000e+01
    endloop
  endfacet
  facet normal 0.000000e+00 0.000000e+00 1.000000e+00
    outer loop
      vertex   -7.698542e+00 1.676970e+01 4.150000e+01
      vertex   -9.080201e+00 2.798465e+01 4.150000e+01
      vertex   -8.708506e+00 1.527834e+01 4.150000e+01
    endloop
  endfacet
  facet normal 0.000000e+00 0.000000e+00 1.000000e+00
    outer loop
      vertex   -8.708506e+00 1.527834e+01 4.150000e+01
      vertex   -9.080201e+00 2.798465e+01 4.150000e+01
      vertex   -9.517071e+00 2.852571e+01 4.150000e+01
    endloop
  endfacet
  facet normal 0.000000e+00 0.000000e+00 1.000000e+00
    outer loop
      vertex   -8.708506e+00 1.527834e+01 4.150000e+01
      vertex   -9.517071e+00 2.852571e+01 4.150000e+01
      vertex   -9.619413e+00 1.372450e+01 4.150000e+01
    endloop
  endfacet
  facet normal 0.000000e+00 -0.000000e+00 1.000000e+00
    outer loop
      vertex   -9.619413e+00 1.372450e+01 4.150000e+01
      vertex   -9.517071e+00 2.852571e+01 4.150000e+01
      vertex   -9.856218e+00 2.913281e+01 4.150000e+01
    endloop
  endfacet
  facet normal 0.000000e+00 0.000000e+00 1.000000e+00
    outer loop
      vertex   -9.619413e+00 1.372450e+01 4.150000e+01
      vertex   -9.856218e+00 2.913281e+01 4.150000e+01
      vertex   -1.042741e+01 1.211474e+01 4.150000e+01
    endloop
  endfacet
  facet normal 0.000000e+00 0.000000e+00 1.000000e+00
    outer loop
      vertex   -1.042741e+01 1.211474e+01 4.150000e+01
      vertex   -9.856218e+00 2.913281e+01 4.150000e+01
      vertex   -1.008789e+01 2.978849e+01 4.150000e+01
    endloop
  endfacet
  facet normal 0.000000e+00 -0.000000e+00 1.000000e+00
    outer loop
      vertex   -1.042741e+01 1.211474e+01 4.150000e+01
      vertex   -1.008789e+01 2.978849e+01 4.150000e+01
      vertex   -1.112908e+01 1.045588e+01 4.150000e+01
    endloop
  endfacet
  facet normal 0.000000e+00 -0.000000e+00 1.000000e+00
    outer loop
      vertex   -1.112908e+01 1.045588e+01 4.150000e+01
      vertex   -1.008789e+01 2.978849e+01 4.150000e+01
      vertex   -1.282018e+01 3.810000e+01 4.150000e+01
    endloop
  endfacet
  facet normal 0.000000e+00 0.000000e+00 1.000000e+00
    outer loop
      vertex   -1.112908e+01 1.045588e+01 4.150000e+01
      vertex   -1.282018e+01 3.810000e+01 4.150000e+01
      vertex   -1.172146e+01 8.754922e+00 4.150000e+01
    endloop
  endfacet
  facet normal 0.000000e+00 0.000000e+00 1.000000e+00
    outer loop
      vertex   -1.172146e+01 8.754922e+00 4.150000e+01
      vertex   -1.282018e+01 3.810000e+01 4.150000e+01
      vertex   -1.220205e+01 7.019061e+00 4.150000e+01
    endloop
  endfacet
  facet normal 0.000000e+00 0.000000e+00 1.000000e+00
    outer loop
      vertex   -1.220205e+01 7.019061e+00 4.150000e+01
      vertex   -1.282018e+01 3.810000e+01 4.150000e+01
      vertex   -1.256880e+01 5.255637e+00 4.150000e+01
    endloop
  endfacet
  facet normal 0.000000e+00 0.000000e+00 1.000000e+00
    outer loop
      vertex   -1.256880e+01 5.255637e+00 4.150000e+01
      vertex   -1.282018e+01 3.810000e+01 4.150000e+01
      vertex   -1.282018e+01 3.472106e+00 4.150000e+01
    endloop
  endfacet
  facet normal 0.000000e+00 0.000000e+00 1.000000e+00
    outer loop
      vertex   -1.008789e+01 2.978849e+01 4.150000e+01
      vertex   -1.020541e+01 3.047390e+01 4.150000e+01
      vertex   -1.282018e+01 3.810000e+01 4.150000e+01
    endloop
  endfacet
  facet normal 0.000000e+00 0.000000e+00 1.000000e+00
    outer loop
      vertex   -1.282018e+01 3.810000e+01 4.150000e+01
      vertex   -1.020541e+01 3.047390e+01 4.150000e+01
      vertex   -1.020541e+01 3.116931e+01 4.150000e+01
    endloop
  endfacet
  facet normal 0.000000e+00 0.000000e+00 1.000000e+00
    outer loop
      vertex   -1.282018e+01 3.810000e+01 4.150000e+01
      vertex   -1.020541e+01 3.116931e+01 4.150000e+01
      vertex   -1.008789e+01 3.185471e+01 4.150000e+01
    endloop
  endfacet
  facet normal 0.000000e+00 -0.000000e+00 1.000000e+00
    outer loop
      vertex   -1.008789e+01 3.185471e+01 4.150000e+01
      vertex   -9.856218e+00 3.251040e+01 4.150000e+01
      vertex   -1.282018e+01 3.810000e+01 4.150000e+01
    endloop
  endfacet
  facet normal 0.000000e+00 0.000000e+00 1.000000e+00
    outer loop
      vertex   -1.282018e+01 3.810000e+01 4.150000e+01
      vertex   -9.856218e+00 3.251040e+01 4.150000e+01
      vertex   -9.517071e+00 3.311750e+01 4.150000e+01
    endloop
  endfacet
  facet normal 0.000000e+00 0.000000e+00 1.000000e+00
    outer loop
      vertex   -1.282018e+01 3.810000e+01 4.150000e+01
      vertex   -9.517071e+00 3.311750e+01 4.150000e+01
      vertex   -9.080201e+00 3.365855e+01 4.150000e+01
    endloop
  endfacet
  facet normal 0.000000e+00 -0.000000e+00 1.000000e+00
    outer loop
      vertex   -9.080201e+00 3.365855e+01 4.150000e+01
      vertex   -8.558177e+00 3.411799e+01 4.150000e+01
      vertex   -1.282018e+01 3.810000e+01 4.150000e+01
    endloop
  endfacet
  facet normal 0.000000e+00 0.000000e+00 1.000000e+00
    outer loop
      vertex   -1.282018e+01 3.810000e+01 4.150000e+01
      vertex   -8.558177e+00 3.411799e+01 4.150000e+01
      vertex   -7.966016e+00 3.448260e+01 4.150000e+01
    endloop
  endfacet
  facet normal 0.000000e+00 0.000000e+00 1.000000e+00
    outer loop
      vertex   -1.282018e+01 3.810000e+01 4.150000e+01
      vertex   -7.966016e+00 3.448260e+01 4.150000e+01
      vertex   -7.320754e+00 3.474189e+01 4.150000e+01
    endloop
  endfacet
  facet normal 0.000000e+00 -0.000000e+00 1.000000e+00
    outer loop
      vertex   -7.320754e+00 3.474189e+01 4.150000e+01
      vertex   -6.640954e+00 3.488840e+01 4.150000e+01
      vertex   -1.282018e+01 3.810000e+01 4.150000e+01
    endloop
  endfacet
  facet normal -0.000000e+00 0.000000e+00 1.000000e+00
    outer loop
      vertex   -1.282018e+01 3.810000e+01 4.150000e+01
      vertex   -6.640954e+00 3.488840e+01 4.150000e+01
      vertex   -1.032018e+01 4.060000e+01 4.150000e+01
    endloop
  endfacet
  facet normal 0.000000e+00 0.000000e+00 1.000000e+00
    outer loop
      vertex   -1.282018e+01 3.810000e+01 4.150000e+01
      vertex   -1.032018e+01 4.060000e+01 4.150000e+01
      vertex   -1.277214e+01 3.858773e+01 4.150000e+01
    endloop
  endfacet
  facet normal 0.000000e+00 0.000000e+00 1.000000e+00
    outer loop
      vertex   -1.277214e+01 3.858773e+01 4.150000e+01
      vertex   -1.032018e+01 4.060000e+01 4.150000e+01
      vertex   -1.262988e+01 3.905671e+01 4.150000e+01
    endloop
  endfacet
  facet normal 0.000000e+00 0.000000e+00 1.000000e+00
    outer loop
      vertex   -1.262988e+01 3.905671e+01 4.150000e+01
      vertex   -1.032018e+01 4.060000e+01 4.150000e+01
      vertex   -1.239886e+01 3.948893e+01 4.150000e+01
    endloop
  endfacet
  facet normal 0.000000e+00 0.000000e+00 1.000000e+00
    outer loop
      vertex   -1.239886e+01 3.948893e+01 4.150000e+01
      vertex   -1.032018e+01 4.060000e+01 4.150000e+01
      vertex   -1.208795e+01 3.986777e+01 4.150000e+01
    endloop
  endfacet
  facet normal 0.000000e+00 0.000000e+00 1.000000e+00
    outer loop
      vertex   -1.208795e+01 3.986777e+01 4.150000e+01
      vertex   -1.032018e+01 4.060000e+01 4.150000e+01
      vertex   -1.170911e+01 4.017867e+01 4.150000e+01
    endloop
  endfacet
  facet normal 0.000000e+00 0.000000e+00 1.000000e+00
    outer loop
      vertex   -1.170911e+01 4.017867e+01 4.150000e+01
      vertex   -1.032018e+01 4.060000e+01 4.150000e+01
      vertex   -1.127689e+01 4.040970e+01 4.150000e+01
    endloop
  endfacet
  facet normal 0.000000e+00 0.000000e+00 1.000000e+00
    outer loop
      vertex   -1.127689e+01 4.040970e+01 4.150000e+01
      vertex   -1.032018e+01 4.060000e+01 4.150000e+01
      vertex   -1.080791e+01 4.055196e+01 4.150000e+01
    endloop
  endfacet
  facet normal 0.000000e+00 -0.000000e+00 1.000000e+00
    outer loop
      vertex   -6.640954e+00 3.488840e+01 4.150000e+01
      vertex   -5.946172e+00 3.491791e+01 4.150000e+01
      vertex   -1.032018e+01 4.060000e+01 4.150000e+01
    endloop
  endfacet
  facet normal 0.000000e+00 0.000000e+00 1.000000e+00
    outer loop
      vertex   -1.032018e+01 4.060000e+01 4.150000e+01
      vertex   -5.946172e+00 3.491791e+01 4.150000e+01
      vertex   -5.256396e+00 3.482958e+01 4.150000e+01
    endloop
  endfacet
  facet normal 0.000000e+00 0.000000e+00 1.000000e+00
    outer loop
      vertex   -1.032018e+01 4.060000e+01 4.150000e+01
      vertex   -5.256396e+00 3.482958e+01 4.150000e+01
      vertex   -4.591470e+00 3.462595e+01 4.150000e+01
    endloop
  endfacet
  facet normal -0.000000e+00 -0.000000e+00 1.000000e+00
    outer loop
      vertex   -4.591470e+00 3.462595e+01 4.150000e+01
      vertex   -3.970521e+00 3.431287e+01 4.150000e+01
      vertex   -1.032018e+01 4.060000e+01 4.150000e+01
    endloop
  endfacet
  facet normal 0.000000e+00 0.000000e+00 1.000000e+00
    outer loop
      vertex   -1.032018e+01 4.060000e+01 4.150000e+01
      vertex   -3.970521e+00 3.431287e+01 4.150000e+01
      vertex   3.976000e+01 4.060000e+01 4.150000e+01
    endloop
  endfacet
  facet normal 0.000000e+00 0.000000e+00 1.000000e+00
    outer loop
      vertex   3.976000e+01 4.060000e+01 4.150000e+01
      vertex   -3.970521e+00 3.431287e+01 4.150000e+01
      vertex   -3.411415e+00 3.389936e+01 4.150000e+01
    endloop
  endfacet
  facet normal 0.000000e+00 0.000000e+00 1.000000e+00
    outer loop
      vertex   3.976000e+01 4.060000e+01 4.150000e+01
      vertex   -3.411415e+00 3.389936e+01 4.150000e+01
      vertex   1.562049e+01 2.818536e+01 4.150000e+01
    endloop
  endfacet
  facet normal 0.000000e+00 0.000000e+00 1.000000e+00
    outer loop
      vertex   1.562049e+01 2.818536e+01 4.150000e+01
      vertex   -3.411415e+00 3.389936e+01 4.150000e+01
      vertex   1.381933e+01 2.818536e+01 4.150000e+01
    endloop
  endfacet
  facet normal 0.000000e+00 0.000000e+00 1.000000e+00
    outer loop
      vertex   1.381933e+01 2.818536e+01 4.150000e+01
      vertex   -3.411415e+00 3.389936e+01 4.150000e+01
      vertex   -2.930235e+00 3.339731e+01 4.150000e+01
    endloop
  endfacet
  facet normal 0.000000e+00 0.000000e+00 1.000000e+00
    outer loop
      vertex   1.381933e+01 2.818536e+01 4.150000e+01
      vertex   -2.930235e+00 3.339731e+01 4.150000e+01
      vertex   1.202198e+01 2.806830e+01 4.150000e+01
    endloop
  endfacet
  facet normal 0.000000e+00 0.000000e+00 1.000000e+00
    outer loop
      vertex   1.202198e+01 2.806830e+01 4.150000e+01
      vertex   -2.930235e+00 3.339731e+01 4.150000e+01
      vertex   -2.540823e+00 3.282115e+01 4.150000e+01
    endloop
  endfacet
  facet normal 0.000000e+00 0.000000e+00 1.000000e+00
    outer loop
      vertex   1.202198e+01 2.806830e+01 4.150000e+01
      vertex   -2.540823e+00 3.282115e+01 4.150000e+01
      vertex   1.023603e+01 2.783468e+01 4.150000e+01
    endloop
  endfacet
  facet normal 0.000000e+00 0.000000e+00 1.000000e+00
    outer loop
      vertex   1.023603e+01 2.783468e+01 4.150000e+01
      vertex   -2.540823e+00 3.282115e+01 4.150000e+01
      vertex   -2.254384e+00 3.218748e+01 4.150000e+01
    endloop
  endfacet
  facet normal 0.000000e+00 0.000000e+00 1.000000e+00
    outer loop
      vertex   1.023603e+01 2.783468e+01 4.150000e+01
      vertex   -2.254384e+00 3.218748e+01 4.150000e+01
      vertex   8.469049e+00 2.748549e+01 4.150000e+01
    endloop
  endfacet
  facet normal 0.000000e+00 0.000000e+00 1.000000e+00
    outer loop
      vertex   8.469049e+00 2.748549e+01 4.150000e+01
      vertex   -2.254384e+00 3.218748e+01 4.150000e+01
      vertex   -2.079156e+00 3.151451e+01 4.150000e+01
    endloop
  endfacet
  facet normal 0.000000e+00 0.000000e+00 1.000000e+00
    outer loop
      vertex   8.469049e+00 2.748549e+01 4.150000e+01
      vertex   -2.079156e+00 3.151451e+01 4.150000e+01
      vertex   6.728492e+00 2.702220e+01 4.150000e+01
    endloop
  endfacet
  facet normal 0.000000e+00 -0.000000e+00 1.000000e+00
    outer loop
      vertex   4.226000e+01 3.472106e+00 4.150000e+01
      vertex   4.226000e+01 3.810000e+01 4.150000e+01
      vertex   4.200862e+01 5.255637e+00 4.150000e+01
    endloop
  endfacet
  facet normal 0.000000e+00 -0.000000e+00 1.000000e+00
    outer loop
      vertex   4.200862e+01 5.255637e+00 4.150000e+01
      vertex   4.226000e+01 3.810000e+01 4.150000e+01
      vertex   4.164187e+01 7.019061e+00 4.150000e+01
    endloop
  endfacet
  facet normal 0.000000e+00 -0.000000e+00 1.000000e+00
    outer loop
      vertex   4.164187e+01 7.019061e+00 4.150000e+01
      vertex   4.226000e+01 3.810000e+01 4.150000e+01
      vertex   4.116128e+01 8.754922e+00 4.150000e+01
    endloop
  endfacet
  facet normal 0.000000e+00 -0.000000e+00 1.000000e+00
    outer loop
      vertex   4.116128e+01 8.754922e+00 4.150000e+01
      vertex   4.226000e+01 3.810000e+01 4.150000e+01
      vertex   4.056890e+01 1.045588e+01 4.150000e+01
    endloop
  endfacet
  facet normal 0.000000e+00 -0.000000e+00 1.000000e+00
    outer loop
      vertex   4.056890e+01 1.045588e+01 4.150000e+01
      vertex   4.226000e+01 3.810000e+01 4.150000e+01
      vertex   3.986723e+01 1.211474e+01 4.150000e+01
    endloop
  endfacet
  facet normal 0.000000e+00 -0.000000e+00 1.000000e+00
    outer loop
      vertex   3.986723e+01 1.211474e+01 4.150000e+01
      vertex   4.226000e+01 3.810000e+01 4.150000e+01
      vertex   3.905923e+01 1.372450e+01 4.150000e+01
    endloop
  endfacet
  facet normal 0.000000e+00 -0.000000e+00 1.000000e+00
    outer loop
      vertex   3.905923e+01 1.372450e+01 4.150000e+01
      vertex   4.226000e+01 3.810000e+01 4.150000e+01
      vertex   3.814833e+01 1.527834e+01 4.150000e+01
    endloop
  endfacet
  facet normal 0.000000e+00 -0.000000e+00 1.000000e+00
    outer loop
      vertex   3.814833e+01 1.527834e+01 4.150000e+01
      vertex   4.226000e+01 3.810000e+01 4.150000e+01
      vertex   3.713836e+01 1.676970e+01 4.150000e+01
    endloop
  endfacet
  facet normal 0.000000e+00 -0.000000e+00 1.000000e+00
    outer loop
      vertex   3.713836e+01 1.676970e+01 4.150000e+01
      vertex   4.226000e+01 3.810000e+01 4.150000e+01
      vertex   3.603361e+01 1.819226e+01 4.150000e+01
    endloop
  endfacet
  facet normal 0.000000e+00 -0.000000e+00 1.000000e+00
    outer loop
      vertex   3.603361e+01 1.819226e+01 4.150000e+01
      vertex   4.226000e+01 3.810000e+01 4.150000e+01
      vertex   3.483874e+01 1.954003e+01 4.150000e+01
    endloop
  endfacet
  facet normal 0.000000e+00 -0.000000e+00 1.000000e+00
    outer loop
      vertex   3.483874e+01 1.954003e+01 4.150000e+01
      vertex   4.226000e+01 3.810000e+01 4.150000e+01
      vertex   3.355881e+01 2.080729e+01 4.150000e+01
    endloop
  endfacet
  facet normal 0.000000e+00 -0.000000e+00 1.000000e+00
    outer loop
      vertex   3.355881e+01 2.080729e+01 4.150000e+01
      vertex   4.226000e+01 3.810000e+01 4.150000e+01
      vertex   3.219922e+01 2.198868e+01 4.150000e+01
    endloop
  endfacet
  facet normal 0.000000e+00 -0.000000e+00 1.000000e+00
    outer loop
      vertex   3.219922e+01 2.198868e+01 4.150000e+01
      vertex   4.226000e+01 3.810000e+01 4.150000e+01
      vertex   3.076573e+01 2.307923e+01 4.150000e+01
    endloop
  endfacet
  facet normal 0.000000e+00 -0.000000e+00 1.000000e+00
    outer loop
      vertex   3.076573e+01 2.307923e+01 4.150000e+01
      vertex   4.226000e+01 3.810000e+01 4.150000e+01
      vertex   2.926440e+01 2.407430e+01 4.150000e+01
    endloop
  endfacet
  facet normal 0.000000e+00 -0.000000e+00 1.000000e+00
    outer loop
      vertex   2.926440e+01 2.407430e+01 4.150000e+01
      vertex   4.226000e+01 3.810000e+01 4.150000e+01
      vertex   2.770157e+01 2.496970e+01 4.150000e+01
    endloop
  endfacet
  facet normal 0.000000e+00 -0.000000e+00 1.000000e+00
    outer loop
      vertex   2.770157e+01 2.496970e+01 4.150000e+01
      vertex   4.226000e+01 3.810000e+01 4.150000e+01
      vertex   2.608386e+01 2.576164e+01 4.150000e+01
    endloop
  endfacet
  facet normal 0.000000e+00 -0.000000e+00 1.000000e+00
    outer loop
      vertex   2.608386e+01 2.576164e+01 4.150000e+01
      vertex   4.226000e+01 3.810000e+01 4.150000e+01
      vertex   2.441810e+01 2.644678e+01 4.150000e+01
    endloop
  endfacet
  facet normal 0.000000e+00 0.000000e+00 1.000000e+00
    outer loop
      vertex   2.441810e+01 2.644678e+01 4.150000e+01
      vertex   4.226000e+01 3.810000e+01 4.150000e+01
      vertex   3.976000e+01 4.060000e+01 4.150000e+01
    endloop
  endfacet
  facet normal 0.000000e+00 -0.000000e+00 1.000000e+00
    outer loop
      vertex   2.441810e+01 2.644678e+01 4.150000e+01
      vertex   3.976000e+01 4.060000e+01 4.150000e+01
      vertex   2.271133e+01 2.702220e+01 4.150000e+01
    endloop
  endfacet
  facet normal 0.000000e+00 -0.000000e+00 1.000000e+00
    outer loop
      vertex   2.271133e+01 2.702220e+01 4.150000e+01
      vertex   3.976000e+01 4.060000e+01 4.150000e+01
      vertex   2.097077e+01 2.748549e+01 4.150000e+01
    endloop
  endfacet
  facet normal 0.000000e+00 -0.000000e+00 1.000000e+00
    outer loop
      vertex   2.097077e+01 2.748549e+01 4.150000e+01
      vertex   3.976000e+01 4.060000e+01 4.150000e+01
      vertex   1.920378e+01 2.783468e+01 4.150000e+01
    endloop
  endfacet
  facet normal 0.000000e+00 -0.000000e+00 1.000000e+00
    outer loop
      vertex   1.920378e+01 2.783468e+01 4.150000e+01
      vertex   3.976000e+01 4.060000e+01 4.150000e+01
      vertex   1.741784e+01 2.806830e+01 4.150000e+01
    endloop
  endfacet
  facet normal 0.000000e+00 -0.000000e+00 1.000000e+00
    outer loop
      vertex   1.741784e+01 2.806830e+01 4.150000e+01
      vertex   3.976000e+01 4.060000e+01 4.150000e+01
      vertex   1.562049e+01 2.818536e+01 4.150000e+01
    endloop
  endfacet
  facet normal 0.000000e+00 0.000000e+00 1.000000e+00
    outer loop
      vertex   4.226000e+01 3.810000e+01 4.150000e+01
      vertex   4.221196e+01 3.858773e+01 4.150000e+01
      vertex   3.976000e+01 4.060000e+01 4.150000e+01
    endloop
  endfacet
  facet normal 0.000000e+00 0.000000e+00 1.000000e+00
    outer loop
      vertex   3.976000e+01 4.060000e+01 4.150000e+01
      vertex   4.221196e+01 3.858773e+01 4.150000e+01
      vertex   4.206970e+01 3.905671e+01 4.150000e+01
    endloop
  endfacet
  facet normal 0.000000e+00 0.000000e+00 1.000000e+00
    outer loop
      vertex   3.976000e+01 4.060000e+01 4.150000e+01
      vertex   4.206970e+01 3.905671e+01 4.150000e+01
      vertex   4.183867e+01 3.948893e+01 4.150000e+01
    endloop
  endfacet
  facet normal 0.000000e+00 0.000000e+00 1.000000e+00
    outer loop
      vertex   4.183867e+01 3.948893e+01 4.150000e+01
      vertex   4.152777e+01 3.986777e+01 4.150000e+01
      vertex   3.976000e+01 4.060000e+01 4.150000e+01
    endloop
  endfacet
  facet normal 0.000000e+00 0.000000e+00 1.000000e+00
    outer loop
      vertex   3.976000e+01 4.060000e+01 4.150000e+01
      vertex   4.152777e+01 3.986777e+01 4.150000e+01
      vertex   4.114893e+01 4.017867e+01 4.150000e+01
    endloop
  endfacet
  facet normal 0.000000e+00 0.000000e+00 1.000000e+00
    outer loop
      vertex   3.976000e+01 4.060000e+01 4.150000e+01
      vertex   4.114893e+01 4.017867e+01 4.150000e+01
      vertex   4.071671e+01 4.040970e+01 4.150000e+01
    endloop
  endfacet
  facet normal 0.000000e+00 0.000000e+00 1.000000e+00
    outer loop
      vertex   4.071671e+01 4.040970e+01 4.150000e+01
      vertex   4.024773e+01 4.055196e+01 4.150000e+01
      vertex   3.976000e+01 4.060000e+01 4.150000e+01
    endloop
  endfacet
  facet normal -9.992714e-01 3.305735e-02 1.907515e-02
    outer loop
      vertex   4.235935e+01 -1.330709e+00 4.100000e+01
      vertex   4.238110e+01 -9.592375e-01 4.149573e+01
      vertex   4.241991e+01 5.000000e-01 4.100000e+01
    endloop
  endfacet
  facet normal -9.996465e-01 2.658720e-02 1.501557e-16
    outer loop
      vertex   4.241991e+01 5.000000e-01 4.100000e+01
      vertex   4.238110e+01 -9.592375e-01 4.149573e+01
      vertex   4.241991e+01 5.000000e-01 4.149145e+01
    endloop
  endfacet
  facet normal -9.996465e-01 -2.658720e-02 -1.501557e-16
    outer loop
      vertex   4.241991e+01 5.000000e-01 4.100000e+01
      vertex   4.241991e+01 5.000000e-01 4.149145e+01
      vertex   4.238110e+01 1.959238e+00 4.149573e+01
    endloop
  endfacet
  facet normal -9.966874e-01 7.973535e-02 -1.601633e-02
    outer loop
      vertex   4.238110e+01 -9.592375e-01 4.149573e+01
      vertex   4.235935e+01 -1.330709e+00 4.100000e+01
      vertex   4.226000e+01 -2.472106e+00 4.150000e+01
    endloop
  endfacet
  facet normal -9.946823e-01 9.900566e-02 2.837218e-02
    outer loop
      vertex   4.226000e+01 -2.472106e+00 4.150000e+01
      vertex   4.235935e+01 -1.330709e+00 4.100000e+01
      vertex   4.217792e+01 -3.153413e+00 4.100000e+01
    endloop
  endfacet
  facet normal -9.898354e-01 1.395105e-01 -2.761594e-02
    outer loop
      vertex   4.226000e+01 -2.472106e+00 4.150000e+01
      vertex   4.217792e+01 -3.153413e+00 4.100000e+01
      vertex   4.200862e+01 -4.255637e+00 4.150000e+01
    endloop
  endfacet
  facet normal -9.859509e-01 1.645261e-01 2.884498e-02
    outer loop
      vertex   4.200862e+01 -4.255637e+00 4.150000e+01
      vertex   4.217792e+01 -3.153413e+00 4.100000e+01
      vertex   4.187643e+01 -4.960142e+00 4.100000e+01
    endloop
  endfacet
  facet normal -9.786642e-01 2.035419e-01 -2.805508e-02
    outer loop
      vertex   4.200862e+01 -4.255637e+00 4.150000e+01
      vertex   4.187643e+01 -4.960142e+00 4.100000e+01
      vertex   4.164187e+01 -6.019061e+00 4.150000e+01
    endloop
  endfacet
  facet normal -9.729101e-01 2.293258e-01 2.925039e-02
    outer loop
      vertex   4.164187e+01 -6.019061e+00 4.150000e+01
      vertex   4.187643e+01 -4.960142e+00 4.100000e+01
      vertex   4.145620e+01 -6.742994e+00 4.100000e+01
    endloop
  endfacet
  facet normal -9.633571e-01 2.667116e-01 -2.842683e-02
    outer loop
      vertex   4.164187e+01 -6.019061e+00 4.150000e+01
      vertex   4.145620e+01 -6.742994e+00 4.100000e+01
      vertex   4.116128e+01 -7.754922e+00 4.150000e+01
    endloop
  endfacet
  facet normal -9.556172e-01 2.931216e-01 2.958841e-02
    outer loop
      vertex   4.116128e+01 -7.754922e+00 4.150000e+01
      vertex   4.145620e+01 -6.742994e+00 4.100000e+01
      vertex   4.091905e+01 -8.494175e+00 4.100000e+01
    endloop
  endfacet
  facet normal -9.439788e-01 3.287529e-01 -2.873118e-02
    outer loop
      vertex   4.116128e+01 -7.754922e+00 4.150000e+01
      vertex   4.091905e+01 -8.494175e+00 4.100000e+01
      vertex   4.056890e+01 -9.455880e+00 4.150000e+01
    endloop
  endfacet
  facet normal -9.341478e-01 3.556352e-01 2.985904e-02
    outer loop
      vertex   4.056890e+01 -9.455880e+00 4.150000e+01
      vertex   4.091905e+01 -8.494175e+00 4.100000e+01
      vertex   4.026734e+01 -1.020603e+01 4.100000e+01
    endloop
  endfacet
  facet normal -9.206115e-01 3.894039e-01 -2.896814e-02
    outer loop
      vertex   4.056890e+01 -9.455880e+00 4.150000e+01
      vertex   4.026734e+01 -1.020603e+01 4.100000e+01
      vertex   3.986723e+01 -1.111474e+01 4.150000e+01
    endloop
  endfacet
  facet normal -9.085957e-01 4.165935e-01 3.006229e-02
    outer loop
      vertex   3.986723e+01 -1.111474e+01 4.150000e+01
      vertex   4.026734e+01 -1.020603e+01 4.100000e+01
      vertex   3.950391e+01 -1.187106e+01 4.100000e+01
    endloop
  endfacet
  facet normal -8.933537e-01 4.484085e-01 -2.913772e-02
    outer loop
      vertex   3.986723e+01 -1.111474e+01 4.150000e+01
      vertex   3.950391e+01 -1.187106e+01 4.100000e+01
      vertex   3.905923e+01 -1.272450e+01 4.150000e+01
    endloop
  endfacet
  facet normal -8.790727e-01 4.757303e-01 3.019817e-02
    outer loop
      vertex   3.905923e+01 -1.272450e+01 4.150000e+01
      vertex   3.950391e+01 -1.187106e+01 4.100000e+01
      vertex   3.863211e+01 -1.348201e+01 4.100000e+01
    endloop
  endfacet
  facet normal -8.623207e-01 5.055175e-01 -2.923991e-02
    outer loop
      vertex   3.905923e+01 -1.272450e+01 4.150000e+01
      vertex   3.863211e+01 -1.348201e+01 4.100000e+01
      vertex   3.814833e+01 -1.427834e+01 4.150000e+01
    endloop
  endfacet
  facet normal -8.457076e-01 5.327875e-01 3.026666e-02
    outer loop
      vertex   3.814833e+01 -1.427834e+01 4.150000e+01
      vertex   3.863211e+01 -1.348201e+01 4.100000e+01
      vertex   3.765575e+01 -1.503181e+01 4.100000e+01
    endloop
  endfacet
  facet normal -8.276436e-01 5.604900e-01 -2.927473e-02
    outer loop
      vertex   3.814833e+01 -1.427834e+01 4.150000e+01
      vertex   3.765575e+01 -1.503181e+01 4.100000e+01
      vertex   3.713836e+01 -1.576970e+01 4.150000e+01
    endloop
  endfacet
  facet normal -8.086463e-01 5.875159e-01 3.026779e-02
    outer loop
      vertex   3.713836e+01 -1.576970e+01 4.150000e+01
      vertex   3.765575e+01 -1.503181e+01 4.100000e+01
      vertex   3.657910e+01 -1.651369e+01 4.100000e+01
    endloop
  endfacet
  facet normal -7.894688e-01 6.130937e-01 -2.924216e-02
    outer loop
      vertex   3.713836e+01 -1.576970e+01 4.150000e+01
      vertex   3.657910e+01 -1.651369e+01 4.100000e+01
      vertex   3.603361e+01 -1.719226e+01 4.150000e+01
    endloop
  endfacet
  facet normal -7.680506e-01 6.396766e-01 3.020154e-02
    outer loop
      vertex   3.603361e+01 -1.719226e+01 4.150000e+01
      vertex   3.657910e+01 -1.651369e+01 4.100000e+01
      vertex   3.540686e+01 -1.792118e+01 4.100000e+01
    endloop
  endfacet
  facet normal -7.479574e-01 6.631067e-01 -2.914222e-02
    outer loop
      vertex   3.603361e+01 -1.719226e+01 4.150000e+01
      vertex   3.540686e+01 -1.792118e+01 4.100000e+01
      vertex   3.483874e+01 -1.854003e+01 4.150000e+01
    endloop
  endfacet
  facet normal -7.240977e-01 6.890417e-01 3.006792e-02
    outer loop
      vertex   3.483874e+01 -1.854003e+01 4.150000e+01
      vertex   3.540686e+01 -1.792118e+01 4.100000e+01
      vertex   3.414417e+01 -1.924812e+01 4.100000e+01
    endloop
  endfacet
  facet normal -7.032847e-01 7.103176e-01 -2.897489e-02
    outer loop
      vertex   3.483874e+01 -1.854003e+01 4.150000e+01
      vertex   3.414417e+01 -1.924812e+01 4.100000e+01
      vertex   3.355881e+01 -1.980729e+01 4.150000e+01
    endloop
  endfacet
  facet normal -6.769794e-01 7.353957e-01 2.986692e-02
    outer loop
      vertex   3.355881e+01 -1.980729e+01 4.150000e+01
      vertex   3.414417e+01 -1.924812e+01 4.100000e+01
      vertex   3.279654e+01 -2.048870e+01 4.100000e+01
    endloop
  endfacet
  facet normal -6.556392e-01 7.545271e-01 -2.874018e-02
    outer loop
      vertex   3.355881e+01 -1.980729e+01 4.150000e+01
      vertex   3.279654e+01 -2.048870e+01 4.100000e+01
      vertex   3.219922e+01 -2.098868e+01 4.150000e+01
    endloop
  endfacet
  facet normal -6.269016e-01 7.785360e-01 2.959853e-02
    outer loop
      vertex   3.219922e+01 -2.098868e+01 4.150000e+01
      vertex   3.279654e+01 -2.048870e+01 4.100000e+01
      vertex   3.136986e+01 -2.163751e+01 4.100000e+01
    endloop
  endfacet
  facet normal -6.052221e-01 7.955485e-01 -2.843808e-02
    outer loop
      vertex   3.219922e+01 -2.098868e+01 4.150000e+01
      vertex   3.136986e+01 -2.163751e+01 4.100000e+01
      vertex   3.076573e+01 -2.207923e+01 4.150000e+01
    endloop
  endfacet
  facet normal -5.740827e-01 8.182742e-01 2.926277e-02
    outer loop
      vertex   3.076573e+01 -2.207923e+01 4.150000e+01
      vertex   3.136986e+01 -2.163751e+01 4.100000e+01
      vertex   2.987037e+01 -2.268951e+01 4.100000e+01
    endloop
  endfacet
  facet normal -5.522462e-01 8.332084e-01 -2.806858e-02
    outer loop
      vertex   3.076573e+01 -2.207923e+01 4.150000e+01
      vertex   2.987037e+01 -2.268951e+01 4.100000e+01
      vertex   2.926440e+01 -2.307430e+01 4.150000e+01
    endloop
  endfacet
  facet normal -5.187534e-01 8.544367e-01 2.885961e-02
    outer loop
      vertex   2.926440e+01 -2.307430e+01 4.150000e+01
      vertex   2.987037e+01 -2.268951e+01 4.100000e+01
      vertex   2.830464e+01 -2.364011e+01 4.100000e+01
    endloop
  endfacet
  facet normal -4.969350e-01 8.673477e-01 -2.763169e-02
    outer loop
      vertex   2.926440e+01 -2.307430e+01 4.150000e+01
      vertex   2.830464e+01 -2.364011e+01 4.100000e+01
      vertex   2.770157e+01 -2.396970e+01 4.150000e+01
    endloop
  endfacet
  facet normal -4.611552e-01 8.868652e-01 2.838906e-02
    outer loop
      vertex   2.770157e+01 -2.396970e+01 4.150000e+01
      vertex   2.830464e+01 -2.364011e+01 4.100000e+01
      vertex   2.667950e+01 -2.448516e+01 4.100000e+01
    endloop
  endfacet
  facet normal -4.395221e-01 8.978220e-01 -2.712739e-02
    outer loop
      vertex   2.770157e+01 -2.396970e+01 4.150000e+01
      vertex   2.667950e+01 -2.448516e+01 4.100000e+01
      vertex   2.608386e+01 -2.476164e+01 4.150000e+01
    endloop
  endfacet
  facet normal -4.015396e-01 9.154181e-01 2.785110e-02
    outer loop
      vertex   2.608386e+01 -2.476164e+01 4.150000e+01
      vertex   2.667950e+01 -2.448516e+01 4.100000e+01
      vertex   2.500207e+01 -2.522095e+01 4.100000e+01
    endloop
  endfacet
  facet normal -3.802499e-01 9.245025e-01 -2.655568e-02
    outer loop
      vertex   2.608386e+01 -2.476164e+01 4.150000e+01
      vertex   2.500207e+01 -2.522095e+01 4.100000e+01
      vertex   2.441810e+01 -2.544678e+01 4.150000e+01
    endloop
  endfacet
  facet normal -3.401668e-01 9.399703e-01 2.724573e-02
    outer loop
      vertex   2.441810e+01 -2.544678e+01 4.150000e+01
      vertex   2.500207e+01 -2.522095e+01 4.100000e+01
      vertex   2.327968e+01 -2.584427e+01 4.100000e+01
    endloop
  endfacet
  facet normal -3.193685e-01 9.472761e-01 -2.591655e-02
    outer loop
      vertex   2.441810e+01 -2.544678e+01 4.150000e+01
      vertex   2.327968e+01 -2.584427e+01 4.100000e+01
      vertex   2.271133e+01 -2.602220e+01 4.150000e+01
    endloop
  endfacet
  facet normal -2.773050e-01 9.604144e-01 2.657293e-02
    outer loop
      vertex   2.271133e+01 -2.602220e+01 4.150000e+01
      vertex   2.327968e+01 -2.584427e+01 4.100000e+01
      vertex   2.151986e+01 -2.635239e+01 4.100000e+01
    endloop
  endfacet
  facet normal -2.571351e-01 9.660466e-01 -2.520999e-02
    outer loop
      vertex   2.271133e+01 -2.602220e+01 4.150000e+01
      vertex   2.151986e+01 -2.635239e+01 4.100000e+01
      vertex   2.097077e+01 -2.648549e+01 4.150000e+01
    endloop
  endfacet
  facet normal -2.132284e-01 9.766608e-01 2.583271e-02
    outer loop
      vertex   2.097077e+01 -2.648549e+01 4.150000e+01
      vertex   2.151986e+01 -2.635239e+01 4.100000e+01
      vertex   1.973030e+01 -2.674309e+01 4.100000e+01
    endloop
  endfacet
  facet normal -1.938124e-01 9.807342e-01 -2.443599e-02
    outer loop
      vertex   2.097077e+01 -2.648549e+01 4.150000e+01
      vertex   1.973030e+01 -2.674309e+01 4.100000e+01
      vertex   1.920378e+01 -2.683468e+01 4.150000e+01
    endloop
  endfacet
  facet normal -1.482172e-01 9.886382e-01 2.502505e-02
    outer loop
      vertex   1.920378e+01 -2.683468e+01 4.150000e+01
      vertex   1.973030e+01 -2.674309e+01 4.100000e+01
      vertex   1.791883e+01 -2.701467e+01 4.100000e+01
    endloop
  endfacet
  facet normal -1.296679e-01 9.912767e-01 -2.359454e-02
    outer loop
      vertex   1.920378e+01 -2.683468e+01 4.150000e+01
      vertex   1.791883e+01 -2.701467e+01 4.100000e+01
      vertex   1.741784e+01 -2.706830e+01 4.150000e+01
    endloop
  endfacet
  facet normal -8.255526e-02 9.962938e-01 2.414994e-02
    outer loop
      vertex   1.741784e+01 -2.706830e+01 4.150000e+01
      vertex   1.791883e+01 -2.701467e+01 4.100000e+01
      vertex   1.609338e+01 -2.716593e+01 4.100000e+01
    endloop
  endfacet
  facet normal -6.497269e-02 9.976291e-01 -2.268564e-02
    outer loop
      vertex   1.741784e+01 -2.706830e+01 4.150000e+01
      vertex   1.609338e+01 -2.716593e+01 4.100000e+01
      vertex   1.562049e+01 -2.718536e+01 4.150000e+01
    endloop
  endfacet
  facet normal -1.652949e-02 9.995940e-01 2.320737e-02
    outer loop
      vertex   1.562049e+01 -2.718536e+01 4.150000e+01
      vertex   1.609338e+01 -2.716593e+01 4.100000e+01
      vertex   1.426192e+01 -2.719621e+01 4.100000e+01
    endloop
  endfacet
  facet normal 0.000000e+00 9.997643e-01 -2.170927e-02
    outer loop
      vertex   1.562049e+01 -2.718536e+01 4.150000e+01
      vertex   1.426192e+01 -2.719621e+01 4.100000e+01
      vertex   1.381933e+01 -2.718536e+01 4.150000e+01
    endloop
  endfacet
  facet normal 4.957154e-02 9.985239e-01 2.219733e-02
    outer loop
      vertex   1.381933e+01 -2.718536e+01 4.150000e+01
      vertex   1.426192e+01 -2.719621e+01 4.100000e+01
      vertex   1.243246e+01 -2.710539e+01 4.100000e+01
    endloop
  endfacet
  facet normal 6.497554e-02 9.976729e-01 -2.066542e-02
    outer loop
      vertex   1.381933e+01 -2.718536e+01 4.150000e+01
      vertex   1.243246e+01 -2.710539e+01 4.100000e+01
      vertex   1.202198e+01 -2.706830e+01 4.150000e+01
    endloop
  endfacet
  facet normal 1.154589e-01 9.930877e-01 2.111981e-02
    outer loop
      vertex   1.202198e+01 -2.706830e+01 4.150000e+01
      vertex   1.243246e+01 -2.710539e+01 4.100000e+01
      vertex   1.061301e+01 -2.689386e+01 4.100000e+01
    endloop
  endfacet
  facet normal 1.296792e-01 9.913632e-01 -1.955409e-02
    outer loop
      vertex   1.202198e+01 -2.706830e+01 4.150000e+01
      vertex   1.061301e+01 -2.689386e+01 4.100000e+01
      vertex   1.023603e+01 -2.683468e+01 4.150000e+01
    endloop
  endfacet
  facet normal 1.808444e-01 9.833088e-01 1.997480e-02
    outer loop
      vertex   1.023603e+01 -2.683468e+01 4.150000e+01
      vertex   1.061301e+01 -2.689386e+01 4.100000e+01
      vertex   8.811510e+00 -2.656254e+01 4.100000e+01
    endloop
  endfacet
  facet normal 1.938375e-01 9.808615e-01 -1.837526e-02
    outer loop
      vertex   1.023603e+01 -2.683468e+01 4.150000e+01
      vertex   8.811510e+00 -2.656254e+01 4.100000e+01
      vertex   8.469049e+00 -2.648549e+01 4.150000e+01
    endloop
  endfacet
  facet normal 2.454423e-01 9.692296e-01 1.876229e-02
    outer loop
      vertex   8.469049e+00 -2.648549e+01 4.150000e+01
      vertex   8.811510e+00 -2.656254e+01 4.100000e+01
      vertex   7.035849e+00 -2.611288e+01 4.100000e+01
    endloop
  endfacet
  facet normal 2.571791e-01 9.662119e-01 -1.712894e-02
    outer loop
      vertex   8.469049e+00 -2.648549e+01 4.150000e+01
      vertex   7.035849e+00 -2.611288e+01 4.100000e+01
      vertex   6.728492e+00 -2.602220e+01 4.150000e+01
    endloop
  endfacet
  facet normal 3.089698e-01 9.509112e-01 1.748228e-02
    outer loop
      vertex   6.728492e+00 -2.602220e+01 4.150000e+01
      vertex   7.035849e+00 -2.611288e+01 4.100000e+01
      vertex   5.293789e+00 -2.554685e+01 4.100000e+01
    endloop
  endfacet
  facet normal 3.194359e-01 9.474759e-01 -1.581511e-02
    outer loop
      vertex   6.728492e+00 -2.602220e+01 4.150000e+01
      vertex   5.293789e+00 -2.554685e+01 4.100000e+01
      vertex   5.021724e+00 -2.544678e+01 4.150000e+01
    endloop
  endfacet
  facet normal 3.711489e-01 9.284332e-01 1.613476e-02
    outer loop
      vertex   5.021724e+00 -2.544678e+01 4.150000e+01
      vertex   5.293789e+00 -2.554685e+01 4.100000e+01
      vertex   3.592946e+00 -2.486692e+01 4.100000e+01
    endloop
  endfacet
  facet normal 3.803444e-01 9.247323e-01 -1.443376e-02
    outer loop
      vertex   5.021724e+00 -2.544678e+01 4.150000e+01
      vertex   3.592946e+00 -2.486692e+01 4.100000e+01
      vertex   3.355960e+00 -2.476164e+01 4.150000e+01
    endloop
  endfacet
  facet normal 4.317076e-01 9.018935e-01 1.471973e-02
    outer loop
      vertex   3.355960e+00 -2.476164e+01 4.150000e+01
      vertex   3.592946e+00 -2.486692e+01 4.100000e+01
      vertex   1.940759e+00 -2.407607e+01 4.100000e+01
    endloop
  endfacet
  facet normal 4.396469e-01 8.980768e-01 -1.298491e-02
    outer loop
      vertex   3.355960e+00 -2.476164e+01 4.150000e+01
      vertex   1.940759e+00 -2.407607e+01 4.100000e+01
      vertex   1.738245e+00 -2.396970e+01 4.150000e+01
    endloop
  endfacet
  facet normal 4.903805e-01 8.714079e-01 1.323717e-02
    outer loop
      vertex   1.738245e+00 -2.396970e+01 4.150000e+01
      vertex   1.940759e+00 -2.407607e+01 4.100000e+01
      vertex   3.444522e-01 -2.317776e+01 4.100000e+01
    endloop
  endfacet
  facet normal 4.970922e-01 8.676220e-01 -1.146854e-02
    outer loop
      vertex   1.738245e+00 -2.396970e+01 4.150000e+01
      vertex   3.444522e-01 -2.317776e+01 4.100000e+01
      vertex   1.754169e-01 -2.307430e+01 4.150000e+01
    endloop
  endfacet
  facet normal 5.469108e-01 8.371093e-01 1.168710e-02
    outer loop
      vertex   1.754169e-01 -2.307430e+01 4.150000e+01
      vertex   3.444522e-01 -2.317776e+01 4.100000e+01
      vertex   -1.188995e+00 -2.217591e+01 4.100000e+01
    endloop
  endfacet
  facet normal 5.524369e-01 8.334961e-01 -9.884654e-03
    outer loop
      vertex   1.754169e-01 -2.307430e+01 4.150000e+01
      vertex   -1.188995e+00 -2.217591e+01 4.100000e+01
      vertex   -1.325916e+00 -2.207923e+01 4.150000e+01
    endloop
  endfacet
  facet normal 6.010507e-01 7.991475e-01 1.006951e-02
    outer loop
      vertex   -1.325916e+00 -2.207923e+01 4.150000e+01
      vertex   -1.188995e+00 -2.217591e+01 4.100000e+01
      vertex   -2.652876e+00 -2.107490e+01 4.100000e+01
    endloop
  endfacet
  facet normal 6.054465e-01 7.958434e-01 -8.233260e-03
    outer loop
      vertex   -1.325916e+00 -2.207923e+01 4.150000e+01
      vertex   -2.652876e+00 -2.107490e+01 4.100000e+01
      vertex   -2.759405e+00 -2.098868e+01 4.150000e+01
    endloop
  endfacet
  facet normal 6.525628e-01 7.576882e-01 8.384410e-03
    outer loop
      vertex   -2.759405e+00 -2.098868e+01 4.150000e+01
      vertex   -2.652876e+00 -2.107490e+01 4.100000e+01
      vertex   -4.040790e+00 -1.987955e+01 4.100000e+01
    endloop
  endfacet
  facet normal 6.558962e-01 7.548229e-01 -6.514362e-03
    outer loop
      vertex   -2.759405e+00 -2.098868e+01 4.150000e+01
      vertex   -4.040790e+00 -1.987955e+01 4.100000e+01
      vertex   -4.118990e+00 -1.980729e+01 4.150000e+01
    endloop
  endfacet
  facet normal 7.012214e-01 7.129128e-01 6.631801e-03
    outer loop
      vertex   -4.118990e+00 -1.980729e+01 4.150000e+01
      vertex   -4.040790e+00 -1.987955e+01 4.100000e+01
      vertex   -5.346669e+00 -1.859509e+01 4.100000e+01
    endloop
  endfacet
  facet normal 7.035722e-01 7.106080e-01 -4.727969e-03
    outer loop
      vertex   -4.118990e+00 -1.980729e+01 4.150000e+01
      vertex   -5.346669e+00 -1.859509e+01 4.100000e+01
      vertex   -5.398922e+00 -1.854003e+01 4.150000e+01
    endloop
  endfacet
  facet normal 7.468128e-01 6.650169e-01 4.811695e-03
    outer loop
      vertex   -5.398922e+00 -1.854003e+01 4.150000e+01
      vertex   -5.346669e+00 -1.859509e+01 4.100000e+01
      vertex   -6.564801e+00 -1.722713e+01 4.100000e+01
    endloop
  endfacet
  facet normal 7.482721e-01 6.633857e-01 -2.874096e-03
    outer loop
      vertex   -5.398922e+00 -1.854003e+01 4.150000e+01
      vertex   -6.564801e+00 -1.722713e+01 4.100000e+01
      vertex   -6.593790e+00 -1.719226e+01 4.150000e+01
    endloop
  endfacet
  facet normal 7.891371e-01 6.142101e-01 2.924107e-03
    outer loop
      vertex   -6.593790e+00 -1.719226e+01 4.150000e+01
      vertex   -6.564801e+00 -1.722713e+01 4.100000e+01
      vertex   -7.689861e+00 -1.578165e+01 4.100000e+01
    endloop
  endfacet
  facet normal 7.898062e-01 6.133558e-01 -9.527597e-04
    outer loop
      vertex   -6.593790e+00 -1.719226e+01 4.150000e+01
      vertex   -7.689861e+00 -1.578165e+01 4.100000e+01
      vertex   -7.698542e+00 -1.576970e+01 4.150000e+01
    endloop
  endfacet
  facet normal 8.279981e-01 5.607301e-01 9.685101e-04
    outer loop
      vertex   -7.698542e+00 -1.576970e+01 4.150000e+01
      vertex   -7.689861e+00 -1.578165e+01 4.100000e+01
      vertex   -8.708506e+00 -1.427834e+01 4.150000e+01
    endloop
  endfacet
  facet normal 8.280084e-01 5.607148e-01 1.035438e-03
    outer loop
      vertex   -8.708506e+00 -1.427834e+01 4.150000e+01
      vertex   -7.689861e+00 -1.578165e+01 4.100000e+01
      vertex   -8.716929e+00 -1.426498e+01 4.100000e+01
    endloop
  endfacet
  facet normal 8.626892e-01 5.057335e-01 -1.018017e-03
    outer loop
      vertex   -8.708506e+00 -1.427834e+01 4.150000e+01
      vertex   -8.716929e+00 -1.426498e+01 4.100000e+01
      vertex   -9.619413e+00 -1.272450e+01 4.150000e+01
    endloop
  endfacet
  facet normal 8.632526e-01 5.047633e-01 2.988237e-03
    outer loop
      vertex   -9.619413e+00 -1.272450e+01 4.150000e+01
      vertex   -8.716929e+00 -1.426498e+01 4.100000e+01
      vertex   -9.641513e+00 -1.268374e+01 4.100000e+01
    endloop
  endfacet
  facet normal 8.937293e-01 4.485970e-01 -2.937101e-03
    outer loop
      vertex   -9.619413e+00 -1.272450e+01 4.150000e+01
      vertex   -9.641513e+00 -1.268374e+01 4.100000e+01
      vertex   -1.042741e+01 -1.111474e+01 4.150000e+01
    endloop
  endfacet
  facet normal 8.947187e-01 4.466035e-01 4.873572e-03
    outer loop
      vertex   -1.042741e+01 -1.111474e+01 4.150000e+01
      vertex   -9.641513e+00 -1.268374e+01 4.100000e+01
      vertex   -1.045957e+01 -1.104486e+01 4.100000e+01
    endloop
  endfacet
  facet normal 9.209874e-01 3.895629e-01 -4.788720e-03
    outer loop
      vertex   -1.042741e+01 -1.111474e+01 4.150000e+01
      vertex   -1.045957e+01 -1.104486e+01 4.100000e+01
      vertex   -1.112908e+01 -9.455880e+00 4.150000e+01
    endloop
  endfacet
  facet normal 9.222691e-01 3.864905e-01 6.691424e-03
    outer loop
      vertex   -1.112908e+01 -9.455880e+00 4.150000e+01
      vertex   -1.045957e+01 -1.104486e+01 4.100000e+01
      vertex   -1.116753e+01 -9.355490e+00 4.100000e+01
    endloop
  endfacet
  facet normal 9.443483e-01 3.288816e-01 -6.572859e-03
    outer loop
      vertex   -1.112908e+01 -9.455880e+00 4.150000e+01
      vertex   -1.116753e+01 -9.355490e+00 4.100000e+01
      vertex   -1.172146e+01 -7.754922e+00 4.150000e+01
    endloop
  endfacet
  facet normal 9.457835e-01 3.246879e-01 8.441779e-03
    outer loop
      vertex   -1.172146e+01 -7.754922e+00 4.150000e+01
      vertex   -1.116753e+01 -9.355490e+00 4.100000e+01
      vertex   -1.176228e+01 -7.623026e+00 4.100000e+01
    endloop
  endfacet
  facet normal 9.637134e-01 2.668103e-01 -8.289502e-03
    outer loop
      vertex   -1.172146e+01 -7.754922e+00 4.150000e+01
      vertex   -1.176228e+01 -7.623026e+00 4.100000e+01
      vertex   -1.220205e+01 -6.019061e+00 4.150000e+01
    endloop
  endfacet
  facet normal 9.651594e-01 2.614665e-01 1.012463e-02
    outer loop
      vertex   -1.220205e+01 -6.019061e+00 4.150000e+01
      vertex   -1.176228e+01 -7.623026e+00 4.100000e+01
      vertex   -1.224124e+01 -5.855043e+00 4.100000e+01
    endloop
  endfacet
  facet normal 9.790012e-01 2.036120e-01 -9.938642e-03
    outer loop
      vertex   -1.220205e+01 -6.019061e+00 4.150000e+01
      vertex   -1.224124e+01 -5.855043e+00 4.100000e+01
      vertex   -1.256880e+01 -4.255637e+00 4.150000e+01
    endloop
  endfacet
  facet normal 9.803124e-01 1.971034e-01 1.173996e-02
    outer loop
      vertex   -1.256880e+01 -4.255637e+00 4.150000e+01
      vertex   -1.224124e+01 -5.855043e+00 4.100000e+01
      vertex   -1.260230e+01 -4.059270e+00 4.100000e+01
    endloop
  endfacet
  facet normal 9.901474e-01 1.395545e-01 -1.152027e-02
    outer loop
      vertex   -1.256880e+01 -4.255637e+00 4.150000e+01
      vertex   -1.260230e+01 -4.059270e+00 4.100000e+01
      vertex   -1.282018e+01 -2.472106e+00 4.150000e+01
    endloop
  endfacet
  facet normal 9.911766e-01 1.318805e-01 1.328778e-02
    outer loop
      vertex   -1.282018e+01 -2.472106e+00 4.150000e+01
      vertex   -1.260230e+01 -4.059270e+00 4.100000e+01
      vertex   -1.284389e+01 -2.243561e+00 4.100000e+01
    endloop
  endfacet
  facet normal 9.967559e-01 7.975557e-02 -1.080249e-02
    outer loop
      vertex   -1.282018e+01 -2.472106e+00 4.150000e+01
      vertex   -1.284389e+01 -2.243561e+00 4.100000e+01
      vertex   -1.294128e+01 -9.592375e-01 4.149573e+01
    endloop
  endfacet
  facet normal 9.975067e-01 6.607026e-02 2.480084e-02
    outer loop
      vertex   -1.294128e+01 -9.592375e-01 4.149573e+01
      vertex   -1.284389e+01 -2.243561e+00 4.100000e+01
      vertex   -1.296495e+01 -4.158553e-01 4.100000e+01
    endloop
  endfacet
  facet normal 9.994743e-01 2.652803e-02 -1.863668e-02
    outer loop
      vertex   -1.294128e+01 -9.592375e-01 4.149573e+01
      vertex   -1.296495e+01 -4.158553e-01 4.100000e+01
      vertex   -1.298009e+01 5.000000e-01 4.149145e+01
    endloop
  endfacet
  facet normal 9.995255e-01 0.000000e+00 3.080176e-02
    outer loop
      vertex   -1.298009e+01 5.000000e-01 4.149145e+01
      vertex   -1.296495e+01 -4.158553e-01 4.100000e+01
      vertex   -1.296495e+01 1.415855e+00 4.100000e+01
    endloop
  endfacet
  facet normal 9.994743e-01 -2.652803e-02 -1.863668e-02
    outer loop
      vertex   -1.298009e+01 5.000000e-01 4.149145e+01
      vertex   -1.296495e+01 1.415855e+00 4.100000e+01
      vertex   -1.294128e+01 1.959238e+00 4.149573e+01
    endloop
  endfacet
  facet normal 9.975067e-01 -6.607026e-02 2.480084e-02
    outer loop
      vertex   -1.294128e+01 1.959238e+00 4.149573e+01
      vertex   -1.296495e+01 1.415855e+00 4.100000e+01
      vertex   -1.284389e+01 3.243561e+00 4.100000e+01
    endloop
  endfacet
  facet normal 9.967559e-01 -7.975557e-02 -1.080249e-02
    outer loop
      vertex   -1.294128e+01 1.959238e+00 4.149573e+01
      vertex   -1.284389e+01 3.243561e+00 4.100000e+01
      vertex   -1.282018e+01 3.472106e+00 4.150000e+01
    endloop
  endfacet
  facet normal 9.911766e-01 -1.318805e-01 1.328778e-02
    outer loop
      vertex   -1.282018e+01 3.472106e+00 4.150000e+01
      vertex   -1.284389e+01 3.243561e+00 4.100000e+01
      vertex   -1.260230e+01 5.059270e+00 4.100000e+01
    endloop
  endfacet
  facet normal 9.901474e-01 -1.395545e-01 -1.152027e-02
    outer loop
      vertex   -1.282018e+01 3.472106e+00 4.150000e+01
      vertex   -1.260230e+01 5.059270e+00 4.100000e+01
      vertex   -1.256880e+01 5.255637e+00 4.150000e+01
    endloop
  endfacet
  facet normal 9.803124e-01 -1.971034e-01 1.173996e-02
    outer loop
      vertex   -1.256880e+01 5.255637e+00 4.150000e+01
      vertex   -1.260230e+01 5.059270e+00 4.100000e+01
      vertex   -1.224124e+01 6.855043e+00 4.100000e+01
    endloop
  endfacet
  facet normal 9.790012e-01 -2.036120e-01 -9.938642e-03
    outer loop
      vertex   -1.256880e+01 5.255637e+00 4.150000e+01
      vertex   -1.224124e+01 6.855043e+00 4.100000e+01
      vertex   -1.220205e+01 7.019061e+00 4.150000e+01
    endloop
  endfacet
  facet normal 9.651594e-01 -2.614665e-01 1.012463e-02
    outer loop
      vertex   -1.220205e+01 7.019061e+00 4.150000e+01
      vertex   -1.224124e+01 6.855043e+00 4.100000e+01
      vertex   -1.176228e+01 8.623026e+00 4.100000e+01
    endloop
  endfacet
  facet normal 9.637134e-01 -2.668103e-01 -8.289502e-03
    outer loop
      vertex   -1.220205e+01 7.019061e+00 4.150000e+01
      vertex   -1.176228e+01 8.623026e+00 4.100000e+01
      vertex   -1.172146e+01 8.754922e+00 4.150000e+01
    endloop
  endfacet
  facet normal 9.457835e-01 -3.246879e-01 8.441779e-03
    outer loop
      vertex   -1.172146e+01 8.754922e+00 4.150000e+01
      vertex   -1.176228e+01 8.623026e+00 4.100000e+01
      vertex   -1.116753e+01 1.035549e+01 4.100000e+01
    endloop
  endfacet
  facet normal 9.443483e-01 -3.288816e-01 -6.572859e-03
    outer loop
      vertex   -1.172146e+01 8.754922e+00 4.150000e+01
      vertex   -1.116753e+01 1.035549e+01 4.100000e+01
      vertex   -1.112908e+01 1.045588e+01 4.150000e+01
    endloop
  endfacet
  facet normal 9.222691e-01 -3.864905e-01 6.691424e-03
    outer loop
      vertex   -1.112908e+01 1.045588e+01 4.150000e+01
      vertex   -1.116753e+01 1.035549e+01 4.100000e+01
      vertex   -1.045957e+01 1.204486e+01 4.100000e+01
    endloop
  endfacet
  facet normal 9.209874e-01 -3.895629e-01 -4.788720e-03
    outer loop
      vertex   -1.112908e+01 1.045588e+01 4.150000e+01
      vertex   -1.045957e+01 1.204486e+01 4.100000e+01
      vertex   -1.042741e+01 1.211474e+01 4.150000e+01
    endloop
  endfacet
  facet normal 8.947187e-01 -4.466035e-01 4.873572e-03
    outer loop
      vertex   -1.042741e+01 1.211474e+01 4.150000e+01
      vertex   -1.045957e+01 1.204486e+01 4.100000e+01
      vertex   -9.641513e+00 1.368374e+01 4.100000e+01
    endloop
  endfacet
  facet normal 8.937293e-01 -4.485970e-01 -2.937101e-03
    outer loop
      vertex   -1.042741e+01 1.211474e+01 4.150000e+01
      vertex   -9.641513e+00 1.368374e+01 4.100000e+01
      vertex   -9.619413e+00 1.372450e+01 4.150000e+01
    endloop
  endfacet
  facet normal 8.632526e-01 -5.047633e-01 2.988237e-03
    outer loop
      vertex   -9.619413e+00 1.372450e+01 4.150000e+01
      vertex   -9.641513e+00 1.368374e+01 4.100000e+01
      vertex   -8.716929e+00 1.526498e+01 4.100000e+01
    endloop
  endfacet
  facet normal 8.626892e-01 -5.057335e-01 -1.018017e-03
    outer loop
      vertex   -9.619413e+00 1.372450e+01 4.150000e+01
      vertex   -8.716929e+00 1.526498e+01 4.100000e+01
      vertex   -8.708506e+00 1.527834e+01 4.150000e+01
    endloop
  endfacet
  facet normal 8.280084e-01 -5.607148e-01 1.035438e-03
    outer loop
      vertex   -8.708506e+00 1.527834e+01 4.150000e+01
      vertex   -8.716929e+00 1.526498e+01 4.100000e+01
      vertex   -7.689861e+00 1.678165e+01 4.100000e+01
    endloop
  endfacet
  facet normal 8.279981e-01 -5.607301e-01 9.685101e-04
    outer loop
      vertex   -8.708506e+00 1.527834e+01 4.150000e+01
      vertex   -7.689861e+00 1.678165e+01 4.100000e+01
      vertex   -7.698542e+00 1.676970e+01 4.150000e+01
    endloop
  endfacet
  facet normal 7.898062e-01 -6.133558e-01 -9.527597e-04
    outer loop
      vertex   -7.698542e+00 1.676970e+01 4.150000e+01
      vertex   -7.689861e+00 1.678165e+01 4.100000e+01
      vertex   -6.593790e+00 1.819226e+01 4.150000e+01
    endloop
  endfacet
  facet normal 7.891371e-01 -6.142101e-01 2.924107e-03
    outer loop
      vertex   -6.593790e+00 1.819226e+01 4.150000e+01
      vertex   -7.689861e+00 1.678165e+01 4.100000e+01
      vertex   -6.564801e+00 1.822713e+01 4.100000e+01
    endloop
  endfacet
  facet normal 7.482721e-01 -6.633857e-01 -2.874096e-03
    outer loop
      vertex   -6.593790e+00 1.819226e+01 4.150000e+01
      vertex   -6.564801e+00 1.822713e+01 4.100000e+01
      vertex   -5.398922e+00 1.954003e+01 4.150000e+01
    endloop
  endfacet
  facet normal 7.468128e-01 -6.650169e-01 4.811695e-03
    outer loop
      vertex   -5.398922e+00 1.954003e+01 4.150000e+01
      vertex   -6.564801e+00 1.822713e+01 4.100000e+01
      vertex   -5.346669e+00 1.959509e+01 4.100000e+01
    endloop
  endfacet
  facet normal 7.035722e-01 -7.106080e-01 -4.727969e-03
    outer loop
      vertex   -5.398922e+00 1.954003e+01 4.150000e+01
      vertex   -5.346669e+00 1.959509e+01 4.100000e+01
      vertex   -4.118990e+00 2.080729e+01 4.150000e+01
    endloop
  endfacet
  facet normal 7.012214e-01 -7.129128e-01 6.631801e-03
    outer loop
      vertex   -4.118990e+00 2.080729e+01 4.150000e+01
      vertex   -5.346669e+00 1.959509e+01 4.100000e+01
      vertex   -4.040790e+00 2.087955e+01 4.100000e+01
    endloop
  endfacet
  facet normal 6.558962e-01 -7.548229e-01 -6.514362e-03
    outer loop
      vertex   -4.118990e+00 2.080729e+01 4.150000e+01
      vertex   -4.040790e+00 2.087955e+01 4.100000e+01
      vertex   -2.759405e+00 2.198868e+01 4.150000e+01
    endloop
  endfacet
  facet normal 6.525628e-01 -7.576882e-01 8.384410e-03
    outer loop
      vertex   -2.759405e+00 2.198868e+01 4.150000e+01
      vertex   -4.040790e+00 2.087955e+01 4.100000e+01
      vertex   -2.652876e+00 2.207490e+01 4.100000e+01
    endloop
  endfacet
  facet normal 6.054465e-01 -7.958434e-01 -8.233260e-03
    outer loop
      vertex   -2.759405e+00 2.198868e+01 4.150000e+01
      vertex   -2.652876e+00 2.207490e+01 4.100000e+01
      vertex   -1.325916e+00 2.307923e+01 4.150000e+01
    endloop
  endfacet
  facet normal 6.010507e-01 -7.991475e-01 1.006951e-02
    outer loop
      vertex   -1.325916e+00 2.307923e+01 4.150000e+01
      vertex   -2.652876e+00 2.207490e+01 4.100000e+01
      vertex   -1.188995e+00 2.317591e+01 4.100000e+01
    endloop
  endfacet
  facet normal 5.524369e-01 -8.334961e-01 -9.884654e-03
    outer loop
      vertex   -1.325916e+00 2.307923e+01 4.150000e+01
      vertex   -1.188995e+00 2.317591e+01 4.100000e+01
      vertex   1.754169e-01 2.407430e+01 4.150000e+01
    endloop
  endfacet
  facet normal 5.469108e-01 -8.371093e-01 1.168710e-02
    outer loop
      vertex   1.754169e-01 2.407430e+01 4.150000e+01
      vertex   -1.188995e+00 2.317591e+01 4.100000e+01
      vertex   3.444522e-01 2.417776e+01 4.100000e+01
    endloop
  endfacet
  facet normal 4.970922e-01 -8.676220e-01 -1.146854e-02
    outer loop
      vertex   1.754169e-01 2.407430e+01 4.150000e+01
      vertex   3.444522e-01 2.417776e+01 4.100000e+01
      vertex   1.738245e+00 2.496970e+01 4.150000e+01
    endloop
  endfacet
  facet normal 4.903805e-01 -8.714079e-01 1.323717e-02
    outer loop
      vertex   1.738245e+00 2.496970e+01 4.150000e+01
      vertex   3.444522e-01 2.417776e+01 4.100000e+01
      vertex   1.940759e+00 2.507607e+01 4.100000e+01
    endloop
  endfacet
  facet normal 4.396469e-01 -8.980768e-01 -1.298491e-02
    outer loop
      vertex   1.738245e+00 2.496970e+01 4.150000e+01
      vertex   1.940759e+00 2.507607e+01 4.100000e+01
      vertex   3.355960e+00 2.576164e+01 4.150000e+01
    endloop
  endfacet
  facet normal 4.317076e-01 -9.018935e-01 1.471973e-02
    outer loop
      vertex   3.355960e+00 2.576164e+01 4.150000e+01
      vertex   1.940759e+00 2.507607e+01 4.100000e+01
      vertex   3.592946e+00 2.586692e+01 4.100000e+01
    endloop
  endfacet
  facet normal 3.803444e-01 -9.247323e-01 -1.443376e-02
    outer loop
      vertex   3.355960e+00 2.576164e+01 4.150000e+01
      vertex   3.592946e+00 2.586692e+01 4.100000e+01
      vertex   5.021724e+00 2.644678e+01 4.150000e+01
    endloop
  endfacet
  facet normal 3.711489e-01 -9.284332e-01 1.613476e-02
    outer loop
      vertex   5.021724e+00 2.644678e+01 4.150000e+01
      vertex   3.592946e+00 2.586692e+01 4.100000e+01
      vertex   5.293789e+00 2.654685e+01 4.100000e+01
    endloop
  endfacet
  facet normal 3.194359e-01 -9.474759e-01 -1.581511e-02
    outer loop
      vertex   5.021724e+00 2.644678e+01 4.150000e+01
      vertex   5.293789e+00 2.654685e+01 4.100000e+01
      vertex   6.728492e+00 2.702220e+01 4.150000e+01
    endloop
  endfacet
  facet normal 3.089698e-01 -9.509112e-01 1.748228e-02
    outer loop
      vertex   6.728492e+00 2.702220e+01 4.150000e+01
      vertex   5.293789e+00 2.654685e+01 4.100000e+01
      vertex   7.035849e+00 2.711288e+01 4.100000e+01
    endloop
  endfacet
  facet normal 2.571791e-01 -9.662119e-01 -1.712894e-02
    outer loop
      vertex   6.728492e+00 2.702220e+01 4.150000e+01
      vertex   7.035849e+00 2.711288e+01 4.100000e+01
      vertex   8.469049e+00 2.748549e+01 4.150000e+01
    endloop
  endfacet
  facet normal 2.454423e-01 -9.692296e-01 1.876229e-02
    outer loop
      vertex   8.469049e+00 2.748549e+01 4.150000e+01
      vertex   7.035849e+00 2.711288e+01 4.100000e+01
      vertex   8.811510e+00 2.756254e+01 4.100000e+01
    endloop
  endfacet
  facet normal 1.938375e-01 -9.808615e-01 -1.837526e-02
    outer loop
      vertex   8.469049e+00 2.748549e+01 4.150000e+01
      vertex   8.811510e+00 2.756254e+01 4.100000e+01
      vertex   1.023603e+01 2.783468e+01 4.150000e+01
    endloop
  endfacet
  facet normal 1.808444e-01 -9.833088e-01 1.997480e-02
    outer loop
      vertex   1.023603e+01 2.783468e+01 4.150000e+01
      vertex   8.811510e+00 2.756254e+01 4.100000e+01
      vertex   1.061301e+01 2.789386e+01 4.100000e+01
    endloop
  endfacet
  facet normal 1.296792e-01 -9.913632e-01 -1.955409e-02
    outer loop
      vertex   1.023603e+01 2.783468e+01 4.150000e+01
      vertex   1.061301e+01 2.789386e+01 4.100000e+01
      vertex   1.202198e+01 2.806830e+01 4.150000e+01
    endloop
  endfacet
  facet normal 1.154589e-01 -9.930877e-01 2.111981e-02
    outer loop
      vertex   1.202198e+01 2.806830e+01 4.150000e+01
      vertex   1.061301e+01 2.789386e+01 4.100000e+01
      vertex   1.243246e+01 2.810539e+01 4.100000e+01
    endloop
  endfacet
  facet normal 6.497554e-02 -9.976729e-01 -2.066542e-02
    outer loop
      vertex   1.202198e+01 2.806830e+01 4.150000e+01
      vertex   1.243246e+01 2.810539e+01 4.100000e+01
      vertex   1.381933e+01 2.818536e+01 4.150000e+01
    endloop
  endfacet
  facet normal 4.957154e-02 -9.985239e-01 2.219733e-02
    outer loop
      vertex   1.381933e+01 2.818536e+01 4.150000e+01
      vertex   1.243246e+01 2.810539e+01 4.100000e+01
      vertex   1.426192e+01 2.819621e+01 4.100000e+01
    endloop
  endfacet
  facet normal 0.000000e+00 -9.997643e-01 -2.170927e-02
    outer loop
      vertex   1.381933e+01 2.818536e+01 4.150000e+01
      vertex   1.426192e+01 2.819621e+01 4.100000e+01
      vertex   1.562049e+01 2.818536e+01 4.150000e+01
    endloop
  endfacet
  facet normal -1.652949e-02 -9.995940e-01 2.320737e-02
    outer loop
      vertex   1.562049e+01 2.818536e+01 4.150000e+01
      vertex   1.426192e+01 2.819621e+01 4.100000e+01
      vertex   1.609338e+01 2.816593e+01 4.100000e+01
    endloop
  endfacet
  facet normal -6.497269e-02 -9.976291e-01 -2.268564e-02
    outer loop
      vertex   1.562049e+01 2.818536e+01 4.150000e+01
      vertex   1.609338e+01 2.816593e+01 4.100000e+01
      vertex   1.741784e+01 2.806830e+01 4.150000e+01
    endloop
  endfacet
  facet normal -8.255526e-02 -9.962938e-01 2.414994e-02
    outer loop
      vertex   1.741784e+01 2.806830e+01 4.150000e+01
      vertex   1.609338e+01 2.816593e+01 4.100000e+01
      vertex   1.791883e+01 2.801467e+01 4.100000e+01
    endloop
  endfacet
  facet normal -1.296679e-01 -9.912767e-01 -2.359454e-02
    outer loop
      vertex   1.741784e+01 2.806830e+01 4.150000e+01
      vertex   1.791883e+01 2.801467e+01 4.100000e+01
      vertex   1.920378e+01 2.783468e+01 4.150000e+01
    endloop
  endfacet
  facet normal -1.482172e-01 -9.886382e-01 2.502505e-02
    outer loop
      vertex   1.920378e+01 2.783468e+01 4.150000e+01
      vertex   1.791883e+01 2.801467e+01 4.100000e+01
      vertex   1.973030e+01 2.774309e+01 4.100000e+01
    endloop
  endfacet
  facet normal -1.938124e-01 -9.807342e-01 -2.443599e-02
    outer loop
      vertex   1.920378e+01 2.783468e+01 4.150000e+01
      vertex   1.973030e+01 2.774309e+01 4.100000e+01
      vertex   2.097077e+01 2.748549e+01 4.150000e+01
    endloop
  endfacet
  facet normal -2.132284e-01 -9.766608e-01 2.583271e-02
    outer loop
      vertex   2.097077e+01 2.748549e+01 4.150000e+01
      vertex   1.973030e+01 2.774309e+01 4.100000e+01
      vertex   2.151986e+01 2.735239e+01 4.100000e+01
    endloop
  endfacet
  facet normal -2.571351e-01 -9.660466e-01 -2.520999e-02
    outer loop
      vertex   2.097077e+01 2.748549e+01 4.150000e+01
      vertex   2.151986e+01 2.735239e+01 4.100000e+01
      vertex   2.271133e+01 2.702220e+01 4.150000e+01
    endloop
  endfacet
  facet normal -2.773050e-01 -9.604144e-01 2.657293e-02
    outer loop
      vertex   2.271133e+01 2.702220e+01 4.150000e+01
      vertex   2.151986e+01 2.735239e+01 4.100000e+01
      vertex   2.327968e+01 2.684427e+01 4.100000e+01
    endloop
  endfacet
  facet normal -3.193685e-01 -9.472761e-01 -2.591655e-02
    outer loop
      vertex   2.271133e+01 2.702220e+01 4.150000e+01
      vertex   2.327968e+01 2.684427e+01 4.100000e+01
      vertex   2.441810e+01 2.644678e+01 4.150000e+01
    endloop
  endfacet
  facet normal -3.401668e-01 -9.399703e-01 2.724573e-02
    outer loop
      vertex   2.441810e+01 2.644678e+01 4.150000e+01
      vertex   2.327968e+01 2.684427e+01 4.100000e+01
      vertex   2.500207e+01 2.622095e+01 4.100000e+01
    endloop
  endfacet
  facet normal -3.802499e-01 -9.245025e-01 -2.655568e-02
    outer loop
      vertex   2.441810e+01 2.644678e+01 4.150000e+01
      vertex   2.500207e+01 2.622095e+01 4.100000e+01
      vertex   2.608386e+01 2.576164e+01 4.150000e+01
    endloop
  endfacet
  facet normal -4.015396e-01 -9.154181e-01 2.785110e-02
    outer loop
      vertex   2.608386e+01 2.576164e+01 4.150000e+01
      vertex   2.500207e+01 2.622095e+01 4.100000e+01
      vertex   2.667950e+01 2.548516e+01 4.100000e+01
    endloop
  endfacet
  facet normal -4.395221e-01 -8.978220e-01 -2.712739e-02
    outer loop
      vertex   2.608386e+01 2.576164e+01 4.150000e+01
      vertex   2.667950e+01 2.548516e+01 4.100000e+01
      vertex   2.770157e+01 2.496970e+01 4.150000e+01
    endloop
  endfacet
  facet normal -4.611552e-01 -8.868652e-01 2.838906e-02
    outer loop
      vertex   2.770157e+01 2.496970e+01 4.150000e+01
      vertex   2.667950e+01 2.548516e+01 4.100000e+01
      vertex   2.830464e+01 2.464011e+01 4.100000e+01
    endloop
  endfacet
  facet normal -4.969350e-01 -8.673477e-01 -2.763169e-02
    outer loop
      vertex   2.770157e+01 2.496970e+01 4.150000e+01
      vertex   2.830464e+01 2.464011e+01 4.100000e+01
      vertex   2.926440e+01 2.407430e+01 4.150000e+01
    endloop
  endfacet
  facet normal -5.187534e-01 -8.544367e-01 2.885961e-02
    outer loop
      vertex   2.926440e+01 2.407430e+01 4.150000e+01
      vertex   2.830464e+01 2.464011e+01 4.100000e+01
      vertex   2.987037e+01 2.368951e+01 4.100000e+01
    endloop
  endfacet
  facet normal -5.522462e-01 -8.332084e-01 -2.806858e-02
    outer loop
      vertex   2.926440e+01 2.407430e+01 4.150000e+01
      vertex   2.987037e+01 2.368951e+01 4.100000e+01
      vertex   3.076573e+01 2.307923e+01 4.150000e+01
    endloop
  endfacet
  facet normal -5.740827e-01 -8.182742e-01 2.926277e-02
    outer loop
      vertex   3.076573e+01 2.307923e+01 4.150000e+01
      vertex   2.987037e+01 2.368951e+01 4.100000e+01
      vertex   3.136986e+01 2.263751e+01 4.100000e+01
    endloop
  endfacet
  facet normal -6.052221e-01 -7.955485e-01 -2.843808e-02
    outer loop
      vertex   3.076573e+01 2.307923e+01 4.150000e+01
      vertex   3.136986e+01 2.263751e+01 4.100000e+01
      vertex   3.219922e+01 2.198868e+01 4.150000e+01
    endloop
  endfacet
  facet normal -6.269016e-01 -7.785360e-01 2.959853e-02
    outer loop
      vertex   3.219922e+01 2.198868e+01 4.150000e+01
      vertex   3.136986e+01 2.263751e+01 4.100000e+01
      vertex   3.279654e+01 2.148870e+01 4.100000e+01
    endloop
  endfacet
  facet normal -6.556392e-01 -7.545271e-01 -2.874018e-02
    outer loop
      vertex   3.219922e+01 2.198868e+01 4.150000e+01
      vertex   3.279654e+01 2.148870e+01 4.100000e+01
      vertex   3.355881e+01 2.080729e+01 4.150000e+01
    endloop
  endfacet
  facet normal -6.769794e-01 -7.353957e-01 2.986692e-02
    outer loop
      vertex   3.355881e+01 2.080729e+01 4.150000e+01
      vertex   3.279654e+01 2.148870e+01 4.100000e+01
      vertex   3.414417e+01 2.024812e+01 4.100000e+01
    endloop
  endfacet
  facet normal -7.032847e-01 -7.103176e-01 -2.897489e-02
    outer loop
      vertex   3.355881e+01 2.080729e+01 4.150000e+01
      vertex   3.414417e+01 2.024812e+01 4.100000e+01
      vertex   3.483874e+01 1.954003e+01 4.150000e+01
    endloop
  endfacet
  facet normal -7.240977e-01 -6.890417e-01 3.006792e-02
    outer loop
      vertex   3.483874e+01 1.954003e+01 4.150000e+01
      vertex   3.414417e+01 2.024812e+01 4.100000e+01
      vertex   3.540686e+01 1.892118e+01 4.100000e+01
    endloop
  endfacet
  facet normal -7.479574e-01 -6.631067e-01 -2.914222e-02
    outer loop
      vertex   3.483874e+01 1.954003e+01 4.150000e+01
      vertex   3.540686e+01 1.892118e+01 4.100000e+01
      vertex   3.603361e+01 1.819226e+01 4.150000e+01
    endloop
  endfacet
  facet normal -7.680506e-01 -6.396766e-01 3.020154e-02
    outer loop
      vertex   3.603361e+01 1.819226e+01 4.150000e+01
      vertex   3.540686e+01 1.892118e+01 4.100000e+01
      vertex   3.657910e+01 1.751369e+01 4.100000e+01
    endloop
  endfacet
  facet normal -7.894688e-01 -6.130937e-01 -2.924216e-02
    outer loop
      vertex   3.603361e+01 1.819226e+01 4.150000e+01
      vertex   3.657910e+01 1.751369e+01 4.100000e+01
      vertex   3.713836e+01 1.676970e+01 4.150000e+01
    endloop
  endfacet
  facet normal -8.086463e-01 -5.875159e-01 3.026779e-02
    outer loop
      vertex   3.713836e+01 1.676970e+01 4.150000e+01
      vertex   3.657910e+01 1.751369e+01 4.100000e+01
      vertex   3.765575e+01 1.603181e+01 4.100000e+01
    endloop
  endfacet
  facet normal -8.276436e-01 -5.604900e-01 -2.927473e-02
    outer loop
      vertex   3.713836e+01 1.676970e+01 4.150000e+01
      vertex   3.765575e+01 1.603181e+01 4.100000e+01
      vertex   3.814833e+01 1.527834e+01 4.150000e+01
    endloop
  endfacet
  facet normal -8.457076e-01 -5.327875e-01 3.026666e-02
    outer loop
      vertex   3.814833e+01 1.527834e+01 4.150000e+01
      vertex   3.765575e+01 1.603181e+01 4.100000e+01
      vertex   3.863211e+01 1.448201e+01 4.100000e+01
    endloop
  endfacet
  facet normal -8.623207e-01 -5.055175e-01 -2.923991e-02
    outer loop
      vertex   3.814833e+01 1.527834e+01 4.150000e+01
      vertex   3.863211e+01 1.448201e+01 4.100000e+01
      vertex   3.905923e+01 1.372450e+01 4.150000e+01
    endloop
  endfacet
  facet normal -8.790727e-01 -4.757303e-01 3.019817e-02
    outer loop
      vertex   3.905923e+01 1.372450e+01 4.150000e+01
      vertex   3.863211e+01 1.448201e+01 4.100000e+01
      vertex   3.950391e+01 1.287106e+01 4.100000e+01
    endloop
  endfacet
  facet normal -8.933537e-01 -4.484085e-01 -2.913772e-02
    outer loop
      vertex   3.905923e+01 1.372450e+01 4.150000e+01
      vertex   3.950391e+01 1.287106e+01 4.100000e+01
      vertex   3.986723e+01 1.211474e+01 4.150000e+01
    endloop
  endfacet
  facet normal -9.085957e-01 -4.165935e-01 3.006229e-02
    outer loop
      vertex   3.986723e+01 1.211474e+01 4.150000e+01
      vertex   3.950391e+01 1.287106e+01 4.100000e+01
      vertex   4.026734e+01 1.120603e+01 4.100000e+01
    endloop
  endfacet
  facet normal -9.206115e-01 -3.894039e-01 -2.896814e-02
    outer loop
      vertex   3.986723e+01 1.211474e+01 4.150000e+01
      vertex   4.026734e+01 1.120603e+01 4.100000e+01
      vertex   4.056890e+01 1.045588e+01 4.150000e+01
    endloop
  endfacet
  facet normal -9.341478e-01 -3.556352e-01 2.985904e-02
    outer loop
      vertex   4.056890e+01 1.045588e+01 4.150000e+01
      vertex   4.026734e+01 1.120603e+01 4.100000e+01
      vertex   4.091905e+01 9.494175e+00 4.100000e+01
    endloop
  endfacet
  facet normal -9.439788e-01 -3.287529e-01 -2.873118e-02
    outer loop
      vertex   4.056890e+01 1.045588e+01 4.150000e+01
      vertex   4.091905e+01 9.494175e+00 4.100000e+01
      vertex   4.116128e+01 8.754922e+00 4.150000e+01
    endloop
  endfacet
  facet normal -9.556172e-01 -2.931216e-01 2.958841e-02
    outer loop
      vertex   4.116128e+01 8.754922e+00 4.150000e+01
      vertex   4.091905e+01 9.494175e+00 4.100000e+01
      vertex   4.145620e+01 7.742994e+00 4.100000e+01
    endloop
  endfacet
  facet normal -9.633571e-01 -2.667116e-01 -2.842683e-02
    outer loop
      vertex   4.116128e+01 8.754922e+00 4.150000e+01
      vertex   4.145620e+01 7.742994e+00 4.100000e+01
      vertex   4.164187e+01 7.019061e+00 4.150000e+01
    endloop
  endfacet
  facet normal -9.729101e-01 -2.293258e-01 2.925039e-02
    outer loop
      vertex   4.164187e+01 7.019061e+00 4.150000e+01
      vertex   4.145620e+01 7.742994e+00 4.100000e+01
      vertex   4.187643e+01 5.960142e+00 4.100000e+01
    endloop
  endfacet
  facet normal -9.786642e-01 -2.035419e-01 -2.805508e-02
    outer loop
      vertex   4.164187e+01 7.019061e+00 4.150000e+01
      vertex   4.187643e+01 5.960142e+00 4.100000e+01
      vertex   4.200862e+01 5.255637e+00 4.150000e+01
    endloop
  endfacet
  facet normal -9.859509e-01 -1.645261e-01 2.884498e-02
    outer loop
      vertex   4.200862e+01 5.255637e+00 4.150000e+01
      vertex   4.187643e+01 5.960142e+00 4.100000e+01
      vertex   4.217792e+01 4.153413e+00 4.100000e+01
    endloop
  endfacet
  facet normal -9.898354e-01 -1.395105e-01 -2.761594e-02
    outer loop
      vertex   4.200862e+01 5.255637e+00 4.150000e+01
      vertex   4.217792e+01 4.153413e+00 4.100000e+01
      vertex   4.226000e+01 3.472106e+00 4.150000e+01
    endloop
  endfacet
  facet normal -9.946823e-01 -9.900566e-02 2.837218e-02
    outer loop
      vertex   4.226000e+01 3.472106e+00 4.150000e+01
      vertex   4.217792e+01 4.153413e+00 4.100000e+01
      vertex   4.235935e+01 2.330709e+00 4.100000e+01
    endloop
  endfacet
  facet normal -9.966874e-01 -7.973535e-02 -1.601633e-02
    outer loop
      vertex   4.226000e+01 3.472106e+00 4.150000e+01
      vertex   4.235935e+01 2.330709e+00 4.100000e+01
      vertex   4.238110e+01 1.959238e+00 4.149573e+01
    endloop
  endfacet
  facet normal -9.992714e-01 -3.305735e-02 1.907515e-02
    outer loop
      vertex   4.238110e+01 1.959238e+00 4.149573e+01
      vertex   4.235935e+01 2.330709e+00 4.100000e+01
      vertex   4.241991e+01 5.000000e-01 4.100000e+01
    endloop
  endfacet
  facet normal 0.000000e+00 0.000000e+00 1.000000e+00
    outer loop
      vertex   4.226000e+01 -2.472106e+00 4.150000e+01
      vertex   4.200862e+01 -4.255637e+00 4.150000e+01
      vertex   4.226000e+01 -3.050000e+01 4.150000e+01
    endloop
  endfacet
  facet normal 0.000000e+00 0.000000e+00 1.000000e+00
    outer loop
      vertex   4.226000e+01 -3.050000e+01 4.150000e+01
      vertex   4.200862e+01 -4.255637e+00 4.150000e+01
      vertex   4.164187e+01 -6.019061e+00 4.150000e+01
    endloop
  endfacet
  facet normal 0.000000e+00 0.000000e+00 1.000000e+00
    outer loop
      vertex   4.226000e+01 -3.050000e+01 4.150000e+01
      vertex   4.164187e+01 -6.019061e+00 4.150000e+01
      vertex   4.116128e+01 -7.754922e+00 4.150000e+01
    endloop
  endfacet
  facet normal 0.000000e+00 0.000000e+00 1.000000e+00
    outer loop
      vertex   4.116128e+01 -7.754922e+00 4.150000e+01
      vertex   4.056890e+01 -9.455880e+00 4.150000e+01
      vertex   4.226000e+01 -3.050000e+01 4.150000e+01
    endloop
  endfacet
  facet normal 0.000000e+00 0.000000e+00 1.000000e+00
    outer loop
      vertex   4.226000e+01 -3.050000e+01 4.150000e+01
      vertex   4.056890e+01 -9.455880e+00 4.150000e+01
      vertex   3.986723e+01 -1.111474e+01 4.150000e+01
    endloop
  endfacet
  facet normal 0.000000e+00 0.000000e+00 1.000000e+00
    outer loop
      vertex   4.226000e+01 -3.050000e+01 4.150000e+01
      vertex   3.986723e+01 -1.111474e+01 4.150000e+01
      vertex   3.905923e+01 -1.272450e+01 4.150000e+01
    endloop
  endfacet
  facet normal 0.000000e+00 0.000000e+00 1.000000e+00
    outer loop
      vertex   3.905923e+01 -1.272450e+01 4.150000e+01
      vertex   3.814833e+01 -1.427834e+01 4.150000e+01
      vertex   4.226000e+01 -3.050000e+01 4.150000e+01
    endloop
  endfacet
  facet normal 0.000000e+00 0.000000e+00 1.000000e+00
    outer loop
      vertex   4.226000e+01 -3.050000e+01 4.150000e+01
      vertex   3.814833e+01 -1.427834e+01 4.150000e+01
      vertex   3.713836e+01 -1.576970e+01 4.150000e+01
    endloop
  endfacet
  facet normal 0.000000e+00 0.000000e+00 1.000000e+00
    outer loop
      vertex   4.226000e+01 -3.050000e+01 4.150000e+01
      vertex   3.713836e+01 -1.576970e+01 4.150000e+01
      vertex   3.603361e+01 -1.719226e+01 4.150000e+01
    endloop
  endfacet
  facet normal 0.000000e+00 0.000000e+00 1.000000e+00
    outer loop
      vertex   3.603361e+01 -1.719226e+01 4.150000e+01
      vertex   3.483874e+01 -1.854003e+01 4.150000e+01
      vertex   4.226000e+01 -3.050000e+01 4.150000e+01
    endloop
  endfacet
  facet normal 0.000000e+00 0.000000e+00 1.000000e+00
    outer loop
      vertex   4.226000e+01 -3.050000e+01 4.150000e+01
      vertex   3.483874e+01 -1.854003e+01 4.150000e+01
      vertex   3.355881e+01 -1.980729e+01 4.150000e+01
    endloop
  endfacet
  facet normal 0.000000e+00 0.000000e+00 1.000000e+00
    outer loop
      vertex   4.226000e+01 -3.050000e+01 4.150000e+01
      vertex   3.355881e+01 -1.980729e+01 4.150000e+01
      vertex   3.219922e+01 -2.098868e+01 4.150000e+01
    endloop
  endfacet
  facet normal 0.000000e+00 0.000000e+00 1.000000e+00
    outer loop
      vertex   3.219922e+01 -2.098868e+01 4.150000e+01
      vertex   3.076573e+01 -2.207923e+01 4.150000e+01
      vertex   4.226000e+01 -3.050000e+01 4.150000e+01
    endloop
  endfacet
  facet normal 0.000000e+00 0.000000e+00 1.000000e+00
    outer loop
      vertex   4.226000e+01 -3.050000e+01 4.150000e+01
      vertex   3.076573e+01 -2.207923e+01 4.150000e+01
      vertex   2.926440e+01 -2.307430e+01 4.150000e+01
    endloop
  endfacet
  facet normal 0.000000e+00 0.000000e+00 1.000000e+00
    outer loop
      vertex   4.226000e+01 -3.050000e+01 4.150000e+01
      vertex   2.926440e+01 -2.307430e+01 4.150000e+01
      vertex   2.770157e+01 -2.396970e+01 4.150000e+01
    endloop
  endfacet
  facet normal 0.000000e+00 0.000000e+00 1.000000e+00
    outer loop
      vertex   2.770157e+01 -2.396970e+01 4.150000e+01
      vertex   2.608386e+01 -2.476164e+01 4.150000e+01
      vertex   4.226000e+01 -3.050000e+01 4.150000e+01
    endloop
  endfacet
  facet normal 0.000000e+00 0.000000e+00 1.000000e+00
    outer loop
      vertex   4.226000e+01 -3.050000e+01 4.150000e+01
      vertex   2.608386e+01 -2.476164e+01 4.150000e+01
      vertex   3.976000e+01 -3.300000e+01 4.150000e+01
    endloop
  endfacet
  facet normal 0.000000e+00 0.000000e+00 1.000000e+00
    outer loop
      vertex   4.226000e+01 -3.050000e+01 4.150000e+01
      vertex   3.976000e+01 -3.300000e+01 4.150000e+01
      vertex   4.221196e+01 -3.098773e+01 4.150000e+01
    endloop
  endfacet
  facet normal 0.000000e+00 0.000000e+00 1.000000e+00
    outer loop
      vertex   4.221196e+01 -3.098773e+01 4.150000e+01
      vertex   3.976000e+01 -3.300000e+01 4.150000e+01
      vertex   4.206970e+01 -3.145671e+01 4.150000e+01
    endloop
  endfacet
  facet normal 0.000000e+00 0.000000e+00 1.000000e+00
    outer loop
      vertex   4.206970e+01 -3.145671e+01 4.150000e+01
      vertex   3.976000e+01 -3.300000e+01 4.150000e+01
      vertex   4.183867e+01 -3.188893e+01 4.150000e+01
    endloop
  endfacet
  facet normal 0.000000e+00 0.000000e+00 1.000000e+00
    outer loop
      vertex   4.183867e+01 -3.188893e+01 4.150000e+01
      vertex   3.976000e+01 -3.300000e+01 4.150000e+01
      vertex   4.152777e+01 -3.226777e+01 4.150000e+01
    endloop
  endfacet
  facet normal 0.000000e+00 0.000000e+00 1.000000e+00
    outer loop
      vertex   4.152777e+01 -3.226777e+01 4.150000e+01
      vertex   3.976000e+01 -3.300000e+01 4.150000e+01
      vertex   4.114893e+01 -3.257867e+01 4.150000e+01
    endloop
  endfacet
  facet normal 0.000000e+00 0.000000e+00 1.000000e+00
    outer loop
      vertex   4.114893e+01 -3.257867e+01 4.150000e+01
      vertex   3.976000e+01 -3.300000e+01 4.150000e+01
      vertex   4.071671e+01 -3.280970e+01 4.150000e+01
    endloop
  endfacet
  facet normal 0.000000e+00 0.000000e+00 1.000000e+00
    outer loop
      vertex   4.071671e+01 -3.280970e+01 4.150000e+01
      vertex   3.976000e+01 -3.300000e+01 4.150000e+01
      vertex   4.024773e+01 -3.295196e+01 4.150000e+01
    endloop
  endfacet
  facet normal 0.000000e+00 0.000000e+00 1.000000e+00
    outer loop
      vertex   2.608386e+01 -2.476164e+01 4.150000e+01
      vertex   2.441810e+01 -2.544678e+01 4.150000e+01
      vertex   3.976000e+01 -3.300000e+01 4.150000e+01
    endloop
  endfacet
  facet normal 0.000000e+00 0.000000e+00 1.000000e+00
    outer loop
      vertex   3.976000e+01 -3.300000e+01 4.150000e+01
      vertex   2.441810e+01 -2.544678e+01 4.150000e+01
      vertex   2.271133e+01 -2.602220e+01 4.150000e+01
    endloop
  endfacet
  facet normal 0.000000e+00 0.000000e+00 1.000000e+00
    outer loop
      vertex   3.976000e+01 -3.300000e+01 4.150000e+01
      vertex   2.271133e+01 -2.602220e+01 4.150000e+01
      vertex   2.097077e+01 -2.648549e+01 4.150000e+01
    endloop
  endfacet
  facet normal 0.000000e+00 0.000000e+00 1.000000e+00
    outer loop
      vertex   2.097077e+01 -2.648549e+01 4.150000e+01
      vertex   1.920378e+01 -2.683468e+01 4.150000e+01
      vertex   3.976000e+01 -3.300000e+01 4.150000e+01
    endloop
  endfacet
  facet normal 0.000000e+00 0.000000e+00 1.000000e+00
    outer loop
      vertex   3.976000e+01 -3.300000e+01 4.150000e+01
      vertex   1.920378e+01 -2.683468e+01 4.150000e+01
      vertex   1.741784e+01 -2.706830e+01 4.150000e+01
    endloop
  endfacet
  facet normal 0.000000e+00 0.000000e+00 1.000000e+00
    outer loop
      vertex   3.976000e+01 -3.300000e+01 4.150000e+01
      vertex   1.741784e+01 -2.706830e+01 4.150000e+01
      vertex   1.562049e+01 -2.718536e+01 4.150000e+01
    endloop
  endfacet
  facet normal 0.000000e+00 0.000000e+00 1.000000e+00
    outer loop
      vertex   1.562049e+01 -2.718536e+01 4.150000e+01
      vertex   1.381933e+01 -2.718536e+01 4.150000e+01
      vertex   3.976000e+01 -3.300000e+01 4.150000e+01
    endloop
  endfacet
  facet normal 0.000000e+00 0.000000e+00 1.000000e+00
    outer loop
      vertex   3.976000e+01 -3.300000e+01 4.150000e+01
      vertex   1.381933e+01 -2.718536e+01 4.150000e+01
      vertex   -1.032018e+01 -3.300000e+01 4.150000e+01
    endloop
  endfacet
  facet normal 0.000000e+00 0.000000e+00 1.000000e+00
    outer loop
      vertex   -1.032018e+01 -3.300000e+01 4.150000e+01
      vertex   1.381933e+01 -2.718536e+01 4.150000e+01
      vertex   1.202198e+01 -2.706830e+01 4.150000e+01
    endloop
  endfacet
  facet normal 0.000000e+00 0.000000e+00 1.000000e+00
    outer loop
      vertex   -1.032018e+01 -3.300000e+01 4.150000e+01
      vertex   1.202198e+01 -2.706830e+01 4.150000e+01
      vertex   1.023603e+01 -2.683468e+01 4.150000e+01
    endloop
  endfacet
  facet normal 0.000000e+00 0.000000e+00 1.000000e+00
    outer loop
      vertex   1.023603e+01 -2.683468e+01 4.150000e+01
      vertex   8.469049e+00 -2.648549e+01 4.150000e+01
      vertex   -1.032018e+01 -3.300000e+01 4.150000e+01
    endloop
  endfacet
  facet normal 0.000000e+00 0.000000e+00 1.000000e+00
    outer loop
      vertex   -1.032018e+01 -3.300000e+01 4.150000e+01
      vertex   8.469049e+00 -2.648549e+01 4.150000e+01
      vertex   6.728492e+00 -2.602220e+01 4.150000e+01
    endloop
  endfacet
  facet normal 0.000000e+00 0.000000e+00 1.000000e+00
    outer loop
      vertex   -1.032018e+01 -3.300000e+01 4.150000e+01
      vertex   6.728492e+00 -2.602220e+01 4.150000e+01
      vertex   5.021724e+00 -2.544678e+01 4.150000e+01
    endloop
  endfacet
  facet normal 0.000000e+00 0.000000e+00 1.000000e+00
    outer loop
      vertex   5.021724e+00 -2.544678e+01 4.150000e+01
      vertex   3.355960e+00 -2.476164e+01 4.150000e+01
      vertex   -1.032018e+01 -3.300000e+01 4.150000e+01
    endloop
  endfacet
  facet normal 0.000000e+00 -0.000000e+00 1.000000e+00
    outer loop
      vertex   -1.032018e+01 -3.300000e+01 4.150000e+01
      vertex   3.355960e+00 -2.476164e+01 4.150000e+01
      vertex   -1.282018e+01 -3.050000e+01 4.150000e+01
    endloop
  endfacet
  facet normal 0.000000e+00 0.000000e+00 1.000000e+00
    outer loop
      vertex   -1.032018e+01 -3.300000e+01 4.150000e+01
      vertex   -1.282018e+01 -3.050000e+01 4.150000e+01
      vertex   -1.277214e+01 -3.098773e+01 4.150000e+01
    endloop
  endfacet
  facet normal 0.000000e+00 0.000000e+00 1.000000e+00
    outer loop
      vertex   3.355960e+00 -2.476164e+01 4.150000e+01
      vertex   1.738245e+00 -2.396970e+01 4.150000e+01
      vertex   -1.282018e+01 -3.050000e+01 4.150000e+01
    endloop
  endfacet
  facet normal 0.000000e+00 0.000000e+00 1.000000e+00
    outer loop
      vertex   -1.282018e+01 -3.050000e+01 4.150000e+01
      vertex   1.738245e+00 -2.396970e+01 4.150000e+01
      vertex   1.754169e-01 -2.307430e+01 4.150000e+01
    endloop
  endfacet
  facet normal 0.000000e+00 0.000000e+00 1.000000e+00
    outer loop
      vertex   -1.282018e+01 -3.050000e+01 4.150000e+01
      vertex   1.754169e-01 -2.307430e+01 4.150000e+01
      vertex   -1.325916e+00 -2.207923e+01 4.150000e+01
    endloop
  endfacet
  facet normal 0.000000e+00 0.000000e+00 1.000000e+00
    outer loop
      vertex   -1.325916e+00 -2.207923e+01 4.150000e+01
      vertex   -2.759405e+00 -2.098868e+01 4.150000e+01
      vertex   -1.282018e+01 -3.050000e+01 4.150000e+01
    endloop
  endfacet
  facet normal 0.000000e+00 0.000000e+00 1.000000e+00
    outer loop
      vertex   -1.282018e+01 -3.050000e+01 4.150000e+01
      vertex   -2.759405e+00 -2.098868e+01 4.150000e+01
      vertex   -4.118990e+00 -1.980729e+01 4.150000e+01
    endloop
  endfacet
  facet normal 0.000000e+00 0.000000e+00 1.000000e+00
    outer loop
      vertex   -1.282018e+01 -3.050000e+01 4.150000e+01
      vertex   -4.118990e+00 -1.980729e+01 4.150000e+01
      vertex   -5.398922e+00 -1.854003e+01 4.150000e+01
    endloop
  endfacet
  facet normal 0.000000e+00 0.000000e+00 1.000000e+00
    outer loop
      vertex   -5.398922e+00 -1.854003e+01 4.150000e+01
      vertex   -6.593790e+00 -1.719226e+01 4.150000e+01
      vertex   -1.282018e+01 -3.050000e+01 4.150000e+01
    endloop
  endfacet
  facet normal 0.000000e+00 0.000000e+00 1.000000e+00
    outer loop
      vertex   -1.282018e+01 -3.050000e+01 4.150000e+01
      vertex   -6.593790e+00 -1.719226e+01 4.150000e+01
      vertex   -7.698542e+00 -1.576970e+01 4.150000e+01
    endloop
  endfacet
  facet normal 0.000000e+00 0.000000e+00 1.000000e+00
    outer loop
      vertex   -1.282018e+01 -3.050000e+01 4.150000e+01
      vertex   -7.698542e+00 -1.576970e+01 4.150000e+01
      vertex   -8.708506e+00 -1.427834e+01 4.150000e+01
    endloop
  endfacet
  facet normal 0.000000e+00 0.000000e+00 1.000000e+00
    outer loop
      vertex   -8.708506e+00 -1.427834e+01 4.150000e+01
      vertex   -9.619413e+00 -1.272450e+01 4.150000e+01
      vertex   -1.282018e+01 -3.050000e+01 4.150000e+01
    endloop
  endfacet
  facet normal 0.000000e+00 0.000000e+00 1.000000e+00
    outer loop
      vertex   -1.282018e+01 -3.050000e+01 4.150000e+01
      vertex   -9.619413e+00 -1.272450e+01 4.150000e+01
      vertex   -1.042741e+01 -1.111474e+01 4.150000e+01
    endloop
  endfacet
  facet normal 0.000000e+00 0.000000e+00 1.000000e+00
    outer loop
      vertex   -1.282018e+01 -3.050000e+01 4.150000e+01
      vertex   -1.042741e+01 -1.111474e+01 4.150000e+01
      vertex   -1.112908e+01 -9.455880e+00 4.150000e+01
    endloop
  endfacet
  facet normal 0.000000e+00 0.000000e+00 1.000000e+00
    outer loop
      vertex   -1.112908e+01 -9.455880e+00 4.150000e+01
      vertex   -1.172146e+01 -7.754922e+00 4.150000e+01
      vertex   -1.282018e+01 -3.050000e+01 4.150000e+01
    endloop
  endfacet
  facet normal 0.000000e+00 0.000000e+00 1.000000e+00
    outer loop
      vertex   -1.282018e+01 -3.050000e+01 4.150000e+01
      vertex   -1.172146e+01 -7.754922e+00 4.150000e+01
      vertex   -1.220205e+01 -6.019061e+00 4.150000e+01
    endloop
  endfacet
  facet normal 0.000000e+00 0.000000e+00 1.000000e+00
    outer loop
      vertex   -1.282018e+01 -3.050000e+01 4.150000e+01
      vertex   -1.220205e+01 -6.019061e+00 4.150000e+01
      vertex   -1.256880e+01 -4.255637e+00 4.150000e+01
    endloop
  endfacet
  facet normal 0.000000e+00 0.000000e+00 1.000000e+00
    outer loop
      vertex   -1.256880e+01 -4.255637e+00 4.150000e+01
      vertex   -1.282018e+01 -2.472106e+00 4.150000e+01
      vertex   -1.282018e+01 -3.050000e+01 4.150000e+01
    endloop
  endfacet
  facet normal 0.000000e+00 0.000000e+00 1.000000e+00
    outer loop
      vertex   -1.277214e+01 -3.098773e+01 4.150000e+01
      vertex   -1.262988e+01 -3.145671e+01 4.150000e+01
      vertex   -1.032018e+01 -3.300000e+01 4.150000e+01
    endloop
  endfacet
  facet normal 0.000000e+00 0.000000e+00 1.000000e+00
    outer loop
      vertex   -1.032018e+01 -3.300000e+01 4.150000e+01
      vertex   -1.262988e+01 -3.145671e+01 4.150000e+01
      vertex   -1.239886e+01 -3.188893e+01 4.150000e+01
    endloop
  endfacet
  facet normal 0.000000e+00 0.000000e+00 1.000000e+00
    outer loop
      vertex   -1.032018e+01 -3.300000e+01 4.150000e+01
      vertex   -1.239886e+01 -3.188893e+01 4.150000e+01
      vertex   -1.208795e+01 -3.226777e+01 4.150000e+01
    endloop
  endfacet
  facet normal 0.000000e+00 0.000000e+00 1.000000e+00
    outer loop
      vertex   -1.208795e+01 -3.226777e+01 4.150000e+01
      vertex   -1.170911e+01 -3.257867e+01 4.150000e+01
      vertex   -1.032018e+01 -3.300000e+01 4.150000e+01
    endloop
  endfacet
  facet normal 0.000000e+00 0.000000e+00 1.000000e+00
    outer loop
      vertex   -1.032018e+01 -3.300000e+01 4.150000e+01
      vertex   -1.170911e+01 -3.257867e+01 4.150000e+01
      vertex   -1.127689e+01 -3.280970e+01 4.150000e+01
    endloop
  endfacet
  facet normal 0.000000e+00 0.000000e+00 1.000000e+00
    outer loop
      vertex   -1.032018e+01 -3.300000e+01 4.150000e+01
      vertex   -1.127689e+01 -3.280970e+01 4.150000e+01
      vertex   -1.080791e+01 -3.295196e+01 4.150000e+01
    endloop
  endfacet
  facet normal -1.000000e+00 1.007862e-16 0.000000e+00
    outer loop
      vertex   4.066000e+01 -3.140000e+01 3.850000e+01
      vertex   4.066000e+01 -3.140000e+01 4.000000e+01
      vertex   4.066000e+01 3.910000e+01 3.850000e+01
    endloop
  endfacet
  facet normal -1.000000e+00 1.007862e-16 0.000000e+00
    outer loop
      vertex   4.066000e+01 3.910000e+01 3.850000e+01
      vertex   4.066000e+01 -3.140000e+01 4.000000e+01
      vertex   4.066000e+01 3.910000e+01 4.000000e+01
    endloop
  endfacet
  facet normal -1.105055e-16 1.000000e+00 0.000000e+00
    outer loop
      vertex   4.066000e+01 -3.140000e+01 3.850000e+01
      vertex   8.510336e+00 -3.140000e+01 3.850000e+01
      vertex   4.066000e+01 -3.140000e+01 4.000000e+01
    endloop
  endfacet
  facet normal -1.105055e-16 1.000000e+00 0.000000e+00
    outer loop
      vertex   4.066000e+01 -3.140000e+01 4.000000e+01
      vertex   8.510336e+00 -3.140000e+01 3.850000e+01
      vertex   8.510336e+00 -3.140000e+01 4.000000e+01
    endloop
  endfacet
  facet normal 1.000000e+00 -9.654113e-17 0.000000e+00
    outer loop
      vertex   4.216000e+01 -3.295000e+01 4.000000e+01
      vertex   4.216000e+01 -3.295000e+01 3.850000e+01
      vertex   4.216000e+01 4.065000e+01 4.000000e+01
    endloop
  endfacet
  facet normal 1.000000e+00 -9.654113e-17 0.000000e+00
    outer loop
      vertex   4.216000e+01 4.065000e+01 4.000000e+01
      vertex   4.216000e+01 -3.295000e+01 3.850000e+01
      vertex   4.216000e+01 4.065000e+01 3.850000e+01
    endloop
  endfacet
  facet normal 9.993171e-01 3.695150e-02 -0.000000e+00
    outer loop
      vertex   3.695901e+01 2.146911e+00 4.100000e+01
      vertex   3.695901e+01 2.146911e+00 4.150000e+01
      vertex   3.701991e+01 5.000000e-01 4.100000e+01
    endloop
  endfacet
  facet normal 9.993171e-01 3.695150e-02 -0.000000e+00
    outer loop
      vertex   3.701991e+01 5.000000e-01 4.100000e+01
      vertex   3.695901e+01 2.146911e+00 4.150000e+01
      vertex   3.701991e+01 5.000000e-01 4.150000e+01
    endloop
  endfacet
  facet normal 9.993171e-01 -3.695150e-02 0.000000e+00
    outer loop
      vertex   3.701991e+01 5.000000e-01 4.100000e+01
      vertex   3.701991e+01 5.000000e-01 4.150000e+01
      vertex   3.695901e+01 -1.146911e+00 4.100000e+01
    endloop
  endfacet
  facet normal 9.993171e-01 -3.695150e-02 0.000000e+00
    outer loop
      vertex   3.695901e+01 -1.146911e+00 4.100000e+01
      vertex   3.701991e+01 5.000000e-01 4.150000e+01
      vertex   3.695901e+01 -1.146911e+00 4.150000e+01
    endloop
  endfacet
  facet normal 9.938591e-01 -1.106527e-01 0.000000e+00
    outer loop
      vertex   3.695901e+01 -1.146911e+00 4.100000e+01
      vertex   3.695901e+01 -1.146911e+00 4.150000e+01
      vertex   3.677665e+01 -2.784828e+00 4.100000e+01
    endloop
  endfacet
  facet normal 9.938591e-01 -1.106527e-01 0.000000e+00
    outer loop
      vertex   3.677665e+01 -2.784828e+00 4.100000e+01
      vertex   3.695901e+01 -1.146911e+00 4.150000e+01
      vertex   3.677665e+01 -2.784828e+00 4.150000e+01
    endloop
  endfacet
  facet normal 9.829731e-01 -1.837495e-01 0.000000e+00
    outer loop
      vertex   3.677665e+01 -2.784828e+00 4.100000e+01
      vertex   3.677665e+01 -2.784828e+00 4.150000e+01
      vertex   3.647383e+01 -4.404804e+00 4.100000e+01
    endloop
  endfacet
  facet normal 9.829731e-01 -1.837495e-01 0.000000e+00
    outer loop
      vertex   3.647383e+01 -4.404804e+00 4.100000e+01
      vertex   3.677665e+01 -2.784828e+00 4.150000e+01
      vertex   3.647383e+01 -4.404804e+00 4.150000e+01
    endloop
  endfacet
  facet normal 9.667184e-01 -2.558428e-01 0.000000e+00
    outer loop
      vertex   3.647383e+01 -4.404804e+00 4.100000e+01
      vertex   3.647383e+01 -4.404804e+00 4.150000e+01
      vertex   3.605219e+01 -5.997991e+00 4.100000e+01
    endloop
  endfacet
  facet normal 9.667184e-01 -2.558428e-01 0.000000e+00
    outer loop
      vertex   3.605219e+01 -5.997991e+00 4.100000e+01
      vertex   3.647383e+01 -4.404804e+00 4.150000e+01
      vertex   3.605219e+01 -5.997991e+00 4.150000e+01
    endloop
  endfacet
  facet normal 9.451838e-01 -3.265387e-01 0.000000e+00
    outer loop
      vertex   3.605219e+01 -5.997991e+00 4.100000e+01
      vertex   3.605219e+01 -5.997991e+00 4.150000e+01
      vertex   3.551404e+01 -7.555689e+00 4.100000e+01
    endloop
  endfacet
  facet normal 9.451838e-01 -3.265387e-01 0.000000e+00
    outer loop
      vertex   3.551404e+01 -7.555689e+00 4.100000e+01
      vertex   3.605219e+01 -5.997991e+00 4.150000e+01
      vertex   3.551404e+01 -7.555689e+00 4.150000e+01
    endloop
  endfacet
  facet normal 9.184870e-01 -3.954512e-01 0.000000e+00
    outer loop
      vertex   3.551404e+01 -7.555689e+00 4.100000e+01
      vertex   3.551404e+01 -7.555689e+00 4.150000e+01
      vertex   3.486232e+01 -9.069390e+00 4.100000e+01
    endloop
  endfacet
  facet normal 9.184870e-01 -3.954512e-01 0.000000e+00
    outer loop
      vertex   3.486232e+01 -9.069390e+00 4.100000e+01
      vertex   3.551404e+01 -7.555689e+00 4.150000e+01
      vertex   3.486232e+01 -9.069390e+00 4.150000e+01
    endloop
  endfacet
  facet normal 8.867737e-01 -4.622039e-01 0.000000e+00
    outer loop
      vertex   3.486232e+01 -9.069390e+00 4.100000e+01
      vertex   3.486232e+01 -9.069390e+00 4.150000e+01
      vertex   3.410059e+01 -1.053083e+01 4.100000e+01
    endloop
  endfacet
  facet normal 8.867737e-01 -4.622039e-01 0.000000e+00
    outer loop
      vertex   3.410059e+01 -1.053083e+01 4.100000e+01
      vertex   3.486232e+01 -9.069390e+00 4.150000e+01
      vertex   3.410059e+01 -1.053083e+01 4.150000e+01
    endloop
  endfacet
  facet normal 8.502171e-01 -5.264322e-01 0.000000e+00
    outer loop
      vertex   3.410059e+01 -1.053083e+01 4.100000e+01
      vertex   3.410059e+01 -1.053083e+01 4.150000e+01
      vertex   3.323301e+01 -1.193201e+01 4.100000e+01
    endloop
  endfacet
  facet normal 8.502171e-01 -5.264322e-01 0.000000e+00
    outer loop
      vertex   3.323301e+01 -1.193201e+01 4.100000e+01
      vertex   3.410059e+01 -1.053083e+01 4.150000e+01
      vertex   3.323301e+01 -1.193201e+01 4.150000e+01
    endloop
  endfacet
  facet normal 8.090170e-01 -5.877853e-01 0.000000e+00
    outer loop
      vertex   3.323301e+01 -1.193201e+01 4.100000e+01
      vertex   3.323301e+01 -1.193201e+01 4.150000e+01
      vertex   3.226432e+01 -1.326530e+01 4.100000e+01
    endloop
  endfacet
  facet normal 8.090170e-01 -5.877853e-01 0.000000e+00
    outer loop
      vertex   3.226432e+01 -1.326530e+01 4.100000e+01
      vertex   3.323301e+01 -1.193201e+01 4.150000e+01
      vertex   3.226432e+01 -1.326530e+01 4.150000e+01
    endloop
  endfacet
  facet normal 7.633983e-01 -6.459281e-01 0.000000e+00
    outer loop
      vertex   3.226432e+01 -1.326530e+01 4.100000e+01
      vertex   3.226432e+01 -1.326530e+01 4.150000e+01
      vertex   3.119981e+01 -1.452341e+01 4.100000e+01
    endloop
  endfacet
  facet normal 7.633983e-01 -6.459281e-01 0.000000e+00
    outer loop
      vertex   3.119981e+01 -1.452341e+01 4.100000e+01
      vertex   3.226432e+01 -1.326530e+01 4.150000e+01
      vertex   3.119981e+01 -1.452341e+01 4.150000e+01
    endloop
  endfacet
  facet normal 7.136102e-01 -7.005430e-01 0.000000e+00
    outer loop
      vertex   3.119981e+01 -1.452341e+01 4.100000e+01
      vertex   3.119981e+01 -1.452341e+01 4.150000e+01
      vertex   3.004529e+01 -1.569947e+01 4.100000e+01
    endloop
  endfacet
  facet normal 7.136102e-01 -7.005430e-01 0.000000e+00
    outer loop
      vertex   3.004529e+01 -1.569947e+01 4.100000e+01
      vertex   3.119981e+01 -1.452341e+01 4.150000e+01
      vertex   3.004529e+01 -1.569947e+01 4.150000e+01
    endloop
  endfacet
  facet normal 6.599245e-01 -7.513319e-01 0.000000e+00
    outer loop
      vertex   3.004529e+01 -1.569947e+01 4.100000e+01
      vertex   3.004529e+01 -1.569947e+01 4.150000e+01
      vertex   2.880706e+01 -1.678705e+01 4.100000e+01
    endloop
  endfacet
  facet normal 6.599245e-01 -7.513319e-01 0.000000e+00
    outer loop
      vertex   2.880706e+01 -1.678705e+01 4.100000e+01
      vertex   3.004529e+01 -1.569947e+01 4.150000e+01
      vertex   2.880706e+01 -1.678705e+01 4.150000e+01
    endloop
  endfacet
  facet normal 6.026346e-01 -7.980172e-01 0.000000e+00
    outer loop
      vertex   2.880706e+01 -1.678705e+01 4.100000e+01
      vertex   2.880706e+01 -1.678705e+01 4.150000e+01
      vertex   2.749190e+01 -1.778021e+01 4.100000e+01
    endloop
  endfacet
  facet normal 6.026346e-01 -7.980172e-01 0.000000e+00
    outer loop
      vertex   2.749190e+01 -1.778021e+01 4.100000e+01
      vertex   2.880706e+01 -1.678705e+01 4.150000e+01
      vertex   2.749190e+01 -1.778021e+01 4.150000e+01
    endloop
  endfacet
  facet normal 5.420534e-01 -8.403441e-01 0.000000e+00
    outer loop
      vertex   2.749190e+01 -1.778021e+01 4.100000e+01
      vertex   2.749190e+01 -1.778021e+01 4.150000e+01
      vertex   2.610699e+01 -1.867354e+01 4.100000e+01
    endloop
  endfacet
  facet normal 5.420534e-01 -8.403441e-01 0.000000e+00
    outer loop
      vertex   2.610699e+01 -1.867354e+01 4.100000e+01
      vertex   2.749190e+01 -1.778021e+01 4.150000e+01
      vertex   2.610699e+01 -1.867354e+01 4.150000e+01
    endloop
  endfacet
  facet normal 4.785116e-01 -8.780812e-01 0.000000e+00
    outer loop
      vertex   2.610699e+01 -1.867354e+01 4.100000e+01
      vertex   2.610699e+01 -1.867354e+01 4.150000e+01
      vertex   2.465987e+01 -1.946214e+01 4.100000e+01
    endloop
  endfacet
  facet normal 4.785116e-01 -8.780812e-01 0.000000e+00
    outer loop
      vertex   2.465987e+01 -1.946214e+01 4.100000e+01
      vertex   2.610699e+01 -1.867354e+01 4.150000e+01
      vertex   2.465987e+01 -1.946214e+01 4.150000e+01
    endloop
  endfacet
  facet normal 4.123563e-01 -9.110226e-01 0.000000e+00
    outer loop
      vertex   2.465987e+01 -1.946214e+01 4.100000e+01
      vertex   2.465987e+01 -1.946214e+01 4.150000e+01
      vertex   2.315848e+01 -2.014172e+01 4.100000e+01
    endloop
  endfacet
  facet normal 4.123563e-01 -9.110226e-01 0.000000e+00
    outer loop
      vertex   2.315848e+01 -2.014172e+01 4.100000e+01
      vertex   2.465987e+01 -1.946214e+01 4.150000e+01
      vertex   2.315848e+01 -2.014172e+01 4.150000e+01
    endloop
  endfacet
  facet normal 3.439489e-01 -9.389884e-01 0.000000e+00
    outer loop
      vertex   2.315848e+01 -2.014172e+01 4.100000e+01
      vertex   2.315848e+01 -2.014172e+01 4.150000e+01
      vertex   2.161099e+01 -2.070856e+01 4.100000e+01
    endloop
  endfacet
  facet normal 3.439489e-01 -9.389884e-01 0.000000e+00
    outer loop
      vertex   2.161099e+01 -2.070856e+01 4.100000e+01
      vertex   2.315848e+01 -2.014172e+01 4.150000e+01
      vertex   2.161099e+01 -2.070856e+01 4.150000e+01
    endloop
  endfacet
  facet normal 2.736630e-01 -9.618256e-01 0.000000e+00
    outer loop
      vertex   2.161099e+01 -2.070856e+01 4.100000e+01
      vertex   2.161099e+01 -2.070856e+01 4.150000e+01
      vertex   2.002586e+01 -2.115957e+01 4.100000e+01
    endloop
  endfacet
  facet normal 2.736630e-01 -9.618256e-01 0.000000e+00
    outer loop
      vertex   2.002586e+01 -2.115957e+01 4.100000e+01
      vertex   2.161099e+01 -2.070856e+01 4.150000e+01
      vertex   2.002586e+01 -2.115957e+01 4.150000e+01
    endloop
  endfacet
  facet normal 2.018824e-01 -9.794098e-01 0.000000e+00
    outer loop
      vertex   2.002586e+01 -2.115957e+01 4.100000e+01
      vertex   2.002586e+01 -2.115957e+01 4.150000e+01
      vertex   1.841176e+01 -2.149228e+01 4.100000e+01
    endloop
  endfacet
  facet normal 2.018824e-01 -9.794098e-01 0.000000e+00
    outer loop
      vertex   1.841176e+01 -2.149228e+01 4.100000e+01
      vertex   2.002586e+01 -2.115957e+01 4.150000e+01
      vertex   1.841176e+01 -2.149228e+01 4.150000e+01
    endloop
  endfacet
  facet normal 1.289992e-01 -9.916447e-01 0.000000e+00
    outer loop
      vertex   1.841176e+01 -2.149228e+01 4.100000e+01
      vertex   1.841176e+01 -2.149228e+01 4.150000e+01
      vertex   1.677749e+01 -2.170487e+01 4.100000e+01
    endloop
  endfacet
  facet normal 1.289992e-01 -9.916447e-01 0.000000e+00
    outer loop
      vertex   1.677749e+01 -2.170487e+01 4.100000e+01
      vertex   1.841176e+01 -2.149228e+01 4.150000e+01
      vertex   1.677749e+01 -2.170487e+01 4.150000e+01
    endloop
  endfacet
  facet normal 5.541147e-02 -9.984636e-01 0.000000e+00
    outer loop
      vertex   1.677749e+01 -2.170487e+01 4.100000e+01
      vertex   1.677749e+01 -2.170487e+01 4.150000e+01
      vertex   1.513199e+01 -2.179619e+01 4.100000e+01
    endloop
  endfacet
  facet normal 5.541147e-02 -9.984636e-01 0.000000e+00
    outer loop
      vertex   1.513199e+01 -2.179619e+01 4.100000e+01
      vertex   1.677749e+01 -2.170487e+01 4.150000e+01
      vertex   1.513199e+01 -2.179619e+01 4.150000e+01
    endloop
  endfacet
  facet normal -1.847890e-02 -9.998293e-01 0.000000e+00
    outer loop
      vertex   1.513199e+01 -2.179619e+01 4.100000e+01
      vertex   1.513199e+01 -2.179619e+01 4.150000e+01
      vertex   1.348423e+01 -2.176574e+01 4.100000e+01
    endloop
  endfacet
  facet normal -1.847890e-02 -9.998293e-01 0.000000e+00
    outer loop
      vertex   1.348423e+01 -2.176574e+01 4.100000e+01
      vertex   1.513199e+01 -2.179619e+01 4.150000e+01
      vertex   1.348423e+01 -2.176574e+01 4.150000e+01
    endloop
  endfacet
  facet normal -9.226836e-02 -9.957342e-01 0.000000e+00
    outer loop
      vertex   1.348423e+01 -2.176574e+01 4.100000e+01
      vertex   1.348423e+01 -2.176574e+01 4.150000e+01
      vertex   1.184323e+01 -2.161368e+01 4.100000e+01
    endloop
  endfacet
  facet normal -9.226836e-02 -9.957342e-01 0.000000e+00
    outer loop
      vertex   1.184323e+01 -2.161368e+01 4.100000e+01
      vertex   1.348423e+01 -2.176574e+01 4.150000e+01
      vertex   1.184323e+01 -2.161368e+01 4.150000e+01
    endloop
  endfacet
  facet normal -1.655539e-01 -9.862007e-01 0.000000e+00
    outer loop
      vertex   1.184323e+01 -2.161368e+01 4.100000e+01
      vertex   1.184323e+01 -2.161368e+01 4.150000e+01
      vertex   1.021793e+01 -2.134084e+01 4.100000e+01
    endloop
  endfacet
  facet normal -1.655539e-01 -9.862007e-01 0.000000e+00
    outer loop
      vertex   1.021793e+01 -2.134084e+01 4.100000e+01
      vertex   1.184323e+01 -2.161368e+01 4.150000e+01
      vertex   1.021793e+01 -2.134084e+01 4.150000e+01
    endloop
  endfacet
  facet normal -2.379352e-01 -9.712810e-01 0.000000e+00
    outer loop
      vertex   1.021793e+01 -2.134084e+01 4.100000e+01
      vertex   1.021793e+01 -2.134084e+01 4.150000e+01
      vertex   8.617225e+00 -2.094871e+01 4.100000e+01
    endloop
  endfacet
  facet normal -2.379352e-01 -9.712810e-01 0.000000e+00
    outer loop
      vertex   8.617225e+00 -2.094871e+01 4.100000e+01
      vertex   1.021793e+01 -2.134084e+01 4.150000e+01
      vertex   8.617225e+00 -2.094871e+01 4.150000e+01
    endloop
  endfacet
  facet normal -3.090170e-01 -9.510565e-01 0.000000e+00
    outer loop
      vertex   8.617225e+00 -2.094871e+01 4.100000e+01
      vertex   8.617225e+00 -2.094871e+01 4.150000e+01
      vertex   7.049849e+00 -2.043944e+01 4.100000e+01
    endloop
  endfacet
  facet normal -3.090170e-01 -9.510565e-01 0.000000e+00
    outer loop
      vertex   7.049849e+00 -2.043944e+01 4.100000e+01
      vertex   8.617225e+00 -2.094871e+01 4.150000e+01
      vertex   7.049849e+00 -2.043944e+01 4.150000e+01
    endloop
  endfacet
  facet normal -3.784111e-01 -9.256377e-01 0.000000e+00
    outer loop
      vertex   7.049849e+00 -2.043944e+01 4.100000e+01
      vertex   7.049849e+00 -2.043944e+01 4.150000e+01
      vertex   5.524364e+00 -1.981581e+01 4.100000e+01
    endloop
  endfacet
  facet normal -3.784111e-01 -9.256377e-01 0.000000e+00
    outer loop
      vertex   5.524364e+00 -1.981581e+01 4.100000e+01
      vertex   7.049849e+00 -2.043944e+01 4.150000e+01
      vertex   5.524364e+00 -1.981581e+01 4.150000e+01
    endloop
  endfacet
  facet normal -4.457384e-01 -8.951633e-01 0.000000e+00
    outer loop
      vertex   5.524364e+00 -1.981581e+01 4.100000e+01
      vertex   5.524364e+00 -1.981581e+01 4.150000e+01
      vertex   4.049101e+00 -1.908121e+01 4.100000e+01
    endloop
  endfacet
  facet normal -4.457384e-01 -8.951633e-01 0.000000e+00
    outer loop
      vertex   4.049101e+00 -1.908121e+01 4.100000e+01
      vertex   5.524364e+00 -1.981581e+01 4.150000e+01
      vertex   4.049101e+00 -1.908121e+01 4.150000e+01
    endloop
  endfacet
  facet normal -5.106312e-01 -8.597999e-01 0.000000e+00
    outer loop
      vertex   4.049101e+00 -1.908121e+01 4.100000e+01
      vertex   4.049101e+00 -1.908121e+01 4.150000e+01
      vertex   2.632120e+00 -1.823967e+01 4.100000e+01
    endloop
  endfacet
  facet normal -5.106312e-01 -8.597999e-01 0.000000e+00
    outer loop
      vertex   2.632120e+00 -1.823967e+01 4.100000e+01
      vertex   4.049101e+00 -1.908121e+01 4.150000e+01
      vertex   2.632120e+00 -1.823967e+01 4.150000e+01
    endloop
  endfacet
  facet normal -5.727351e-01 -8.197405e-01 0.000000e+00
    outer loop
      vertex   2.632120e+00 -1.823967e+01 4.100000e+01
      vertex   2.632120e+00 -1.823967e+01 4.150000e+01
      vertex   1.281157e+00 -1.729578e+01 4.100000e+01
    endloop
  endfacet
  facet normal -5.727351e-01 -8.197405e-01 0.000000e+00
    outer loop
      vertex   1.281157e+00 -1.729578e+01 4.100000e+01
      vertex   2.632120e+00 -1.823967e+01 4.150000e+01
      vertex   1.281157e+00 -1.729578e+01 4.150000e+01
    endloop
  endfacet
  facet normal -6.317110e-01 -7.752040e-01 0.000000e+00
    outer loop
      vertex   1.281157e+00 -1.729578e+01 4.100000e+01
      vertex   1.281157e+00 -1.729578e+01 4.150000e+01
      vertex   3.592310e-03 -1.625470e+01 4.100000e+01
    endloop
  endfacet
  facet normal -6.317110e-01 -7.752040e-01 0.000000e+00
    outer loop
      vertex   3.592310e-03 -1.625470e+01 4.100000e+01
      vertex   1.281157e+00 -1.729578e+01 4.150000e+01
      vertex   3.592310e-03 -1.625470e+01 4.150000e+01
    endloop
  endfacet
  facet normal -6.872367e-01 -7.264336e-01 0.000000e+00
    outer loop
      vertex   3.592310e-03 -1.625470e+01 4.100000e+01
      vertex   3.592310e-03 -1.625470e+01 4.150000e+01
      vertex   -1.193597e+00 -1.512211e+01 4.100000e+01
    endloop
  endfacet
  facet normal -6.872367e-01 -7.264336e-01 0.000000e+00
    outer loop
      vertex   -1.193597e+00 -1.512211e+01 4.100000e+01
      vertex   3.592310e-03 -1.625470e+01 4.150000e+01
      vertex   -1.193597e+00 -1.512211e+01 4.150000e+01
    endloop
  endfacet
  facet normal -7.390089e-01 -6.736956e-01 0.000000e+00
    outer loop
      vertex   -1.193597e+00 -1.512211e+01 4.100000e+01
      vertex   -1.193597e+00 -1.512211e+01 4.150000e+01
      vertex   -2.303872e+00 -1.390420e+01 4.100000e+01
    endloop
  endfacet
  facet normal -7.390089e-01 -6.736956e-01 0.000000e+00
    outer loop
      vertex   -2.303872e+00 -1.390420e+01 4.100000e+01
      vertex   -1.193597e+00 -1.512211e+01 4.150000e+01
      vertex   -2.303872e+00 -1.390420e+01 4.150000e+01
    endloop
  endfacet
  facet normal -7.867449e-01 -6.172782e-01 0.000000e+00
    outer loop
      vertex   -2.303872e+00 -1.390420e+01 4.100000e+01
      vertex   -2.303872e+00 -1.390420e+01 4.150000e+01
      vertex   -3.321170e+00 -1.260761e+01 4.100000e+01
    endloop
  endfacet
  facet normal -7.867449e-01 -6.172782e-01 0.000000e+00
    outer loop
      vertex   -3.321170e+00 -1.260761e+01 4.100000e+01
      vertex   -2.303872e+00 -1.390420e+01 4.150000e+01
      vertex   -3.321170e+00 -1.260761e+01 4.150000e+01
    endloop
  endfacet
  facet normal -8.301840e-01 -5.574894e-01 0.000000e+00
    outer loop
      vertex   -3.321170e+00 -1.260761e+01 4.100000e+01
      vertex   -3.321170e+00 -1.260761e+01 4.150000e+01
      vertex   -4.239933e+00 -1.123944e+01 4.100000e+01
    endloop
  endfacet
  facet normal -8.301840e-01 -5.574894e-01 0.000000e+00
    outer loop
      vertex   -4.239933e+00 -1.123944e+01 4.100000e+01
      vertex   -3.321170e+00 -1.260761e+01 4.150000e+01
      vertex   -4.239933e+00 -1.123944e+01 4.150000e+01
    endloop
  endfacet
  facet normal -8.690889e-01 -4.946558e-01 0.000000e+00
    outer loop
      vertex   -4.239933e+00 -1.123944e+01 4.100000e+01
      vertex   -4.239933e+00 -1.123944e+01 4.150000e+01
      vertex   -5.055144e+00 -9.807147e+00 4.100000e+01
    endloop
  endfacet
  facet normal -8.690889e-01 -4.946558e-01 0.000000e+00
    outer loop
      vertex   -5.055144e+00 -9.807147e+00 4.100000e+01
      vertex   -4.239933e+00 -1.123944e+01 4.150000e+01
      vertex   -5.055144e+00 -9.807147e+00 4.150000e+01
    endloop
  endfacet
  facet normal -9.032472e-01 -4.291206e-01 0.000000e+00
    outer loop
      vertex   -5.055144e+00 -9.807147e+00 4.100000e+01
      vertex   -5.055144e+00 -9.807147e+00 4.150000e+01
      vertex   -5.762350e+00 -8.318562e+00 4.100000e+01
    endloop
  endfacet
  facet normal -9.032472e-01 -4.291206e-01 0.000000e+00
    outer loop
      vertex   -5.762350e+00 -8.318562e+00 4.100000e+01
      vertex   -5.055144e+00 -9.807147e+00 4.150000e+01
      vertex   -5.762350e+00 -8.318562e+00 4.150000e+01
    endloop
  endfacet
  facet normal -9.324722e-01 -3.612417e-01 0.000000e+00
    outer loop
      vertex   -5.762350e+00 -8.318562e+00 4.100000e+01
      vertex   -5.762350e+00 -8.318562e+00 4.150000e+01
      vertex   -6.357690e+00 -6.781813e+00 4.100000e+01
    endloop
  endfacet
  facet normal -9.324722e-01 -3.612417e-01 0.000000e+00
    outer loop
      vertex   -6.357690e+00 -6.781813e+00 4.100000e+01
      vertex   -5.762350e+00 -8.318562e+00 4.150000e+01
      vertex   -6.357690e+00 -6.781813e+00 4.150000e+01
    endloop
  endfacet
  facet normal -9.566044e-01 -2.913897e-01 0.000000e+00
    outer loop
      vertex   -6.357690e+00 -6.781813e+00 4.100000e+01
      vertex   -6.357690e+00 -6.781813e+00 4.150000e+01
      vertex   -6.837911e+00 -5.205294e+00 4.100000e+01
    endloop
  endfacet
  facet normal -9.566044e-01 -2.913897e-01 0.000000e+00
    outer loop
      vertex   -6.837911e+00 -5.205294e+00 4.100000e+01
      vertex   -6.357690e+00 -6.781813e+00 4.150000e+01
      vertex   -6.837911e+00 -5.205294e+00 4.150000e+01
    endloop
  endfacet
  facet normal -9.755120e-01 -2.199464e-01 0.000000e+00
    outer loop
      vertex   -6.837911e+00 -5.205294e+00 4.100000e+01
      vertex   -6.837911e+00 -5.205294e+00 4.150000e+01
      vertex   -7.200391e+00 -3.597614e+00 4.100000e+01
    endloop
  endfacet
  facet normal -9.755120e-01 -2.199464e-01 0.000000e+00
    outer loop
      vertex   -7.200391e+00 -3.597614e+00 4.100000e+01
      vertex   -6.837911e+00 -5.205294e+00 4.150000e+01
      vertex   -7.200391e+00 -3.597614e+00 4.150000e+01
    endloop
  endfacet
  facet normal -9.890916e-01 -1.473017e-01 0.000000e+00
    outer loop
      vertex   -7.200391e+00 -3.597614e+00 4.100000e+01
      vertex   -7.200391e+00 -3.597614e+00 4.150000e+01
      vertex   -7.443149e+00 -1.967555e+00 4.100000e+01
    endloop
  endfacet
  facet normal -9.890916e-01 -1.473017e-01 0.000000e+00
    outer loop
      vertex   -7.443149e+00 -1.967555e+00 4.100000e+01
      vertex   -7.200391e+00 -3.597614e+00 4.150000e+01
      vertex   -7.443149e+00 -1.967555e+00 4.150000e+01
    endloop
  endfacet
  facet normal -9.972692e-01 -7.385253e-02 0.000000e+00
    outer loop
      vertex   -7.443149e+00 -1.967555e+00 4.100000e+01
      vertex   -7.443149e+00 -1.967555e+00 4.150000e+01
      vertex   -7.564861e+00 -3.240184e-01 4.100000e+01
    endloop
  endfacet
  facet normal -9.972692e-01 -7.385253e-02 0.000000e+00
    outer loop
      vertex   -7.564861e+00 -3.240184e-01 4.100000e+01
      vertex   -7.443149e+00 -1.967555e+00 4.150000e+01
      vertex   -7.564861e+00 -3.240184e-01 4.150000e+01
    endloop
  endfacet
  facet normal -1.000000e+00 0.000000e+00 0.000000e+00
    outer loop
      vertex   -7.564861e+00 -3.240184e-01 4.100000e+01
      vertex   -7.564861e+00 -3.240184e-01 4.150000e+01
      vertex   -7.564861e+00 1.324018e+00 4.100000e+01
    endloop
  endfacet
  facet normal -1.000000e+00 0.000000e+00 0.000000e+00
    outer loop
      vertex   -7.564861e+00 1.324018e+00 4.100000e+01
      vertex   -7.564861e+00 -3.240184e-01 4.150000e+01
      vertex   -7.564861e+00 1.324018e+00 4.150000e+01
    endloop
  endfacet
  facet normal -9.972692e-01 7.385253e-02 0.000000e+00
    outer loop
      vertex   -7.564861e+00 1.324018e+00 4.100000e+01
      vertex   -7.564861e+00 1.324018e+00 4.150000e+01
      vertex   -7.443149e+00 2.967555e+00 4.100000e+01
    endloop
  endfacet
  facet normal -9.972692e-01 7.385253e-02 0.000000e+00
    outer loop
      vertex   -7.443149e+00 2.967555e+00 4.100000e+01
      vertex   -7.564861e+00 1.324018e+00 4.150000e+01
      vertex   -7.443149e+00 2.967555e+00 4.150000e+01
    endloop
  endfacet
  facet normal -9.890916e-01 1.473017e-01 0.000000e+00
    outer loop
      vertex   -7.443149e+00 2.967555e+00 4.100000e+01
      vertex   -7.443149e+00 2.967555e+00 4.150000e+01
      vertex   -7.200391e+00 4.597614e+00 4.100000e+01
    endloop
  endfacet
  facet normal -9.890916e-01 1.473017e-01 0.000000e+00
    outer loop
      vertex   -7.200391e+00 4.597614e+00 4.100000e+01
      vertex   -7.443149e+00 2.967555e+00 4.150000e+01
      vertex   -7.200391e+00 4.597614e+00 4.150000e+01
    endloop
  endfacet
  facet normal -9.755120e-01 2.199464e-01 0.000000e+00
    outer loop
      vertex   -7.200391e+00 4.597614e+00 4.100000e+01
      vertex   -7.200391e+00 4.597614e+00 4.150000e+01
      vertex   -6.837911e+00 6.205294e+00 4.100000e+01
    endloop
  endfacet
  facet normal -9.755120e-01 2.199464e-01 0.000000e+00
    outer loop
      vertex   -6.837911e+00 6.205294e+00 4.100000e+01
      vertex   -7.200391e+00 4.597614e+00 4.150000e+01
      vertex   -6.837911e+00 6.205294e+00 4.150000e+01
    endloop
  endfacet
  facet normal -9.566044e-01 2.913897e-01 0.000000e+00
    outer loop
      vertex   -6.837911e+00 6.205294e+00 4.100000e+01
      vertex   -6.837911e+00 6.205294e+00 4.150000e+01
      vertex   -6.357690e+00 7.781813e+00 4.100000e+01
    endloop
  endfacet
  facet normal -9.566044e-01 2.913897e-01 0.000000e+00
    outer loop
      vertex   -6.357690e+00 7.781813e+00 4.100000e+01
      vertex   -6.837911e+00 6.205294e+00 4.150000e+01
      vertex   -6.357690e+00 7.781813e+00 4.150000e+01
    endloop
  endfacet
  facet normal -9.324722e-01 3.612417e-01 0.000000e+00
    outer loop
      vertex   -6.357690e+00 7.781813e+00 4.100000e+01
      vertex   -6.357690e+00 7.781813e+00 4.150000e+01
      vertex   -5.762350e+00 9.318562e+00 4.100000e+01
    endloop
  endfacet
  facet normal -9.324722e-01 3.612417e-01 0.000000e+00
    outer loop
      vertex   -5.762350e+00 9.318562e+00 4.100000e+01
      vertex   -6.357690e+00 7.781813e+00 4.150000e+01
      vertex   -5.762350e+00 9.318562e+00 4.150000e+01
    endloop
  endfacet
  facet normal -9.032472e-01 4.291206e-01 0.000000e+00
    outer loop
      vertex   -5.762350e+00 9.318562e+00 4.100000e+01
      vertex   -5.762350e+00 9.318562e+00 4.150000e+01
      vertex   -5.055144e+00 1.080715e+01 4.100000e+01
    endloop
  endfacet
  facet normal -9.032472e-01 4.291206e-01 0.000000e+00
    outer loop
      vertex   -5.055144e+00 1.080715e+01 4.100000e+01
      vertex   -5.762350e+00 9.318562e+00 4.150000e+01
      vertex   -5.055144e+00 1.080715e+01 4.150000e+01
    endloop
  endfacet
  facet normal -8.690889e-01 4.946558e-01 0.000000e+00
    outer loop
      vertex   -5.055144e+00 1.080715e+01 4.100000e+01
      vertex   -5.055144e+00 1.080715e+01 4.150000e+01
      vertex   -4.239933e+00 1.223944e+01 4.100000e+01
    endloop
  endfacet
  facet normal -8.690889e-01 4.946558e-01 0.000000e+00
    outer loop
      vertex   -4.239933e+00 1.223944e+01 4.100000e+01
      vertex   -5.055144e+00 1.080715e+01 4.150000e+01
      vertex   -4.239933e+00 1.223944e+01 4.150000e+01
    endloop
  endfacet
  facet normal -8.301840e-01 5.574894e-01 0.000000e+00
    outer loop
      vertex   -4.239933e+00 1.223944e+01 4.100000e+01
      vertex   -4.239933e+00 1.223944e+01 4.150000e+01
      vertex   -3.321170e+00 1.360761e+01 4.100000e+01
    endloop
  endfacet
  facet normal -8.301840e-01 5.574894e-01 0.000000e+00
    outer loop
      vertex   -3.321170e+00 1.360761e+01 4.100000e+01
      vertex   -4.239933e+00 1.223944e+01 4.150000e+01
      vertex   -3.321170e+00 1.360761e+01 4.150000e+01
    endloop
  endfacet
  facet normal -7.867449e-01 6.172782e-01 0.000000e+00
    outer loop
      vertex   -3.321170e+00 1.360761e+01 4.100000e+01
      vertex   -3.321170e+00 1.360761e+01 4.150000e+01
      vertex   -2.303872e+00 1.490420e+01 4.100000e+01
    endloop
  endfacet
  facet normal -7.867449e-01 6.172782e-01 0.000000e+00
    outer loop
      vertex   -2.303872e+00 1.490420e+01 4.100000e+01
      vertex   -3.321170e+00 1.360761e+01 4.150000e+01
      vertex   -2.303872e+00 1.490420e+01 4.150000e+01
    endloop
  endfacet
  facet normal -7.390089e-01 6.736956e-01 0.000000e+00
    outer loop
      vertex   -2.303872e+00 1.490420e+01 4.100000e+01
      vertex   -2.303872e+00 1.490420e+01 4.150000e+01
      vertex   -1.193597e+00 1.612211e+01 4.100000e+01
    endloop
  endfacet
  facet normal -7.390089e-01 6.736956e-01 0.000000e+00
    outer loop
      vertex   -1.193597e+00 1.612211e+01 4.100000e+01
      vertex   -2.303872e+00 1.490420e+01 4.150000e+01
      vertex   -1.193597e+00 1.612211e+01 4.150000e+01
    endloop
  endfacet
  facet normal -6.872367e-01 7.264336e-01 0.000000e+00
    outer loop
      vertex   -1.193597e+00 1.612211e+01 4.100000e+01
      vertex   -1.193597e+00 1.612211e+01 4.150000e+01
      vertex   3.592310e-03 1.725470e+01 4.100000e+01
    endloop
  endfacet
  facet normal -6.872367e-01 7.264336e-01 0.000000e+00
    outer loop
      vertex   3.592310e-03 1.725470e+01 4.100000e+01
      vertex   -1.193597e+00 1.612211e+01 4.150000e+01
      vertex   3.592310e-03 1.725470e+01 4.150000e+01
    endloop
  endfacet
  facet normal -6.317110e-01 7.752040e-01 0.000000e+00
    outer loop
      vertex   3.592310e-03 1.725470e+01 4.100000e+01
      vertex   3.592310e-03 1.725470e+01 4.150000e+01
      vertex   1.281157e+00 1.829578e+01 4.100000e+01
    endloop
  endfacet
  facet normal -6.317110e-01 7.752040e-01 0.000000e+00
    outer loop
      vertex   1.281157e+00 1.829578e+01 4.100000e+01
      vertex   3.592310e-03 1.725470e+01 4.150000e+01
      vertex   1.281157e+00 1.829578e+01 4.150000e+01
    endloop
  endfacet
  facet normal -5.727351e-01 8.197405e-01 0.000000e+00
    outer loop
      vertex   1.281157e+00 1.829578e+01 4.100000e+01
      vertex   1.281157e+00 1.829578e+01 4.150000e+01
      vertex   2.632120e+00 1.923967e+01 4.100000e+01
    endloop
  endfacet
  facet normal -5.727351e-01 8.197405e-01 0.000000e+00
    outer loop
      vertex   2.632120e+00 1.923967e+01 4.100000e+01
      vertex   1.281157e+00 1.829578e+01 4.150000e+01
      vertex   2.632120e+00 1.923967e+01 4.150000e+01
    endloop
  endfacet
  facet normal -5.106312e-01 8.597999e-01 0.000000e+00
    outer loop
      vertex   2.632120e+00 1.923967e+01 4.100000e+01
      vertex   2.632120e+00 1.923967e+01 4.150000e+01
      vertex   4.049101e+00 2.008121e+01 4.100000e+01
    endloop
  endfacet
  facet normal -5.106312e-01 8.597999e-01 0.000000e+00
    outer loop
      vertex   4.049101e+00 2.008121e+01 4.100000e+01
      vertex   2.632120e+00 1.923967e+01 4.150000e+01
      vertex   4.049101e+00 2.008121e+01 4.150000e+01
    endloop
  endfacet
  facet normal -4.457384e-01 8.951633e-01 0.000000e+00
    outer loop
      vertex   4.049101e+00 2.008121e+01 4.100000e+01
      vertex   4.049101e+00 2.008121e+01 4.150000e+01
      vertex   5.524364e+00 2.081581e+01 4.100000e+01
    endloop
  endfacet
  facet normal -4.457384e-01 8.951633e-01 0.000000e+00
    outer loop
      vertex   5.524364e+00 2.081581e+01 4.100000e+01
      vertex   4.049101e+00 2.008121e+01 4.150000e+01
      vertex   5.524364e+00 2.081581e+01 4.150000e+01
    endloop
  endfacet
  facet normal -3.784111e-01 9.256377e-01 0.000000e+00
    outer loop
      vertex   5.524364e+00 2.081581e+01 4.100000e+01
      vertex   5.524364e+00 2.081581e+01 4.150000e+01
      vertex   7.049849e+00 2.143944e+01 4.100000e+01
    endloop
  endfacet
  facet normal -3.784111e-01 9.256377e-01 0.000000e+00
    outer loop
      vertex   7.049849e+00 2.143944e+01 4.100000e+01
      vertex   5.524364e+00 2.081581e+01 4.150000e+01
      vertex   7.049849e+00 2.143944e+01 4.150000e+01
    endloop
  endfacet
  facet normal -3.090170e-01 9.510565e-01 0.000000e+00
    outer loop
      vertex   7.049849e+00 2.143944e+01 4.100000e+01
      vertex   7.049849e+00 2.143944e+01 4.150000e+01
      vertex   8.617225e+00 2.194871e+01 4.100000e+01
    endloop
  endfacet
  facet normal -3.090170e-01 9.510565e-01 0.000000e+00
    outer loop
      vertex   8.617225e+00 2.194871e+01 4.100000e+01
      vertex   7.049849e+00 2.143944e+01 4.150000e+01
      vertex   8.617225e+00 2.194871e+01 4.150000e+01
    endloop
  endfacet
  facet normal -2.379352e-01 9.712810e-01 0.000000e+00
    outer loop
      vertex   8.617225e+00 2.194871e+01 4.100000e+01
      vertex   8.617225e+00 2.194871e+01 4.150000e+01
      vertex   1.021793e+01 2.234084e+01 4.100000e+01
    endloop
  endfacet
  facet normal -2.379352e-01 9.712810e-01 0.000000e+00
    outer loop
      vertex   1.021793e+01 2.234084e+01 4.100000e+01
      vertex   8.617225e+00 2.194871e+01 4.150000e+01
      vertex   1.021793e+01 2.234084e+01 4.150000e+01
    endloop
  endfacet
  facet normal -1.655539e-01 9.862007e-01 0.000000e+00
    outer loop
      vertex   1.021793e+01 2.234084e+01 4.100000e+01
      vertex   1.021793e+01 2.234084e+01 4.150000e+01
      vertex   1.184323e+01 2.261368e+01 4.100000e+01
    endloop
  endfacet
  facet normal -1.655539e-01 9.862007e-01 0.000000e+00
    outer loop
      vertex   1.184323e+01 2.261368e+01 4.100000e+01
      vertex   1.021793e+01 2.234084e+01 4.150000e+01
      vertex   1.184323e+01 2.261368e+01 4.150000e+01
    endloop
  endfacet
  facet normal -9.226836e-02 9.957342e-01 0.000000e+00
    outer loop
      vertex   1.184323e+01 2.261368e+01 4.100000e+01
      vertex   1.184323e+01 2.261368e+01 4.150000e+01
      vertex   1.348423e+01 2.276574e+01 4.100000e+01
    endloop
  endfacet
  facet normal -9.226836e-02 9.957342e-01 0.000000e+00
    outer loop
      vertex   1.348423e+01 2.276574e+01 4.100000e+01
      vertex   1.184323e+01 2.261368e+01 4.150000e+01
      vertex   1.348423e+01 2.276574e+01 4.150000e+01
    endloop
  endfacet
  facet normal -1.847890e-02 9.998293e-01 0.000000e+00
    outer loop
      vertex   1.348423e+01 2.276574e+01 4.100000e+01
      vertex   1.348423e+01 2.276574e+01 4.150000e+01
      vertex   1.513199e+01 2.279619e+01 4.100000e+01
    endloop
  endfacet
  facet normal -1.847890e-02 9.998293e-01 0.000000e+00
    outer loop
      vertex   1.513199e+01 2.279619e+01 4.100000e+01
      vertex   1.348423e+01 2.276574e+01 4.150000e+01
      vertex   1.513199e+01 2.279619e+01 4.150000e+01
    endloop
  endfacet
  facet normal 5.541147e-02 9.984636e-01 -0.000000e+00
    outer loop
      vertex   1.513199e+01 2.279619e+01 4.100000e+01
      vertex   1.513199e+01 2.279619e+01 4.150000e+01
      vertex   1.677749e+01 2.270487e+01 4.100000e+01
    endloop
  endfacet
  facet normal 5.541147e-02 9.984636e-01 -0.000000e+00
    outer loop
      vertex   1.677749e+01 2.270487e+01 4.100000e+01
      vertex   1.513199e+01 2.279619e+01 4.150000e+01
      vertex   1.677749e+01 2.270487e+01 4.150000e+01
    endloop
  endfacet
  facet normal 1.289992e-01 9.916447e-01 -0.000000e+00
    outer loop
      vertex   1.677749e+01 2.270487e+01 4.100000e+01
      vertex   1.677749e+01 2.270487e+01 4.150000e+01
      vertex   1.841176e+01 2.249228e+01 4.100000e+01
    endloop
  endfacet
  facet normal 1.289992e-01 9.916447e-01 -0.000000e+00
    outer loop
      vertex   1.841176e+01 2.249228e+01 4.100000e+01
      vertex   1.677749e+01 2.270487e+01 4.150000e+01
      vertex   1.841176e+01 2.249228e+01 4.150000e+01
    endloop
  endfacet
  facet normal 2.018824e-01 9.794098e-01 -0.000000e+00
    outer loop
      vertex   1.841176e+01 2.249228e+01 4.100000e+01
      vertex   1.841176e+01 2.249228e+01 4.150000e+01
      vertex   2.002586e+01 2.215957e+01 4.100000e+01
    endloop
  endfacet
  facet normal 2.018824e-01 9.794098e-01 -0.000000e+00
    outer loop
      vertex   2.002586e+01 2.215957e+01 4.100000e+01
      vertex   1.841176e+01 2.249228e+01 4.150000e+01
      vertex   2.002586e+01 2.215957e+01 4.150000e+01
    endloop
  endfacet
  facet normal 2.736630e-01 9.618256e-01 -0.000000e+00
    outer loop
      vertex   2.002586e+01 2.215957e+01 4.100000e+01
      vertex   2.002586e+01 2.215957e+01 4.150000e+01
      vertex   2.161099e+01 2.170856e+01 4.100000e+01
    endloop
  endfacet
  facet normal 2.736630e-01 9.618256e-01 -0.000000e+00
    outer loop
      vertex   2.161099e+01 2.170856e+01 4.100000e+01
      vertex   2.002586e+01 2.215957e+01 4.150000e+01
      vertex   2.161099e+01 2.170856e+01 4.150000e+01
    endloop
  endfacet
  facet normal 3.439489e-01 9.389884e-01 -0.000000e+00
    outer loop
      vertex   2.161099e+01 2.170856e+01 4.100000e+01
      vertex   2.161099e+01 2.170856e+01 4.150000e+01
      vertex   2.315848e+01 2.114172e+01 4.100000e+01
    endloop
  endfacet
  facet normal 3.439489e-01 9.389884e-01 -0.000000e+00
    outer loop
      vertex   2.315848e+01 2.114172e+01 4.100000e+01
      vertex   2.161099e+01 2.170856e+01 4.150000e+01
      vertex   2.315848e+01 2.114172e+01 4.150000e+01
    endloop
  endfacet
  facet normal 4.123563e-01 9.110226e-01 -0.000000e+00
    outer loop
      vertex   2.315848e+01 2.114172e+01 4.100000e+01
      vertex   2.315848e+01 2.114172e+01 4.150000e+01
      vertex   2.465987e+01 2.046214e+01 4.100000e+01
    endloop
  endfacet
  facet normal 4.123563e-01 9.110226e-01 -0.000000e+00
    outer loop
      vertex   2.465987e+01 2.046214e+01 4.100000e+01
      vertex   2.315848e+01 2.114172e+01 4.150000e+01
      vertex   2.465987e+01 2.046214e+01 4.150000e+01
    endloop
  endfacet
  facet normal 4.785116e-01 8.780812e-01 -0.000000e+00
    outer loop
      vertex   2.465987e+01 2.046214e+01 4.100000e+01
      vertex   2.465987e+01 2.046214e+01 4.150000e+01
      vertex   2.610699e+01 1.967354e+01 4.100000e+01
    endloop
  endfacet
  facet normal 4.785116e-01 8.780812e-01 -0.000000e+00
    outer loop
      vertex   2.610699e+01 1.967354e+01 4.100000e+01
      vertex   2.465987e+01 2.046214e+01 4.150000e+01
      vertex   2.610699e+01 1.967354e+01 4.150000e+01
    endloop
  endfacet
  facet normal 5.420534e-01 8.403441e-01 -0.000000e+00
    outer loop
      vertex   2.610699e+01 1.967354e+01 4.100000e+01
      vertex   2.610699e+01 1.967354e+01 4.150000e+01
      vertex   2.749190e+01 1.878021e+01 4.100000e+01
    endloop
  endfacet
  facet normal 5.420534e-01 8.403441e-01 -0.000000e+00
    outer loop
      vertex   2.749190e+01 1.878021e+01 4.100000e+01
      vertex   2.610699e+01 1.967354e+01 4.150000e+01
      vertex   2.749190e+01 1.878021e+01 4.150000e+01
    endloop
  endfacet
  facet normal 6.026346e-01 7.980172e-01 -0.000000e+00
    outer loop
      vertex   2.749190e+01 1.878021e+01 4.100000e+01
      vertex   2.749190e+01 1.878021e+01 4.150000e+01
      vertex   2.880706e+01 1.778705e+01 4.100000e+01
    endloop
  endfacet
  facet normal 6.026346e-01 7.980172e-01 -0.000000e+00
    outer loop
      vertex   2.880706e+01 1.778705e+01 4.100000e+01
      vertex   2.749190e+01 1.878021e+01 4.150000e+01
      vertex   2.880706e+01 1.778705e+01 4.150000e+01
    endloop
  endfacet
  facet normal 6.599245e-01 7.513319e-01 -0.000000e+00
    outer loop
      vertex   2.880706e+01 1.778705e+01 4.100000e+01
      vertex   2.880706e+01 1.778705e+01 4.150000e+01
      vertex   3.004529e+01 1.669947e+01 4.100000e+01
    endloop
  endfacet
  facet normal 6.599245e-01 7.513319e-01 -0.000000e+00
    outer loop
      vertex   3.004529e+01 1.669947e+01 4.100000e+01
      vertex   2.880706e+01 1.778705e+01 4.150000e+01
      vertex   3.004529e+01 1.669947e+01 4.150000e+01
    endloop
  endfacet
  facet normal 7.136102e-01 7.005430e-01 -0.000000e+00
    outer loop
      vertex   3.004529e+01 1.669947e+01 4.100000e+01
      vertex   3.004529e+01 1.669947e+01 4.150000e+01
      vertex   3.119981e+01 1.552341e+01 4.100000e+01
    endloop
  endfacet
  facet normal 7.136102e-01 7.005430e-01 -0.000000e+00
    outer loop
      vertex   3.119981e+01 1.552341e+01 4.100000e+01
      vertex   3.004529e+01 1.669947e+01 4.150000e+01
      vertex   3.119981e+01 1.552341e+01 4.150000e+01
    endloop
  endfacet
  facet normal 7.633983e-01 6.459281e-01 -0.000000e+00
    outer loop
      vertex   3.119981e+01 1.552341e+01 4.100000e+01
      vertex   3.119981e+01 1.552341e+01 4.150000e+01
      vertex   3.226432e+01 1.426530e+01 4.100000e+01
    endloop
  endfacet
  facet normal 7.633983e-01 6.459281e-01 -0.000000e+00
    outer loop
      vertex   3.226432e+01 1.426530e+01 4.100000e+01
      vertex   3.119981e+01 1.552341e+01 4.150000e+01
      vertex   3.226432e+01 1.426530e+01 4.150000e+01
    endloop
  endfacet
  facet normal 8.090170e-01 5.877853e-01 -0.000000e+00
    outer loop
      vertex   3.226432e+01 1.426530e+01 4.100000e+01
      vertex   3.226432e+01 1.426530e+01 4.150000e+01
      vertex   3.323301e+01 1.293201e+01 4.100000e+01
    endloop
  endfacet
  facet normal 8.090170e-01 5.877853e-01 -0.000000e+00
    outer loop
      vertex   3.323301e+01 1.293201e+01 4.100000e+01
      vertex   3.226432e+01 1.426530e+01 4.150000e+01
      vertex   3.323301e+01 1.293201e+01 4.150000e+01
    endloop
  endfacet
  facet normal 8.502171e-01 5.264322e-01 -0.000000e+00
    outer loop
      vertex   3.323301e+01 1.293201e+01 4.100000e+01
      vertex   3.323301e+01 1.293201e+01 4.150000e+01
      vertex   3.410059e+01 1.153083e+01 4.100000e+01
    endloop
  endfacet
  facet normal 8.502171e-01 5.264322e-01 -0.000000e+00
    outer loop
      vertex   3.410059e+01 1.153083e+01 4.100000e+01
      vertex   3.323301e+01 1.293201e+01 4.150000e+01
      vertex   3.410059e+01 1.153083e+01 4.150000e+01
    endloop
  endfacet
  facet normal 8.867737e-01 4.622039e-01 -0.000000e+00
    outer loop
      vertex   3.410059e+01 1.153083e+01 4.100000e+01
      vertex   3.410059e+01 1.153083e+01 4.150000e+01
      vertex   3.486232e+01 1.006939e+01 4.100000e+01
    endloop
  endfacet
  facet normal 8.867737e-01 4.622039e-01 -0.000000e+00
    outer loop
      vertex   3.486232e+01 1.006939e+01 4.100000e+01
      vertex   3.410059e+01 1.153083e+01 4.150000e+01
      vertex   3.486232e+01 1.006939e+01 4.150000e+01
    endloop
  endfacet
  facet normal 9.184870e-01 3.954512e-01 -0.000000e+00
    outer loop
      vertex   3.486232e+01 1.006939e+01 4.100000e+01
      vertex   3.486232e+01 1.006939e+01 4.150000e+01
      vertex   3.551404e+01 8.555689e+00 4.100000e+01
    endloop
  endfacet
  facet normal 9.184870e-01 3.954512e-01 -0.000000e+00
    outer loop
      vertex   3.551404e+01 8.555689e+00 4.100000e+01
      vertex   3.486232e+01 1.006939e+01 4.150000e+01
      vertex   3.551404e+01 8.555689e+00 4.150000e+01
    endloop
  endfacet
  facet normal 9.451838e-01 3.265387e-01 -0.000000e+00
    outer loop
      vertex   3.551404e+01 8.555689e+00 4.100000e+01
      vertex   3.551404e+01 8.555689e+00 4.150000e+01
      vertex   3.605219e+01 6.997991e+00 4.100000e+01
    endloop
  endfacet
  facet normal 9.451838e-01 3.265387e-01 -0.000000e+00
    outer loop
      vertex   3.605219e+01 6.997991e+00 4.100000e+01
      vertex   3.551404e+01 8.555689e+00 4.150000e+01
      vertex   3.605219e+01 6.997991e+00 4.150000e+01
    endloop
  endfacet
  facet normal 9.667184e-01 2.558428e-01 -0.000000e+00
    outer loop
      vertex   3.605219e+01 6.997991e+00 4.100000e+01
      vertex   3.605219e+01 6.997991e+00 4.150000e+01
      vertex   3.647383e+01 5.404804e+00 4.100000e+01
    endloop
  endfacet
  facet normal 9.667184e-01 2.558428e-01 -0.000000e+00
    outer loop
      vertex   3.647383e+01 5.404804e+00 4.100000e+01
      vertex   3.605219e+01 6.997991e+00 4.150000e+01
      vertex   3.647383e+01 5.404804e+00 4.150000e+01
    endloop
  endfacet
  facet normal 9.829731e-01 1.837495e-01 -0.000000e+00
    outer loop
      vertex   3.647383e+01 5.404804e+00 4.100000e+01
      vertex   3.647383e+01 5.404804e+00 4.150000e+01
      vertex   3.677665e+01 3.784828e+00 4.100000e+01
    endloop
  endfacet
  facet normal 9.829731e-01 1.837495e-01 -0.000000e+00
    outer loop
      vertex   3.677665e+01 3.784828e+00 4.100000e+01
      vertex   3.647383e+01 5.404804e+00 4.150000e+01
      vertex   3.677665e+01 3.784828e+00 4.150000e+01
    endloop
  endfacet
  facet normal 9.938591e-01 1.106527e-01 -0.000000e+00
    outer loop
      vertex   3.677665e+01 3.784828e+00 4.100000e+01
      vertex   3.677665e+01 3.784828e+00 4.150000e+01
      vertex   3.695901e+01 2.146911e+00 4.100000e+01
    endloop
  endfacet
  facet normal 9.938591e-01 1.106527e-01 -0.000000e+00
    outer loop
      vertex   3.695901e+01 2.146911e+00 4.100000e+01
      vertex   3.677665e+01 3.784828e+00 4.150000e+01
      vertex   3.695901e+01 2.146911e+00 4.150000e+01
    endloop
  endfacet
  facet normal -0.000000e+00 0.000000e+00 1.000000e+00
    outer loop
      vertex   3.695901e+01 -1.146911e+00 4.100000e+01
      vertex   4.235935e+01 -1.330709e+00 4.100000e+01
      vertex   3.701991e+01 5.000000e-01 4.100000e+01
    endloop
  endfacet
  facet normal -0.000000e+00 0.000000e+00 1.000000e+00
    outer loop
      vertex   3.701991e+01 5.000000e-01 4.100000e+01
      vertex   4.235935e+01 -1.330709e+00 4.100000e+01
      vertex   4.241991e+01 5.000000e-01 4.100000e+01
    endloop
  endfacet
  facet normal 0.000000e+00 0.000000e+00 1.000000e+00
    outer loop
      vertex   3.701991e+01 5.000000e-01 4.100000e+01
      vertex   4.241991e+01 5.000000e-01 4.100000e+01
      vertex   4.235935e+01 2.330709e+00 4.100000e+01
    endloop
  endfacet
  facet normal 0.000000e+00 0.000000e+00 1.000000e+00
    outer loop
      vertex   4.235935e+01 -1.330709e+00 4.100000e+01
      vertex   3.695901e+01 -1.146911e+00 4.100000e+01
      vertex   4.217792e+01 -3.153413e+00 4.100000e+01
    endloop
  endfacet
  facet normal 0.000000e+00 0.000000e+00 1.000000e+00
    outer loop
      vertex   4.217792e+01 -3.153413e+00 4.100000e+01
      vertex   3.695901e+01 -1.146911e+00 4.100000e+01
      vertex   3.677665e+01 -2.784828e+00 4.100000e+01
    endloop
  endfacet
  facet normal 0.000000e+00 0.000000e+00 1.000000e+00
    outer loop
      vertex   4.217792e+01 -3.153413e+00 4.100000e+01
      vertex   3.677665e+01 -2.784828e+00 4.100000e+01
      vertex   4.187643e+01 -4.960142e+00 4.100000e+01
    endloop
  endfacet
  facet normal 0.000000e+00 0.000000e+00 1.000000e+00
    outer loop
      vertex   4.187643e+01 -4.960142e+00 4.100000e+01
      vertex   3.677665e+01 -2.784828e+00 4.100000e+01
      vertex   3.647383e+01 -4.404804e+00 4.100000e+01
    endloop
  endfacet
  facet normal 0.000000e+00 0.000000e+00 1.000000e+00
    outer loop
      vertex   4.187643e+01 -4.960142e+00 4.100000e+01
      vertex   3.647383e+01 -4.404804e+00 4.100000e+01
      vertex   4.145620e+01 -6.742994e+00 4.100000e+01
    endloop
  endfacet
  facet normal 0.000000e+00 0.000000e+00 1.000000e+00
    outer loop
      vertex   4.145620e+01 -6.742994e+00 4.100000e+01
      vertex   3.647383e+01 -4.404804e+00 4.100000e+01
      vertex   3.605219e+01 -5.997991e+00 4.100000e+01
    endloop
  endfacet
  facet normal 0.000000e+00 0.000000e+00 1.000000e+00
    outer loop
      vertex   4.145620e+01 -6.742994e+00 4.100000e+01
      vertex   3.605219e+01 -5.997991e+00 4.100000e+01
      vertex   4.091905e+01 -8.494175e+00 4.100000e+01
    endloop
  endfacet
  facet normal 0.000000e+00 0.000000e+00 1.000000e+00
    outer loop
      vertex   4.091905e+01 -8.494175e+00 4.100000e+01
      vertex   3.605219e+01 -5.997991e+00 4.100000e+01
      vertex   3.551404e+01 -7.555689e+00 4.100000e+01
    endloop
  endfacet
  facet normal 0.000000e+00 0.000000e+00 1.000000e+00
    outer loop
      vertex   4.091905e+01 -8.494175e+00 4.100000e+01
      vertex   3.551404e+01 -7.555689e+00 4.100000e+01
      vertex   4.026734e+01 -1.020603e+01 4.100000e+01
    endloop
  endfacet
  facet normal 0.000000e+00 0.000000e+00 1.000000e+00
    outer loop
      vertex   4.026734e+01 -1.020603e+01 4.100000e+01
      vertex   3.551404e+01 -7.555689e+00 4.100000e+01
      vertex   3.486232e+01 -9.069390e+00 4.100000e+01
    endloop
  endfacet
  facet normal 0.000000e+00 0.000000e+00 1.000000e+00
    outer loop
      vertex   4.026734e+01 -1.020603e+01 4.100000e+01
      vertex   3.486232e+01 -9.069390e+00 4.100000e+01
      vertex   3.950391e+01 -1.187106e+01 4.100000e+01
    endloop
  endfacet
  facet normal 0.000000e+00 0.000000e+00 1.000000e+00
    outer loop
      vertex   3.950391e+01 -1.187106e+01 4.100000e+01
      vertex   3.486232e+01 -9.069390e+00 4.100000e+01
      vertex   3.410059e+01 -1.053083e+01 4.100000e+01
    endloop
  endfacet
  facet normal 0.000000e+00 0.000000e+00 1.000000e+00
    outer loop
      vertex   3.950391e+01 -1.187106e+01 4.100000e+01
      vertex   3.410059e+01 -1.053083e+01 4.100000e+01
      vertex   3.863211e+01 -1.348201e+01 4.100000e+01
    endloop
  endfacet
  facet normal 0.000000e+00 0.000000e+00 1.000000e+00
    outer loop
      vertex   3.863211e+01 -1.348201e+01 4.100000e+01
      vertex   3.410059e+01 -1.053083e+01 4.100000e+01
      vertex   3.323301e+01 -1.193201e+01 4.100000e+01
    endloop
  endfacet
  facet normal 0.000000e+00 0.000000e+00 1.000000e+00
    outer loop
      vertex   3.863211e+01 -1.348201e+01 4.100000e+01
      vertex   3.323301e+01 -1.193201e+01 4.100000e+01
      vertex   3.765575e+01 -1.503181e+01 4.100000e+01
    endloop
  endfacet
  facet normal 0.000000e+00 0.000000e+00 1.000000e+00
    outer loop
      vertex   3.765575e+01 -1.503181e+01 4.100000e+01
      vertex   3.323301e+01 -1.193201e+01 4.100000e+01
      vertex   3.657910e+01 -1.651369e+01 4.100000e+01
    endloop
  endfacet
  facet normal 0.000000e+00 0.000000e+00 1.000000e+00
    outer loop
      vertex   3.657910e+01 -1.651369e+01 4.100000e+01
      vertex   3.323301e+01 -1.193201e+01 4.100000e+01
      vertex   3.226432e+01 -1.326530e+01 4.100000e+01
    endloop
  endfacet
  facet normal 0.000000e+00 0.000000e+00 1.000000e+00
    outer loop
      vertex   3.657910e+01 -1.651369e+01 4.100000e+01
      vertex   3.226432e+01 -1.326530e+01 4.100000e+01
      vertex   3.540686e+01 -1.792118e+01 4.100000e+01
    endloop
  endfacet
  facet normal 0.000000e+00 0.000000e+00 1.000000e+00
    outer loop
      vertex   3.540686e+01 -1.792118e+01 4.100000e+01
      vertex   3.226432e+01 -1.326530e+01 4.100000e+01
      vertex   3.119981e+01 -1.452341e+01 4.100000e+01
    endloop
  endfacet
  facet normal 0.000000e+00 0.000000e+00 1.000000e+00
    outer loop
      vertex   3.540686e+01 -1.792118e+01 4.100000e+01
      vertex   3.119981e+01 -1.452341e+01 4.100000e+01
      vertex   3.414417e+01 -1.924812e+01 4.100000e+01
    endloop
  endfacet
  facet normal 0.000000e+00 0.000000e+00 1.000000e+00
    outer loop
      vertex   3.414417e+01 -1.924812e+01 4.100000e+01
      vertex   3.119981e+01 -1.452341e+01 4.100000e+01
      vertex   3.004529e+01 -1.569947e+01 4.100000e+01
    endloop
  endfacet
  facet normal 0.000000e+00 0.000000e+00 1.000000e+00
    outer loop
      vertex   3.414417e+01 -1.924812e+01 4.100000e+01
      vertex   3.004529e+01 -1.569947e+01 4.100000e+01
      vertex   3.279654e+01 -2.048870e+01 4.100000e+01
    endloop
  endfacet
  facet normal 0.000000e+00 0.000000e+00 1.000000e+00
    outer loop
      vertex   3.279654e+01 -2.048870e+01 4.100000e+01
      vertex   3.004529e+01 -1.569947e+01 4.100000e+01
      vertex   2.880706e+01 -1.678705e+01 4.100000e+01
    endloop
  endfacet
  facet normal 0.000000e+00 0.000000e+00 1.000000e+00
    outer loop
      vertex   3.279654e+01 -2.048870e+01 4.100000e+01
      vertex   2.880706e+01 -1.678705e+01 4.100000e+01
      vertex   3.136986e+01 -2.163751e+01 4.100000e+01
    endloop
  endfacet
  facet normal 0.000000e+00 0.000000e+00 1.000000e+00
    outer loop
      vertex   3.136986e+01 -2.163751e+01 4.100000e+01
      vertex   2.880706e+01 -1.678705e+01 4.100000e+01
      vertex   2.749190e+01 -1.778021e+01 4.100000e+01
    endloop
  endfacet
  facet normal 0.000000e+00 0.000000e+00 1.000000e+00
    outer loop
      vertex   3.136986e+01 -2.163751e+01 4.100000e+01
      vertex   2.749190e+01 -1.778021e+01 4.100000e+01
      vertex   2.987037e+01 -2.268951e+01 4.100000e+01
    endloop
  endfacet
  facet normal 0.000000e+00 0.000000e+00 1.000000e+00
    outer loop
      vertex   2.987037e+01 -2.268951e+01 4.100000e+01
      vertex   2.749190e+01 -1.778021e+01 4.100000e+01
      vertex   2.610699e+01 -1.867354e+01 4.100000e+01
    endloop
  endfacet
  facet normal 0.000000e+00 0.000000e+00 1.000000e+00
    outer loop
      vertex   2.987037e+01 -2.268951e+01 4.100000e+01
      vertex   2.610699e+01 -1.867354e+01 4.100000e+01
      vertex   2.830464e+01 -2.364011e+01 4.100000e+01
    endloop
  endfacet
  facet normal 0.000000e+00 0.000000e+00 1.000000e+00
    outer loop
      vertex   2.830464e+01 -2.364011e+01 4.100000e+01
      vertex   2.610699e+01 -1.867354e+01 4.100000e+01
      vertex   2.465987e+01 -1.946214e+01 4.100000e+01
    endloop
  endfacet
  facet normal 0.000000e+00 0.000000e+00 1.000000e+00
    outer loop
      vertex   2.830464e+01 -2.364011e+01 4.100000e+01
      vertex   2.465987e+01 -1.946214e+01 4.100000e+01
      vertex   2.667950e+01 -2.448516e+01 4.100000e+01
    endloop
  endfacet
  facet normal 0.000000e+00 0.000000e+00 1.000000e+00
    outer loop
      vertex   2.667950e+01 -2.448516e+01 4.100000e+01
      vertex   2.465987e+01 -1.946214e+01 4.100000e+01
      vertex   2.315848e+01 -2.014172e+01 4.100000e+01
    endloop
  endfacet
  facet normal 0.000000e+00 0.000000e+00 1.000000e+00
    outer loop
      vertex   2.667950e+01 -2.448516e+01 4.100000e+01
      vertex   2.315848e+01 -2.014172e+01 4.100000e+01
      vertex   2.500207e+01 -2.522095e+01 4.100000e+01
    endloop
  endfacet
  facet normal 0.000000e+00 0.000000e+00 1.000000e+00
    outer loop
      vertex   2.500207e+01 -2.522095e+01 4.100000e+01
      vertex   2.315848e+01 -2.014172e+01 4.100000e+01
      vertex   2.161099e+01 -2.070856e+01 4.100000e+01
    endloop
  endfacet
  facet normal 0.000000e+00 0.000000e+00 1.000000e+00
    outer loop
      vertex   2.500207e+01 -2.522095e+01 4.100000e+01
      vertex   2.161099e+01 -2.070856e+01 4.100000e+01
      vertex   2.327968e+01 -2.584427e+01 4.100000e+01
    endloop
  endfacet
  facet normal 0.000000e+00 0.000000e+00 1.000000e+00
    outer loop
      vertex   2.327968e+01 -2.584427e+01 4.100000e+01
      vertex   2.161099e+01 -2.070856e+01 4.100000e+01
      vertex   2.151986e+01 -2.635239e+01 4.100000e+01
    endloop
  endfacet
  facet normal 0.000000e+00 -0.000000e+00 1.000000e+00
    outer loop
      vertex   2.151986e+01 -2.635239e+01 4.100000e+01
      vertex   2.161099e+01 -2.070856e+01 4.100000e+01
      vertex   2.002586e+01 -2.115957e+01 4.100000e+01
    endloop
  endfacet
  facet normal 0.000000e+00 0.000000e+00 1.000000e+00
    outer loop
      vertex   2.151986e+01 -2.635239e+01 4.100000e+01
      vertex   2.002586e+01 -2.115957e+01 4.100000e+01
      vertex   1.973030e+01 -2.674309e+01 4.100000e+01
    endloop
  endfacet
  facet normal 0.000000e+00 -0.000000e+00 1.000000e+00
    outer loop
      vertex   1.973030e+01 -2.674309e+01 4.100000e+01
      vertex   2.002586e+01 -2.115957e+01 4.100000e+01
      vertex   1.841176e+01 -2.149228e+01 4.100000e+01
    endloop
  endfacet
  facet normal 0.000000e+00 0.000000e+00 1.000000e+00
    outer loop
      vertex   1.973030e+01 -2.674309e+01 4.100000e+01
      vertex   1.841176e+01 -2.149228e+01 4.100000e+01
      vertex   1.791883e+01 -2.701467e+01 4.100000e+01
    endloop
  endfacet
  facet normal 0.000000e+00 -0.000000e+00 1.000000e+00
    outer loop
      vertex   1.791883e+01 -2.701467e+01 4.100000e+01
      vertex   1.841176e+01 -2.149228e+01 4.100000e+01
      vertex   1.677749e+01 -2.170487e+01 4.100000e+01
    endloop
  endfacet
  facet normal 0.000000e+00 0.000000e+00 1.000000e+00
    outer loop
      vertex   1.791883e+01 -2.701467e+01 4.100000e+01
      vertex   1.677749e+01 -2.170487e+01 4.100000e+01
      vertex   1.609338e+01 -2.716593e+01 4.100000e+01
    endloop
  endfacet
  facet normal 0.000000e+00 -0.000000e+00 1.000000e+00
    outer loop
      vertex   1.609338e+01 -2.716593e+01 4.100000e+01
      vertex   1.677749e+01 -2.170487e+01 4.100000e+01
      vertex   1.513199e+01 -2.179619e+01 4.100000e+01
    endloop
  endfacet
  facet normal 0.000000e+00 0.000000e+00 1.000000e+00
    outer loop
      vertex   1.609338e+01 -2.716593e+01 4.100000e+01
      vertex   1.513199e+01 -2.179619e+01 4.100000e+01
      vertex   1.426192e+01 -2.719621e+01 4.100000e+01
    endloop
  endfacet
  facet normal 0.000000e+00 -0.000000e+00 1.000000e+00
    outer loop
      vertex   1.426192e+01 -2.719621e+01 4.100000e+01
      vertex   1.513199e+01 -2.179619e+01 4.100000e+01
      vertex   1.348423e+01 -2.176574e+01 4.100000e+01
    endloop
  endfacet
  facet normal 0.000000e+00 0.000000e+00 1.000000e+00
    outer loop
      vertex   1.426192e+01 -2.719621e+01 4.100000e+01
      vertex   1.348423e+01 -2.176574e+01 4.100000e+01
      vertex   1.243246e+01 -2.710539e+01 4.100000e+01
    endloop
  endfacet
  facet normal 0.000000e+00 -0.000000e+00 1.000000e+00
    outer loop
      vertex   1.243246e+01 -2.710539e+01 4.100000e+01
      vertex   1.348423e+01 -2.176574e+01 4.100000e+01
      vertex   1.184323e+01 -2.161368e+01 4.100000e+01
    endloop
  endfacet
  facet normal 0.000000e+00 0.000000e+00 1.000000e+00
    outer loop
      vertex   1.243246e+01 -2.710539e+01 4.100000e+01
      vertex   1.184323e+01 -2.161368e+01 4.100000e+01
      vertex   1.061301e+01 -2.689386e+01 4.100000e+01
    endloop
  endfacet
  facet normal 0.000000e+00 -0.000000e+00 1.000000e+00
    outer loop
      vertex   1.061301e+01 -2.689386e+01 4.100000e+01
      vertex   1.184323e+01 -2.161368e+01 4.100000e+01
      vertex   1.021793e+01 -2.134084e+01 4.100000e+01
    endloop
  endfacet
  facet normal 0.000000e+00 0.000000e+00 1.000000e+00
    outer loop
      vertex   1.061301e+01 -2.689386e+01 4.100000e+01
      vertex   1.021793e+01 -2.134084e+01 4.100000e+01
      vertex   8.811510e+00 -2.656254e+01 4.100000e+01
    endloop
  endfacet
  facet normal 0.000000e+00 -0.000000e+00 1.000000e+00
    outer loop
      vertex   8.811510e+00 -2.656254e+01 4.100000e+01
      vertex   1.021793e+01 -2.134084e+01 4.100000e+01
      vertex   8.617225e+00 -2.094871e+01 4.100000e+01
    endloop
  endfacet
  facet normal 0.000000e+00 0.000000e+00 1.000000e+00
    outer loop
      vertex   8.811510e+00 -2.656254e+01 4.100000e+01
      vertex   8.617225e+00 -2.094871e+01 4.100000e+01
      vertex   7.035849e+00 -2.611288e+01 4.100000e+01
    endloop
  endfacet
  facet normal 0.000000e+00 0.000000e+00 1.000000e+00
    outer loop
      vertex   7.035849e+00 -2.611288e+01 4.100000e+01
      vertex   8.617225e+00 -2.094871e+01 4.100000e+01
      vertex   7.049849e+00 -2.043944e+01 4.100000e+01
    endloop
  endfacet
  facet normal 0.000000e+00 -0.000000e+00 1.000000e+00
    outer loop
      vertex   7.035849e+00 -2.611288e+01 4.100000e+01
      vertex   7.049849e+00 -2.043944e+01 4.100000e+01
      vertex   5.293789e+00 -2.554685e+01 4.100000e+01
    endloop
  endfacet
  facet normal 0.000000e+00 -0.000000e+00 1.000000e+00
    outer loop
      vertex   5.293789e+00 -2.554685e+01 4.100000e+01
      vertex   7.049849e+00 -2.043944e+01 4.100000e+01
      vertex   3.592946e+00 -2.486692e+01 4.100000e+01
    endloop
  endfacet
  facet normal 0.000000e+00 0.000000e+00 1.000000e+00
    outer loop
      vertex   3.592946e+00 -2.486692e+01 4.100000e+01
      vertex   7.049849e+00 -2.043944e+01 4.100000e+01
      vertex   5.524364e+00 -1.981581e+01 4.100000e+01
    endloop
  endfacet
  facet normal 0.000000e+00 -0.000000e+00 1.000000e+00
    outer loop
      vertex   3.592946e+00 -2.486692e+01 4.100000e+01
      vertex   5.524364e+00 -1.981581e+01 4.100000e+01
      vertex   1.940759e+00 -2.407607e+01 4.100000e+01
    endloop
  endfacet
  facet normal 0.000000e+00 0.000000e+00 1.000000e+00
    outer loop
      vertex   1.940759e+00 -2.407607e+01 4.100000e+01
      vertex   5.524364e+00 -1.981581e+01 4.100000e+01
      vertex   4.049101e+00 -1.908121e+01 4.100000e+01
    endloop
  endfacet
  facet normal 0.000000e+00 -0.000000e+00 1.000000e+00
    outer loop
      vertex   1.940759e+00 -2.407607e+01 4.100000e+01
      vertex   4.049101e+00 -1.908121e+01 4.100000e+01
      vertex   3.444522e-01 -2.317776e+01 4.100000e+01
    endloop
  endfacet
  facet normal 0.000000e+00 0.000000e+00 1.000000e+00
    outer loop
      vertex   3.444522e-01 -2.317776e+01 4.100000e+01
      vertex   4.049101e+00 -1.908121e+01 4.100000e+01
      vertex   2.632120e+00 -1.823967e+01 4.100000e+01
    endloop
  endfacet
  facet normal 0.000000e+00 -0.000000e+00 1.000000e+00
    outer loop
      vertex   3.444522e-01 -2.317776e+01 4.100000e+01
      vertex   2.632120e+00 -1.823967e+01 4.100000e+01
      vertex   -1.188995e+00 -2.217591e+01 4.100000e+01
    endloop
  endfacet
  facet normal 0.000000e+00 0.000000e+00 1.000000e+00
    outer loop
      vertex   -1.188995e+00 -2.217591e+01 4.100000e+01
      vertex   2.632120e+00 -1.823967e+01 4.100000e+01
      vertex   1.281157e+00 -1.729578e+01 4.100000e+01
    endloop
  endfacet
  facet normal 0.000000e+00 -0.000000e+00 1.000000e+00
    outer loop
      vertex   -1.188995e+00 -2.217591e+01 4.100000e+01
      vertex   1.281157e+00 -1.729578e+01 4.100000e+01
      vertex   -2.652876e+00 -2.107490e+01 4.100000e+01
    endloop
  endfacet
  facet normal 0.000000e+00 0.000000e+00 1.000000e+00
    outer loop
      vertex   -2.652876e+00 -2.107490e+01 4.100000e+01
      vertex   1.281157e+00 -1.729578e+01 4.100000e+01
      vertex   3.592310e-03 -1.625470e+01 4.100000e+01
    endloop
  endfacet
  facet normal 0.000000e+00 -0.000000e+00 1.000000e+00
    outer loop
      vertex   -2.652876e+00 -2.107490e+01 4.100000e+01
      vertex   3.592310e-03 -1.625470e+01 4.100000e+01
      vertex   -4.040790e+00 -1.987955e+01 4.100000e+01
    endloop
  endfacet
  facet normal 0.000000e+00 0.000000e+00 1.000000e+00
    outer loop
      vertex   -4.040790e+00 -1.987955e+01 4.100000e+01
      vertex   3.592310e-03 -1.625470e+01 4.100000e+01
      vertex   -1.193597e+00 -1.512211e+01 4.100000e+01
    endloop
  endfacet
  facet normal 0.000000e+00 -0.000000e+00 1.000000e+00
    outer loop
      vertex   -4.040790e+00 -1.987955e+01 4.100000e+01
      vertex   -1.193597e+00 -1.512211e+01 4.100000e+01
      vertex   -5.346669e+00 -1.859509e+01 4.100000e+01
    endloop
  endfacet
  facet normal 0.000000e+00 0.000000e+00 1.000000e+00
    outer loop
      vertex   -5.346669e+00 -1.859509e+01 4.100000e+01
      vertex   -1.193597e+00 -1.512211e+01 4.100000e+01
      vertex   -2.303872e+00 -1.390420e+01 4.100000e+01
    endloop
  endfacet
  facet normal 0.000000e+00 -0.000000e+00 1.000000e+00
    outer loop
      vertex   -5.346669e+00 -1.859509e+01 4.100000e+01
      vertex   -2.303872e+00 -1.390420e+01 4.100000e+01
      vertex   -6.564801e+00 -1.722713e+01 4.100000e+01
    endloop
  endfacet
  facet normal 0.000000e+00 0.000000e+00 1.000000e+00
    outer loop
      vertex   -6.564801e+00 -1.722713e+01 4.100000e+01
      vertex   -2.303872e+00 -1.390420e+01 4.100000e+01
      vertex   -3.321170e+00 -1.260761e+01 4.100000e+01
    endloop
  endfacet
  facet normal 0.000000e+00 -0.000000e+00 1.000000e+00
    outer loop
      vertex   -6.564801e+00 -1.722713e+01 4.100000e+01
      vertex   -3.321170e+00 -1.260761e+01 4.100000e+01
      vertex   -7.689861e+00 -1.578165e+01 4.100000e+01
    endloop
  endfacet
  facet normal 0.000000e+00 -0.000000e+00 1.000000e+00
    outer loop
      vertex   -7.689861e+00 -1.578165e+01 4.100000e+01
      vertex   -3.321170e+00 -1.260761e+01 4.100000e+01
      vertex   -8.716929e+00 -1.426498e+01 4.100000e+01
    endloop
  endfacet
  facet normal 0.000000e+00 0.000000e+00 1.000000e+00
    outer loop
      vertex   -8.716929e+00 -1.426498e+01 4.100000e+01
      vertex   -3.321170e+00 -1.260761e+01 4.100000e+01
      vertex   -4.239933e+00 -1.123944e+01 4.100000e+01
    endloop
  endfacet
  facet normal 0.000000e+00 -0.000000e+00 1.000000e+00
    outer loop
      vertex   -8.716929e+00 -1.426498e+01 4.100000e+01
      vertex   -4.239933e+00 -1.123944e+01 4.100000e+01
      vertex   -9.641513e+00 -1.268374e+01 4.100000e+01
    endloop
  endfacet
  facet normal 0.000000e+00 0.000000e+00 1.000000e+00
    outer loop
      vertex   -9.641513e+00 -1.268374e+01 4.100000e+01
      vertex   -4.239933e+00 -1.123944e+01 4.100000e+01
      vertex   -5.055144e+00 -9.807147e+00 4.100000e+01
    endloop
  endfacet
  facet normal 0.000000e+00 -0.000000e+00 1.000000e+00
    outer loop
      vertex   -9.641513e+00 -1.268374e+01 4.100000e+01
      vertex   -5.055144e+00 -9.807147e+00 4.100000e+01
      vertex   -1.045957e+01 -1.104486e+01 4.100000e+01
    endloop
  endfacet
  facet normal 0.000000e+00 0.000000e+00 1.000000e+00
    outer loop
      vertex   -1.045957e+01 -1.104486e+01 4.100000e+01
      vertex   -5.055144e+00 -9.807147e+00 4.100000e+01
      vertex   -5.762350e+00 -8.318562e+00 4.100000e+01
    endloop
  endfacet
  facet normal 0.000000e+00 -0.000000e+00 1.000000e+00
    outer loop
      vertex   -1.045957e+01 -1.104486e+01 4.100000e+01
      vertex   -5.762350e+00 -8.318562e+00 4.100000e+01
      vertex   -1.116753e+01 -9.355490e+00 4.100000e+01
    endloop
  endfacet
  facet normal 0.000000e+00 0.000000e+00 1.000000e+00
    outer loop
      vertex   -1.116753e+01 -9.355490e+00 4.100000e+01
      vertex   -5.762350e+00 -8.318562e+00 4.100000e+01
      vertex   -6.357690e+00 -6.781813e+00 4.100000e+01
    endloop
  endfacet
  facet normal 0.000000e+00 -0.000000e+00 1.000000e+00
    outer loop
      vertex   -1.116753e+01 -9.355490e+00 4.100000e+01
      vertex   -6.357690e+00 -6.781813e+00 4.100000e+01
      vertex   -1.176228e+01 -7.623026e+00 4.100000e+01
    endloop
  endfacet
  facet normal 0.000000e+00 0.000000e+00 1.000000e+00
    outer loop
      vertex   -1.176228e+01 -7.623026e+00 4.100000e+01
      vertex   -6.357690e+00 -6.781813e+00 4.100000e+01
      vertex   -6.837911e+00 -5.205294e+00 4.100000e+01
    endloop
  endfacet
  facet normal 0.000000e+00 -0.000000e+00 1.000000e+00
    outer loop
      vertex   -1.176228e+01 -7.623026e+00 4.100000e+01
      vertex   -6.837911e+00 -5.205294e+00 4.100000e+01
      vertex   -1.224124e+01 -5.855043e+00 4.100000e+01
    endloop
  endfacet
  facet normal 0.000000e+00 0.000000e+00 1.000000e+00
    outer loop
      vertex   -1.224124e+01 -5.855043e+00 4.100000e+01
      vertex   -6.837911e+00 -5.205294e+00 4.100000e+01
      vertex   -7.200391e+00 -3.597614e+00 4.100000e+01
    endloop
  endfacet
  facet normal 0.000000e+00 -0.000000e+00 1.000000e+00
    outer loop
      vertex   -1.224124e+01 -5.855043e+00 4.100000e+01
      vertex   -7.200391e+00 -3.597614e+00 4.100000e+01
      vertex   -1.260230e+01 -4.059270e+00 4.100000e+01
    endloop
  endfacet
  facet normal 0.000000e+00 0.000000e+00 1.000000e+00
    outer loop
      vertex   -1.260230e+01 -4.059270e+00 4.100000e+01
      vertex   -7.200391e+00 -3.597614e+00 4.100000e+01
      vertex   -7.443149e+00 -1.967555e+00 4.100000e+01
    endloop
  endfacet
  facet normal 0.000000e+00 -0.000000e+00 1.000000e+00
    outer loop
      vertex   -1.260230e+01 -4.059270e+00 4.100000e+01
      vertex   -7.443149e+00 -1.967555e+00 4.100000e+01
      vertex   -1.284389e+01 -2.243561e+00 4.100000e+01
    endloop
  endfacet
  facet normal 0.000000e+00 0.000000e+00 1.000000e+00
    outer loop
      vertex   -1.284389e+01 -2.243561e+00 4.100000e+01
      vertex   -7.443149e+00 -1.967555e+00 4.100000e+01
      vertex   -7.564861e+00 -3.240184e-01 4.100000e+01
    endloop
  endfacet
  facet normal 0.000000e+00 -0.000000e+00 1.000000e+00
    outer loop
      vertex   -1.284389e+01 -2.243561e+00 4.100000e+01
      vertex   -7.564861e+00 -3.240184e-01 4.100000e+01
      vertex   -1.296495e+01 -4.158553e-01 4.100000e+01
    endloop
  endfacet
  facet normal 0.000000e+00 0.000000e+00 1.000000e+00
    outer loop
      vertex   -1.296495e+01 -4.158553e-01 4.100000e+01
      vertex   -7.564861e+00 -3.240184e-01 4.100000e+01
      vertex   -1.296495e+01 1.415855e+00 4.100000e+01
    endloop
  endfacet
  facet normal 0.000000e+00 0.000000e+00 1.000000e+00
    outer loop
      vertex   -1.296495e+01 1.415855e+00 4.100000e+01
      vertex   -7.564861e+00 -3.240184e-01 4.100000e+01
      vertex   -7.564861e+00 1.324018e+00 4.100000e+01
    endloop
  endfacet
  facet normal -0.000000e+00 0.000000e+00 1.000000e+00
    outer loop
      vertex   -1.296495e+01 1.415855e+00 4.100000e+01
      vertex   -7.564861e+00 1.324018e+00 4.100000e+01
      vertex   -1.284389e+01 3.243561e+00 4.100000e+01
    endloop
  endfacet
  facet normal 0.000000e+00 0.000000e+00 1.000000e+00
    outer loop
      vertex   -1.284389e+01 3.243561e+00 4.100000e+01
      vertex   -7.564861e+00 1.324018e+00 4.100000e+01
      vertex   -7.443149e+00 2.967555e+00 4.100000e+01
    endloop
  endfacet
  facet normal -0.000000e+00 0.000000e+00 1.000000e+00
    outer loop
      vertex   -1.284389e+01 3.243561e+00 4.100000e+01
      vertex   -7.443149e+00 2.967555e+00 4.100000e+01
      vertex   -1.260230e+01 5.059270e+00 4.100000e+01
    endloop
  endfacet
  facet normal 0.000000e+00 0.000000e+00 1.000000e+00
    outer loop
      vertex   -1.260230e+01 5.059270e+00 4.100000e+01
      vertex   -7.443149e+00 2.967555e+00 4.100000e+01
      vertex   -7.200391e+00 4.597614e+00 4.100000e+01
    endloop
  endfacet
  facet normal -0.000000e+00 0.000000e+00 1.000000e+00
    outer loop
      vertex   -1.260230e+01 5.059270e+00 4.100000e+01
      vertex   -7.200391e+00 4.597614e+00 4.100000e+01
      vertex   -1.224124e+01 6.855043e+00 4.100000e+01
    endloop
  endfacet
  facet normal 0.000000e+00 0.000000e+00 1.000000e+00
    outer loop
      vertex   -1.224124e+01 6.855043e+00 4.100000e+01
      vertex   -7.200391e+00 4.597614e+00 4.100000e+01
      vertex   -6.837911e+00 6.205294e+00 4.100000e+01
    endloop
  endfacet
  facet normal -0.000000e+00 0.000000e+00 1.000000e+00
    outer loop
      vertex   -1.224124e+01 6.855043e+00 4.100000e+01
      vertex   -6.837911e+00 6.205294e+00 4.100000e+01
      vertex   -1.176228e+01 8.623026e+00 4.100000e+01
    endloop
  endfacet
  facet normal 0.000000e+00 0.000000e+00 1.000000e+00
    outer loop
      vertex   -1.176228e+01 8.623026e+00 4.100000e+01
      vertex   -6.837911e+00 6.205294e+00 4.100000e+01
      vertex   -6.357690e+00 7.781813e+00 4.100000e+01
    endloop
  endfacet
  facet normal -0.000000e+00 0.000000e+00 1.000000e+00
    outer loop
      vertex   -1.176228e+01 8.623026e+00 4.100000e+01
      vertex   -6.357690e+00 7.781813e+00 4.100000e+01
      vertex   -1.116753e+01 1.035549e+01 4.100000e+01
    endloop
  endfacet
  facet normal 0.000000e+00 0.000000e+00 1.000000e+00
    outer loop
      vertex   -1.116753e+01 1.035549e+01 4.100000e+01
      vertex   -6.357690e+00 7.781813e+00 4.100000e+01
      vertex   -5.762350e+00 9.318562e+00 4.100000e+01
    endloop
  endfacet
  facet normal -0.000000e+00 0.000000e+00 1.000000e+00
    outer loop
      vertex   -1.116753e+01 1.035549e+01 4.100000e+01
      vertex   -5.762350e+00 9.318562e+00 4.100000e+01
      vertex   -1.045957e+01 1.204486e+01 4.100000e+01
    endloop
  endfacet
  facet normal 0.000000e+00 0.000000e+00 1.000000e+00
    outer loop
      vertex   -1.045957e+01 1.204486e+01 4.100000e+01
      vertex   -5.762350e+00 9.318562e+00 4.100000e+01
      vertex   -5.055144e+00 1.080715e+01 4.100000e+01
    endloop
  endfacet
  facet normal -0.000000e+00 0.000000e+00 1.000000e+00
    outer loop
      vertex   -1.045957e+01 1.204486e+01 4.100000e+01
      vertex   -5.055144e+00 1.080715e+01 4.100000e+01
      vertex   -9.641513e+00 1.368374e+01 4.100000e+01
    endloop
  endfacet
  facet normal 0.000000e+00 0.000000e+00 1.000000e+00
    outer loop
      vertex   -9.641513e+00 1.368374e+01 4.100000e+01
      vertex   -5.055144e+00 1.080715e+01 4.100000e+01
      vertex   -4.239933e+00 1.223944e+01 4.100000e+01
    endloop
  endfacet
  facet normal -0.000000e+00 0.000000e+00 1.000000e+00
    outer loop
      vertex   -9.641513e+00 1.368374e+01 4.100000e+01
      vertex   -4.239933e+00 1.223944e+01 4.100000e+01
      vertex   -8.716929e+00 1.526498e+01 4.100000e+01
    endloop
  endfacet
  facet normal 0.000000e+00 0.000000e+00 1.000000e+00
    outer loop
      vertex   -8.716929e+00 1.526498e+01 4.100000e+01
      vertex   -4.239933e+00 1.223944e+01 4.100000e+01
      vertex   -3.321170e+00 1.360761e+01 4.100000e+01
    endloop
  endfacet
  facet normal -0.000000e+00 0.000000e+00 1.000000e+00
    outer loop
      vertex   -8.716929e+00 1.526498e+01 4.100000e+01
      vertex   -3.321170e+00 1.360761e+01 4.100000e+01
      vertex   -7.689861e+00 1.678165e+01 4.100000e+01
    endloop
  endfacet
  facet normal -0.000000e+00 0.000000e+00 1.000000e+00
    outer loop
      vertex   -7.689861e+00 1.678165e+01 4.100000e+01
      vertex   -3.321170e+00 1.360761e+01 4.100000e+01
      vertex   -6.564801e+00 1.822713e+01 4.100000e+01
    endloop
  endfacet
  facet normal 0.000000e+00 0.000000e+00 1.000000e+00
    outer loop
      vertex   -6.564801e+00 1.822713e+01 4.100000e+01
      vertex   -3.321170e+00 1.360761e+01 4.100000e+01
      vertex   -2.303872e+00 1.490420e+01 4.100000e+01
    endloop
  endfacet
  facet normal -0.000000e+00 0.000000e+00 1.000000e+00
    outer loop
      vertex   -6.564801e+00 1.822713e+01 4.100000e+01
      vertex   -2.303872e+00 1.490420e+01 4.100000e+01
      vertex   -5.346669e+00 1.959509e+01 4.100000e+01
    endloop
  endfacet
  facet normal 0.000000e+00 0.000000e+00 1.000000e+00
    outer loop
      vertex   -5.346669e+00 1.959509e+01 4.100000e+01
      vertex   -2.303872e+00 1.490420e+01 4.100000e+01
      vertex   -1.193597e+00 1.612211e+01 4.100000e+01
    endloop
  endfacet
  facet normal -0.000000e+00 0.000000e+00 1.000000e+00
    outer loop
      vertex   -5.346669e+00 1.959509e+01 4.100000e+01
      vertex   -1.193597e+00 1.612211e+01 4.100000e+01
      vertex   -4.040790e+00 2.087955e+01 4.100000e+01
    endloop
  endfacet
  facet normal 0.000000e+00 0.000000e+00 1.000000e+00
    outer loop
      vertex   -4.040790e+00 2.087955e+01 4.100000e+01
      vertex   -1.193597e+00 1.612211e+01 4.100000e+01
      vertex   3.592310e-03 1.725470e+01 4.100000e+01
    endloop
  endfacet
  facet normal -0.000000e+00 0.000000e+00 1.000000e+00
    outer loop
      vertex   -4.040790e+00 2.087955e+01 4.100000e+01
      vertex   3.592310e-03 1.725470e+01 4.100000e+01
      vertex   -2.652876e+00 2.207490e+01 4.100000e+01
    endloop
  endfacet
  facet normal 0.000000e+00 0.000000e+00 1.000000e+00
    outer loop
      vertex   -2.652876e+00 2.207490e+01 4.100000e+01
      vertex   3.592310e-03 1.725470e+01 4.100000e+01
      vertex   1.281157e+00 1.829578e+01 4.100000e+01
    endloop
  endfacet
  facet normal -0.000000e+00 0.000000e+00 1.000000e+00
    outer loop
      vertex   -2.652876e+00 2.207490e+01 4.100000e+01
      vertex   1.281157e+00 1.829578e+01 4.100000e+01
      vertex   -1.188995e+00 2.317591e+01 4.100000e+01
    endloop
  endfacet
  facet normal 0.000000e+00 0.000000e+00 1.000000e+00
    outer loop
      vertex   -1.188995e+00 2.317591e+01 4.100000e+01
      vertex   1.281157e+00 1.829578e+01 4.100000e+01
      vertex   2.632120e+00 1.923967e+01 4.100000e+01
    endloop
  endfacet
  facet normal -0.000000e+00 0.000000e+00 1.000000e+00
    outer loop
      vertex   -1.188995e+00 2.317591e+01 4.100000e+01
      vertex   2.632120e+00 1.923967e+01 4.100000e+01
      vertex   3.444522e-01 2.417776e+01 4.100000e+01
    endloop
  endfacet
  facet normal 0.000000e+00 0.000000e+00 1.000000e+00
    outer loop
      vertex   3.444522e-01 2.417776e+01 4.100000e+01
      vertex   2.632120e+00 1.923967e+01 4.100000e+01
      vertex   4.049101e+00 2.008121e+01 4.100000e+01
    endloop
  endfacet
  facet normal -0.000000e+00 0.000000e+00 1.000000e+00
    outer loop
      vertex   3.444522e-01 2.417776e+01 4.100000e+01
      vertex   4.049101e+00 2.008121e+01 4.100000e+01
      vertex   1.940759e+00 2.507607e+01 4.100000e+01
    endloop
  endfacet
  facet normal 0.000000e+00 0.000000e+00 1.000000e+00
    outer loop
      vertex   1.940759e+00 2.507607e+01 4.100000e+01
      vertex   4.049101e+00 2.008121e+01 4.100000e+01
      vertex   5.524364e+00 2.081581e+01 4.100000e+01
    endloop
  endfacet
  facet normal -0.000000e+00 0.000000e+00 1.000000e+00
    outer loop
      vertex   1.940759e+00 2.507607e+01 4.100000e+01
      vertex   5.524364e+00 2.081581e+01 4.100000e+01
      vertex   3.592946e+00 2.586692e+01 4.100000e+01
    endloop
  endfacet
  facet normal 0.000000e+00 0.000000e+00 1.000000e+00
    outer loop
      vertex   3.592946e+00 2.586692e+01 4.100000e+01
      vertex   5.524364e+00 2.081581e+01 4.100000e+01
      vertex   7.049849e+00 2.143944e+01 4.100000e+01
    endloop
  endfacet
  facet normal -0.000000e+00 0.000000e+00 1.000000e+00
    outer loop
      vertex   3.592946e+00 2.586692e+01 4.100000e+01
      vertex   7.049849e+00 2.143944e+01 4.100000e+01
      vertex   5.293789e+00 2.654685e+01 4.100000e+01
    endloop
  endfacet
  facet normal -0.000000e+00 0.000000e+00 1.000000e+00
    outer loop
      vertex   5.293789e+00 2.654685e+01 4.100000e+01
      vertex   7.049849e+00 2.143944e+01 4.100000e+01
      vertex   7.035849e+00 2.711288e+01 4.100000e+01
    endloop
  endfacet
  facet normal 0.000000e+00 0.000000e+00 1.000000e+00
    outer loop
      vertex   7.035849e+00 2.711288e+01 4.100000e+01
      vertex   7.049849e+00 2.143944e+01 4.100000e+01
      vertex   8.617225e+00 2.194871e+01 4.100000e+01
    endloop
  endfacet
  facet normal -0.000000e+00 0.000000e+00 1.000000e+00
    outer loop
      vertex   7.035849e+00 2.711288e+01 4.100000e+01
      vertex   8.617225e+00 2.194871e+01 4.100000e+01
      vertex   8.811510e+00 2.756254e+01 4.100000e+01
    endloop
  endfacet
  facet normal 0.000000e+00 0.000000e+00 1.000000e+00
    outer loop
      vertex   8.811510e+00 2.756254e+01 4.100000e+01
      vertex   8.617225e+00 2.194871e+01 4.100000e+01
      vertex   1.021793e+01 2.234084e+01 4.100000e+01
    endloop
  endfacet
  facet normal -0.000000e+00 0.000000e+00 1.000000e+00
    outer loop
      vertex   8.811510e+00 2.756254e+01 4.100000e+01
      vertex   1.021793e+01 2.234084e+01 4.100000e+01
      vertex   1.061301e+01 2.789386e+01 4.100000e+01
    endloop
  endfacet
  facet normal 0.000000e+00 0.000000e+00 1.000000e+00
    outer loop
      vertex   1.061301e+01 2.789386e+01 4.100000e+01
      vertex   1.021793e+01 2.234084e+01 4.100000e+01
      vertex   1.184323e+01 2.261368e+01 4.100000e+01
    endloop
  endfacet
  facet normal -0.000000e+00 0.000000e+00 1.000000e+00
    outer loop
      vertex   1.061301e+01 2.789386e+01 4.100000e+01
      vertex   1.184323e+01 2.261368e+01 4.100000e+01
      vertex   1.243246e+01 2.810539e+01 4.100000e+01
    endloop
  endfacet
  facet normal 0.000000e+00 0.000000e+00 1.000000e+00
    outer loop
      vertex   1.243246e+01 2.810539e+01 4.100000e+01
      vertex   1.184323e+01 2.261368e+01 4.100000e+01
      vertex   1.348423e+01 2.276574e+01 4.100000e+01
    endloop
  endfacet
  facet normal -0.000000e+00 0.000000e+00 1.000000e+00
    outer loop
      vertex   1.243246e+01 2.810539e+01 4.100000e+01
      vertex   1.348423e+01 2.276574e+01 4.100000e+01
      vertex   1.426192e+01 2.819621e+01 4.100000e+01
    endloop
  endfacet
  facet normal 0.000000e+00 0.000000e+00 1.000000e+00
    outer loop
      vertex   1.426192e+01 2.819621e+01 4.100000e+01
      vertex   1.348423e+01 2.276574e+01 4.100000e+01
      vertex   1.513199e+01 2.279619e+01 4.100000e+01
    endloop
  endfacet
  facet normal 0.000000e+00 0.000000e+00 1.000000e+00
    outer loop
      vertex   1.426192e+01 2.819621e+01 4.100000e+01
      vertex   1.513199e+01 2.279619e+01 4.100000e+01
      vertex   1.609338e+01 2.816593e+01 4.100000e+01
    endloop
  endfacet
  facet normal 0.000000e+00 0.000000e+00 1.000000e+00
    outer loop
      vertex   1.609338e+01 2.816593e+01 4.100000e+01
      vertex   1.513199e+01 2.279619e+01 4.100000e+01
      vertex   1.677749e+01 2.270487e+01 4.100000e+01
    endloop
  endfacet
  facet normal 0.000000e+00 0.000000e+00 1.000000e+00
    outer loop
      vertex   1.609338e+01 2.816593e+01 4.100000e+01
      vertex   1.677749e+01 2.270487e+01 4.100000e+01
      vertex   1.791883e+01 2.801467e+01 4.100000e+01
    endloop
  endfacet
  facet normal 0.000000e+00 0.000000e+00 1.000000e+00
    outer loop
      vertex   1.791883e+01 2.801467e+01 4.100000e+01
      vertex   1.677749e+01 2.270487e+01 4.100000e+01
      vertex   1.841176e+01 2.249228e+01 4.100000e+01
    endloop
  endfacet
  facet normal 0.000000e+00 0.000000e+00 1.000000e+00
    outer loop
      vertex   1.791883e+01 2.801467e+01 4.100000e+01
      vertex   1.841176e+01 2.249228e+01 4.100000e+01
      vertex   1.973030e+01 2.774309e+01 4.100000e+01
    endloop
  endfacet
  facet normal 0.000000e+00 0.000000e+00 1.000000e+00
    outer loop
      vertex   1.973030e+01 2.774309e+01 4.100000e+01
      vertex   1.841176e+01 2.249228e+01 4.100000e+01
      vertex   2.002586e+01 2.215957e+01 4.100000e+01
    endloop
  endfacet
  facet normal 0.000000e+00 0.000000e+00 1.000000e+00
    outer loop
      vertex   1.973030e+01 2.774309e+01 4.100000e+01
      vertex   2.002586e+01 2.215957e+01 4.100000e+01
      vertex   2.151986e+01 2.735239e+01 4.100000e+01
    endloop
  endfacet
  facet normal 0.000000e+00 0.000000e+00 1.000000e+00
    outer loop
      vertex   2.151986e+01 2.735239e+01 4.100000e+01
      vertex   2.002586e+01 2.215957e+01 4.100000e+01
      vertex   2.161099e+01 2.170856e+01 4.100000e+01
    endloop
  endfacet
  facet normal 0.000000e+00 0.000000e+00 1.000000e+00
    outer loop
      vertex   2.151986e+01 2.735239e+01 4.100000e+01
      vertex   2.161099e+01 2.170856e+01 4.100000e+01
      vertex   2.327968e+01 2.684427e+01 4.100000e+01
    endloop
  endfacet
  facet normal 0.000000e+00 0.000000e+00 1.000000e+00
    outer loop
      vertex   2.327968e+01 2.684427e+01 4.100000e+01
      vertex   2.161099e+01 2.170856e+01 4.100000e+01
      vertex   2.500207e+01 2.622095e+01 4.100000e+01
    endloop
  endfacet
  facet normal 0.000000e+00 0.000000e+00 1.000000e+00
    outer loop
      vertex   2.500207e+01 2.622095e+01 4.100000e+01
      vertex   2.161099e+01 2.170856e+01 4.100000e+01
      vertex   2.315848e+01 2.114172e+01 4.100000e+01
    endloop
  endfacet
  facet normal 0.000000e+00 0.000000e+00 1.000000e+00
    outer loop
      vertex   2.500207e+01 2.622095e+01 4.100000e+01
      vertex   2.315848e+01 2.114172e+01 4.100000e+01
      vertex   2.667950e+01 2.548516e+01 4.100000e+01
    endloop
  endfacet
  facet normal 0.000000e+00 0.000000e+00 1.000000e+00
    outer loop
      vertex   2.667950e+01 2.548516e+01 4.100000e+01
      vertex   2.315848e+01 2.114172e+01 4.100000e+01
      vertex   2.465987e+01 2.046214e+01 4.100000e+01
    endloop
  endfacet
  facet normal 0.000000e+00 0.000000e+00 1.000000e+00
    outer loop
      vertex   2.667950e+01 2.548516e+01 4.100000e+01
      vertex   2.465987e+01 2.046214e+01 4.100000e+01
      vertex   2.830464e+01 2.464011e+01 4.100000e+01
    endloop
  endfacet
  facet normal 0.000000e+00 0.000000e+00 1.000000e+00
    outer loop
      vertex   2.830464e+01 2.464011e+01 4.100000e+01
      vertex   2.465987e+01 2.046214e+01 4.100000e+01
      vertex   2.610699e+01 1.967354e+01 4.100000e+01
    endloop
  endfacet
  facet normal 0.000000e+00 0.000000e+00 1.000000e+00
    outer loop
      vertex   2.830464e+01 2.464011e+01 4.100000e+01
      vertex   2.610699e+01 1.967354e+01 4.100000e+01
      vertex   2.987037e+01 2.368951e+01 4.100000e+01
    endloop
  endfacet
  facet normal 0.000000e+00 0.000000e+00 1.000000e+00
    outer loop
      vertex   2.987037e+01 2.368951e+01 4.100000e+01
      vertex   2.610699e+01 1.967354e+01 4.100000e+01
      vertex   2.749190e+01 1.878021e+01 4.100000e+01
    endloop
  endfacet
  facet normal 0.000000e+00 0.000000e+00 1.000000e+00
    outer loop
      vertex   2.987037e+01 2.368951e+01 4.100000e+01
      vertex   2.749190e+01 1.878021e+01 4.100000e+01
      vertex   3.136986e+01 2.263751e+01 4.100000e+01
    endloop
  endfacet
  facet normal 0.000000e+00 0.000000e+00 1.000000e+00
    outer loop
      vertex   3.136986e+01 2.263751e+01 4.100000e+01
      vertex   2.749190e+01 1.878021e+01 4.100000e+01
      vertex   2.880706e+01 1.778705e+01 4.100000e+01
    endloop
  endfacet
  facet normal 0.000000e+00 0.000000e+00 1.000000e+00
    outer loop
      vertex   3.136986e+01 2.263751e+01 4.100000e+01
      vertex   2.880706e+01 1.778705e+01 4.100000e+01
      vertex   3.279654e+01 2.148870e+01 4.100000e+01
    endloop
  endfacet
  facet normal 0.000000e+00 0.000000e+00 1.000000e+00
    outer loop
      vertex   3.279654e+01 2.148870e+01 4.100000e+01
      vertex   2.880706e+01 1.778705e+01 4.100000e+01
      vertex   3.004529e+01 1.669947e+01 4.100000e+01
    endloop
  endfacet
  facet normal 0.000000e+00 0.000000e+00 1.000000e+00
    outer loop
      vertex   3.279654e+01 2.148870e+01 4.100000e+01
      vertex   3.004529e+01 1.669947e+01 4.100000e+01
      vertex   3.414417e+01 2.024812e+01 4.100000e+01
    endloop
  endfacet
  facet normal 0.000000e+00 0.000000e+00 1.000000e+00
    outer loop
      vertex   3.414417e+01 2.024812e+01 4.100000e+01
      vertex   3.004529e+01 1.669947e+01 4.100000e+01
      vertex   3.119981e+01 1.552341e+01 4.100000e+01
    endloop
  endfacet
  facet normal 0.000000e+00 0.000000e+00 1.000000e+00
    outer loop
      vertex   3.414417e+01 2.024812e+01 4.100000e+01
      vertex   3.119981e+01 1.552341e+01 4.100000e+01
      vertex   3.540686e+01 1.892118e+01 4.100000e+01
    endloop
  endfacet
  facet normal 0.000000e+00 0.000000e+00 1.000000e+00
    outer loop
      vertex   3.540686e+01 1.892118e+01 4.100000e+01
      vertex   3.119981e+01 1.552341e+01 4.100000e+01
      vertex   3.226432e+01 1.426530e+01 4.100000e+01
    endloop
  endfacet
  facet normal 0.000000e+00 0.000000e+00 1.000000e+00
    outer loop
      vertex   3.540686e+01 1.892118e+01 4.100000e+01
      vertex   3.226432e+01 1.426530e+01 4.100000e+01
      vertex   3.657910e+01 1.751369e+01 4.100000e+01
    endloop
  endfacet
  facet normal 0.000000e+00 0.000000e+00 1.000000e+00
    outer loop
      vertex   3.657910e+01 1.751369e+01 4.100000e+01
      vertex   3.226432e+01 1.426530e+01 4.100000e+01
      vertex   3.323301e+01 1.293201e+01 4.100000e+01
    endloop
  endfacet
  facet normal 0.000000e+00 0.000000e+00 1.000000e+00
    outer loop
      vertex   3.657910e+01 1.751369e+01 4.100000e+01
      vertex   3.323301e+01 1.293201e+01 4.100000e+01
      vertex   3.765575e+01 1.603181e+01 4.100000e+01
    endloop
  endfacet
  facet normal 0.000000e+00 0.000000e+00 1.000000e+00
    outer loop
      vertex   3.765575e+01 1.603181e+01 4.100000e+01
      vertex   3.323301e+01 1.293201e+01 4.100000e+01
      vertex   3.863211e+01 1.448201e+01 4.100000e+01
    endloop
  endfacet
  facet normal 0.000000e+00 0.000000e+00 1.000000e+00
    outer loop
      vertex   3.863211e+01 1.448201e+01 4.100000e+01
      vertex   3.323301e+01 1.293201e+01 4.100000e+01
      vertex   3.410059e+01 1.153083e+01 4.100000e+01
    endloop
  endfacet
  facet normal 0.000000e+00 0.000000e+00 1.000000e+00
    outer loop
      vertex   3.863211e+01 1.448201e+01 4.100000e+01
      vertex   3.410059e+01 1.153083e+01 4.100000e+01
      vertex   3.950391e+01 1.287106e+01 4.100000e+01
    endloop
  endfacet
  facet normal 0.000000e+00 0.000000e+00 1.000000e+00
    outer loop
      vertex   3.950391e+01 1.287106e+01 4.100000e+01
      vertex   3.410059e+01 1.153083e+01 4.100000e+01
      vertex   3.486232e+01 1.006939e+01 4.100000e+01
    endloop
  endfacet
  facet normal 0.000000e+00 0.000000e+00 1.000000e+00
    outer loop
      vertex   3.950391e+01 1.287106e+01 4.100000e+01
      vertex   3.486232e+01 1.006939e+01 4.100000e+01
      vertex   4.026734e+01 1.120603e+01 4.100000e+01
    endloop
  endfacet
  facet normal 0.000000e+00 0.000000e+00 1.000000e+00
    outer loop
      vertex   4.026734e+01 1.120603e+01 4.100000e+01
      vertex   3.486232e+01 1.006939e+01 4.100000e+01
      vertex   3.551404e+01 8.555689e+00 4.100000e+01
    endloop
  endfacet
  facet normal 0.000000e+00 0.000000e+00 1.000000e+00
    outer loop
      vertex   4.026734e+01 1.120603e+01 4.100000e+01
      vertex   3.551404e+01 8.555689e+00 4.100000e+01
      vertex   4.091905e+01 9.494175e+00 4.100000e+01
    endloop
  endfacet
  facet normal 0.000000e+00 0.000000e+00 1.000000e+00
    outer loop
      vertex   4.091905e+01 9.494175e+00 4.100000e+01
      vertex   3.551404e+01 8.555689e+00 4.100000e+01
      vertex   3.605219e+01 6.997991e+00 4.100000e+01
    endloop
  endfacet
  facet normal 0.000000e+00 0.000000e+00 1.000000e+00
    outer loop
      vertex   4.091905e+01 9.494175e+00 4.100000e+01
      vertex   3.605219e+01 6.997991e+00 4.100000e+01
      vertex   4.145620e+01 7.742994e+00 4.100000e+01
    endloop
  endfacet
  facet normal 0.000000e+00 0.000000e+00 1.000000e+00
    outer loop
      vertex   4.145620e+01 7.742994e+00 4.100000e+01
      vertex   3.605219e+01 6.997991e+00 4.100000e+01
      vertex   3.647383e+01 5.404804e+00 4.100000e+01
    endloop
  endfacet
  facet normal 0.000000e+00 0.000000e+00 1.000000e+00
    outer loop
      vertex   4.145620e+01 7.742994e+00 4.100000e+01
      vertex   3.647383e+01 5.404804e+00 4.100000e+01
      vertex   4.187643e+01 5.960142e+00 4.100000e+01
    endloop
  endfacet
  facet normal 0.000000e+00 0.000000e+00 1.000000e+00
    outer loop
      vertex   4.187643e+01 5.960142e+00 4.100000e+01
      vertex   3.647383e+01 5.404804e+00 4.100000e+01
      vertex   3.677665e+01 3.784828e+00 4.100000e+01
    endloop
  endfacet
  facet normal 0.000000e+00 0.000000e+00 1.000000e+00
    outer loop
      vertex   4.187643e+01 5.960142e+00 4.100000e+01
      vertex   3.677665e+01 3.784828e+00 4.100000e+01
      vertex   4.217792e+01 4.153413e+00 4.100000e+01
    endloop
  endfacet
  facet normal 0.000000e+00 0.000000e+00 1.000000e+00
    outer loop
      vertex   4.217792e+01 4.153413e+00 4.100000e+01
      vertex   3.677665e+01 3.784828e+00 4.100000e+01
      vertex   3.695901e+01 2.146911e+00 4.100000e+01
    endloop
  endfacet
  facet normal 0.000000e+00 0.000000e+00 1.000000e+00
    outer loop
      vertex   4.217792e+01 4.153413e+00 4.100000e+01
      vertex   3.695901e+01 2.146911e+00 4.100000e+01
      vertex   4.235935e+01 2.330709e+00 4.100000e+01
    endloop
  endfacet
  facet normal 0.000000e+00 0.000000e+00 1.000000e+00
    outer loop
      vertex   4.235935e+01 2.330709e+00 4.100000e+01
      vertex   3.695901e+01 2.146911e+00 4.100000e+01
      vertex   3.701991e+01 5.000000e-01 4.100000e+01
    endloop
  endfacet
  facet normal -1.000000e+00 0.000000e+00 0.000000e+00
    outer loop
      vertex   8.510336e+00 -3.140000e+01 3.850000e+01
      vertex   8.510336e+00 -3.295000e+01 3.850000e+01
      vertex   8.510336e+00 -3.140000e+01 4.000000e+01
    endloop
  endfacet
  facet normal -1.000000e+00 -0.000000e+00 0.000000e+00
    outer loop
      vertex   8.510336e+00 -3.140000e+01 4.000000e+01
      vertex   8.510336e+00 -3.295000e+01 3.850000e+01
      vertex   8.510336e+00 -3.295000e+01 4.000000e+01
    endloop
  endfacet
  facet normal 0.000000e+00 0.000000e+00 1.000000e+00
    outer loop
      vertex   3.695901e+01 2.146911e+00 4.150000e+01
      vertex   -7.564861e+00 1.324018e+00 4.150000e+01
      vertex   3.701991e+01 5.000000e-01 4.150000e+01
    endloop
  endfacet
  facet normal 0.000000e+00 0.000000e+00 1.000000e+00
    outer loop
      vertex   3.701991e+01 5.000000e-01 4.150000e+01
      vertex   -7.564861e+00 1.324018e+00 4.150000e+01
      vertex   -7.564861e+00 -3.240184e-01 4.150000e+01
    endloop
  endfacet
  facet normal 0.000000e+00 0.000000e+00 1.000000e+00
    outer loop
      vertex   3.701991e+01 5.000000e-01 4.150000e+01
      vertex   -7.564861e+00 -3.240184e-01 4.150000e+01
      vertex   3.695901e+01 -1.146911e+00 4.150000e+01
    endloop
  endfacet
  facet normal 0.000000e+00 0.000000e+00 1.000000e+00
    outer loop
      vertex   3.695901e+01 -1.146911e+00 4.150000e+01
      vertex   -7.564861e+00 -3.240184e-01 4.150000e+01
      vertex   -7.443149e+00 -1.967555e+00 4.150000e+01
    endloop
  endfacet
  facet normal 0.000000e+00 0.000000e+00 1.000000e+00
    outer loop
      vertex   3.695901e+01 -1.146911e+00 4.150000e+01
      vertex   -7.443149e+00 -1.967555e+00 4.150000e+01
      vertex   3.677665e+01 -2.784828e+00 4.150000e+01
    endloop
  endfacet
  facet normal 0.000000e+00 0.000000e+00 1.000000e+00
    outer loop
      vertex   3.677665e+01 -2.784828e+00 4.150000e+01
      vertex   -7.443149e+00 -1.967555e+00 4.150000e+01
      vertex   -7.200391e+00 -3.597614e+00 4.150000e+01
    endloop
  endfacet
  facet normal 0.000000e+00 0.000000e+00 1.000000e+00
    outer loop
      vertex   3.677665e+01 -2.784828e+00 4.150000e+01
      vertex   -7.200391e+00 -3.597614e+00 4.150000e+01
      vertex   3.647383e+01 -4.404804e+00 4.150000e+01
    endloop
  endfacet
  facet normal 0.000000e+00 0.000000e+00 1.000000e+00
    outer loop
      vertex   3.647383e+01 -4.404804e+00 4.150000e+01
      vertex   -7.200391e+00 -3.597614e+00 4.150000e+01
      vertex   -6.837911e+00 -5.205294e+00 4.150000e+01
    endloop
  endfacet
  facet normal 0.000000e+00 0.000000e+00 1.000000e+00
    outer loop
      vertex   3.647383e+01 -4.404804e+00 4.150000e+01
      vertex   -6.837911e+00 -5.205294e+00 4.150000e+01
      vertex   3.605219e+01 -5.997991e+00 4.150000e+01
    endloop
  endfacet
  facet normal 0.000000e+00 0.000000e+00 1.000000e+00
    outer loop
      vertex   3.605219e+01 -5.997991e+00 4.150000e+01
      vertex   -6.837911e+00 -5.205294e+00 4.150000e+01
      vertex   -6.357690e+00 -6.781813e+00 4.150000e+01
    endloop
  endfacet
  facet normal 0.000000e+00 0.000000e+00 1.000000e+00
    outer loop
      vertex   3.605219e+01 -5.997991e+00 4.150000e+01
      vertex   -6.357690e+00 -6.781813e+00 4.150000e+01
      vertex   3.551404e+01 -7.555689e+00 4.150000e+01
    endloop
  endfacet
  facet normal 0.000000e+00 0.000000e+00 1.000000e+00
    outer loop
      vertex   3.551404e+01 -7.555689e+00 4.150000e+01
      vertex   -6.357690e+00 -6.781813e+00 4.150000e+01
      vertex   -5.762350e+00 -8.318562e+00 4.150000e+01
    endloop
  endfacet
  facet normal 0.000000e+00 0.000000e+00 1.000000e+00
    outer loop
      vertex   3.551404e+01 -7.555689e+00 4.150000e+01
      vertex   -5.762350e+00 -8.318562e+00 4.150000e+01
      vertex   3.486232e+01 -9.069390e+00 4.150000e+01
    endloop
  endfacet
  facet normal 0.000000e+00 0.000000e+00 1.000000e+00
    outer loop
      vertex   3.486232e+01 -9.069390e+00 4.150000e+01
      vertex   -5.762350e+00 -8.318562e+00 4.150000e+01
      vertex   -5.055144e+00 -9.807147e+00 4.150000e+01
    endloop
  endfacet
  facet normal 0.000000e+00 0.000000e+00 1.000000e+00
    outer loop
      vertex   3.486232e+01 -9.069390e+00 4.150000e+01
      vertex   -5.055144e+00 -9.807147e+00 4.150000e+01
      vertex   3.410059e+01 -1.053083e+01 4.150000e+01
    endloop
  endfacet
  facet normal 0.000000e+00 0.000000e+00 1.000000e+00
    outer loop
      vertex   3.410059e+01 -1.053083e+01 4.150000e+01
      vertex   -5.055144e+00 -9.807147e+00 4.150000e+01
      vertex   -4.239933e+00 -1.123944e+01 4.150000e+01
    endloop
  endfacet
  facet normal 0.000000e+00 0.000000e+00 1.000000e+00
    outer loop
      vertex   3.410059e+01 -1.053083e+01 4.150000e+01
      vertex   -4.239933e+00 -1.123944e+01 4.150000e+01
      vertex   3.323301e+01 -1.193201e+01 4.150000e+01
    endloop
  endfacet
  facet normal 0.000000e+00 0.000000e+00 1.000000e+00
    outer loop
      vertex   3.323301e+01 -1.193201e+01 4.150000e+01
      vertex   -4.239933e+00 -1.123944e+01 4.150000e+01
      vertex   -3.321170e+00 -1.260761e+01 4.150000e+01
    endloop
  endfacet
  facet normal 0.000000e+00 0.000000e+00 1.000000e+00
    outer loop
      vertex   3.323301e+01 -1.193201e+01 4.150000e+01
      vertex   -3.321170e+00 -1.260761e+01 4.150000e+01
      vertex   3.226432e+01 -1.326530e+01 4.150000e+01
    endloop
  endfacet
  facet normal 0.000000e+00 0.000000e+00 1.000000e+00
    outer loop
      vertex   3.226432e+01 -1.326530e+01 4.150000e+01
      vertex   -3.321170e+00 -1.260761e+01 4.150000e+01
      vertex   -2.303872e+00 -1.390420e+01 4.150000e+01
    endloop
  endfacet
  facet normal 0.000000e+00 0.000000e+00 1.000000e+00
    outer loop
      vertex   3.226432e+01 -1.326530e+01 4.150000e+01
      vertex   -2.303872e+00 -1.390420e+01 4.150000e+01
      vertex   3.119981e+01 -1.452341e+01 4.150000e+01
    endloop
  endfacet
  facet normal 0.000000e+00 0.000000e+00 1.000000e+00
    outer loop
      vertex   3.119981e+01 -1.452341e+01 4.150000e+01
      vertex   -2.303872e+00 -1.390420e+01 4.150000e+01
      vertex   -1.193597e+00 -1.512211e+01 4.150000e+01
    endloop
  endfacet
  facet normal 0.000000e+00 0.000000e+00 1.000000e+00
    outer loop
      vertex   3.119981e+01 -1.452341e+01 4.150000e+01
      vertex   -1.193597e+00 -1.512211e+01 4.150000e+01
      vertex   3.004529e+01 -1.569947e+01 4.150000e+01
    endloop
  endfacet
  facet normal 0.000000e+00 0.000000e+00 1.000000e+00
    outer loop
      vertex   3.004529e+01 -1.569947e+01 4.150000e+01
      vertex   -1.193597e+00 -1.512211e+01 4.150000e+01
      vertex   3.592310e-03 -1.625470e+01 4.150000e+01
    endloop
  endfacet
  facet normal 0.000000e+00 0.000000e+00 1.000000e+00
    outer loop
      vertex   3.004529e+01 -1.569947e+01 4.150000e+01
      vertex   3.592310e-03 -1.625470e+01 4.150000e+01
      vertex   2.880706e+01 -1.678705e+01 4.150000e+01
    endloop
  endfacet
  facet normal 0.000000e+00 0.000000e+00 1.000000e+00
    outer loop
      vertex   2.880706e+01 -1.678705e+01 4.150000e+01
      vertex   3.592310e-03 -1.625470e+01 4.150000e+01
      vertex   1.281157e+00 -1.729578e+01 4.150000e+01
    endloop
  endfacet
  facet normal 0.000000e+00 0.000000e+00 1.000000e+00
    outer loop
      vertex   2.880706e+01 -1.678705e+01 4.150000e+01
      vertex   1.281157e+00 -1.729578e+01 4.150000e+01
      vertex   2.749190e+01 -1.778021e+01 4.150000e+01
    endloop
  endfacet
  facet normal 0.000000e+00 0.000000e+00 1.000000e+00
    outer loop
      vertex   2.749190e+01 -1.778021e+01 4.150000e+01
      vertex   1.281157e+00 -1.729578e+01 4.150000e+01
      vertex   2.632120e+00 -1.823967e+01 4.150000e+01
    endloop
  endfacet
  facet normal 0.000000e+00 0.000000e+00 1.000000e+00
    outer loop
      vertex   2.749190e+01 -1.778021e+01 4.150000e+01
      vertex   2.632120e+00 -1.823967e+01 4.150000e+01
      vertex   2.610699e+01 -1.867354e+01 4.150000e+01
    endloop
  endfacet
  facet normal 0.000000e+00 0.000000e+00 1.000000e+00
    outer loop
      vertex   2.610699e+01 -1.867354e+01 4.150000e+01
      vertex   2.632120e+00 -1.823967e+01 4.150000e+01
      vertex   4.049101e+00 -1.908121e+01 4.150000e+01
    endloop
  endfacet
  facet normal 0.000000e+00 0.000000e+00 1.000000e+00
    outer loop
      vertex   2.610699e+01 -1.867354e+01 4.150000e+01
      vertex   4.049101e+00 -1.908121e+01 4.150000e+01
      vertex   2.465987e+01 -1.946214e+01 4.150000e+01
    endloop
  endfacet
  facet normal 0.000000e+00 0.000000e+00 1.000000e+00
    outer loop
      vertex   2.465987e+01 -1.946214e+01 4.150000e+01
      vertex   4.049101e+00 -1.908121e+01 4.150000e+01
      vertex   5.524364e+00 -1.981581e+01 4.150000e+01
    endloop
  endfacet
  facet normal 0.000000e+00 0.000000e+00 1.000000e+00
    outer loop
      vertex   2.465987e+01 -1.946214e+01 4.150000e+01
      vertex   5.524364e+00 -1.981581e+01 4.150000e+01
      vertex   2.315848e+01 -2.014172e+01 4.150000e+01
    endloop
  endfacet
  facet normal 0.000000e+00 0.000000e+00 1.000000e+00
    outer loop
      vertex   2.315848e+01 -2.014172e+01 4.150000e+01
      vertex   5.524364e+00 -1.981581e+01 4.150000e+01
      vertex   7.049849e+00 -2.043944e+01 4.150000e+01
    endloop
  endfacet
  facet normal 0.000000e+00 0.000000e+00 1.000000e+00
    outer loop
      vertex   2.315848e+01 -2.014172e+01 4.150000e+01
      vertex   7.049849e+00 -2.043944e+01 4.150000e+01
      vertex   2.161099e+01 -2.070856e+01 4.150000e+01
    endloop
  endfacet
  facet normal 0.000000e+00 0.000000e+00 1.000000e+00
    outer loop
      vertex   2.161099e+01 -2.070856e+01 4.150000e+01
      vertex   7.049849e+00 -2.043944e+01 4.150000e+01
      vertex   8.617225e+00 -2.094871e+01 4.150000e+01
    endloop
  endfacet
  facet normal 0.000000e+00 0.000000e+00 1.000000e+00
    outer loop
      vertex   2.161099e+01 -2.070856e+01 4.150000e+01
      vertex   8.617225e+00 -2.094871e+01 4.150000e+01
      vertex   2.002586e+01 -2.115957e+01 4.150000e+01
    endloop
  endfacet
  facet normal 0.000000e+00 0.000000e+00 1.000000e+00
    outer loop
      vertex   2.002586e+01 -2.115957e+01 4.150000e+01
      vertex   8.617225e+00 -2.094871e+01 4.150000e+01
      vertex   1.021793e+01 -2.134084e+01 4.150000e+01
    endloop
  endfacet
  facet normal 0.000000e+00 0.000000e+00 1.000000e+00
    outer loop
      vertex   2.002586e+01 -2.115957e+01 4.150000e+01
      vertex   1.021793e+01 -2.134084e+01 4.150000e+01
      vertex   1.841176e+01 -2.149228e+01 4.150000e+01
    endloop
  endfacet
  facet normal 0.000000e+00 0.000000e+00 1.000000e+00
    outer loop
      vertex   1.841176e+01 -2.149228e+01 4.150000e+01
      vertex   1.021793e+01 -2.134084e+01 4.150000e+01
      vertex   1.184323e+01 -2.161368e+01 4.150000e+01
    endloop
  endfacet
  facet normal 0.000000e+00 0.000000e+00 1.000000e+00
    outer loop
      vertex   1.841176e+01 -2.149228e+01 4.150000e+01
      vertex   1.184323e+01 -2.161368e+01 4.150000e+01
      vertex   1.677749e+01 -2.170487e+01 4.150000e+01
    endloop
  endfacet
  facet normal 0.000000e+00 0.000000e+00 1.000000e+00
    outer loop
      vertex   1.677749e+01 -2.170487e+01 4.150000e+01
      vertex   1.184323e+01 -2.161368e+01 4.150000e+01
      vertex   1.348423e+01 -2.176574e+01 4.150000e+01
    endloop
  endfacet
  facet normal 0.000000e+00 0.000000e+00 1.000000e+00
    outer loop
      vertex   1.677749e+01 -2.170487e+01 4.150000e+01
      vertex   1.348423e+01 -2.176574e+01 4.150000e+01
      vertex   1.513199e+01 -2.179619e+01 4.150000e+01
    endloop
  endfacet
  facet normal 0.000000e+00 0.000000e+00 1.000000e+00
    outer loop
      vertex   -7.564861e+00 1.324018e+00 4.150000e+01
      vertex   3.695901e+01 2.146911e+00 4.150000e+01
      vertex   -7.443149e+00 2.967555e+00 4.150000e+01
    endloop
  endfacet
  facet normal -0.000000e+00 0.000000e+00 1.000000e+00
    outer loop
      vertex   -7.443149e+00 2.967555e+00 4.150000e+01
      vertex   3.695901e+01 2.146911e+00 4.150000e+01
      vertex   3.677665e+01 3.784828e+00 4.150000e+01
    endloop
  endfacet
  facet normal 0.000000e+00 0.000000e+00 1.000000e+00
    outer loop
      vertex   -7.443149e+00 2.967555e+00 4.150000e+01
      vertex   3.677665e+01 3.784828e+00 4.150000e+01
      vertex   -7.200391e+00 4.597614e+00 4.150000e+01
    endloop
  endfacet
  facet normal -0.000000e+00 0.000000e+00 1.000000e+00
    outer loop
      vertex   -7.200391e+00 4.597614e+00 4.150000e+01
      vertex   3.677665e+01 3.784828e+00 4.150000e+01
      vertex   3.647383e+01 5.404804e+00 4.150000e+01
    endloop
  endfacet
  facet normal 0.000000e+00 0.000000e+00 1.000000e+00
    outer loop
      vertex   -7.200391e+00 4.597614e+00 4.150000e+01
      vertex   3.647383e+01 5.404804e+00 4.150000e+01
      vertex   3.605219e+01 6.997991e+00 4.150000e+01
    endloop
  endfacet
  facet normal 0.000000e+00 0.000000e+00 1.000000e+00
    outer loop
      vertex   3.605219e+01 6.997991e+00 4.150000e+01
      vertex   3.551404e+01 8.555689e+00 4.150000e+01
      vertex   -7.200391e+00 4.597614e+00 4.150000e+01
    endloop
  endfacet
  facet normal 0.000000e+00 0.000000e+00 1.000000e+00
    outer loop
      vertex   -7.200391e+00 4.597614e+00 4.150000e+01
      vertex   3.551404e+01 8.555689e+00 4.150000e+01
      vertex   3.486232e+01 1.006939e+01 4.150000e+01
    endloop
  endfacet
  facet normal 0.000000e+00 0.000000e+00 1.000000e+00
    outer loop
      vertex   -7.200391e+00 4.597614e+00 4.150000e+01
      vertex   3.486232e+01 1.006939e+01 4.150000e+01
      vertex   3.410059e+01 1.153083e+01 4.150000e+01
    endloop
  endfacet
  facet normal 0.000000e+00 0.000000e+00 1.000000e+00
    outer loop
      vertex   3.410059e+01 1.153083e+01 4.150000e+01
      vertex   3.323301e+01 1.293201e+01 4.150000e+01
      vertex   -7.200391e+00 4.597614e+00 4.150000e+01
    endloop
  endfacet
  facet normal 0.000000e+00 0.000000e+00 1.000000e+00
    outer loop
      vertex   -7.200391e+00 4.597614e+00 4.150000e+01
      vertex   3.323301e+01 1.293201e+01 4.150000e+01
      vertex   3.226432e+01 1.426530e+01 4.150000e+01
    endloop
  endfacet
  facet normal 0.000000e+00 0.000000e+00 1.000000e+00
    outer loop
      vertex   -7.200391e+00 4.597614e+00 4.150000e+01
      vertex   3.226432e+01 1.426530e+01 4.150000e+01
      vertex   3.119981e+01 1.552341e+01 4.150000e+01
    endloop
  endfacet
  facet normal 0.000000e+00 0.000000e+00 1.000000e+00
    outer loop
      vertex   3.119981e+01 1.552341e+01 4.150000e+01
      vertex   3.004529e+01 1.669947e+01 4.150000e+01
      vertex   -7.200391e+00 4.597614e+00 4.150000e+01
    endloop
  endfacet
  facet normal 0.000000e+00 0.000000e+00 1.000000e+00
    outer loop
      vertex   -7.200391e+00 4.597614e+00 4.150000e+01
      vertex   3.004529e+01 1.669947e+01 4.150000e+01
      vertex   2.880706e+01 1.778705e+01 4.150000e+01
    endloop
  endfacet
  facet normal 0.000000e+00 0.000000e+00 1.000000e+00
    outer loop
      vertex   -7.200391e+00 4.597614e+00 4.150000e+01
      vertex   2.880706e+01 1.778705e+01 4.150000e+01
      vertex   2.749190e+01 1.878021e+01 4.150000e+01
    endloop
  endfacet
  facet normal 0.000000e+00 0.000000e+00 1.000000e+00
    outer loop
      vertex   2.749190e+01 1.878021e+01 4.150000e+01
      vertex   2.610699e+01 1.967354e+01 4.150000e+01
      vertex   -7.200391e+00 4.597614e+00 4.150000e+01
    endloop
  endfacet
  facet normal 0.000000e+00 0.000000e+00 1.000000e+00
    outer loop
      vertex   -7.200391e+00 4.597614e+00 4.150000e+01
      vertex   2.610699e+01 1.967354e+01 4.150000e+01
      vertex   2.465987e+01 2.046214e+01 4.150000e+01
    endloop
  endfacet
  facet normal 0.000000e+00 0.000000e+00 1.000000e+00
    outer loop
      vertex   -7.200391e+00 4.597614e+00 4.150000e+01
      vertex   2.465987e+01 2.046214e+01 4.150000e+01
      vertex   2.315848e+01 2.114172e+01 4.150000e+01
    endloop
  endfacet
  facet normal 0.000000e+00 0.000000e+00 1.000000e+00
    outer loop
      vertex   2.315848e+01 2.114172e+01 4.150000e+01
      vertex   2.161099e+01 2.170856e+01 4.150000e+01
      vertex   -7.200391e+00 4.597614e+00 4.150000e+01
    endloop
  endfacet
  facet normal 0.000000e+00 0.000000e+00 1.000000e+00
    outer loop
      vertex   -7.200391e+00 4.597614e+00 4.150000e+01
      vertex   2.161099e+01 2.170856e+01 4.150000e+01
      vertex   2.002586e+01 2.215957e+01 4.150000e+01
    endloop
  endfacet
  facet normal 0.000000e+00 0.000000e+00 1.000000e+00
    outer loop
      vertex   -7.200391e+00 4.597614e+00 4.150000e+01
      vertex   2.002586e+01 2.215957e+01 4.150000e+01
      vertex   1.841176e+01 2.249228e+01 4.150000e+01
    endloop
  endfacet
  facet normal 0.000000e+00 0.000000e+00 1.000000e+00
    outer loop
      vertex   1.841176e+01 2.249228e+01 4.150000e+01
      vertex   1.677749e+01 2.270487e+01 4.150000e+01
      vertex   -7.200391e+00 4.597614e+00 4.150000e+01
    endloop
  endfacet
  facet normal 0.000000e+00 0.000000e+00 1.000000e+00
    outer loop
      vertex   -7.200391e+00 4.597614e+00 4.150000e+01
      vertex   1.677749e+01 2.270487e+01 4.150000e+01
      vertex   1.513199e+01 2.279619e+01 4.150000e+01
    endloop
  endfacet
  facet normal 0.000000e+00 0.000000e+00 1.000000e+00
    outer loop
      vertex   -7.200391e+00 4.597614e+00 4.150000e+01
      vertex   1.513199e+01 2.279619e+01 4.150000e+01
      vertex   1.348423e+01 2.276574e+01 4.150000e+01
    endloop
  endfacet
  facet normal 0.000000e+00 0.000000e+00 1.000000e+00
    outer loop
      vertex   1.348423e+01 2.276574e+01 4.150000e+01
      vertex   1.184323e+01 2.261368e+01 4.150000e+01
      vertex   -7.200391e+00 4.597614e+00 4.150000e+01
    endloop
  endfacet
  facet normal 0.000000e+00 0.000000e+00 1.000000e+00
    outer loop
      vertex   -7.200391e+00 4.597614e+00 4.150000e+01
      vertex   1.184323e+01 2.261368e+01 4.150000e+01
      vertex   1.021793e+01 2.234084e+01 4.150000e+01
    endloop
  endfacet
  facet normal 0.000000e+00 0.000000e+00 1.000000e+00
    outer loop
      vertex   -7.200391e+00 4.597614e+00 4.150000e+01
      vertex   1.021793e+01 2.234084e+01 4.150000e+01
      vertex   8.617225e+00 2.194871e+01 4.150000e+01
    endloop
  endfacet
  facet normal 0.000000e+00 0.000000e+00 1.000000e+00
    outer loop
      vertex   8.617225e+00 2.194871e+01 4.150000e+01
      vertex   7.049849e+00 2.143944e+01 4.150000e+01
      vertex   -7.200391e+00 4.597614e+00 4.150000e+01
    endloop
  endfacet
  facet normal 0.000000e+00 0.000000e+00 1.000000e+00
    outer loop
      vertex   -7.200391e+00 4.597614e+00 4.150000e+01
      vertex   7.049849e+00 2.143944e+01 4.150000e+01
      vertex   5.524364e+00 2.081581e+01 4.150000e+01
    endloop
  endfacet
  facet normal 0.000000e+00 0.000000e+00 1.000000e+00
    outer loop
      vertex   -7.200391e+00 4.597614e+00 4.150000e+01
      vertex   5.524364e+00 2.081581e+01 4.150000e+01
      vertex   4.049101e+00 2.008121e+01 4.150000e+01
    endloop
  endfacet
  facet normal 0.000000e+00 0.000000e+00 1.000000e+00
    outer loop
      vertex   4.049101e+00 2.008121e+01 4.150000e+01
      vertex   2.632120e+00 1.923967e+01 4.150000e+01
      vertex   -7.200391e+00 4.597614e+00 4.150000e+01
    endloop
  endfacet
  facet normal 0.000000e+00 0.000000e+00 1.000000e+00
    outer loop
      vertex   -7.200391e+00 4.597614e+00 4.150000e+01
      vertex   2.632120e+00 1.923967e+01 4.150000e+01
      vertex   1.281157e+00 1.829578e+01 4.150000e+01
    endloop
  endfacet
  facet normal 0.000000e+00 0.000000e+00 1.000000e+00
    outer loop
      vertex   -7.200391e+00 4.597614e+00 4.150000e+01
      vertex   1.281157e+00 1.829578e+01 4.150000e+01
      vertex   3.592310e-03 1.725470e+01 4.150000e+01
    endloop
  endfacet
  facet normal 0.000000e+00 0.000000e+00 1.000000e+00
    outer loop
      vertex   3.592310e-03 1.725470e+01 4.150000e+01
      vertex   -1.193597e+00 1.612211e+01 4.150000e+01
      vertex   -7.200391e+00 4.597614e+00 4.150000e+01
    endloop
  endfacet
  facet normal 0.000000e+00 0.000000e+00 1.000000e+00
    outer loop
      vertex   -7.200391e+00 4.597614e+00 4.150000e+01
      vertex   -1.193597e+00 1.612211e+01 4.150000e+01
      vertex   -2.303872e+00 1.490420e+01 4.150000e+01
    endloop
  endfacet
  facet normal 0.000000e+00 0.000000e+00 1.000000e+00
    outer loop
      vertex   -7.200391e+00 4.597614e+00 4.150000e+01
      vertex   -2.303872e+00 1.490420e+01 4.150000e+01
      vertex   -3.321170e+00 1.360761e+01 4.150000e+01
    endloop
  endfacet
  facet normal 0.000000e+00 0.000000e+00 1.000000e+00
    outer loop
      vertex   -3.321170e+00 1.360761e+01 4.150000e+01
      vertex   -4.239933e+00 1.223944e+01 4.150000e+01
      vertex   -7.200391e+00 4.597614e+00 4.150000e+01
    endloop
  endfacet
  facet normal 0.000000e+00 0.000000e+00 1.000000e+00
    outer loop
      vertex   -7.200391e+00 4.597614e+00 4.150000e+01
      vertex   -4.239933e+00 1.223944e+01 4.150000e+01
      vertex   -5.055144e+00 1.080715e+01 4.150000e+01
    endloop
  endfacet
  facet normal 0.000000e+00 0.000000e+00 1.000000e+00
    outer loop
      vertex   -7.200391e+00 4.597614e+00 4.150000e+01
      vertex   -5.055144e+00 1.080715e+01 4.150000e+01
      vertex   -5.762350e+00 9.318562e+00 4.150000e+01
    endloop
  endfacet
  facet normal 0.000000e+00 0.000000e+00 1.000000e+00
    outer loop
      vertex   -5.762350e+00 9.318562e+00 4.150000e+01
      vertex   -6.357690e+00 7.781813e+00 4.150000e+01
      vertex   -7.200391e+00 4.597614e+00 4.150000e+01
    endloop
  endfacet
  facet normal 0.000000e+00 0.000000e+00 1.000000e+00
    outer loop
      vertex   -7.200391e+00 4.597614e+00 4.150000e+01
      vertex   -6.357690e+00 7.781813e+00 4.150000e+01
      vertex   -6.837911e+00 6.205294e+00 4.150000e+01
    endloop
  endfacet
endsolid
