solid ASCII
  facet normal -0.000000e+00 0.000000e+00 1.000000e+00
    outer loop
      vertex   -3.219941e+01 -2.182529e+01 5.904000e+01
      vertex   -3.116268e+01 -2.200630e+01 5.904000e+01
      vertex   -3.215000e+01 -2.145000e+01 5.904000e+01
    endloop
  endfacet
  facet normal -0.000000e+00 0.000000e+00 1.000000e+00
    outer loop
      vertex   -3.215000e+01 -2.145000e+01 5.904000e+01
      vertex   -3.116268e+01 -2.200630e+01 5.904000e+01
      vertex   -3.110000e+01 -2.145000e+01 5.904000e+01
    endloop
  endfacet
  facet normal 0.000000e+00 0.000000e+00 1.000000e+00
    outer loop
      vertex   -3.215000e+01 -2.145000e+01 5.904000e+01
      vertex   -3.110000e+01 -2.145000e+01 5.904000e+01
      vertex   -3.116268e+01 -2.089370e+01 5.904000e+01
    endloop
  endfacet
  facet normal 0.000000e+00 0.000000e+00 1.000000e+00
    outer loop
      vertex   -3.116268e+01 -2.200630e+01 5.904000e+01
      vertex   -3.219941e+01 -2.182529e+01 5.904000e+01
      vertex   -3.134758e+01 -2.253471e+01 5.904000e+01
    endloop
  endfacet
  facet normal 0.000000e+00 0.000000e+00 1.000000e+00
    outer loop
      vertex   -3.134758e+01 -2.253471e+01 5.904000e+01
      vertex   -3.219941e+01 -2.182529e+01 5.904000e+01
      vertex   -3.234426e+01 -2.217500e+01 5.904000e+01
    endloop
  endfacet
  facet normal 0.000000e+00 0.000000e+00 1.000000e+00
    outer loop
      vertex   -3.134758e+01 -2.253471e+01 5.904000e+01
      vertex   -3.234426e+01 -2.217500e+01 5.904000e+01
      vertex   -3.164542e+01 -2.300872e+01 5.904000e+01
    endloop
  endfacet
  facet normal 0.000000e+00 0.000000e+00 1.000000e+00
    outer loop
      vertex   -3.164542e+01 -2.300872e+01 5.904000e+01
      vertex   -3.234426e+01 -2.217500e+01 5.904000e+01
      vertex   -3.257470e+01 -2.247531e+01 5.904000e+01
    endloop
  endfacet
  facet normal 0.000000e+00 0.000000e+00 1.000000e+00
    outer loop
      vertex   -3.164542e+01 -2.300872e+01 5.904000e+01
      vertex   -3.257470e+01 -2.247531e+01 5.904000e+01
      vertex   -3.204128e+01 -2.340458e+01 5.904000e+01
    endloop
  endfacet
  facet normal 0.000000e+00 0.000000e+00 1.000000e+00
    outer loop
      vertex   -3.204128e+01 -2.340458e+01 5.904000e+01
      vertex   -3.257470e+01 -2.247531e+01 5.904000e+01
      vertex   -3.287500e+01 -2.270574e+01 5.904000e+01
    endloop
  endfacet
  facet normal 0.000000e+00 0.000000e+00 1.000000e+00
    outer loop
      vertex   -3.204128e+01 -2.340458e+01 5.904000e+01
      vertex   -3.287500e+01 -2.270574e+01 5.904000e+01
      vertex   -3.251529e+01 -2.370242e+01 5.904000e+01
    endloop
  endfacet
  facet normal 0.000000e+00 0.000000e+00 1.000000e+00
    outer loop
      vertex   -3.251529e+01 -2.370242e+01 5.904000e+01
      vertex   -3.287500e+01 -2.270574e+01 5.904000e+01
      vertex   -3.322471e+01 -2.285059e+01 5.904000e+01
    endloop
  endfacet
  facet normal 0.000000e+00 0.000000e+00 1.000000e+00
    outer loop
      vertex   -3.251529e+01 -2.370242e+01 5.904000e+01
      vertex   -3.322471e+01 -2.285059e+01 5.904000e+01
      vertex   -3.304370e+01 -2.388732e+01 5.904000e+01
    endloop
  endfacet
  facet normal 0.000000e+00 0.000000e+00 1.000000e+00
    outer loop
      vertex   -3.304370e+01 -2.388732e+01 5.904000e+01
      vertex   -3.322471e+01 -2.285059e+01 5.904000e+01
      vertex   -3.360000e+01 -2.290000e+01 5.904000e+01
    endloop
  endfacet
  facet normal 0.000000e+00 0.000000e+00 1.000000e+00
    outer loop
      vertex   -3.304370e+01 -2.388732e+01 5.904000e+01
      vertex   -3.360000e+01 -2.290000e+01 5.904000e+01
      vertex   -3.360000e+01 -2.395000e+01 5.904000e+01
    endloop
  endfacet
  facet normal 0.000000e+00 -0.000000e+00 1.000000e+00
    outer loop
      vertex   -3.360000e+01 -2.395000e+01 5.904000e+01
      vertex   -3.360000e+01 -2.290000e+01 5.904000e+01
      vertex   -3.415630e+01 -2.388732e+01 5.904000e+01
    endloop
  endfacet
  facet normal 0.000000e+00 0.000000e+00 1.000000e+00
    outer loop
      vertex   -3.415630e+01 -2.388732e+01 5.904000e+01
      vertex   -3.360000e+01 -2.290000e+01 5.904000e+01
      vertex   -3.397529e+01 -2.285059e+01 5.904000e+01
    endloop
  endfacet
  facet normal 0.000000e+00 -0.000000e+00 1.000000e+00
    outer loop
      vertex   -3.415630e+01 -2.388732e+01 5.904000e+01
      vertex   -3.397529e+01 -2.285059e+01 5.904000e+01
      vertex   -3.468471e+01 -2.370242e+01 5.904000e+01
    endloop
  endfacet
  facet normal 0.000000e+00 0.000000e+00 1.000000e+00
    outer loop
      vertex   -3.468471e+01 -2.370242e+01 5.904000e+01
      vertex   -3.397529e+01 -2.285059e+01 5.904000e+01
      vertex   -3.432500e+01 -2.270574e+01 5.904000e+01
    endloop
  endfacet
  facet normal 0.000000e+00 -0.000000e+00 1.000000e+00
    outer loop
      vertex   -3.468471e+01 -2.370242e+01 5.904000e+01
      vertex   -3.432500e+01 -2.270574e+01 5.904000e+01
      vertex   -3.515872e+01 -2.340458e+01 5.904000e+01
    endloop
  endfacet
  facet normal 0.000000e+00 0.000000e+00 1.000000e+00
    outer loop
      vertex   -3.515872e+01 -2.340458e+01 5.904000e+01
      vertex   -3.432500e+01 -2.270574e+01 5.904000e+01
      vertex   -3.462531e+01 -2.247531e+01 5.904000e+01
    endloop
  endfacet
  facet normal 0.000000e+00 -0.000000e+00 1.000000e+00
    outer loop
      vertex   -3.515872e+01 -2.340458e+01 5.904000e+01
      vertex   -3.462531e+01 -2.247531e+01 5.904000e+01
      vertex   -3.555458e+01 -2.300872e+01 5.904000e+01
    endloop
  endfacet
  facet normal 0.000000e+00 0.000000e+00 1.000000e+00
    outer loop
      vertex   -3.555458e+01 -2.300872e+01 5.904000e+01
      vertex   -3.462531e+01 -2.247531e+01 5.904000e+01
      vertex   -3.485574e+01 -2.217500e+01 5.904000e+01
    endloop
  endfacet
  facet normal 0.000000e+00 -0.000000e+00 1.000000e+00
    outer loop
      vertex   -3.555458e+01 -2.300872e+01 5.904000e+01
      vertex   -3.485574e+01 -2.217500e+01 5.904000e+01
      vertex   -3.585242e+01 -2.253471e+01 5.904000e+01
    endloop
  endfacet
  facet normal 0.000000e+00 0.000000e+00 1.000000e+00
    outer loop
      vertex   -3.585242e+01 -2.253471e+01 5.904000e+01
      vertex   -3.485574e+01 -2.217500e+01 5.904000e+01
      vertex   -3.500059e+01 -2.182529e+01 5.904000e+01
    endloop
  endfacet
  facet normal 0.000000e+00 -0.000000e+00 1.000000e+00
    outer loop
      vertex   -3.585242e+01 -2.253471e+01 5.904000e+01
      vertex   -3.500059e+01 -2.182529e+01 5.904000e+01
      vertex   -3.603732e+01 -2.200630e+01 5.904000e+01
    endloop
  endfacet
  facet normal 0.000000e+00 0.000000e+00 1.000000e+00
    outer loop
      vertex   -3.603732e+01 -2.200630e+01 5.904000e+01
      vertex   -3.500059e+01 -2.182529e+01 5.904000e+01
      vertex   -3.505000e+01 -2.145000e+01 5.904000e+01
    endloop
  endfacet
  facet normal 0.000000e+00 -0.000000e+00 1.000000e+00
    outer loop
      vertex   -3.603732e+01 -2.200630e+01 5.904000e+01
      vertex   -3.505000e+01 -2.145000e+01 5.904000e+01
      vertex   -3.610000e+01 -2.145000e+01 5.904000e+01
    endloop
  endfacet
  facet normal 0.000000e+00 0.000000e+00 1.000000e+00
    outer loop
      vertex   -3.610000e+01 -2.145000e+01 5.904000e+01
      vertex   -3.505000e+01 -2.145000e+01 5.904000e+01
      vertex   -3.603732e+01 -2.089370e+01 5.904000e+01
    endloop
  endfacet
  facet normal 0.000000e+00 0.000000e+00 1.000000e+00
    outer loop
      vertex   -3.603732e+01 -2.089370e+01 5.904000e+01
      vertex   -3.505000e+01 -2.145000e+01 5.904000e+01
      vertex   -3.500059e+01 -2.107471e+01 5.904000e+01
    endloop
  endfacet
  facet normal -0.000000e+00 0.000000e+00 1.000000e+00
    outer loop
      vertex   -3.603732e+01 -2.089370e+01 5.904000e+01
      vertex   -3.500059e+01 -2.107471e+01 5.904000e+01
      vertex   -3.585242e+01 -2.036529e+01 5.904000e+01
    endloop
  endfacet
  facet normal 0.000000e+00 0.000000e+00 1.000000e+00
    outer loop
      vertex   -3.585242e+01 -2.036529e+01 5.904000e+01
      vertex   -3.500059e+01 -2.107471e+01 5.904000e+01
      vertex   -3.485574e+01 -2.072500e+01 5.904000e+01
    endloop
  endfacet
  facet normal -0.000000e+00 0.000000e+00 1.000000e+00
    outer loop
      vertex   -3.585242e+01 -2.036529e+01 5.904000e+01
      vertex   -3.485574e+01 -2.072500e+01 5.904000e+01
      vertex   -3.555458e+01 -1.989128e+01 5.904000e+01
    endloop
  endfacet
  facet normal 0.000000e+00 0.000000e+00 1.000000e+00
    outer loop
      vertex   -3.555458e+01 -1.989128e+01 5.904000e+01
      vertex   -3.485574e+01 -2.072500e+01 5.904000e+01
      vertex   -3.462531e+01 -2.042470e+01 5.904000e+01
    endloop
  endfacet
  facet normal -0.000000e+00 0.000000e+00 1.000000e+00
    outer loop
      vertex   -3.555458e+01 -1.989128e+01 5.904000e+01
      vertex   -3.462531e+01 -2.042470e+01 5.904000e+01
      vertex   -3.515872e+01 -1.949542e+01 5.904000e+01
    endloop
  endfacet
  facet normal 0.000000e+00 0.000000e+00 1.000000e+00
    outer loop
      vertex   -3.515872e+01 -1.949542e+01 5.904000e+01
      vertex   -3.462531e+01 -2.042470e+01 5.904000e+01
      vertex   -3.432500e+01 -2.019426e+01 5.904000e+01
    endloop
  endfacet
  facet normal -0.000000e+00 0.000000e+00 1.000000e+00
    outer loop
      vertex   -3.515872e+01 -1.949542e+01 5.904000e+01
      vertex   -3.432500e+01 -2.019426e+01 5.904000e+01
      vertex   -3.468471e+01 -1.919758e+01 5.904000e+01
    endloop
  endfacet
  facet normal 0.000000e+00 0.000000e+00 1.000000e+00
    outer loop
      vertex   -3.468471e+01 -1.919758e+01 5.904000e+01
      vertex   -3.432500e+01 -2.019426e+01 5.904000e+01
      vertex   -3.397529e+01 -2.004941e+01 5.904000e+01
    endloop
  endfacet
  facet normal -0.000000e+00 0.000000e+00 1.000000e+00
    outer loop
      vertex   -3.468471e+01 -1.919758e+01 5.904000e+01
      vertex   -3.397529e+01 -2.004941e+01 5.904000e+01
      vertex   -3.415630e+01 -1.901268e+01 5.904000e+01
    endloop
  endfacet
  facet normal 0.000000e+00 0.000000e+00 1.000000e+00
    outer loop
      vertex   -3.415630e+01 -1.901268e+01 5.904000e+01
      vertex   -3.397529e+01 -2.004941e+01 5.904000e+01
      vertex   -3.360000e+01 -2.000000e+01 5.904000e+01
    endloop
  endfacet
  facet normal -0.000000e+00 0.000000e+00 1.000000e+00
    outer loop
      vertex   -3.415630e+01 -1.901268e+01 5.904000e+01
      vertex   -3.360000e+01 -2.000000e+01 5.904000e+01
      vertex   -3.360000e+01 -1.895000e+01 5.904000e+01
    endloop
  endfacet
  facet normal 0.000000e+00 0.000000e+00 1.000000e+00
    outer loop
      vertex   -3.360000e+01 -1.895000e+01 5.904000e+01
      vertex   -3.360000e+01 -2.000000e+01 5.904000e+01
      vertex   -3.304370e+01 -1.901268e+01 5.904000e+01
    endloop
  endfacet
  facet normal 0.000000e+00 0.000000e+00 1.000000e+00
    outer loop
      vertex   -3.304370e+01 -1.901268e+01 5.904000e+01
      vertex   -3.360000e+01 -2.000000e+01 5.904000e+01
      vertex   -3.322471e+01 -2.004941e+01 5.904000e+01
    endloop
  endfacet
  facet normal 0.000000e+00 0.000000e+00 1.000000e+00
    outer loop
      vertex   -3.304370e+01 -1.901268e+01 5.904000e+01
      vertex   -3.322471e+01 -2.004941e+01 5.904000e+01
      vertex   -3.251529e+01 -1.919758e+01 5.904000e+01
    endloop
  endfacet
  facet normal 0.000000e+00 0.000000e+00 1.000000e+00
    outer loop
      vertex   -3.251529e+01 -1.919758e+01 5.904000e+01
      vertex   -3.322471e+01 -2.004941e+01 5.904000e+01
      vertex   -3.287500e+01 -2.019426e+01 5.904000e+01
    endloop
  endfacet
  facet normal 0.000000e+00 0.000000e+00 1.000000e+00
    outer loop
      vertex   -3.251529e+01 -1.919758e+01 5.904000e+01
      vertex   -3.287500e+01 -2.019426e+01 5.904000e+01
      vertex   -3.204128e+01 -1.949542e+01 5.904000e+01
    endloop
  endfacet
  facet normal 0.000000e+00 0.000000e+00 1.000000e+00
    outer loop
      vertex   -3.204128e+01 -1.949542e+01 5.904000e+01
      vertex   -3.287500e+01 -2.019426e+01 5.904000e+01
      vertex   -3.257470e+01 -2.042470e+01 5.904000e+01
    endloop
  endfacet
  facet normal 0.000000e+00 0.000000e+00 1.000000e+00
    outer loop
      vertex   -3.204128e+01 -1.949542e+01 5.904000e+01
      vertex   -3.257470e+01 -2.042470e+01 5.904000e+01
      vertex   -3.164542e+01 -1.989128e+01 5.904000e+01
    endloop
  endfacet
  facet normal 0.000000e+00 0.000000e+00 1.000000e+00
    outer loop
      vertex   -3.164542e+01 -1.989128e+01 5.904000e+01
      vertex   -3.257470e+01 -2.042470e+01 5.904000e+01
      vertex   -3.234426e+01 -2.072500e+01 5.904000e+01
    endloop
  endfacet
  facet normal 0.000000e+00 0.000000e+00 1.000000e+00
    outer loop
      vertex   -3.164542e+01 -1.989128e+01 5.904000e+01
      vertex   -3.234426e+01 -2.072500e+01 5.904000e+01
      vertex   -3.134758e+01 -2.036529e+01 5.904000e+01
    endloop
  endfacet
  facet normal 0.000000e+00 0.000000e+00 1.000000e+00
    outer loop
      vertex   -3.134758e+01 -2.036529e+01 5.904000e+01
      vertex   -3.234426e+01 -2.072500e+01 5.904000e+01
      vertex   -3.219941e+01 -2.107471e+01 5.904000e+01
    endloop
  endfacet
  facet normal 0.000000e+00 0.000000e+00 1.000000e+00
    outer loop
      vertex   -3.134758e+01 -2.036529e+01 5.904000e+01
      vertex   -3.219941e+01 -2.107471e+01 5.904000e+01
      vertex   -3.116268e+01 -2.089370e+01 5.904000e+01
    endloop
  endfacet
  facet normal 0.000000e+00 0.000000e+00 1.000000e+00
    outer loop
      vertex   -3.116268e+01 -2.089370e+01 5.904000e+01
      vertex   -3.219941e+01 -2.107471e+01 5.904000e+01
      vertex   -3.215000e+01 -2.145000e+01 5.904000e+01
    endloop
  endfacet
  facet normal -9.937122e-01 -1.119645e-01 -0.000000e+00
    outer loop
      vertex   -3.116268e+01 -2.089370e+01 5.954000e+01
      vertex   -3.116268e+01 -2.089370e+01 5.904000e+01
      vertex   -3.110000e+01 -2.145000e+01 5.954000e+01
    endloop
  endfacet
  facet normal -9.937122e-01 -1.119645e-01 -0.000000e+00
    outer loop
      vertex   -3.110000e+01 -2.145000e+01 5.954000e+01
      vertex   -3.116268e+01 -2.089370e+01 5.904000e+01
      vertex   -3.110000e+01 -2.145000e+01 5.904000e+01
    endloop
  endfacet
  facet normal -9.937122e-01 1.119645e-01 0.000000e+00
    outer loop
      vertex   -3.110000e+01 -2.145000e+01 5.954000e+01
      vertex   -3.110000e+01 -2.145000e+01 5.904000e+01
      vertex   -3.116268e+01 -2.200630e+01 5.954000e+01
    endloop
  endfacet
  facet normal -9.937122e-01 1.119645e-01 0.000000e+00
    outer loop
      vertex   -3.116268e+01 -2.200630e+01 5.954000e+01
      vertex   -3.110000e+01 -2.145000e+01 5.904000e+01
      vertex   -3.116268e+01 -2.200630e+01 5.904000e+01
    endloop
  endfacet
  facet normal -9.438833e-01 3.302791e-01 0.000000e+00
    outer loop
      vertex   -3.116268e+01 -2.200630e+01 5.954000e+01
      vertex   -3.116268e+01 -2.200630e+01 5.904000e+01
      vertex   -3.134758e+01 -2.253471e+01 5.904000e+01
    endloop
  endfacet
  facet normal -9.438833e-01 -3.302791e-01 -0.000000e+00
    outer loop
      vertex   -3.116268e+01 -2.089370e+01 5.954000e+01
      vertex   -3.134758e+01 -2.036529e+01 5.954000e+01
      vertex   -3.116268e+01 -2.089370e+01 5.904000e+01
    endloop
  endfacet
  facet normal -9.438833e-01 -3.302791e-01 0.000000e+00
    outer loop
      vertex   -3.116268e+01 -2.089370e+01 5.904000e+01
      vertex   -3.134758e+01 -2.036529e+01 5.954000e+01
      vertex   -3.134758e+01 -2.036529e+01 5.904000e+01
    endloop
  endfacet
  facet normal -8.467242e-01 -5.320321e-01 0.000000e+00
    outer loop
      vertex   -3.134758e+01 -2.036529e+01 5.904000e+01
      vertex   -3.134758e+01 -2.036529e+01 5.954000e+01
      vertex   -3.164542e+01 -1.989128e+01 5.954000e+01
    endloop
  endfacet
  facet normal -8.467242e-01 -5.320321e-01 0.000000e+00
    outer loop
      vertex   -3.134758e+01 -2.036529e+01 5.904000e+01
      vertex   -3.164542e+01 -1.989128e+01 5.954000e+01
      vertex   -3.164542e+01 -1.989128e+01 5.904000e+01
    endloop
  endfacet
  facet normal -7.071068e-01 -7.071068e-01 0.000000e+00
    outer loop
      vertex   -3.164542e+01 -1.989128e+01 5.904000e+01
      vertex   -3.164542e+01 -1.989128e+01 5.954000e+01
      vertex   -3.204128e+01 -1.949542e+01 5.954000e+01
    endloop
  endfacet
  facet normal -7.071068e-01 -7.071068e-01 0.000000e+00
    outer loop
      vertex   -3.164542e+01 -1.989128e+01 5.904000e+01
      vertex   -3.204128e+01 -1.949542e+01 5.954000e+01
      vertex   -3.204128e+01 -1.949542e+01 5.904000e+01
    endloop
  endfacet
  facet normal -5.320321e-01 -8.467242e-01 0.000000e+00
    outer loop
      vertex   -3.204128e+01 -1.949542e+01 5.904000e+01
      vertex   -3.204128e+01 -1.949542e+01 5.954000e+01
      vertex   -3.251529e+01 -1.919758e+01 5.954000e+01
    endloop
  endfacet
  facet normal -5.320321e-01 -8.467242e-01 0.000000e+00
    outer loop
      vertex   -3.204128e+01 -1.949542e+01 5.904000e+01
      vertex   -3.251529e+01 -1.919758e+01 5.954000e+01
      vertex   -3.251529e+01 -1.919758e+01 5.904000e+01
    endloop
  endfacet
  facet normal -3.302791e-01 -9.438833e-01 0.000000e+00
    outer loop
      vertex   -3.251529e+01 -1.919758e+01 5.904000e+01
      vertex   -3.251529e+01 -1.919758e+01 5.954000e+01
      vertex   -3.304370e+01 -1.901268e+01 5.954000e+01
    endloop
  endfacet
  facet normal -3.302791e-01 -9.438833e-01 0.000000e+00
    outer loop
      vertex   -3.251529e+01 -1.919758e+01 5.904000e+01
      vertex   -3.304370e+01 -1.901268e+01 5.954000e+01
      vertex   -3.304370e+01 -1.901268e+01 5.904000e+01
    endloop
  endfacet
  facet normal -1.119645e-01 -9.937122e-01 0.000000e+00
    outer loop
      vertex   -3.304370e+01 -1.901268e+01 5.904000e+01
      vertex   -3.304370e+01 -1.901268e+01 5.954000e+01
      vertex   -3.360000e+01 -1.895000e+01 5.954000e+01
    endloop
  endfacet
  facet normal -1.119645e-01 -9.937122e-01 0.000000e+00
    outer loop
      vertex   -3.304370e+01 -1.901268e+01 5.904000e+01
      vertex   -3.360000e+01 -1.895000e+01 5.954000e+01
      vertex   -3.360000e+01 -1.895000e+01 5.904000e+01
    endloop
  endfacet
  facet normal 1.119645e-01 -9.937122e-01 0.000000e+00
    outer loop
      vertex   -3.360000e+01 -1.895000e+01 5.904000e+01
      vertex   -3.360000e+01 -1.895000e+01 5.954000e+01
      vertex   -3.415630e+01 -1.901268e+01 5.954000e+01
    endloop
  endfacet
  facet normal 1.119645e-01 -9.937122e-01 0.000000e+00
    outer loop
      vertex   -3.360000e+01 -1.895000e+01 5.904000e+01
      vertex   -3.415630e+01 -1.901268e+01 5.954000e+01
      vertex   -3.415630e+01 -1.901268e+01 5.904000e+01
    endloop
  endfacet
  facet normal 3.302791e-01 -9.438833e-01 0.000000e+00
    outer loop
      vertex   -3.415630e+01 -1.901268e+01 5.904000e+01
      vertex   -3.415630e+01 -1.901268e+01 5.954000e+01
      vertex   -3.468471e+01 -1.919758e+01 5.954000e+01
    endloop
  endfacet
  facet normal 3.302791e-01 -9.438833e-01 0.000000e+00
    outer loop
      vertex   -3.415630e+01 -1.901268e+01 5.904000e+01
      vertex   -3.468471e+01 -1.919758e+01 5.954000e+01
      vertex   -3.468471e+01 -1.919758e+01 5.904000e+01
    endloop
  endfacet
  facet normal 5.320321e-01 -8.467242e-01 0.000000e+00
    outer loop
      vertex   -3.468471e+01 -1.919758e+01 5.904000e+01
      vertex   -3.468471e+01 -1.919758e+01 5.954000e+01
      vertex   -3.515872e+01 -1.949542e+01 5.954000e+01
    endloop
  endfacet
  facet normal 5.320321e-01 -8.467242e-01 0.000000e+00
    outer loop
      vertex   -3.468471e+01 -1.919758e+01 5.904000e+01
      vertex   -3.515872e+01 -1.949542e+01 5.954000e+01
      vertex   -3.515872e+01 -1.949542e+01 5.904000e+01
    endloop
  endfacet
  facet normal 7.071068e-01 -7.071068e-01 0.000000e+00
    outer loop
      vertex   -3.515872e+01 -1.949542e+01 5.904000e+01
      vertex   -3.515872e+01 -1.949542e+01 5.954000e+01
      vertex   -3.555458e+01 -1.989128e+01 5.954000e+01
    endloop
  endfacet
  facet normal 7.071068e-01 -7.071068e-01 0.000000e+00
    outer loop
      vertex   -3.515872e+01 -1.949542e+01 5.904000e+01
      vertex   -3.555458e+01 -1.989128e+01 5.954000e+01
      vertex   -3.555458e+01 -1.989128e+01 5.904000e+01
    endloop
  endfacet
  facet normal 8.467242e-01 -5.320321e-01 0.000000e+00
    outer loop
      vertex   -3.555458e+01 -1.989128e+01 5.904000e+01
      vertex   -3.555458e+01 -1.989128e+01 5.954000e+01
      vertex   -3.585242e+01 -2.036529e+01 5.954000e+01
    endloop
  endfacet
  facet normal 8.467242e-01 -5.320321e-01 0.000000e+00
    outer loop
      vertex   -3.555458e+01 -1.989128e+01 5.904000e+01
      vertex   -3.585242e+01 -2.036529e+01 5.954000e+01
      vertex   -3.585242e+01 -2.036529e+01 5.904000e+01
    endloop
  endfacet
  facet normal 9.438833e-01 -3.302791e-01 0.000000e+00
    outer loop
      vertex   -3.585242e+01 -2.036529e+01 5.904000e+01
      vertex   -3.585242e+01 -2.036529e+01 5.954000e+01
      vertex   -3.603732e+01 -2.089370e+01 5.954000e+01
    endloop
  endfacet
  facet normal 9.438833e-01 -3.302791e-01 0.000000e+00
    outer loop
      vertex   -3.585242e+01 -2.036529e+01 5.904000e+01
      vertex   -3.603732e+01 -2.089370e+01 5.954000e+01
      vertex   -3.603732e+01 -2.089370e+01 5.904000e+01
    endloop
  endfacet
  facet normal 9.937122e-01 -1.119645e-01 0.000000e+00
    outer loop
      vertex   -3.603732e+01 -2.089370e+01 5.904000e+01
      vertex   -3.603732e+01 -2.089370e+01 5.954000e+01
      vertex   -3.610000e+01 -2.145000e+01 5.954000e+01
    endloop
  endfacet
  facet normal 9.937122e-01 -1.119645e-01 0.000000e+00
    outer loop
      vertex   -3.603732e+01 -2.089370e+01 5.904000e+01
      vertex   -3.610000e+01 -2.145000e+01 5.954000e+01
      vertex   -3.610000e+01 -2.145000e+01 5.904000e+01
    endloop
  endfacet
  facet normal 9.937122e-01 1.119645e-01 -0.000000e+00
    outer loop
      vertex   -3.610000e+01 -2.145000e+01 5.904000e+01
      vertex   -3.610000e+01 -2.145000e+01 5.954000e+01
      vertex   -3.603732e+01 -2.200630e+01 5.954000e+01
    endloop
  endfacet
  facet normal 9.937122e-01 1.119645e-01 0.000000e+00
    outer loop
      vertex   -3.610000e+01 -2.145000e+01 5.904000e+01
      vertex   -3.603732e+01 -2.200630e+01 5.954000e+01
      vertex   -3.603732e+01 -2.200630e+01 5.904000e+01
    endloop
  endfacet
  facet normal 9.438833e-01 3.302791e-01 -0.000000e+00
    outer loop
      vertex   -3.603732e+01 -2.200630e+01 5.904000e+01
      vertex   -3.603732e+01 -2.200630e+01 5.954000e+01
      vertex   -3.585242e+01 -2.253471e+01 5.954000e+01
    endloop
  endfacet
  facet normal 9.438833e-01 3.302791e-01 0.000000e+00
    outer loop
      vertex   -3.603732e+01 -2.200630e+01 5.904000e+01
      vertex   -3.585242e+01 -2.253471e+01 5.954000e+01
      vertex   -3.585242e+01 -2.253471e+01 5.904000e+01
    endloop
  endfacet
  facet normal 8.467242e-01 5.320321e-01 -0.000000e+00
    outer loop
      vertex   -3.585242e+01 -2.253471e+01 5.904000e+01
      vertex   -3.585242e+01 -2.253471e+01 5.954000e+01
      vertex   -3.555458e+01 -2.300872e+01 5.954000e+01
    endloop
  endfacet
  facet normal 8.467242e-01 5.320321e-01 0.000000e+00
    outer loop
      vertex   -3.585242e+01 -2.253471e+01 5.904000e+01
      vertex   -3.555458e+01 -2.300872e+01 5.954000e+01
      vertex   -3.555458e+01 -2.300872e+01 5.904000e+01
    endloop
  endfacet
  facet normal 7.071068e-01 7.071068e-01 -0.000000e+00
    outer loop
      vertex   -3.555458e+01 -2.300872e+01 5.904000e+01
      vertex   -3.555458e+01 -2.300872e+01 5.954000e+01
      vertex   -3.515872e+01 -2.340458e+01 5.954000e+01
    endloop
  endfacet
  facet normal 7.071068e-01 7.071068e-01 0.000000e+00
    outer loop
      vertex   -3.555458e+01 -2.300872e+01 5.904000e+01
      vertex   -3.515872e+01 -2.340458e+01 5.954000e+01
      vertex   -3.515872e+01 -2.340458e+01 5.904000e+01
    endloop
  endfacet
  facet normal 5.320321e-01 8.467242e-01 -0.000000e+00
    outer loop
      vertex   -3.515872e+01 -2.340458e+01 5.904000e+01
      vertex   -3.515872e+01 -2.340458e+01 5.954000e+01
      vertex   -3.468471e+01 -2.370242e+01 5.954000e+01
    endloop
  endfacet
  facet normal 5.320321e-01 8.467242e-01 0.000000e+00
    outer loop
      vertex   -3.515872e+01 -2.340458e+01 5.904000e+01
      vertex   -3.468471e+01 -2.370242e+01 5.954000e+01
      vertex   -3.468471e+01 -2.370242e+01 5.904000e+01
    endloop
  endfacet
  facet normal 3.302791e-01 9.438833e-01 -0.000000e+00
    outer loop
      vertex   -3.468471e+01 -2.370242e+01 5.904000e+01
      vertex   -3.468471e+01 -2.370242e+01 5.954000e+01
      vertex   -3.415630e+01 -2.388732e+01 5.954000e+01
    endloop
  endfacet
  facet normal 3.302791e-01 9.438833e-01 0.000000e+00
    outer loop
      vertex   -3.468471e+01 -2.370242e+01 5.904000e+01
      vertex   -3.415630e+01 -2.388732e+01 5.954000e+01
      vertex   -3.415630e+01 -2.388732e+01 5.904000e+01
    endloop
  endfacet
  facet normal 1.119645e-01 9.937122e-01 -0.000000e+00
    outer loop
      vertex   -3.415630e+01 -2.388732e+01 5.904000e+01
      vertex   -3.415630e+01 -2.388732e+01 5.954000e+01
      vertex   -3.360000e+01 -2.395000e+01 5.954000e+01
    endloop
  endfacet
  facet normal 1.119645e-01 9.937122e-01 0.000000e+00
    outer loop
      vertex   -3.415630e+01 -2.388732e+01 5.904000e+01
      vertex   -3.360000e+01 -2.395000e+01 5.954000e+01
      vertex   -3.360000e+01 -2.395000e+01 5.904000e+01
    endloop
  endfacet
  facet normal -1.119645e-01 9.937122e-01 0.000000e+00
    outer loop
      vertex   -3.360000e+01 -2.395000e+01 5.904000e+01
      vertex   -3.360000e+01 -2.395000e+01 5.954000e+01
      vertex   -3.304370e+01 -2.388732e+01 5.954000e+01
    endloop
  endfacet
  facet normal -1.119645e-01 9.937122e-01 0.000000e+00
    outer loop
      vertex   -3.360000e+01 -2.395000e+01 5.904000e+01
      vertex   -3.304370e+01 -2.388732e+01 5.954000e+01
      vertex   -3.304370e+01 -2.388732e+01 5.904000e+01
    endloop
  endfacet
  facet normal -3.302791e-01 9.438833e-01 0.000000e+00
    outer loop
      vertex   -3.304370e+01 -2.388732e+01 5.904000e+01
      vertex   -3.304370e+01 -2.388732e+01 5.954000e+01
      vertex   -3.251529e+01 -2.370242e+01 5.954000e+01
    endloop
  endfacet
  facet normal -3.302791e-01 9.438833e-01 0.000000e+00
    outer loop
      vertex   -3.304370e+01 -2.388732e+01 5.904000e+01
      vertex   -3.251529e+01 -2.370242e+01 5.954000e+01
      vertex   -3.251529e+01 -2.370242e+01 5.904000e+01
    endloop
  endfacet
  facet normal -5.320321e-01 8.467242e-01 0.000000e+00
    outer loop
      vertex   -3.251529e+01 -2.370242e+01 5.904000e+01
      vertex   -3.251529e+01 -2.370242e+01 5.954000e+01
      vertex   -3.204128e+01 -2.340458e+01 5.954000e+01
    endloop
  endfacet
  facet normal -5.320321e-01 8.467242e-01 0.000000e+00
    outer loop
      vertex   -3.251529e+01 -2.370242e+01 5.904000e+01
      vertex   -3.204128e+01 -2.340458e+01 5.954000e+01
      vertex   -3.204128e+01 -2.340458e+01 5.904000e+01
    endloop
  endfacet
  facet normal -7.071068e-01 7.071068e-01 0.000000e+00
    outer loop
      vertex   -3.204128e+01 -2.340458e+01 5.904000e+01
      vertex   -3.204128e+01 -2.340458e+01 5.954000e+01
      vertex   -3.164542e+01 -2.300872e+01 5.954000e+01
    endloop
  endfacet
  facet normal -7.071068e-01 7.071068e-01 0.000000e+00
    outer loop
      vertex   -3.204128e+01 -2.340458e+01 5.904000e+01
      vertex   -3.164542e+01 -2.300872e+01 5.954000e+01
      vertex   -3.164542e+01 -2.300872e+01 5.904000e+01
    endloop
  endfacet
  facet normal -8.467242e-01 5.320321e-01 0.000000e+00
    outer loop
      vertex   -3.164542e+01 -2.300872e+01 5.904000e+01
      vertex   -3.164542e+01 -2.300872e+01 5.954000e+01
      vertex   -3.134758e+01 -2.253471e+01 5.954000e+01
    endloop
  endfacet
  facet normal -8.467242e-01 5.320321e-01 0.000000e+00
    outer loop
      vertex   -3.164542e+01 -2.300872e+01 5.904000e+01
      vertex   -3.134758e+01 -2.253471e+01 5.954000e+01
      vertex   -3.134758e+01 -2.253471e+01 5.904000e+01
    endloop
  endfacet
  facet normal -9.438833e-01 3.302791e-01 0.000000e+00
    outer loop
      vertex   -3.134758e+01 -2.253471e+01 5.904000e+01
      vertex   -3.134758e+01 -2.253471e+01 5.954000e+01
      vertex   -3.116268e+01 -2.200630e+01 5.954000e+01
    endloop
  endfacet
  facet normal -0.000000e+00 0.000000e+00 1.000000e+00
    outer loop
      vertex   -3.219941e+01 3.937471e+01 5.904000e+01
      vertex   -3.116268e+01 3.919370e+01 5.904000e+01
      vertex   -3.215000e+01 3.975000e+01 5.904000e+01
    endloop
  endfacet
  facet normal -0.000000e+00 0.000000e+00 1.000000e+00
    outer loop
      vertex   -3.215000e+01 3.975000e+01 5.904000e+01
      vertex   -3.116268e+01 3.919370e+01 5.904000e+01
      vertex   -3.110000e+01 3.975000e+01 5.904000e+01
    endloop
  endfacet
  facet normal 0.000000e+00 0.000000e+00 1.000000e+00
    outer loop
      vertex   -3.215000e+01 3.975000e+01 5.904000e+01
      vertex   -3.110000e+01 3.975000e+01 5.904000e+01
      vertex   -3.116268e+01 4.030630e+01 5.904000e+01
    endloop
  endfacet
  facet normal 0.000000e+00 0.000000e+00 1.000000e+00
    outer loop
      vertex   -3.116268e+01 3.919370e+01 5.904000e+01
      vertex   -3.219941e+01 3.937471e+01 5.904000e+01
      vertex   -3.134758e+01 3.866529e+01 5.904000e+01
    endloop
  endfacet
  facet normal 0.000000e+00 0.000000e+00 1.000000e+00
    outer loop
      vertex   -3.134758e+01 3.866529e+01 5.904000e+01
      vertex   -3.219941e+01 3.937471e+01 5.904000e+01
      vertex   -3.234426e+01 3.902500e+01 5.904000e+01
    endloop
  endfacet
  facet normal 0.000000e+00 0.000000e+00 1.000000e+00
    outer loop
      vertex   -3.134758e+01 3.866529e+01 5.904000e+01
      vertex   -3.234426e+01 3.902500e+01 5.904000e+01
      vertex   -3.164542e+01 3.819128e+01 5.904000e+01
    endloop
  endfacet
  facet normal 0.000000e+00 0.000000e+00 1.000000e+00
    outer loop
      vertex   -3.164542e+01 3.819128e+01 5.904000e+01
      vertex   -3.234426e+01 3.902500e+01 5.904000e+01
      vertex   -3.257470e+01 3.872470e+01 5.904000e+01
    endloop
  endfacet
  facet normal 0.000000e+00 0.000000e+00 1.000000e+00
    outer loop
      vertex   -3.164542e+01 3.819128e+01 5.904000e+01
      vertex   -3.257470e+01 3.872470e+01 5.904000e+01
      vertex   -3.204128e+01 3.779542e+01 5.904000e+01
    endloop
  endfacet
  facet normal 0.000000e+00 0.000000e+00 1.000000e+00
    outer loop
      vertex   -3.204128e+01 3.779542e+01 5.904000e+01
      vertex   -3.257470e+01 3.872470e+01 5.904000e+01
      vertex   -3.287500e+01 3.849426e+01 5.904000e+01
    endloop
  endfacet
  facet normal 0.000000e+00 0.000000e+00 1.000000e+00
    outer loop
      vertex   -3.204128e+01 3.779542e+01 5.904000e+01
      vertex   -3.287500e+01 3.849426e+01 5.904000e+01
      vertex   -3.251529e+01 3.749758e+01 5.904000e+01
    endloop
  endfacet
  facet normal 0.000000e+00 0.000000e+00 1.000000e+00
    outer loop
      vertex   -3.251529e+01 3.749758e+01 5.904000e+01
      vertex   -3.287500e+01 3.849426e+01 5.904000e+01
      vertex   -3.322471e+01 3.834941e+01 5.904000e+01
    endloop
  endfacet
  facet normal 0.000000e+00 0.000000e+00 1.000000e+00
    outer loop
      vertex   -3.251529e+01 3.749758e+01 5.904000e+01
      vertex   -3.322471e+01 3.834941e+01 5.904000e+01
      vertex   -3.304370e+01 3.731268e+01 5.904000e+01
    endloop
  endfacet
  facet normal 0.000000e+00 0.000000e+00 1.000000e+00
    outer loop
      vertex   -3.304370e+01 3.731268e+01 5.904000e+01
      vertex   -3.322471e+01 3.834941e+01 5.904000e+01
      vertex   -3.360000e+01 3.830000e+01 5.904000e+01
    endloop
  endfacet
  facet normal 0.000000e+00 0.000000e+00 1.000000e+00
    outer loop
      vertex   -3.304370e+01 3.731268e+01 5.904000e+01
      vertex   -3.360000e+01 3.830000e+01 5.904000e+01
      vertex   -3.360000e+01 3.725000e+01 5.904000e+01
    endloop
  endfacet
  facet normal 0.000000e+00 -0.000000e+00 1.000000e+00
    outer loop
      vertex   -3.360000e+01 3.725000e+01 5.904000e+01
      vertex   -3.360000e+01 3.830000e+01 5.904000e+01
      vertex   -3.415630e+01 3.731268e+01 5.904000e+01
    endloop
  endfacet
  facet normal 0.000000e+00 0.000000e+00 1.000000e+00
    outer loop
      vertex   -3.415630e+01 3.731268e+01 5.904000e+01
      vertex   -3.360000e+01 3.830000e+01 5.904000e+01
      vertex   -3.397529e+01 3.834941e+01 5.904000e+01
    endloop
  endfacet
  facet normal 0.000000e+00 -0.000000e+00 1.000000e+00
    outer loop
      vertex   -3.415630e+01 3.731268e+01 5.904000e+01
      vertex   -3.397529e+01 3.834941e+01 5.904000e+01
      vertex   -3.468471e+01 3.749758e+01 5.904000e+01
    endloop
  endfacet
  facet normal 0.000000e+00 0.000000e+00 1.000000e+00
    outer loop
      vertex   -3.468471e+01 3.749758e+01 5.904000e+01
      vertex   -3.397529e+01 3.834941e+01 5.904000e+01
      vertex   -3.432500e+01 3.849426e+01 5.904000e+01
    endloop
  endfacet
  facet normal 0.000000e+00 -0.000000e+00 1.000000e+00
    outer loop
      vertex   -3.468471e+01 3.749758e+01 5.904000e+01
      vertex   -3.432500e+01 3.849426e+01 5.904000e+01
      vertex   -3.515872e+01 3.779542e+01 5.904000e+01
    endloop
  endfacet
  facet normal 0.000000e+00 0.000000e+00 1.000000e+00
    outer loop
      vertex   -3.515872e+01 3.779542e+01 5.904000e+01
      vertex   -3.432500e+01 3.849426e+01 5.904000e+01
      vertex   -3.462531e+01 3.872470e+01 5.904000e+01
    endloop
  endfacet
  facet normal 0.000000e+00 -0.000000e+00 1.000000e+00
    outer loop
      vertex   -3.515872e+01 3.779542e+01 5.904000e+01
      vertex   -3.462531e+01 3.872470e+01 5.904000e+01
      vertex   -3.555458e+01 3.819128e+01 5.904000e+01
    endloop
  endfacet
  facet normal 0.000000e+00 0.000000e+00 1.000000e+00
    outer loop
      vertex   -3.555458e+01 3.819128e+01 5.904000e+01
      vertex   -3.462531e+01 3.872470e+01 5.904000e+01
      vertex   -3.485574e+01 3.902500e+01 5.904000e+01
    endloop
  endfacet
  facet normal 0.000000e+00 -0.000000e+00 1.000000e+00
    outer loop
      vertex   -3.555458e+01 3.819128e+01 5.904000e+01
      vertex   -3.485574e+01 3.902500e+01 5.904000e+01
      vertex   -3.585242e+01 3.866529e+01 5.904000e+01
    endloop
  endfacet
  facet normal 0.000000e+00 0.000000e+00 1.000000e+00
    outer loop
      vertex   -3.585242e+01 3.866529e+01 5.904000e+01
      vertex   -3.485574e+01 3.902500e+01 5.904000e+01
      vertex   -3.500059e+01 3.937471e+01 5.904000e+01
    endloop
  endfacet
  facet normal 0.000000e+00 -0.000000e+00 1.000000e+00
    outer loop
      vertex   -3.585242e+01 3.866529e+01 5.904000e+01
      vertex   -3.500059e+01 3.937471e+01 5.904000e+01
      vertex   -3.603732e+01 3.919370e+01 5.904000e+01
    endloop
  endfacet
  facet normal 0.000000e+00 0.000000e+00 1.000000e+00
    outer loop
      vertex   -3.603732e+01 3.919370e+01 5.904000e+01
      vertex   -3.500059e+01 3.937471e+01 5.904000e+01
      vertex   -3.505000e+01 3.975000e+01 5.904000e+01
    endloop
  endfacet
  facet normal 0.000000e+00 -0.000000e+00 1.000000e+00
    outer loop
      vertex   -3.603732e+01 3.919370e+01 5.904000e+01
      vertex   -3.505000e+01 3.975000e+01 5.904000e+01
      vertex   -3.610000e+01 3.975000e+01 5.904000e+01
    endloop
  endfacet
  facet normal 0.000000e+00 0.000000e+00 1.000000e+00
    outer loop
      vertex   -3.610000e+01 3.975000e+01 5.904000e+01
      vertex   -3.505000e+01 3.975000e+01 5.904000e+01
      vertex   -3.603732e+01 4.030630e+01 5.904000e+01
    endloop
  endfacet
  facet normal 0.000000e+00 0.000000e+00 1.000000e+00
    outer loop
      vertex   -3.603732e+01 4.030630e+01 5.904000e+01
      vertex   -3.505000e+01 3.975000e+01 5.904000e+01
      vertex   -3.500059e+01 4.012529e+01 5.904000e+01
    endloop
  endfacet
  facet normal -0.000000e+00 0.000000e+00 1.000000e+00
    outer loop
      vertex   -3.603732e+01 4.030630e+01 5.904000e+01
      vertex   -3.500059e+01 4.012529e+01 5.904000e+01
      vertex   -3.585242e+01 4.083471e+01 5.904000e+01
    endloop
  endfacet
  facet normal 0.000000e+00 0.000000e+00 1.000000e+00
    outer loop
      vertex   -3.585242e+01 4.083471e+01 5.904000e+01
      vertex   -3.500059e+01 4.012529e+01 5.904000e+01
      vertex   -3.485574e+01 4.047500e+01 5.904000e+01
    endloop
  endfacet
  facet normal -0.000000e+00 0.000000e+00 1.000000e+00
    outer loop
      vertex   -3.585242e+01 4.083471e+01 5.904000e+01
      vertex   -3.485574e+01 4.047500e+01 5.904000e+01
      vertex   -3.555458e+01 4.130872e+01 5.904000e+01
    endloop
  endfacet
  facet normal 0.000000e+00 0.000000e+00 1.000000e+00
    outer loop
      vertex   -3.555458e+01 4.130872e+01 5.904000e+01
      vertex   -3.485574e+01 4.047500e+01 5.904000e+01
      vertex   -3.462531e+01 4.077531e+01 5.904000e+01
    endloop
  endfacet
  facet normal -0.000000e+00 0.000000e+00 1.000000e+00
    outer loop
      vertex   -3.555458e+01 4.130872e+01 5.904000e+01
      vertex   -3.462531e+01 4.077531e+01 5.904000e+01
      vertex   -3.515872e+01 4.170458e+01 5.904000e+01
    endloop
  endfacet
  facet normal 0.000000e+00 0.000000e+00 1.000000e+00
    outer loop
      vertex   -3.515872e+01 4.170458e+01 5.904000e+01
      vertex   -3.462531e+01 4.077531e+01 5.904000e+01
      vertex   -3.432500e+01 4.100574e+01 5.904000e+01
    endloop
  endfacet
  facet normal -0.000000e+00 0.000000e+00 1.000000e+00
    outer loop
      vertex   -3.515872e+01 4.170458e+01 5.904000e+01
      vertex   -3.432500e+01 4.100574e+01 5.904000e+01
      vertex   -3.468471e+01 4.200242e+01 5.904000e+01
    endloop
  endfacet
  facet normal 0.000000e+00 0.000000e+00 1.000000e+00
    outer loop
      vertex   -3.468471e+01 4.200242e+01 5.904000e+01
      vertex   -3.432500e+01 4.100574e+01 5.904000e+01
      vertex   -3.397529e+01 4.115059e+01 5.904000e+01
    endloop
  endfacet
  facet normal -0.000000e+00 0.000000e+00 1.000000e+00
    outer loop
      vertex   -3.468471e+01 4.200242e+01 5.904000e+01
      vertex   -3.397529e+01 4.115059e+01 5.904000e+01
      vertex   -3.415630e+01 4.218732e+01 5.904000e+01
    endloop
  endfacet
  facet normal 0.000000e+00 0.000000e+00 1.000000e+00
    outer loop
      vertex   -3.415630e+01 4.218732e+01 5.904000e+01
      vertex   -3.397529e+01 4.115059e+01 5.904000e+01
      vertex   -3.360000e+01 4.120000e+01 5.904000e+01
    endloop
  endfacet
  facet normal -0.000000e+00 0.000000e+00 1.000000e+00
    outer loop
      vertex   -3.415630e+01 4.218732e+01 5.904000e+01
      vertex   -3.360000e+01 4.120000e+01 5.904000e+01
      vertex   -3.360000e+01 4.225000e+01 5.904000e+01
    endloop
  endfacet
  facet normal 0.000000e+00 0.000000e+00 1.000000e+00
    outer loop
      vertex   -3.360000e+01 4.225000e+01 5.904000e+01
      vertex   -3.360000e+01 4.120000e+01 5.904000e+01
      vertex   -3.304370e+01 4.218732e+01 5.904000e+01
    endloop
  endfacet
  facet normal 0.000000e+00 0.000000e+00 1.000000e+00
    outer loop
      vertex   -3.304370e+01 4.218732e+01 5.904000e+01
      vertex   -3.360000e+01 4.120000e+01 5.904000e+01
      vertex   -3.322471e+01 4.115059e+01 5.904000e+01
    endloop
  endfacet
  facet normal 0.000000e+00 0.000000e+00 1.000000e+00
    outer loop
      vertex   -3.304370e+01 4.218732e+01 5.904000e+01
      vertex   -3.322471e+01 4.115059e+01 5.904000e+01
      vertex   -3.251529e+01 4.200242e+01 5.904000e+01
    endloop
  endfacet
  facet normal 0.000000e+00 0.000000e+00 1.000000e+00
    outer loop
      vertex   -3.251529e+01 4.200242e+01 5.904000e+01
      vertex   -3.322471e+01 4.115059e+01 5.904000e+01
      vertex   -3.287500e+01 4.100574e+01 5.904000e+01
    endloop
  endfacet
  facet normal 0.000000e+00 0.000000e+00 1.000000e+00
    outer loop
      vertex   -3.251529e+01 4.200242e+01 5.904000e+01
      vertex   -3.287500e+01 4.100574e+01 5.904000e+01
      vertex   -3.204128e+01 4.170458e+01 5.904000e+01
    endloop
  endfacet
  facet normal 0.000000e+00 0.000000e+00 1.000000e+00
    outer loop
      vertex   -3.204128e+01 4.170458e+01 5.904000e+01
      vertex   -3.287500e+01 4.100574e+01 5.904000e+01
      vertex   -3.257470e+01 4.077531e+01 5.904000e+01
    endloop
  endfacet
  facet normal 0.000000e+00 0.000000e+00 1.000000e+00
    outer loop
      vertex   -3.204128e+01 4.170458e+01 5.904000e+01
      vertex   -3.257470e+01 4.077531e+01 5.904000e+01
      vertex   -3.164542e+01 4.130872e+01 5.904000e+01
    endloop
  endfacet
  facet normal 0.000000e+00 0.000000e+00 1.000000e+00
    outer loop
      vertex   -3.164542e+01 4.130872e+01 5.904000e+01
      vertex   -3.257470e+01 4.077531e+01 5.904000e+01
      vertex   -3.234426e+01 4.047500e+01 5.904000e+01
    endloop
  endfacet
  facet normal 0.000000e+00 0.000000e+00 1.000000e+00
    outer loop
      vertex   -3.164542e+01 4.130872e+01 5.904000e+01
      vertex   -3.234426e+01 4.047500e+01 5.904000e+01
      vertex   -3.134758e+01 4.083471e+01 5.904000e+01
    endloop
  endfacet
  facet normal 0.000000e+00 0.000000e+00 1.000000e+00
    outer loop
      vertex   -3.134758e+01 4.083471e+01 5.904000e+01
      vertex   -3.234426e+01 4.047500e+01 5.904000e+01
      vertex   -3.219941e+01 4.012529e+01 5.904000e+01
    endloop
  endfacet
  facet normal 0.000000e+00 0.000000e+00 1.000000e+00
    outer loop
      vertex   -3.134758e+01 4.083471e+01 5.904000e+01
      vertex   -3.219941e+01 4.012529e+01 5.904000e+01
      vertex   -3.116268e+01 4.030630e+01 5.904000e+01
    endloop
  endfacet
  facet normal 0.000000e+00 0.000000e+00 1.000000e+00
    outer loop
      vertex   -3.116268e+01 4.030630e+01 5.904000e+01
      vertex   -3.219941e+01 4.012529e+01 5.904000e+01
      vertex   -3.215000e+01 3.975000e+01 5.904000e+01
    endloop
  endfacet
  facet normal -9.937122e-01 -1.119645e-01 -0.000000e+00
    outer loop
      vertex   -3.116268e+01 4.030630e+01 5.954000e+01
      vertex   -3.116268e+01 4.030630e+01 5.904000e+01
      vertex   -3.110000e+01 3.975000e+01 5.954000e+01
    endloop
  endfacet
  facet normal -9.937122e-01 -1.119645e-01 -0.000000e+00
    outer loop
      vertex   -3.110000e+01 3.975000e+01 5.954000e+01
      vertex   -3.116268e+01 4.030630e+01 5.904000e+01
      vertex   -3.110000e+01 3.975000e+01 5.904000e+01
    endloop
  endfacet
  facet normal -9.937122e-01 1.119645e-01 0.000000e+00
    outer loop
      vertex   -3.110000e+01 3.975000e+01 5.954000e+01
      vertex   -3.110000e+01 3.975000e+01 5.904000e+01
      vertex   -3.116268e+01 3.919370e+01 5.954000e+01
    endloop
  endfacet
  facet normal -9.937122e-01 1.119645e-01 0.000000e+00
    outer loop
      vertex   -3.116268e+01 3.919370e+01 5.954000e+01
      vertex   -3.110000e+01 3.975000e+01 5.904000e+01
      vertex   -3.116268e+01 3.919370e+01 5.904000e+01
    endloop
  endfacet
  facet normal -9.438833e-01 3.302791e-01 0.000000e+00
    outer loop
      vertex   -3.116268e+01 3.919370e+01 5.954000e+01
      vertex   -3.116268e+01 3.919370e+01 5.904000e+01
      vertex   -3.134758e+01 3.866529e+01 5.904000e+01
    endloop
  endfacet
  facet normal -9.438833e-01 -3.302791e-01 -0.000000e+00
    outer loop
      vertex   -3.116268e+01 4.030630e+01 5.954000e+01
      vertex   -3.134758e+01 4.083471e+01 5.954000e+01
      vertex   -3.116268e+01 4.030630e+01 5.904000e+01
    endloop
  endfacet
  facet normal -9.438833e-01 -3.302791e-01 0.000000e+00
    outer loop
      vertex   -3.116268e+01 4.030630e+01 5.904000e+01
      vertex   -3.134758e+01 4.083471e+01 5.954000e+01
      vertex   -3.134758e+01 4.083471e+01 5.904000e+01
    endloop
  endfacet
  facet normal -8.467242e-01 -5.320321e-01 0.000000e+00
    outer loop
      vertex   -3.134758e+01 4.083471e+01 5.904000e+01
      vertex   -3.134758e+01 4.083471e+01 5.954000e+01
      vertex   -3.164542e+01 4.130872e+01 5.954000e+01
    endloop
  endfacet
  facet normal -8.467242e-01 -5.320321e-01 0.000000e+00
    outer loop
      vertex   -3.134758e+01 4.083471e+01 5.904000e+01
      vertex   -3.164542e+01 4.130872e+01 5.954000e+01
      vertex   -3.164542e+01 4.130872e+01 5.904000e+01
    endloop
  endfacet
  facet normal -7.071068e-01 -7.071068e-01 0.000000e+00
    outer loop
      vertex   -3.164542e+01 4.130872e+01 5.904000e+01
      vertex   -3.164542e+01 4.130872e+01 5.954000e+01
      vertex   -3.204128e+01 4.170458e+01 5.954000e+01
    endloop
  endfacet
  facet normal -7.071068e-01 -7.071068e-01 0.000000e+00
    outer loop
      vertex   -3.164542e+01 4.130872e+01 5.904000e+01
      vertex   -3.204128e+01 4.170458e+01 5.954000e+01
      vertex   -3.204128e+01 4.170458e+01 5.904000e+01
    endloop
  endfacet
  facet normal -5.320321e-01 -8.467242e-01 0.000000e+00
    outer loop
      vertex   -3.204128e+01 4.170458e+01 5.904000e+01
      vertex   -3.204128e+01 4.170458e+01 5.954000e+01
      vertex   -3.251529e+01 4.200242e+01 5.954000e+01
    endloop
  endfacet
  facet normal -5.320321e-01 -8.467242e-01 0.000000e+00
    outer loop
      vertex   -3.204128e+01 4.170458e+01 5.904000e+01
      vertex   -3.251529e+01 4.200242e+01 5.954000e+01
      vertex   -3.251529e+01 4.200242e+01 5.904000e+01
    endloop
  endfacet
  facet normal -3.302791e-01 -9.438833e-01 0.000000e+00
    outer loop
      vertex   -3.251529e+01 4.200242e+01 5.904000e+01
      vertex   -3.251529e+01 4.200242e+01 5.954000e+01
      vertex   -3.304370e+01 4.218732e+01 5.954000e+01
    endloop
  endfacet
  facet normal -3.302791e-01 -9.438833e-01 0.000000e+00
    outer loop
      vertex   -3.251529e+01 4.200242e+01 5.904000e+01
      vertex   -3.304370e+01 4.218732e+01 5.954000e+01
      vertex   -3.304370e+01 4.218732e+01 5.904000e+01
    endloop
  endfacet
  facet normal -1.119645e-01 -9.937122e-01 0.000000e+00
    outer loop
      vertex   -3.304370e+01 4.218732e+01 5.904000e+01
      vertex   -3.304370e+01 4.218732e+01 5.954000e+01
      vertex   -3.360000e+01 4.225000e+01 5.954000e+01
    endloop
  endfacet
  facet normal -1.119645e-01 -9.937122e-01 0.000000e+00
    outer loop
      vertex   -3.304370e+01 4.218732e+01 5.904000e+01
      vertex   -3.360000e+01 4.225000e+01 5.954000e+01
      vertex   -3.360000e+01 4.225000e+01 5.904000e+01
    endloop
  endfacet
  facet normal 1.119645e-01 -9.937122e-01 0.000000e+00
    outer loop
      vertex   -3.360000e+01 4.225000e+01 5.904000e+01
      vertex   -3.360000e+01 4.225000e+01 5.954000e+01
      vertex   -3.415630e+01 4.218732e+01 5.954000e+01
    endloop
  endfacet
  facet normal 1.119645e-01 -9.937122e-01 0.000000e+00
    outer loop
      vertex   -3.360000e+01 4.225000e+01 5.904000e+01
      vertex   -3.415630e+01 4.218732e+01 5.954000e+01
      vertex   -3.415630e+01 4.218732e+01 5.904000e+01
    endloop
  endfacet
  facet normal 3.302791e-01 -9.438833e-01 0.000000e+00
    outer loop
      vertex   -3.415630e+01 4.218732e+01 5.904000e+01
      vertex   -3.415630e+01 4.218732e+01 5.954000e+01
      vertex   -3.468471e+01 4.200242e+01 5.954000e+01
    endloop
  endfacet
  facet normal 3.302791e-01 -9.438833e-01 0.000000e+00
    outer loop
      vertex   -3.415630e+01 4.218732e+01 5.904000e+01
      vertex   -3.468471e+01 4.200242e+01 5.954000e+01
      vertex   -3.468471e+01 4.200242e+01 5.904000e+01
    endloop
  endfacet
  facet normal 5.320321e-01 -8.467242e-01 0.000000e+00
    outer loop
      vertex   -3.468471e+01 4.200242e+01 5.904000e+01
      vertex   -3.468471e+01 4.200242e+01 5.954000e+01
      vertex   -3.515872e+01 4.170458e+01 5.954000e+01
    endloop
  endfacet
  facet normal 5.320321e-01 -8.467242e-01 0.000000e+00
    outer loop
      vertex   -3.468471e+01 4.200242e+01 5.904000e+01
      vertex   -3.515872e+01 4.170458e+01 5.954000e+01
      vertex   -3.515872e+01 4.170458e+01 5.904000e+01
    endloop
  endfacet
  facet normal 7.071068e-01 -7.071068e-01 0.000000e+00
    outer loop
      vertex   -3.515872e+01 4.170458e+01 5.904000e+01
      vertex   -3.515872e+01 4.170458e+01 5.954000e+01
      vertex   -3.555458e+01 4.130872e+01 5.954000e+01
    endloop
  endfacet
  facet normal 7.071068e-01 -7.071068e-01 0.000000e+00
    outer loop
      vertex   -3.515872e+01 4.170458e+01 5.904000e+01
      vertex   -3.555458e+01 4.130872e+01 5.954000e+01
      vertex   -3.555458e+01 4.130872e+01 5.904000e+01
    endloop
  endfacet
  facet normal 8.467242e-01 -5.320321e-01 0.000000e+00
    outer loop
      vertex   -3.555458e+01 4.130872e+01 5.904000e+01
      vertex   -3.555458e+01 4.130872e+01 5.954000e+01
      vertex   -3.585242e+01 4.083471e+01 5.954000e+01
    endloop
  endfacet
  facet normal 8.467242e-01 -5.320321e-01 0.000000e+00
    outer loop
      vertex   -3.555458e+01 4.130872e+01 5.904000e+01
      vertex   -3.585242e+01 4.083471e+01 5.954000e+01
      vertex   -3.585242e+01 4.083471e+01 5.904000e+01
    endloop
  endfacet
  facet normal 9.438833e-01 -3.302791e-01 0.000000e+00
    outer loop
      vertex   -3.585242e+01 4.083471e+01 5.904000e+01
      vertex   -3.585242e+01 4.083471e+01 5.954000e+01
      vertex   -3.603732e+01 4.030630e+01 5.954000e+01
    endloop
  endfacet
  facet normal 9.438833e-01 -3.302791e-01 0.000000e+00
    outer loop
      vertex   -3.585242e+01 4.083471e+01 5.904000e+01
      vertex   -3.603732e+01 4.030630e+01 5.954000e+01
      vertex   -3.603732e+01 4.030630e+01 5.904000e+01
    endloop
  endfacet
  facet normal 9.937122e-01 -1.119645e-01 0.000000e+00
    outer loop
      vertex   -3.603732e+01 4.030630e+01 5.904000e+01
      vertex   -3.603732e+01 4.030630e+01 5.954000e+01
      vertex   -3.610000e+01 3.975000e+01 5.954000e+01
    endloop
  endfacet
  facet normal 9.937122e-01 -1.119645e-01 0.000000e+00
    outer loop
      vertex   -3.603732e+01 4.030630e+01 5.904000e+01
      vertex   -3.610000e+01 3.975000e+01 5.954000e+01
      vertex   -3.610000e+01 3.975000e+01 5.904000e+01
    endloop
  endfacet
  facet normal 9.937122e-01 1.119645e-01 -0.000000e+00
    outer loop
      vertex   -3.610000e+01 3.975000e+01 5.904000e+01
      vertex   -3.610000e+01 3.975000e+01 5.954000e+01
      vertex   -3.603732e+01 3.919370e+01 5.954000e+01
    endloop
  endfacet
  facet normal 9.937122e-01 1.119645e-01 0.000000e+00
    outer loop
      vertex   -3.610000e+01 3.975000e+01 5.904000e+01
      vertex   -3.603732e+01 3.919370e+01 5.954000e+01
      vertex   -3.603732e+01 3.919370e+01 5.904000e+01
    endloop
  endfacet
  facet normal 9.438833e-01 3.302791e-01 -0.000000e+00
    outer loop
      vertex   -3.603732e+01 3.919370e+01 5.904000e+01
      vertex   -3.603732e+01 3.919370e+01 5.954000e+01
      vertex   -3.585242e+01 3.866529e+01 5.954000e+01
    endloop
  endfacet
  facet normal 9.438833e-01 3.302791e-01 0.000000e+00
    outer loop
      vertex   -3.603732e+01 3.919370e+01 5.904000e+01
      vertex   -3.585242e+01 3.866529e+01 5.954000e+01
      vertex   -3.585242e+01 3.866529e+01 5.904000e+01
    endloop
  endfacet
  facet normal 8.467242e-01 5.320321e-01 -0.000000e+00
    outer loop
      vertex   -3.585242e+01 3.866529e+01 5.904000e+01
      vertex   -3.585242e+01 3.866529e+01 5.954000e+01
      vertex   -3.555458e+01 3.819128e+01 5.954000e+01
    endloop
  endfacet
  facet normal 8.467242e-01 5.320321e-01 0.000000e+00
    outer loop
      vertex   -3.585242e+01 3.866529e+01 5.904000e+01
      vertex   -3.555458e+01 3.819128e+01 5.954000e+01
      vertex   -3.555458e+01 3.819128e+01 5.904000e+01
    endloop
  endfacet
  facet normal 7.071068e-01 7.071068e-01 -0.000000e+00
    outer loop
      vertex   -3.555458e+01 3.819128e+01 5.904000e+01
      vertex   -3.555458e+01 3.819128e+01 5.954000e+01
      vertex   -3.515872e+01 3.779542e+01 5.954000e+01
    endloop
  endfacet
  facet normal 7.071068e-01 7.071068e-01 0.000000e+00
    outer loop
      vertex   -3.555458e+01 3.819128e+01 5.904000e+01
      vertex   -3.515872e+01 3.779542e+01 5.954000e+01
      vertex   -3.515872e+01 3.779542e+01 5.904000e+01
    endloop
  endfacet
  facet normal 5.320321e-01 8.467242e-01 -0.000000e+00
    outer loop
      vertex   -3.515872e+01 3.779542e+01 5.904000e+01
      vertex   -3.515872e+01 3.779542e+01 5.954000e+01
      vertex   -3.468471e+01 3.749758e+01 5.954000e+01
    endloop
  endfacet
  facet normal 5.320321e-01 8.467242e-01 0.000000e+00
    outer loop
      vertex   -3.515872e+01 3.779542e+01 5.904000e+01
      vertex   -3.468471e+01 3.749758e+01 5.954000e+01
      vertex   -3.468471e+01 3.749758e+01 5.904000e+01
    endloop
  endfacet
  facet normal 3.302791e-01 9.438833e-01 -0.000000e+00
    outer loop
      vertex   -3.468471e+01 3.749758e+01 5.904000e+01
      vertex   -3.468471e+01 3.749758e+01 5.954000e+01
      vertex   -3.415630e+01 3.731268e+01 5.954000e+01
    endloop
  endfacet
  facet normal 3.302791e-01 9.438833e-01 0.000000e+00
    outer loop
      vertex   -3.468471e+01 3.749758e+01 5.904000e+01
      vertex   -3.415630e+01 3.731268e+01 5.954000e+01
      vertex   -3.415630e+01 3.731268e+01 5.904000e+01
    endloop
  endfacet
  facet normal 1.119645e-01 9.937122e-01 -0.000000e+00
    outer loop
      vertex   -3.415630e+01 3.731268e+01 5.904000e+01
      vertex   -3.415630e+01 3.731268e+01 5.954000e+01
      vertex   -3.360000e+01 3.725000e+01 5.954000e+01
    endloop
  endfacet
  facet normal 1.119645e-01 9.937122e-01 0.000000e+00
    outer loop
      vertex   -3.415630e+01 3.731268e+01 5.904000e+01
      vertex   -3.360000e+01 3.725000e+01 5.954000e+01
      vertex   -3.360000e+01 3.725000e+01 5.904000e+01
    endloop
  endfacet
  facet normal -1.119645e-01 9.937122e-01 0.000000e+00
    outer loop
      vertex   -3.360000e+01 3.725000e+01 5.904000e+01
      vertex   -3.360000e+01 3.725000e+01 5.954000e+01
      vertex   -3.304370e+01 3.731268e+01 5.954000e+01
    endloop
  endfacet
  facet normal -1.119645e-01 9.937122e-01 0.000000e+00
    outer loop
      vertex   -3.360000e+01 3.725000e+01 5.904000e+01
      vertex   -3.304370e+01 3.731268e+01 5.954000e+01
      vertex   -3.304370e+01 3.731268e+01 5.904000e+01
    endloop
  endfacet
  facet normal -3.302791e-01 9.438833e-01 0.000000e+00
    outer loop
      vertex   -3.304370e+01 3.731268e+01 5.904000e+01
      vertex   -3.304370e+01 3.731268e+01 5.954000e+01
      vertex   -3.251529e+01 3.749758e+01 5.954000e+01
    endloop
  endfacet
  facet normal -3.302791e-01 9.438833e-01 0.000000e+00
    outer loop
      vertex   -3.304370e+01 3.731268e+01 5.904000e+01
      vertex   -3.251529e+01 3.749758e+01 5.954000e+01
      vertex   -3.251529e+01 3.749758e+01 5.904000e+01
    endloop
  endfacet
  facet normal -5.320321e-01 8.467242e-01 0.000000e+00
    outer loop
      vertex   -3.251529e+01 3.749758e+01 5.904000e+01
      vertex   -3.251529e+01 3.749758e+01 5.954000e+01
      vertex   -3.204128e+01 3.779542e+01 5.954000e+01
    endloop
  endfacet
  facet normal -5.320321e-01 8.467242e-01 0.000000e+00
    outer loop
      vertex   -3.251529e+01 3.749758e+01 5.904000e+01
      vertex   -3.204128e+01 3.779542e+01 5.954000e+01
      vertex   -3.204128e+01 3.779542e+01 5.904000e+01
    endloop
  endfacet
  facet normal -7.071068e-01 7.071068e-01 0.000000e+00
    outer loop
      vertex   -3.204128e+01 3.779542e+01 5.904000e+01
      vertex   -3.204128e+01 3.779542e+01 5.954000e+01
      vertex   -3.164542e+01 3.819128e+01 5.954000e+01
    endloop
  endfacet
  facet normal -7.071068e-01 7.071068e-01 0.000000e+00
    outer loop
      vertex   -3.204128e+01 3.779542e+01 5.904000e+01
      vertex   -3.164542e+01 3.819128e+01 5.954000e+01
      vertex   -3.164542e+01 3.819128e+01 5.904000e+01
    endloop
  endfacet
  facet normal -8.467242e-01 5.320321e-01 0.000000e+00
    outer loop
      vertex   -3.164542e+01 3.819128e+01 5.904000e+01
      vertex   -3.164542e+01 3.819128e+01 5.954000e+01
      vertex   -3.134758e+01 3.866529e+01 5.954000e+01
    endloop
  endfacet
  facet normal -8.467242e-01 5.320321e-01 0.000000e+00
    outer loop
      vertex   -3.164542e+01 3.819128e+01 5.904000e+01
      vertex   -3.134758e+01 3.866529e+01 5.954000e+01
      vertex   -3.134758e+01 3.866529e+01 5.904000e+01
    endloop
  endfacet
  facet normal -9.438833e-01 3.302791e-01 0.000000e+00
    outer loop
      vertex   -3.134758e+01 3.866529e+01 5.904000e+01
      vertex   -3.134758e+01 3.866529e+01 5.954000e+01
      vertex   -3.116268e+01 3.919370e+01 5.954000e+01
    endloop
  endfacet
  facet normal -0.000000e+00 0.000000e+00 1.000000e+00
    outer loop
      vertex   3.500059e+01 -2.182529e+01 5.904000e+01
      vertex   3.603732e+01 -2.200630e+01 5.904000e+01
      vertex   3.505000e+01 -2.145000e+01 5.904000e+01
    endloop
  endfacet
  facet normal -0.000000e+00 0.000000e+00 1.000000e+00
    outer loop
      vertex   3.505000e+01 -2.145000e+01 5.904000e+01
      vertex   3.603732e+01 -2.200630e+01 5.904000e+01
      vertex   3.610000e+01 -2.145000e+01 5.904000e+01
    endloop
  endfacet
  facet normal 0.000000e+00 0.000000e+00 1.000000e+00
    outer loop
      vertex   3.505000e+01 -2.145000e+01 5.904000e+01
      vertex   3.610000e+01 -2.145000e+01 5.904000e+01
      vertex   3.603732e+01 -2.089370e+01 5.904000e+01
    endloop
  endfacet
  facet normal 0.000000e+00 0.000000e+00 1.000000e+00
    outer loop
      vertex   3.603732e+01 -2.200630e+01 5.904000e+01
      vertex   3.500059e+01 -2.182529e+01 5.904000e+01
      vertex   3.585242e+01 -2.253471e+01 5.904000e+01
    endloop
  endfacet
  facet normal 0.000000e+00 0.000000e+00 1.000000e+00
    outer loop
      vertex   3.585242e+01 -2.253471e+01 5.904000e+01
      vertex   3.500059e+01 -2.182529e+01 5.904000e+01
      vertex   3.485574e+01 -2.217500e+01 5.904000e+01
    endloop
  endfacet
  facet normal 0.000000e+00 0.000000e+00 1.000000e+00
    outer loop
      vertex   3.585242e+01 -2.253471e+01 5.904000e+01
      vertex   3.485574e+01 -2.217500e+01 5.904000e+01
      vertex   3.555458e+01 -2.300872e+01 5.904000e+01
    endloop
  endfacet
  facet normal 0.000000e+00 0.000000e+00 1.000000e+00
    outer loop
      vertex   3.555458e+01 -2.300872e+01 5.904000e+01
      vertex   3.485574e+01 -2.217500e+01 5.904000e+01
      vertex   3.462531e+01 -2.247531e+01 5.904000e+01
    endloop
  endfacet
  facet normal 0.000000e+00 0.000000e+00 1.000000e+00
    outer loop
      vertex   3.555458e+01 -2.300872e+01 5.904000e+01
      vertex   3.462531e+01 -2.247531e+01 5.904000e+01
      vertex   3.515872e+01 -2.340458e+01 5.904000e+01
    endloop
  endfacet
  facet normal 0.000000e+00 0.000000e+00 1.000000e+00
    outer loop
      vertex   3.515872e+01 -2.340458e+01 5.904000e+01
      vertex   3.462531e+01 -2.247531e+01 5.904000e+01
      vertex   3.432500e+01 -2.270574e+01 5.904000e+01
    endloop
  endfacet
  facet normal 0.000000e+00 0.000000e+00 1.000000e+00
    outer loop
      vertex   3.515872e+01 -2.340458e+01 5.904000e+01
      vertex   3.432500e+01 -2.270574e+01 5.904000e+01
      vertex   3.468471e+01 -2.370242e+01 5.904000e+01
    endloop
  endfacet
  facet normal 0.000000e+00 0.000000e+00 1.000000e+00
    outer loop
      vertex   3.468471e+01 -2.370242e+01 5.904000e+01
      vertex   3.432500e+01 -2.270574e+01 5.904000e+01
      vertex   3.397529e+01 -2.285059e+01 5.904000e+01
    endloop
  endfacet
  facet normal 0.000000e+00 0.000000e+00 1.000000e+00
    outer loop
      vertex   3.468471e+01 -2.370242e+01 5.904000e+01
      vertex   3.397529e+01 -2.285059e+01 5.904000e+01
      vertex   3.415630e+01 -2.388732e+01 5.904000e+01
    endloop
  endfacet
  facet normal 0.000000e+00 0.000000e+00 1.000000e+00
    outer loop
      vertex   3.415630e+01 -2.388732e+01 5.904000e+01
      vertex   3.397529e+01 -2.285059e+01 5.904000e+01
      vertex   3.360000e+01 -2.290000e+01 5.904000e+01
    endloop
  endfacet
  facet normal 0.000000e+00 0.000000e+00 1.000000e+00
    outer loop
      vertex   3.415630e+01 -2.388732e+01 5.904000e+01
      vertex   3.360000e+01 -2.290000e+01 5.904000e+01
      vertex   3.360000e+01 -2.395000e+01 5.904000e+01
    endloop
  endfacet
  facet normal 0.000000e+00 -0.000000e+00 1.000000e+00
    outer loop
      vertex   3.360000e+01 -2.395000e+01 5.904000e+01
      vertex   3.360000e+01 -2.290000e+01 5.904000e+01
      vertex   3.304370e+01 -2.388732e+01 5.904000e+01
    endloop
  endfacet
  facet normal 0.000000e+00 0.000000e+00 1.000000e+00
    outer loop
      vertex   3.304370e+01 -2.388732e+01 5.904000e+01
      vertex   3.360000e+01 -2.290000e+01 5.904000e+01
      vertex   3.322471e+01 -2.285059e+01 5.904000e+01
    endloop
  endfacet
  facet normal 0.000000e+00 -0.000000e+00 1.000000e+00
    outer loop
      vertex   3.304370e+01 -2.388732e+01 5.904000e+01
      vertex   3.322471e+01 -2.285059e+01 5.904000e+01
      vertex   3.251529e+01 -2.370242e+01 5.904000e+01
    endloop
  endfacet
  facet normal 0.000000e+00 0.000000e+00 1.000000e+00
    outer loop
      vertex   3.251529e+01 -2.370242e+01 5.904000e+01
      vertex   3.322471e+01 -2.285059e+01 5.904000e+01
      vertex   3.287500e+01 -2.270574e+01 5.904000e+01
    endloop
  endfacet
  facet normal 0.000000e+00 -0.000000e+00 1.000000e+00
    outer loop
      vertex   3.251529e+01 -2.370242e+01 5.904000e+01
      vertex   3.287500e+01 -2.270574e+01 5.904000e+01
      vertex   3.204128e+01 -2.340458e+01 5.904000e+01
    endloop
  endfacet
  facet normal 0.000000e+00 0.000000e+00 1.000000e+00
    outer loop
      vertex   3.204128e+01 -2.340458e+01 5.904000e+01
      vertex   3.287500e+01 -2.270574e+01 5.904000e+01
      vertex   3.257470e+01 -2.247531e+01 5.904000e+01
    endloop
  endfacet
  facet normal 0.000000e+00 -0.000000e+00 1.000000e+00
    outer loop
      vertex   3.204128e+01 -2.340458e+01 5.904000e+01
      vertex   3.257470e+01 -2.247531e+01 5.904000e+01
      vertex   3.164542e+01 -2.300872e+01 5.904000e+01
    endloop
  endfacet
  facet normal 0.000000e+00 0.000000e+00 1.000000e+00
    outer loop
      vertex   3.164542e+01 -2.300872e+01 5.904000e+01
      vertex   3.257470e+01 -2.247531e+01 5.904000e+01
      vertex   3.234426e+01 -2.217500e+01 5.904000e+01
    endloop
  endfacet
  facet normal 0.000000e+00 -0.000000e+00 1.000000e+00
    outer loop
      vertex   3.164542e+01 -2.300872e+01 5.904000e+01
      vertex   3.234426e+01 -2.217500e+01 5.904000e+01
      vertex   3.134758e+01 -2.253471e+01 5.904000e+01
    endloop
  endfacet
  facet normal 0.000000e+00 0.000000e+00 1.000000e+00
    outer loop
      vertex   3.134758e+01 -2.253471e+01 5.904000e+01
      vertex   3.234426e+01 -2.217500e+01 5.904000e+01
      vertex   3.219941e+01 -2.182529e+01 5.904000e+01
    endloop
  endfacet
  facet normal 0.000000e+00 -0.000000e+00 1.000000e+00
    outer loop
      vertex   3.134758e+01 -2.253471e+01 5.904000e+01
      vertex   3.219941e+01 -2.182529e+01 5.904000e+01
      vertex   3.116268e+01 -2.200630e+01 5.904000e+01
    endloop
  endfacet
  facet normal 0.000000e+00 0.000000e+00 1.000000e+00
    outer loop
      vertex   3.116268e+01 -2.200630e+01 5.904000e+01
      vertex   3.219941e+01 -2.182529e+01 5.904000e+01
      vertex   3.215000e+01 -2.145000e+01 5.904000e+01
    endloop
  endfacet
  facet normal 0.000000e+00 -0.000000e+00 1.000000e+00
    outer loop
      vertex   3.116268e+01 -2.200630e+01 5.904000e+01
      vertex   3.215000e+01 -2.145000e+01 5.904000e+01
      vertex   3.110000e+01 -2.145000e+01 5.904000e+01
    endloop
  endfacet
  facet normal 0.000000e+00 0.000000e+00 1.000000e+00
    outer loop
      vertex   3.110000e+01 -2.145000e+01 5.904000e+01
      vertex   3.215000e+01 -2.145000e+01 5.904000e+01
      vertex   3.116268e+01 -2.089370e+01 5.904000e+01
    endloop
  endfacet
  facet normal 0.000000e+00 0.000000e+00 1.000000e+00
    outer loop
      vertex   3.116268e+01 -2.089370e+01 5.904000e+01
      vertex   3.215000e+01 -2.145000e+01 5.904000e+01
      vertex   3.219941e+01 -2.107471e+01 5.904000e+01
    endloop
  endfacet
  facet normal -0.000000e+00 0.000000e+00 1.000000e+00
    outer loop
      vertex   3.116268e+01 -2.089370e+01 5.904000e+01
      vertex   3.219941e+01 -2.107471e+01 5.904000e+01
      vertex   3.134758e+01 -2.036529e+01 5.904000e+01
    endloop
  endfacet
  facet normal 0.000000e+00 0.000000e+00 1.000000e+00
    outer loop
      vertex   3.134758e+01 -2.036529e+01 5.904000e+01
      vertex   3.219941e+01 -2.107471e+01 5.904000e+01
      vertex   3.234426e+01 -2.072500e+01 5.904000e+01
    endloop
  endfacet
  facet normal -0.000000e+00 0.000000e+00 1.000000e+00
    outer loop
      vertex   3.134758e+01 -2.036529e+01 5.904000e+01
      vertex   3.234426e+01 -2.072500e+01 5.904000e+01
      vertex   3.164542e+01 -1.989128e+01 5.904000e+01
    endloop
  endfacet
  facet normal 0.000000e+00 0.000000e+00 1.000000e+00
    outer loop
      vertex   3.164542e+01 -1.989128e+01 5.904000e+01
      vertex   3.234426e+01 -2.072500e+01 5.904000e+01
      vertex   3.257470e+01 -2.042470e+01 5.904000e+01
    endloop
  endfacet
  facet normal -0.000000e+00 0.000000e+00 1.000000e+00
    outer loop
      vertex   3.164542e+01 -1.989128e+01 5.904000e+01
      vertex   3.257470e+01 -2.042470e+01 5.904000e+01
      vertex   3.204128e+01 -1.949542e+01 5.904000e+01
    endloop
  endfacet
  facet normal 0.000000e+00 0.000000e+00 1.000000e+00
    outer loop
      vertex   3.204128e+01 -1.949542e+01 5.904000e+01
      vertex   3.257470e+01 -2.042470e+01 5.904000e+01
      vertex   3.287500e+01 -2.019426e+01 5.904000e+01
    endloop
  endfacet
  facet normal -0.000000e+00 0.000000e+00 1.000000e+00
    outer loop
      vertex   3.204128e+01 -1.949542e+01 5.904000e+01
      vertex   3.287500e+01 -2.019426e+01 5.904000e+01
      vertex   3.251529e+01 -1.919758e+01 5.904000e+01
    endloop
  endfacet
  facet normal 0.000000e+00 0.000000e+00 1.000000e+00
    outer loop
      vertex   3.251529e+01 -1.919758e+01 5.904000e+01
      vertex   3.287500e+01 -2.019426e+01 5.904000e+01
      vertex   3.322471e+01 -2.004941e+01 5.904000e+01
    endloop
  endfacet
  facet normal -0.000000e+00 0.000000e+00 1.000000e+00
    outer loop
      vertex   3.251529e+01 -1.919758e+01 5.904000e+01
      vertex   3.322471e+01 -2.004941e+01 5.904000e+01
      vertex   3.304370e+01 -1.901268e+01 5.904000e+01
    endloop
  endfacet
  facet normal 0.000000e+00 0.000000e+00 1.000000e+00
    outer loop
      vertex   3.304370e+01 -1.901268e+01 5.904000e+01
      vertex   3.322471e+01 -2.004941e+01 5.904000e+01
      vertex   3.360000e+01 -2.000000e+01 5.904000e+01
    endloop
  endfacet
  facet normal -0.000000e+00 0.000000e+00 1.000000e+00
    outer loop
      vertex   3.304370e+01 -1.901268e+01 5.904000e+01
      vertex   3.360000e+01 -2.000000e+01 5.904000e+01
      vertex   3.360000e+01 -1.895000e+01 5.904000e+01
    endloop
  endfacet
  facet normal 0.000000e+00 0.000000e+00 1.000000e+00
    outer loop
      vertex   3.360000e+01 -1.895000e+01 5.904000e+01
      vertex   3.360000e+01 -2.000000e+01 5.904000e+01
      vertex   3.415630e+01 -1.901268e+01 5.904000e+01
    endloop
  endfacet
  facet normal 0.000000e+00 0.000000e+00 1.000000e+00
    outer loop
      vertex   3.415630e+01 -1.901268e+01 5.904000e+01
      vertex   3.360000e+01 -2.000000e+01 5.904000e+01
      vertex   3.397529e+01 -2.004941e+01 5.904000e+01
    endloop
  endfacet
  facet normal 0.000000e+00 0.000000e+00 1.000000e+00
    outer loop
      vertex   3.415630e+01 -1.901268e+01 5.904000e+01
      vertex   3.397529e+01 -2.004941e+01 5.904000e+01
      vertex   3.468471e+01 -1.919758e+01 5.904000e+01
    endloop
  endfacet
  facet normal 0.000000e+00 0.000000e+00 1.000000e+00
    outer loop
      vertex   3.468471e+01 -1.919758e+01 5.904000e+01
      vertex   3.397529e+01 -2.004941e+01 5.904000e+01
      vertex   3.432500e+01 -2.019426e+01 5.904000e+01
    endloop
  endfacet
  facet normal 0.000000e+00 0.000000e+00 1.000000e+00
    outer loop
      vertex   3.468471e+01 -1.919758e+01 5.904000e+01
      vertex   3.432500e+01 -2.019426e+01 5.904000e+01
      vertex   3.515872e+01 -1.949542e+01 5.904000e+01
    endloop
  endfacet
  facet normal 0.000000e+00 0.000000e+00 1.000000e+00
    outer loop
      vertex   3.515872e+01 -1.949542e+01 5.904000e+01
      vertex   3.432500e+01 -2.019426e+01 5.904000e+01
      vertex   3.462531e+01 -2.042470e+01 5.904000e+01
    endloop
  endfacet
  facet normal 0.000000e+00 0.000000e+00 1.000000e+00
    outer loop
      vertex   3.515872e+01 -1.949542e+01 5.904000e+01
      vertex   3.462531e+01 -2.042470e+01 5.904000e+01
      vertex   3.555458e+01 -1.989128e+01 5.904000e+01
    endloop
  endfacet
  facet normal 0.000000e+00 0.000000e+00 1.000000e+00
    outer loop
      vertex   3.555458e+01 -1.989128e+01 5.904000e+01
      vertex   3.462531e+01 -2.042470e+01 5.904000e+01
      vertex   3.485574e+01 -2.072500e+01 5.904000e+01
    endloop
  endfacet
  facet normal 0.000000e+00 0.000000e+00 1.000000e+00
    outer loop
      vertex   3.555458e+01 -1.989128e+01 5.904000e+01
      vertex   3.485574e+01 -2.072500e+01 5.904000e+01
      vertex   3.585242e+01 -2.036529e+01 5.904000e+01
    endloop
  endfacet
  facet normal 0.000000e+00 0.000000e+00 1.000000e+00
    outer loop
      vertex   3.585242e+01 -2.036529e+01 5.904000e+01
      vertex   3.485574e+01 -2.072500e+01 5.904000e+01
      vertex   3.500059e+01 -2.107471e+01 5.904000e+01
    endloop
  endfacet
  facet normal 0.000000e+00 0.000000e+00 1.000000e+00
    outer loop
      vertex   3.585242e+01 -2.036529e+01 5.904000e+01
      vertex   3.500059e+01 -2.107471e+01 5.904000e+01
      vertex   3.603732e+01 -2.089370e+01 5.904000e+01
    endloop
  endfacet
  facet normal 0.000000e+00 0.000000e+00 1.000000e+00
    outer loop
      vertex   3.603732e+01 -2.089370e+01 5.904000e+01
      vertex   3.500059e+01 -2.107471e+01 5.904000e+01
      vertex   3.505000e+01 -2.145000e+01 5.904000e+01
    endloop
  endfacet
  facet normal -9.937122e-01 -1.119645e-01 -0.000000e+00
    outer loop
      vertex   3.603732e+01 -2.089370e+01 5.954000e+01
      vertex   3.603732e+01 -2.089370e+01 5.904000e+01
      vertex   3.610000e+01 -2.145000e+01 5.954000e+01
    endloop
  endfacet
  facet normal -9.937122e-01 -1.119645e-01 -0.000000e+00
    outer loop
      vertex   3.610000e+01 -2.145000e+01 5.954000e+01
      vertex   3.603732e+01 -2.089370e+01 5.904000e+01
      vertex   3.610000e+01 -2.145000e+01 5.904000e+01
    endloop
  endfacet
  facet normal -9.937122e-01 1.119645e-01 0.000000e+00
    outer loop
      vertex   3.610000e+01 -2.145000e+01 5.954000e+01
      vertex   3.610000e+01 -2.145000e+01 5.904000e+01
      vertex   3.603732e+01 -2.200630e+01 5.954000e+01
    endloop
  endfacet
  facet normal -9.937122e-01 1.119645e-01 0.000000e+00
    outer loop
      vertex   3.603732e+01 -2.200630e+01 5.954000e+01
      vertex   3.610000e+01 -2.145000e+01 5.904000e+01
      vertex   3.603732e+01 -2.200630e+01 5.904000e+01
    endloop
  endfacet
  facet normal -9.438833e-01 3.302791e-01 0.000000e+00
    outer loop
      vertex   3.603732e+01 -2.200630e+01 5.954000e+01
      vertex   3.603732e+01 -2.200630e+01 5.904000e+01
      vertex   3.585242e+01 -2.253471e+01 5.904000e+01
    endloop
  endfacet
  facet normal -9.438833e-01 -3.302791e-01 -0.000000e+00
    outer loop
      vertex   3.603732e+01 -2.089370e+01 5.954000e+01
      vertex   3.585242e+01 -2.036529e+01 5.954000e+01
      vertex   3.603732e+01 -2.089370e+01 5.904000e+01
    endloop
  endfacet
  facet normal -9.438833e-01 -3.302791e-01 0.000000e+00
    outer loop
      vertex   3.603732e+01 -2.089370e+01 5.904000e+01
      vertex   3.585242e+01 -2.036529e+01 5.954000e+01
      vertex   3.585242e+01 -2.036529e+01 5.904000e+01
    endloop
  endfacet
  facet normal -8.467242e-01 -5.320321e-01 0.000000e+00
    outer loop
      vertex   3.585242e+01 -2.036529e+01 5.904000e+01
      vertex   3.585242e+01 -2.036529e+01 5.954000e+01
      vertex   3.555458e+01 -1.989128e+01 5.954000e+01
    endloop
  endfacet
  facet normal -8.467242e-01 -5.320321e-01 0.000000e+00
    outer loop
      vertex   3.585242e+01 -2.036529e+01 5.904000e+01
      vertex   3.555458e+01 -1.989128e+01 5.954000e+01
      vertex   3.555458e+01 -1.989128e+01 5.904000e+01
    endloop
  endfacet
  facet normal -7.071068e-01 -7.071068e-01 0.000000e+00
    outer loop
      vertex   3.555458e+01 -1.989128e+01 5.904000e+01
      vertex   3.555458e+01 -1.989128e+01 5.954000e+01
      vertex   3.515872e+01 -1.949542e+01 5.954000e+01
    endloop
  endfacet
  facet normal -7.071068e-01 -7.071068e-01 0.000000e+00
    outer loop
      vertex   3.555458e+01 -1.989128e+01 5.904000e+01
      vertex   3.515872e+01 -1.949542e+01 5.954000e+01
      vertex   3.515872e+01 -1.949542e+01 5.904000e+01
    endloop
  endfacet
  facet normal -5.320321e-01 -8.467242e-01 0.000000e+00
    outer loop
      vertex   3.515872e+01 -1.949542e+01 5.904000e+01
      vertex   3.515872e+01 -1.949542e+01 5.954000e+01
      vertex   3.468471e+01 -1.919758e+01 5.954000e+01
    endloop
  endfacet
  facet normal -5.320321e-01 -8.467242e-01 0.000000e+00
    outer loop
      vertex   3.515872e+01 -1.949542e+01 5.904000e+01
      vertex   3.468471e+01 -1.919758e+01 5.954000e+01
      vertex   3.468471e+01 -1.919758e+01 5.904000e+01
    endloop
  endfacet
  facet normal -3.302791e-01 -9.438833e-01 0.000000e+00
    outer loop
      vertex   3.468471e+01 -1.919758e+01 5.904000e+01
      vertex   3.468471e+01 -1.919758e+01 5.954000e+01
      vertex   3.415630e+01 -1.901268e+01 5.954000e+01
    endloop
  endfacet
  facet normal -3.302791e-01 -9.438833e-01 0.000000e+00
    outer loop
      vertex   3.468471e+01 -1.919758e+01 5.904000e+01
      vertex   3.415630e+01 -1.901268e+01 5.954000e+01
      vertex   3.415630e+01 -1.901268e+01 5.904000e+01
    endloop
  endfacet
  facet normal -1.119645e-01 -9.937122e-01 0.000000e+00
    outer loop
      vertex   3.415630e+01 -1.901268e+01 5.904000e+01
      vertex   3.415630e+01 -1.901268e+01 5.954000e+01
      vertex   3.360000e+01 -1.895000e+01 5.954000e+01
    endloop
  endfacet
  facet normal -1.119645e-01 -9.937122e-01 0.000000e+00
    outer loop
      vertex   3.415630e+01 -1.901268e+01 5.904000e+01
      vertex   3.360000e+01 -1.895000e+01 5.954000e+01
      vertex   3.360000e+01 -1.895000e+01 5.904000e+01
    endloop
  endfacet
  facet normal 1.119645e-01 -9.937122e-01 0.000000e+00
    outer loop
      vertex   3.360000e+01 -1.895000e+01 5.904000e+01
      vertex   3.360000e+01 -1.895000e+01 5.954000e+01
      vertex   3.304370e+01 -1.901268e+01 5.954000e+01
    endloop
  endfacet
  facet normal 1.119645e-01 -9.937122e-01 0.000000e+00
    outer loop
      vertex   3.360000e+01 -1.895000e+01 5.904000e+01
      vertex   3.304370e+01 -1.901268e+01 5.954000e+01
      vertex   3.304370e+01 -1.901268e+01 5.904000e+01
    endloop
  endfacet
  facet normal 3.302791e-01 -9.438833e-01 0.000000e+00
    outer loop
      vertex   3.304370e+01 -1.901268e+01 5.904000e+01
      vertex   3.304370e+01 -1.901268e+01 5.954000e+01
      vertex   3.251529e+01 -1.919758e+01 5.954000e+01
    endloop
  endfacet
  facet normal 3.302791e-01 -9.438833e-01 0.000000e+00
    outer loop
      vertex   3.304370e+01 -1.901268e+01 5.904000e+01
      vertex   3.251529e+01 -1.919758e+01 5.954000e+01
      vertex   3.251529e+01 -1.919758e+01 5.904000e+01
    endloop
  endfacet
  facet normal 5.320321e-01 -8.467242e-01 0.000000e+00
    outer loop
      vertex   3.251529e+01 -1.919758e+01 5.904000e+01
      vertex   3.251529e+01 -1.919758e+01 5.954000e+01
      vertex   3.204128e+01 -1.949542e+01 5.954000e+01
    endloop
  endfacet
  facet normal 5.320321e-01 -8.467242e-01 0.000000e+00
    outer loop
      vertex   3.251529e+01 -1.919758e+01 5.904000e+01
      vertex   3.204128e+01 -1.949542e+01 5.954000e+01
      vertex   3.204128e+01 -1.949542e+01 5.904000e+01
    endloop
  endfacet
  facet normal 7.071068e-01 -7.071068e-01 0.000000e+00
    outer loop
      vertex   3.204128e+01 -1.949542e+01 5.904000e+01
      vertex   3.204128e+01 -1.949542e+01 5.954000e+01
      vertex   3.164542e+01 -1.989128e+01 5.954000e+01
    endloop
  endfacet
  facet normal 7.071068e-01 -7.071068e-01 0.000000e+00
    outer loop
      vertex   3.204128e+01 -1.949542e+01 5.904000e+01
      vertex   3.164542e+01 -1.989128e+01 5.954000e+01
      vertex   3.164542e+01 -1.989128e+01 5.904000e+01
    endloop
  endfacet
  facet normal 8.467242e-01 -5.320321e-01 0.000000e+00
    outer loop
      vertex   3.164542e+01 -1.989128e+01 5.904000e+01
      vertex   3.164542e+01 -1.989128e+01 5.954000e+01
      vertex   3.134758e+01 -2.036529e+01 5.954000e+01
    endloop
  endfacet
  facet normal 8.467242e-01 -5.320321e-01 0.000000e+00
    outer loop
      vertex   3.164542e+01 -1.989128e+01 5.904000e+01
      vertex   3.134758e+01 -2.036529e+01 5.954000e+01
      vertex   3.134758e+01 -2.036529e+01 5.904000e+01
    endloop
  endfacet
  facet normal 9.438833e-01 -3.302791e-01 0.000000e+00
    outer loop
      vertex   3.134758e+01 -2.036529e+01 5.904000e+01
      vertex   3.134758e+01 -2.036529e+01 5.954000e+01
      vertex   3.116268e+01 -2.089370e+01 5.954000e+01
    endloop
  endfacet
  facet normal 9.438833e-01 -3.302791e-01 0.000000e+00
    outer loop
      vertex   3.134758e+01 -2.036529e+01 5.904000e+01
      vertex   3.116268e+01 -2.089370e+01 5.954000e+01
      vertex   3.116268e+01 -2.089370e+01 5.904000e+01
    endloop
  endfacet
  facet normal 9.937122e-01 -1.119645e-01 0.000000e+00
    outer loop
      vertex   3.116268e+01 -2.089370e+01 5.904000e+01
      vertex   3.116268e+01 -2.089370e+01 5.954000e+01
      vertex   3.110000e+01 -2.145000e+01 5.954000e+01
    endloop
  endfacet
  facet normal 9.937122e-01 -1.119645e-01 0.000000e+00
    outer loop
      vertex   3.116268e+01 -2.089370e+01 5.904000e+01
      vertex   3.110000e+01 -2.145000e+01 5.954000e+01
      vertex   3.110000e+01 -2.145000e+01 5.904000e+01
    endloop
  endfacet
  facet normal 9.937122e-01 1.119645e-01 -0.000000e+00
    outer loop
      vertex   3.110000e+01 -2.145000e+01 5.904000e+01
      vertex   3.110000e+01 -2.145000e+01 5.954000e+01
      vertex   3.116268e+01 -2.200630e+01 5.954000e+01
    endloop
  endfacet
  facet normal 9.937122e-01 1.119645e-01 0.000000e+00
    outer loop
      vertex   3.110000e+01 -2.145000e+01 5.904000e+01
      vertex   3.116268e+01 -2.200630e+01 5.954000e+01
      vertex   3.116268e+01 -2.200630e+01 5.904000e+01
    endloop
  endfacet
  facet normal 9.438833e-01 3.302791e-01 -0.000000e+00
    outer loop
      vertex   3.116268e+01 -2.200630e+01 5.904000e+01
      vertex   3.116268e+01 -2.200630e+01 5.954000e+01
      vertex   3.134758e+01 -2.253471e+01 5.954000e+01
    endloop
  endfacet
  facet normal 9.438833e-01 3.302791e-01 0.000000e+00
    outer loop
      vertex   3.116268e+01 -2.200630e+01 5.904000e+01
      vertex   3.134758e+01 -2.253471e+01 5.954000e+01
      vertex   3.134758e+01 -2.253471e+01 5.904000e+01
    endloop
  endfacet
  facet normal 8.467242e-01 5.320321e-01 -0.000000e+00
    outer loop
      vertex   3.134758e+01 -2.253471e+01 5.904000e+01
      vertex   3.134758e+01 -2.253471e+01 5.954000e+01
      vertex   3.164542e+01 -2.300872e+01 5.954000e+01
    endloop
  endfacet
  facet normal 8.467242e-01 5.320321e-01 0.000000e+00
    outer loop
      vertex   3.134758e+01 -2.253471e+01 5.904000e+01
      vertex   3.164542e+01 -2.300872e+01 5.954000e+01
      vertex   3.164542e+01 -2.300872e+01 5.904000e+01
    endloop
  endfacet
  facet normal 7.071068e-01 7.071068e-01 -0.000000e+00
    outer loop
      vertex   3.164542e+01 -2.300872e+01 5.904000e+01
      vertex   3.164542e+01 -2.300872e+01 5.954000e+01
      vertex   3.204128e+01 -2.340458e+01 5.954000e+01
    endloop
  endfacet
  facet normal 7.071068e-01 7.071068e-01 0.000000e+00
    outer loop
      vertex   3.164542e+01 -2.300872e+01 5.904000e+01
      vertex   3.204128e+01 -2.340458e+01 5.954000e+01
      vertex   3.204128e+01 -2.340458e+01 5.904000e+01
    endloop
  endfacet
  facet normal 5.320321e-01 8.467242e-01 -0.000000e+00
    outer loop
      vertex   3.204128e+01 -2.340458e+01 5.904000e+01
      vertex   3.204128e+01 -2.340458e+01 5.954000e+01
      vertex   3.251529e+01 -2.370242e+01 5.954000e+01
    endloop
  endfacet
  facet normal 5.320321e-01 8.467242e-01 0.000000e+00
    outer loop
      vertex   3.204128e+01 -2.340458e+01 5.904000e+01
      vertex   3.251529e+01 -2.370242e+01 5.954000e+01
      vertex   3.251529e+01 -2.370242e+01 5.904000e+01
    endloop
  endfacet
  facet normal 3.302791e-01 9.438833e-01 -0.000000e+00
    outer loop
      vertex   3.251529e+01 -2.370242e+01 5.904000e+01
      vertex   3.251529e+01 -2.370242e+01 5.954000e+01
      vertex   3.304370e+01 -2.388732e+01 5.954000e+01
    endloop
  endfacet
  facet normal 3.302791e-01 9.438833e-01 0.000000e+00
    outer loop
      vertex   3.251529e+01 -2.370242e+01 5.904000e+01
      vertex   3.304370e+01 -2.388732e+01 5.954000e+01
      vertex   3.304370e+01 -2.388732e+01 5.904000e+01
    endloop
  endfacet
  facet normal 1.119645e-01 9.937122e-01 -0.000000e+00
    outer loop
      vertex   3.304370e+01 -2.388732e+01 5.904000e+01
      vertex   3.304370e+01 -2.388732e+01 5.954000e+01
      vertex   3.360000e+01 -2.395000e+01 5.954000e+01
    endloop
  endfacet
  facet normal 1.119645e-01 9.937122e-01 0.000000e+00
    outer loop
      vertex   3.304370e+01 -2.388732e+01 5.904000e+01
      vertex   3.360000e+01 -2.395000e+01 5.954000e+01
      vertex   3.360000e+01 -2.395000e+01 5.904000e+01
    endloop
  endfacet
  facet normal -1.119645e-01 9.937122e-01 0.000000e+00
    outer loop
      vertex   3.360000e+01 -2.395000e+01 5.904000e+01
      vertex   3.360000e+01 -2.395000e+01 5.954000e+01
      vertex   3.415630e+01 -2.388732e+01 5.954000e+01
    endloop
  endfacet
  facet normal -1.119645e-01 9.937122e-01 0.000000e+00
    outer loop
      vertex   3.360000e+01 -2.395000e+01 5.904000e+01
      vertex   3.415630e+01 -2.388732e+01 5.954000e+01
      vertex   3.415630e+01 -2.388732e+01 5.904000e+01
    endloop
  endfacet
  facet normal -3.302791e-01 9.438833e-01 0.000000e+00
    outer loop
      vertex   3.415630e+01 -2.388732e+01 5.904000e+01
      vertex   3.415630e+01 -2.388732e+01 5.954000e+01
      vertex   3.468471e+01 -2.370242e+01 5.954000e+01
    endloop
  endfacet
  facet normal -3.302791e-01 9.438833e-01 0.000000e+00
    outer loop
      vertex   3.415630e+01 -2.388732e+01 5.904000e+01
      vertex   3.468471e+01 -2.370242e+01 5.954000e+01
      vertex   3.468471e+01 -2.370242e+01 5.904000e+01
    endloop
  endfacet
  facet normal -5.320321e-01 8.467242e-01 0.000000e+00
    outer loop
      vertex   3.468471e+01 -2.370242e+01 5.904000e+01
      vertex   3.468471e+01 -2.370242e+01 5.954000e+01
      vertex   3.515872e+01 -2.340458e+01 5.954000e+01
    endloop
  endfacet
  facet normal -5.320321e-01 8.467242e-01 0.000000e+00
    outer loop
      vertex   3.468471e+01 -2.370242e+01 5.904000e+01
      vertex   3.515872e+01 -2.340458e+01 5.954000e+01
      vertex   3.515872e+01 -2.340458e+01 5.904000e+01
    endloop
  endfacet
  facet normal -7.071068e-01 7.071068e-01 0.000000e+00
    outer loop
      vertex   3.515872e+01 -2.340458e+01 5.904000e+01
      vertex   3.515872e+01 -2.340458e+01 5.954000e+01
      vertex   3.555458e+01 -2.300872e+01 5.954000e+01
    endloop
  endfacet
  facet normal -7.071068e-01 7.071068e-01 0.000000e+00
    outer loop
      vertex   3.515872e+01 -2.340458e+01 5.904000e+01
      vertex   3.555458e+01 -2.300872e+01 5.954000e+01
      vertex   3.555458e+01 -2.300872e+01 5.904000e+01
    endloop
  endfacet
  facet normal -8.467242e-01 5.320321e-01 0.000000e+00
    outer loop
      vertex   3.555458e+01 -2.300872e+01 5.904000e+01
      vertex   3.555458e+01 -2.300872e+01 5.954000e+01
      vertex   3.585242e+01 -2.253471e+01 5.954000e+01
    endloop
  endfacet
  facet normal -8.467242e-01 5.320321e-01 0.000000e+00
    outer loop
      vertex   3.555458e+01 -2.300872e+01 5.904000e+01
      vertex   3.585242e+01 -2.253471e+01 5.954000e+01
      vertex   3.585242e+01 -2.253471e+01 5.904000e+01
    endloop
  endfacet
  facet normal -9.438833e-01 3.302791e-01 0.000000e+00
    outer loop
      vertex   3.585242e+01 -2.253471e+01 5.904000e+01
      vertex   3.585242e+01 -2.253471e+01 5.954000e+01
      vertex   3.603732e+01 -2.200630e+01 5.954000e+01
    endloop
  endfacet
  facet normal 0.000000e+00 0.000000e+00 -1.000000e+00
    outer loop
      vertex   3.500059e+01 -2.182529e+01 5.804000e+01
      vertex   3.505000e+01 -2.145000e+01 5.804000e+01
      vertex   3.870000e+01 -2.420000e+01 5.804000e+01
    endloop
  endfacet
  facet normal 0.000000e+00 0.000000e+00 -1.000000e+00
    outer loop
      vertex   3.870000e+01 -2.420000e+01 5.804000e+01
      vertex   3.505000e+01 -2.145000e+01 5.804000e+01
      vertex   3.500059e+01 -2.107471e+01 5.804000e+01
    endloop
  endfacet
  facet normal 0.000000e+00 0.000000e+00 -1.000000e+00
    outer loop
      vertex   3.870000e+01 -2.420000e+01 5.804000e+01
      vertex   3.500059e+01 -2.107471e+01 5.804000e+01
      vertex   3.485574e+01 -2.072500e+01 5.804000e+01
    endloop
  endfacet
  facet normal 0.000000e+00 0.000000e+00 -1.000000e+00
    outer loop
      vertex   3.485574e+01 -2.072500e+01 5.804000e+01
      vertex   3.462531e+01 -2.042470e+01 5.804000e+01
      vertex   3.870000e+01 -2.420000e+01 5.804000e+01
    endloop
  endfacet
  facet normal 0.000000e+00 0.000000e+00 -1.000000e+00
    outer loop
      vertex   3.870000e+01 -2.420000e+01 5.804000e+01
      vertex   3.462531e+01 -2.042470e+01 5.804000e+01
      vertex   3.462531e+01 3.872470e+01 5.804000e+01
    endloop
  endfacet
  facet normal 0.000000e+00 0.000000e+00 -1.000000e+00
    outer loop
      vertex   3.870000e+01 -2.420000e+01 5.804000e+01
      vertex   3.462531e+01 3.872470e+01 5.804000e+01
      vertex   3.870000e+01 4.250000e+01 5.804000e+01
    endloop
  endfacet
  facet normal 0.000000e+00 0.000000e+00 -1.000000e+00
    outer loop
      vertex   3.870000e+01 4.250000e+01 5.804000e+01
      vertex   3.462531e+01 3.872470e+01 5.804000e+01
      vertex   3.485574e+01 3.902500e+01 5.804000e+01
    endloop
  endfacet
  facet normal 0.000000e+00 0.000000e+00 -1.000000e+00
    outer loop
      vertex   3.870000e+01 4.250000e+01 5.804000e+01
      vertex   3.485574e+01 3.902500e+01 5.804000e+01
      vertex   3.500059e+01 3.937471e+01 5.804000e+01
    endloop
  endfacet
  facet normal 0.000000e+00 -0.000000e+00 -1.000000e+00
    outer loop
      vertex   3.462531e+01 3.872470e+01 5.804000e+01
      vertex   3.462531e+01 -2.042470e+01 5.804000e+01
      vertex   3.432500e+01 3.849426e+01 5.804000e+01
    endloop
  endfacet
  facet normal 0.000000e+00 0.000000e+00 -1.000000e+00
    outer loop
      vertex   3.432500e+01 3.849426e+01 5.804000e+01
      vertex   3.462531e+01 -2.042470e+01 5.804000e+01
      vertex   3.432500e+01 -2.019426e+01 5.804000e+01
    endloop
  endfacet
  facet normal 0.000000e+00 -0.000000e+00 -1.000000e+00
    outer loop
      vertex   3.432500e+01 3.849426e+01 5.804000e+01
      vertex   3.432500e+01 -2.019426e+01 5.804000e+01
      vertex   3.397529e+01 3.834941e+01 5.804000e+01
    endloop
  endfacet
  facet normal 0.000000e+00 0.000000e+00 -1.000000e+00
    outer loop
      vertex   3.397529e+01 3.834941e+01 5.804000e+01
      vertex   3.432500e+01 -2.019426e+01 5.804000e+01
      vertex   3.397529e+01 -2.004941e+01 5.804000e+01
    endloop
  endfacet
  facet normal 0.000000e+00 -0.000000e+00 -1.000000e+00
    outer loop
      vertex   3.397529e+01 3.834941e+01 5.804000e+01
      vertex   3.397529e+01 -2.004941e+01 5.804000e+01
      vertex   3.360000e+01 3.830000e+01 5.804000e+01
    endloop
  endfacet
  facet normal 0.000000e+00 0.000000e+00 -1.000000e+00
    outer loop
      vertex   3.360000e+01 3.830000e+01 5.804000e+01
      vertex   3.397529e+01 -2.004941e+01 5.804000e+01
      vertex   3.360000e+01 -2.000000e+01 5.804000e+01
    endloop
  endfacet
  facet normal 0.000000e+00 -0.000000e+00 -1.000000e+00
    outer loop
      vertex   3.360000e+01 3.830000e+01 5.804000e+01
      vertex   3.360000e+01 -2.000000e+01 5.804000e+01
      vertex   3.322471e+01 -2.004941e+01 5.804000e+01
    endloop
  endfacet
  facet normal -0.000000e+00 0.000000e+00 -1.000000e+00
    outer loop
      vertex   3.360000e+01 3.830000e+01 5.804000e+01
      vertex   3.322471e+01 -2.004941e+01 5.804000e+01
      vertex   3.322471e+01 3.834941e+01 5.804000e+01
    endloop
  endfacet
  facet normal 0.000000e+00 -0.000000e+00 -1.000000e+00
    outer loop
      vertex   3.322471e+01 3.834941e+01 5.804000e+01
      vertex   3.322471e+01 -2.004941e+01 5.804000e+01
      vertex   3.287500e+01 -2.019426e+01 5.804000e+01
    endloop
  endfacet
  facet normal -0.000000e+00 0.000000e+00 -1.000000e+00
    outer loop
      vertex   3.322471e+01 3.834941e+01 5.804000e+01
      vertex   3.287500e+01 -2.019426e+01 5.804000e+01
      vertex   3.287500e+01 3.849426e+01 5.804000e+01
    endloop
  endfacet
  facet normal 0.000000e+00 -0.000000e+00 -1.000000e+00
    outer loop
      vertex   3.287500e+01 3.849426e+01 5.804000e+01
      vertex   3.287500e+01 -2.019426e+01 5.804000e+01
      vertex   3.257470e+01 -2.042470e+01 5.804000e+01
    endloop
  endfacet
  facet normal -0.000000e+00 0.000000e+00 -1.000000e+00
    outer loop
      vertex   3.287500e+01 3.849426e+01 5.804000e+01
      vertex   3.257470e+01 -2.042470e+01 5.804000e+01
      vertex   3.257470e+01 3.872470e+01 5.804000e+01
    endloop
  endfacet
  facet normal 0.000000e+00 -0.000000e+00 -1.000000e+00
    outer loop
      vertex   3.257470e+01 3.872470e+01 5.804000e+01
      vertex   3.257470e+01 -2.042470e+01 5.804000e+01
      vertex   -3.257470e+01 -2.042470e+01 5.804000e+01
    endloop
  endfacet
  facet normal -0.000000e+00 0.000000e+00 -1.000000e+00
    outer loop
      vertex   3.257470e+01 3.872470e+01 5.804000e+01
      vertex   -3.257470e+01 -2.042470e+01 5.804000e+01
      vertex   -3.257470e+01 3.872470e+01 5.804000e+01
    endloop
  endfacet
  facet normal 0.000000e+00 -0.000000e+00 -1.000000e+00
    outer loop
      vertex   -3.257470e+01 3.872470e+01 5.804000e+01
      vertex   -3.257470e+01 -2.042470e+01 5.804000e+01
      vertex   -3.287500e+01 3.849426e+01 5.804000e+01
    endloop
  endfacet
  facet normal 0.000000e+00 0.000000e+00 -1.000000e+00
    outer loop
      vertex   -3.287500e+01 3.849426e+01 5.804000e+01
      vertex   -3.257470e+01 -2.042470e+01 5.804000e+01
      vertex   -3.287500e+01 -2.019426e+01 5.804000e+01
    endloop
  endfacet
  facet normal 0.000000e+00 -0.000000e+00 -1.000000e+00
    outer loop
      vertex   -3.287500e+01 3.849426e+01 5.804000e+01
      vertex   -3.287500e+01 -2.019426e+01 5.804000e+01
      vertex   -3.322471e+01 3.834941e+01 5.804000e+01
    endloop
  endfacet
  facet normal 0.000000e+00 0.000000e+00 -1.000000e+00
    outer loop
      vertex   -3.322471e+01 3.834941e+01 5.804000e+01
      vertex   -3.287500e+01 -2.019426e+01 5.804000e+01
      vertex   -3.322471e+01 -2.004941e+01 5.804000e+01
    endloop
  endfacet
  facet normal 0.000000e+00 -0.000000e+00 -1.000000e+00
    outer loop
      vertex   -3.322471e+01 3.834941e+01 5.804000e+01
      vertex   -3.322471e+01 -2.004941e+01 5.804000e+01
      vertex   -3.360000e+01 3.830000e+01 5.804000e+01
    endloop
  endfacet
  facet normal 0.000000e+00 0.000000e+00 -1.000000e+00
    outer loop
      vertex   -3.360000e+01 3.830000e+01 5.804000e+01
      vertex   -3.322471e+01 -2.004941e+01 5.804000e+01
      vertex   -3.360000e+01 -2.000000e+01 5.804000e+01
    endloop
  endfacet
  facet normal 0.000000e+00 -0.000000e+00 -1.000000e+00
    outer loop
      vertex   -3.360000e+01 3.830000e+01 5.804000e+01
      vertex   -3.360000e+01 -2.000000e+01 5.804000e+01
      vertex   -3.397529e+01 -2.004941e+01 5.804000e+01
    endloop
  endfacet
  facet normal 0.000000e+00 0.000000e+00 -1.000000e+00
    outer loop
      vertex   -3.257470e+01 -2.042470e+01 5.804000e+01
      vertex   3.257470e+01 -2.042470e+01 5.804000e+01
      vertex   -3.234426e+01 -2.072500e+01 5.804000e+01
    endloop
  endfacet
  facet normal 0.000000e+00 0.000000e+00 -1.000000e+00
    outer loop
      vertex   -3.234426e+01 -2.072500e+01 5.804000e+01
      vertex   3.257470e+01 -2.042470e+01 5.804000e+01
      vertex   3.234426e+01 -2.072500e+01 5.804000e+01
    endloop
  endfacet
  facet normal 0.000000e+00 0.000000e+00 -1.000000e+00
    outer loop
      vertex   -3.234426e+01 -2.072500e+01 5.804000e+01
      vertex   3.234426e+01 -2.072500e+01 5.804000e+01
      vertex   -3.219941e+01 -2.107471e+01 5.804000e+01
    endloop
  endfacet
  facet normal 0.000000e+00 0.000000e+00 -1.000000e+00
    outer loop
      vertex   -3.219941e+01 -2.107471e+01 5.804000e+01
      vertex   3.234426e+01 -2.072500e+01 5.804000e+01
      vertex   3.219941e+01 -2.107471e+01 5.804000e+01
    endloop
  endfacet
  facet normal 0.000000e+00 0.000000e+00 -1.000000e+00
    outer loop
      vertex   -3.219941e+01 -2.107471e+01 5.804000e+01
      vertex   3.219941e+01 -2.107471e+01 5.804000e+01
      vertex   -3.215000e+01 -2.145000e+01 5.804000e+01
    endloop
  endfacet
  facet normal 0.000000e+00 0.000000e+00 -1.000000e+00
    outer loop
      vertex   -3.215000e+01 -2.145000e+01 5.804000e+01
      vertex   3.219941e+01 -2.107471e+01 5.804000e+01
      vertex   3.215000e+01 -2.145000e+01 5.804000e+01
    endloop
  endfacet
  facet normal 0.000000e+00 -0.000000e+00 -1.000000e+00
    outer loop
      vertex   -3.215000e+01 -2.145000e+01 5.804000e+01
      vertex   3.215000e+01 -2.145000e+01 5.804000e+01
      vertex   -3.219941e+01 -2.182529e+01 5.804000e+01
    endloop
  endfacet
  facet normal 0.000000e+00 0.000000e+00 -1.000000e+00
    outer loop
      vertex   -3.219941e+01 -2.182529e+01 5.804000e+01
      vertex   3.215000e+01 -2.145000e+01 5.804000e+01
      vertex   3.219941e+01 -2.182529e+01 5.804000e+01
    endloop
  endfacet
  facet normal 0.000000e+00 -0.000000e+00 -1.000000e+00
    outer loop
      vertex   -3.219941e+01 -2.182529e+01 5.804000e+01
      vertex   3.219941e+01 -2.182529e+01 5.804000e+01
      vertex   -3.234426e+01 -2.217500e+01 5.804000e+01
    endloop
  endfacet
  facet normal 0.000000e+00 0.000000e+00 -1.000000e+00
    outer loop
      vertex   -3.234426e+01 -2.217500e+01 5.804000e+01
      vertex   3.219941e+01 -2.182529e+01 5.804000e+01
      vertex   3.234426e+01 -2.217500e+01 5.804000e+01
    endloop
  endfacet
  facet normal 0.000000e+00 -0.000000e+00 -1.000000e+00
    outer loop
      vertex   -3.234426e+01 -2.217500e+01 5.804000e+01
      vertex   3.234426e+01 -2.217500e+01 5.804000e+01
      vertex   -3.257470e+01 -2.247531e+01 5.804000e+01
    endloop
  endfacet
  facet normal 0.000000e+00 0.000000e+00 -1.000000e+00
    outer loop
      vertex   -3.257470e+01 -2.247531e+01 5.804000e+01
      vertex   3.234426e+01 -2.217500e+01 5.804000e+01
      vertex   3.257470e+01 -2.247531e+01 5.804000e+01
    endloop
  endfacet
  facet normal 0.000000e+00 0.000000e+00 -1.000000e+00
    outer loop
      vertex   -3.257470e+01 -2.247531e+01 5.804000e+01
      vertex   3.257470e+01 -2.247531e+01 5.804000e+01
      vertex   3.570000e+01 -2.720000e+01 5.804000e+01
    endloop
  endfacet
  facet normal 0.000000e+00 0.000000e+00 -1.000000e+00
    outer loop
      vertex   3.570000e+01 -2.720000e+01 5.804000e+01
      vertex   3.257470e+01 -2.247531e+01 5.804000e+01
      vertex   3.287500e+01 -2.270574e+01 5.804000e+01
    endloop
  endfacet
  facet normal 0.000000e+00 0.000000e+00 -1.000000e+00
    outer loop
      vertex   3.570000e+01 -2.720000e+01 5.804000e+01
      vertex   3.287500e+01 -2.270574e+01 5.804000e+01
      vertex   3.322471e+01 -2.285059e+01 5.804000e+01
    endloop
  endfacet
  facet normal 0.000000e+00 0.000000e+00 -1.000000e+00
    outer loop
      vertex   3.322471e+01 -2.285059e+01 5.804000e+01
      vertex   3.360000e+01 -2.290000e+01 5.804000e+01
      vertex   3.570000e+01 -2.720000e+01 5.804000e+01
    endloop
  endfacet
  facet normal 0.000000e+00 0.000000e+00 -1.000000e+00
    outer loop
      vertex   3.570000e+01 -2.720000e+01 5.804000e+01
      vertex   3.360000e+01 -2.290000e+01 5.804000e+01
      vertex   3.397529e+01 -2.285059e+01 5.804000e+01
    endloop
  endfacet
  facet normal 0.000000e+00 0.000000e+00 -1.000000e+00
    outer loop
      vertex   3.570000e+01 -2.720000e+01 5.804000e+01
      vertex   3.397529e+01 -2.285059e+01 5.804000e+01
      vertex   3.432500e+01 -2.270574e+01 5.804000e+01
    endloop
  endfacet
  facet normal 0.000000e+00 -0.000000e+00 -1.000000e+00
    outer loop
      vertex   3.462531e+01 -2.247531e+01 5.804000e+01
      vertex   3.847164e+01 -2.534805e+01 5.804000e+01
      vertex   3.432500e+01 -2.270574e+01 5.804000e+01
    endloop
  endfacet
  facet normal 0.000000e+00 0.000000e+00 -1.000000e+00
    outer loop
      vertex   3.432500e+01 -2.270574e+01 5.804000e+01
      vertex   3.847164e+01 -2.534805e+01 5.804000e+01
      vertex   3.819441e+01 -2.586671e+01 5.804000e+01
    endloop
  endfacet
  facet normal 0.000000e+00 0.000000e+00 -1.000000e+00
    outer loop
      vertex   3.432500e+01 -2.270574e+01 5.804000e+01
      vertex   3.819441e+01 -2.586671e+01 5.804000e+01
      vertex   3.782132e+01 -2.632132e+01 5.804000e+01
    endloop
  endfacet
  facet normal 0.000000e+00 -0.000000e+00 -1.000000e+00
    outer loop
      vertex   3.485574e+01 -2.217500e+01 5.804000e+01
      vertex   3.870000e+01 -2.420000e+01 5.804000e+01
      vertex   3.462531e+01 -2.247531e+01 5.804000e+01
    endloop
  endfacet
  facet normal 0.000000e+00 0.000000e+00 -1.000000e+00
    outer loop
      vertex   3.462531e+01 -2.247531e+01 5.804000e+01
      vertex   3.870000e+01 -2.420000e+01 5.804000e+01
      vertex   3.864236e+01 -2.478527e+01 5.804000e+01
    endloop
  endfacet
  facet normal 0.000000e+00 0.000000e+00 -1.000000e+00
    outer loop
      vertex   3.462531e+01 -2.247531e+01 5.804000e+01
      vertex   3.864236e+01 -2.478527e+01 5.804000e+01
      vertex   3.847164e+01 -2.534805e+01 5.804000e+01
    endloop
  endfacet
  facet normal 0.000000e+00 0.000000e+00 -1.000000e+00
    outer loop
      vertex   3.485574e+01 -2.217500e+01 5.804000e+01
      vertex   3.500059e+01 -2.182529e+01 5.804000e+01
      vertex   3.870000e+01 -2.420000e+01 5.804000e+01
    endloop
  endfacet
  facet normal -0.000000e+00 0.000000e+00 -1.000000e+00
    outer loop
      vertex   -3.360000e+01 3.830000e+01 5.804000e+01
      vertex   -3.397529e+01 -2.004941e+01 5.804000e+01
      vertex   -3.397529e+01 3.834941e+01 5.804000e+01
    endloop
  endfacet
  facet normal 0.000000e+00 -0.000000e+00 -1.000000e+00
    outer loop
      vertex   -3.397529e+01 3.834941e+01 5.804000e+01
      vertex   -3.397529e+01 -2.004941e+01 5.804000e+01
      vertex   -3.432500e+01 -2.019426e+01 5.804000e+01
    endloop
  endfacet
  facet normal -0.000000e+00 0.000000e+00 -1.000000e+00
    outer loop
      vertex   -3.397529e+01 3.834941e+01 5.804000e+01
      vertex   -3.432500e+01 -2.019426e+01 5.804000e+01
      vertex   -3.432500e+01 3.849426e+01 5.804000e+01
    endloop
  endfacet
  facet normal 0.000000e+00 -0.000000e+00 -1.000000e+00
    outer loop
      vertex   -3.432500e+01 3.849426e+01 5.804000e+01
      vertex   -3.432500e+01 -2.019426e+01 5.804000e+01
      vertex   -3.462531e+01 -2.042470e+01 5.804000e+01
    endloop
  endfacet
  facet normal -0.000000e+00 0.000000e+00 -1.000000e+00
    outer loop
      vertex   -3.432500e+01 3.849426e+01 5.804000e+01
      vertex   -3.462531e+01 -2.042470e+01 5.804000e+01
      vertex   -3.462531e+01 3.872470e+01 5.804000e+01
    endloop
  endfacet
  facet normal 0.000000e+00 -0.000000e+00 -1.000000e+00
    outer loop
      vertex   -3.462531e+01 3.872470e+01 5.804000e+01
      vertex   -3.462531e+01 -2.042470e+01 5.804000e+01
      vertex   -3.920000e+01 -2.420000e+01 5.804000e+01
    endloop
  endfacet
  facet normal -0.000000e+00 0.000000e+00 -1.000000e+00
    outer loop
      vertex   -3.462531e+01 3.872470e+01 5.804000e+01
      vertex   -3.920000e+01 -2.420000e+01 5.804000e+01
      vertex   -3.920000e+01 4.250000e+01 5.804000e+01
    endloop
  endfacet
  facet normal 0.000000e+00 0.000000e+00 -1.000000e+00
    outer loop
      vertex   -3.462531e+01 -2.042470e+01 5.804000e+01
      vertex   -3.485574e+01 -2.072500e+01 5.804000e+01
      vertex   -3.920000e+01 -2.420000e+01 5.804000e+01
    endloop
  endfacet
  facet normal 0.000000e+00 0.000000e+00 -1.000000e+00
    outer loop
      vertex   -3.920000e+01 -2.420000e+01 5.804000e+01
      vertex   -3.485574e+01 -2.072500e+01 5.804000e+01
      vertex   -3.500059e+01 -2.107471e+01 5.804000e+01
    endloop
  endfacet
  facet normal 0.000000e+00 0.000000e+00 -1.000000e+00
    outer loop
      vertex   -3.920000e+01 -2.420000e+01 5.804000e+01
      vertex   -3.500059e+01 -2.107471e+01 5.804000e+01
      vertex   -3.505000e+01 -2.145000e+01 5.804000e+01
    endloop
  endfacet
  facet normal 0.000000e+00 -0.000000e+00 -1.000000e+00
    outer loop
      vertex   -3.505000e+01 -2.145000e+01 5.804000e+01
      vertex   -3.500059e+01 -2.182529e+01 5.804000e+01
      vertex   -3.920000e+01 -2.420000e+01 5.804000e+01
    endloop
  endfacet
  facet normal 0.000000e+00 0.000000e+00 -1.000000e+00
    outer loop
      vertex   -3.920000e+01 -2.420000e+01 5.804000e+01
      vertex   -3.500059e+01 -2.182529e+01 5.804000e+01
      vertex   -3.485574e+01 -2.217500e+01 5.804000e+01
    endloop
  endfacet
  facet normal 0.000000e+00 0.000000e+00 -1.000000e+00
    outer loop
      vertex   -3.920000e+01 -2.420000e+01 5.804000e+01
      vertex   -3.485574e+01 -2.217500e+01 5.804000e+01
      vertex   -3.462531e+01 -2.247531e+01 5.804000e+01
    endloop
  endfacet
  facet normal -0.000000e+00 0.000000e+00 -1.000000e+00
    outer loop
      vertex   -3.432500e+01 -2.270574e+01 5.804000e+01
      vertex   -3.786671e+01 -2.669441e+01 5.804000e+01
      vertex   -3.462531e+01 -2.247531e+01 5.804000e+01
    endloop
  endfacet
  facet normal 0.000000e+00 0.000000e+00 -1.000000e+00
    outer loop
      vertex   -3.462531e+01 -2.247531e+01 5.804000e+01
      vertex   -3.786671e+01 -2.669441e+01 5.804000e+01
      vertex   -3.832132e+01 -2.632132e+01 5.804000e+01
    endloop
  endfacet
  facet normal 0.000000e+00 0.000000e+00 -1.000000e+00
    outer loop
      vertex   -3.462531e+01 -2.247531e+01 5.804000e+01
      vertex   -3.832132e+01 -2.632132e+01 5.804000e+01
      vertex   -3.869441e+01 -2.586671e+01 5.804000e+01
    endloop
  endfacet
  facet normal -0.000000e+00 0.000000e+00 -1.000000e+00
    outer loop
      vertex   -3.397529e+01 -2.285059e+01 5.804000e+01
      vertex   -3.620000e+01 -2.720000e+01 5.804000e+01
      vertex   -3.432500e+01 -2.270574e+01 5.804000e+01
    endloop
  endfacet
  facet normal 0.000000e+00 0.000000e+00 -1.000000e+00
    outer loop
      vertex   -3.432500e+01 -2.270574e+01 5.804000e+01
      vertex   -3.620000e+01 -2.720000e+01 5.804000e+01
      vertex   -3.678527e+01 -2.714236e+01 5.804000e+01
    endloop
  endfacet
  facet normal 0.000000e+00 0.000000e+00 -1.000000e+00
    outer loop
      vertex   -3.432500e+01 -2.270574e+01 5.804000e+01
      vertex   -3.678527e+01 -2.714236e+01 5.804000e+01
      vertex   -3.734805e+01 -2.697164e+01 5.804000e+01
    endloop
  endfacet
  facet normal 0.000000e+00 -0.000000e+00 -1.000000e+00
    outer loop
      vertex   -3.397529e+01 -2.285059e+01 5.804000e+01
      vertex   -3.360000e+01 -2.290000e+01 5.804000e+01
      vertex   -3.620000e+01 -2.720000e+01 5.804000e+01
    endloop
  endfacet
  facet normal 0.000000e+00 0.000000e+00 -1.000000e+00
    outer loop
      vertex   -3.620000e+01 -2.720000e+01 5.804000e+01
      vertex   -3.360000e+01 -2.290000e+01 5.804000e+01
      vertex   -3.322471e+01 -2.285059e+01 5.804000e+01
    endloop
  endfacet
  facet normal 0.000000e+00 0.000000e+00 -1.000000e+00
    outer loop
      vertex   -3.620000e+01 -2.720000e+01 5.804000e+01
      vertex   -3.322471e+01 -2.285059e+01 5.804000e+01
      vertex   -3.287500e+01 -2.270574e+01 5.804000e+01
    endloop
  endfacet
  facet normal 0.000000e+00 -0.000000e+00 -1.000000e+00
    outer loop
      vertex   -3.287500e+01 -2.270574e+01 5.804000e+01
      vertex   -3.257470e+01 -2.247531e+01 5.804000e+01
      vertex   -3.620000e+01 -2.720000e+01 5.804000e+01
    endloop
  endfacet
  facet normal 0.000000e+00 0.000000e+00 -1.000000e+00
    outer loop
      vertex   -3.620000e+01 -2.720000e+01 5.804000e+01
      vertex   -3.257470e+01 -2.247531e+01 5.804000e+01
      vertex   3.570000e+01 -2.720000e+01 5.804000e+01
    endloop
  endfacet
  facet normal 0.000000e+00 0.000000e+00 -1.000000e+00
    outer loop
      vertex   3.500059e+01 3.937471e+01 5.804000e+01
      vertex   3.505000e+01 3.975000e+01 5.804000e+01
      vertex   3.870000e+01 4.250000e+01 5.804000e+01
    endloop
  endfacet
  facet normal 0.000000e+00 0.000000e+00 -1.000000e+00
    outer loop
      vertex   3.870000e+01 4.250000e+01 5.804000e+01
      vertex   3.505000e+01 3.975000e+01 5.804000e+01
      vertex   3.500059e+01 4.012529e+01 5.804000e+01
    endloop
  endfacet
  facet normal 0.000000e+00 0.000000e+00 -1.000000e+00
    outer loop
      vertex   3.870000e+01 4.250000e+01 5.804000e+01
      vertex   3.500059e+01 4.012529e+01 5.804000e+01
      vertex   3.485574e+01 4.047500e+01 5.804000e+01
    endloop
  endfacet
  facet normal 0.000000e+00 0.000000e+00 -1.000000e+00
    outer loop
      vertex   3.485574e+01 4.047500e+01 5.804000e+01
      vertex   3.462531e+01 4.077531e+01 5.804000e+01
      vertex   3.870000e+01 4.250000e+01 5.804000e+01
    endloop
  endfacet
  facet normal -0.000000e+00 0.000000e+00 -1.000000e+00
    outer loop
      vertex   3.870000e+01 4.250000e+01 5.804000e+01
      vertex   3.462531e+01 4.077531e+01 5.804000e+01
      vertex   3.864236e+01 4.308527e+01 5.804000e+01
    endloop
  endfacet
  facet normal -0.000000e+00 0.000000e+00 -1.000000e+00
    outer loop
      vertex   3.864236e+01 4.308527e+01 5.804000e+01
      vertex   3.462531e+01 4.077531e+01 5.804000e+01
      vertex   3.847164e+01 4.364805e+01 5.804000e+01
    endloop
  endfacet
  facet normal 0.000000e+00 0.000000e+00 -1.000000e+00
    outer loop
      vertex   3.847164e+01 4.364805e+01 5.804000e+01
      vertex   3.462531e+01 4.077531e+01 5.804000e+01
      vertex   3.432500e+01 4.100574e+01 5.804000e+01
    endloop
  endfacet
  facet normal -0.000000e+00 0.000000e+00 -1.000000e+00
    outer loop
      vertex   3.847164e+01 4.364805e+01 5.804000e+01
      vertex   3.432500e+01 4.100574e+01 5.804000e+01
      vertex   3.819441e+01 4.416671e+01 5.804000e+01
    endloop
  endfacet
  facet normal -0.000000e+00 0.000000e+00 -1.000000e+00
    outer loop
      vertex   3.819441e+01 4.416671e+01 5.804000e+01
      vertex   3.432500e+01 4.100574e+01 5.804000e+01
      vertex   3.782132e+01 4.462132e+01 5.804000e+01
    endloop
  endfacet
  facet normal -0.000000e+00 0.000000e+00 -1.000000e+00
    outer loop
      vertex   3.782132e+01 4.462132e+01 5.804000e+01
      vertex   3.432500e+01 4.100574e+01 5.804000e+01
      vertex   3.736671e+01 4.499441e+01 5.804000e+01
    endloop
  endfacet
  facet normal -0.000000e+00 0.000000e+00 -1.000000e+00
    outer loop
      vertex   3.736671e+01 4.499441e+01 5.804000e+01
      vertex   3.432500e+01 4.100574e+01 5.804000e+01
      vertex   3.684805e+01 4.527164e+01 5.804000e+01
    endloop
  endfacet
  facet normal -0.000000e+00 0.000000e+00 -1.000000e+00
    outer loop
      vertex   3.684805e+01 4.527164e+01 5.804000e+01
      vertex   3.432500e+01 4.100574e+01 5.804000e+01
      vertex   3.628527e+01 4.544236e+01 5.804000e+01
    endloop
  endfacet
  facet normal -0.000000e+00 0.000000e+00 -1.000000e+00
    outer loop
      vertex   3.628527e+01 4.544236e+01 5.804000e+01
      vertex   3.432500e+01 4.100574e+01 5.804000e+01
      vertex   3.570000e+01 4.550000e+01 5.804000e+01
    endloop
  endfacet
  facet normal 0.000000e+00 0.000000e+00 -1.000000e+00
    outer loop
      vertex   3.570000e+01 4.550000e+01 5.804000e+01
      vertex   3.432500e+01 4.100574e+01 5.804000e+01
      vertex   3.397529e+01 4.115059e+01 5.804000e+01
    endloop
  endfacet
  facet normal 0.000000e+00 0.000000e+00 -1.000000e+00
    outer loop
      vertex   3.570000e+01 4.550000e+01 5.804000e+01
      vertex   3.397529e+01 4.115059e+01 5.804000e+01
      vertex   3.360000e+01 4.120000e+01 5.804000e+01
    endloop
  endfacet
  facet normal -0.000000e+00 0.000000e+00 -1.000000e+00
    outer loop
      vertex   3.360000e+01 4.120000e+01 5.804000e+01
      vertex   3.322471e+01 4.115059e+01 5.804000e+01
      vertex   3.570000e+01 4.550000e+01 5.804000e+01
    endloop
  endfacet
  facet normal 0.000000e+00 0.000000e+00 -1.000000e+00
    outer loop
      vertex   3.570000e+01 4.550000e+01 5.804000e+01
      vertex   3.322471e+01 4.115059e+01 5.804000e+01
      vertex   3.287500e+01 4.100574e+01 5.804000e+01
    endloop
  endfacet
  facet normal 0.000000e+00 0.000000e+00 -1.000000e+00
    outer loop
      vertex   3.570000e+01 4.550000e+01 5.804000e+01
      vertex   3.287500e+01 4.100574e+01 5.804000e+01
      vertex   3.257470e+01 4.077531e+01 5.804000e+01
    endloop
  endfacet
  facet normal 0.000000e+00 0.000000e+00 -1.000000e+00
    outer loop
      vertex   3.234426e+01 4.047500e+01 5.804000e+01
      vertex   -3.234426e+01 4.047500e+01 5.804000e+01
      vertex   3.257470e+01 4.077531e+01 5.804000e+01
    endloop
  endfacet
  facet normal -0.000000e+00 0.000000e+00 -1.000000e+00
    outer loop
      vertex   3.257470e+01 4.077531e+01 5.804000e+01
      vertex   -3.234426e+01 4.047500e+01 5.804000e+01
      vertex   -3.257470e+01 4.077531e+01 5.804000e+01
    endloop
  endfacet
  facet normal 0.000000e+00 0.000000e+00 -1.000000e+00
    outer loop
      vertex   3.257470e+01 4.077531e+01 5.804000e+01
      vertex   -3.257470e+01 4.077531e+01 5.804000e+01
      vertex   3.570000e+01 4.550000e+01 5.804000e+01
    endloop
  endfacet
  facet normal -0.000000e+00 0.000000e+00 -1.000000e+00
    outer loop
      vertex   3.570000e+01 4.550000e+01 5.804000e+01
      vertex   -3.257470e+01 4.077531e+01 5.804000e+01
      vertex   -3.620000e+01 4.550000e+01 5.804000e+01
    endloop
  endfacet
  facet normal 0.000000e+00 0.000000e+00 -1.000000e+00
    outer loop
      vertex   -3.620000e+01 4.550000e+01 5.804000e+01
      vertex   -3.257470e+01 4.077531e+01 5.804000e+01
      vertex   -3.287500e+01 4.100574e+01 5.804000e+01
    endloop
  endfacet
  facet normal 0.000000e+00 0.000000e+00 -1.000000e+00
    outer loop
      vertex   -3.620000e+01 4.550000e+01 5.804000e+01
      vertex   -3.287500e+01 4.100574e+01 5.804000e+01
      vertex   -3.322471e+01 4.115059e+01 5.804000e+01
    endloop
  endfacet
  facet normal 0.000000e+00 0.000000e+00 -1.000000e+00
    outer loop
      vertex   -3.234426e+01 4.047500e+01 5.804000e+01
      vertex   3.234426e+01 4.047500e+01 5.804000e+01
      vertex   -3.219941e+01 4.012529e+01 5.804000e+01
    endloop
  endfacet
  facet normal 0.000000e+00 0.000000e+00 -1.000000e+00
    outer loop
      vertex   -3.219941e+01 4.012529e+01 5.804000e+01
      vertex   3.234426e+01 4.047500e+01 5.804000e+01
      vertex   3.219941e+01 4.012529e+01 5.804000e+01
    endloop
  endfacet
  facet normal 0.000000e+00 0.000000e+00 -1.000000e+00
    outer loop
      vertex   -3.219941e+01 4.012529e+01 5.804000e+01
      vertex   3.219941e+01 4.012529e+01 5.804000e+01
      vertex   -3.215000e+01 3.975000e+01 5.804000e+01
    endloop
  endfacet
  facet normal 0.000000e+00 0.000000e+00 -1.000000e+00
    outer loop
      vertex   -3.215000e+01 3.975000e+01 5.804000e+01
      vertex   3.219941e+01 4.012529e+01 5.804000e+01
      vertex   3.215000e+01 3.975000e+01 5.804000e+01
    endloop
  endfacet
  facet normal 0.000000e+00 -0.000000e+00 -1.000000e+00
    outer loop
      vertex   -3.215000e+01 3.975000e+01 5.804000e+01
      vertex   3.215000e+01 3.975000e+01 5.804000e+01
      vertex   -3.219941e+01 3.937471e+01 5.804000e+01
    endloop
  endfacet
  facet normal 0.000000e+00 0.000000e+00 -1.000000e+00
    outer loop
      vertex   -3.219941e+01 3.937471e+01 5.804000e+01
      vertex   3.215000e+01 3.975000e+01 5.804000e+01
      vertex   3.219941e+01 3.937471e+01 5.804000e+01
    endloop
  endfacet
  facet normal 0.000000e+00 -0.000000e+00 -1.000000e+00
    outer loop
      vertex   -3.219941e+01 3.937471e+01 5.804000e+01
      vertex   3.219941e+01 3.937471e+01 5.804000e+01
      vertex   -3.234426e+01 3.902500e+01 5.804000e+01
    endloop
  endfacet
  facet normal 0.000000e+00 0.000000e+00 -1.000000e+00
    outer loop
      vertex   -3.234426e+01 3.902500e+01 5.804000e+01
      vertex   3.219941e+01 3.937471e+01 5.804000e+01
      vertex   3.234426e+01 3.902500e+01 5.804000e+01
    endloop
  endfacet
  facet normal 0.000000e+00 -0.000000e+00 -1.000000e+00
    outer loop
      vertex   -3.234426e+01 3.902500e+01 5.804000e+01
      vertex   3.234426e+01 3.902500e+01 5.804000e+01
      vertex   -3.257470e+01 3.872470e+01 5.804000e+01
    endloop
  endfacet
  facet normal 0.000000e+00 0.000000e+00 -1.000000e+00
    outer loop
      vertex   -3.257470e+01 3.872470e+01 5.804000e+01
      vertex   3.234426e+01 3.902500e+01 5.804000e+01
      vertex   3.257470e+01 3.872470e+01 5.804000e+01
    endloop
  endfacet
  facet normal 0.000000e+00 0.000000e+00 -1.000000e+00
    outer loop
      vertex   -3.322471e+01 4.115059e+01 5.804000e+01
      vertex   -3.360000e+01 4.120000e+01 5.804000e+01
      vertex   -3.620000e+01 4.550000e+01 5.804000e+01
    endloop
  endfacet
  facet normal 0.000000e+00 0.000000e+00 -1.000000e+00
    outer loop
      vertex   -3.620000e+01 4.550000e+01 5.804000e+01
      vertex   -3.360000e+01 4.120000e+01 5.804000e+01
      vertex   -3.397529e+01 4.115059e+01 5.804000e+01
    endloop
  endfacet
  facet normal 0.000000e+00 0.000000e+00 -1.000000e+00
    outer loop
      vertex   -3.620000e+01 4.550000e+01 5.804000e+01
      vertex   -3.397529e+01 4.115059e+01 5.804000e+01
      vertex   -3.432500e+01 4.100574e+01 5.804000e+01
    endloop
  endfacet
  facet normal 0.000000e+00 0.000000e+00 -1.000000e+00
    outer loop
      vertex   -3.462531e+01 4.077531e+01 5.804000e+01
      vertex   -3.786671e+01 4.499441e+01 5.804000e+01
      vertex   -3.432500e+01 4.100574e+01 5.804000e+01
    endloop
  endfacet
  facet normal 0.000000e+00 0.000000e+00 -1.000000e+00
    outer loop
      vertex   -3.432500e+01 4.100574e+01 5.804000e+01
      vertex   -3.786671e+01 4.499441e+01 5.804000e+01
      vertex   -3.734805e+01 4.527164e+01 5.804000e+01
    endloop
  endfacet
  facet normal 0.000000e+00 0.000000e+00 -1.000000e+00
    outer loop
      vertex   -3.432500e+01 4.100574e+01 5.804000e+01
      vertex   -3.734805e+01 4.527164e+01 5.804000e+01
      vertex   -3.678527e+01 4.544236e+01 5.804000e+01
    endloop
  endfacet
  facet normal 0.000000e+00 0.000000e+00 -1.000000e+00
    outer loop
      vertex   -3.485574e+01 4.047500e+01 5.804000e+01
      vertex   -3.920000e+01 4.250000e+01 5.804000e+01
      vertex   -3.462531e+01 4.077531e+01 5.804000e+01
    endloop
  endfacet
  facet normal 0.000000e+00 0.000000e+00 -1.000000e+00
    outer loop
      vertex   -3.462531e+01 4.077531e+01 5.804000e+01
      vertex   -3.920000e+01 4.250000e+01 5.804000e+01
      vertex   -3.914236e+01 4.308527e+01 5.804000e+01
    endloop
  endfacet
  facet normal 0.000000e+00 0.000000e+00 -1.000000e+00
    outer loop
      vertex   -3.462531e+01 4.077531e+01 5.804000e+01
      vertex   -3.914236e+01 4.308527e+01 5.804000e+01
      vertex   -3.897164e+01 4.364805e+01 5.804000e+01
    endloop
  endfacet
  facet normal -0.000000e+00 0.000000e+00 -1.000000e+00
    outer loop
      vertex   -3.485574e+01 4.047500e+01 5.804000e+01
      vertex   -3.500059e+01 4.012529e+01 5.804000e+01
      vertex   -3.920000e+01 4.250000e+01 5.804000e+01
    endloop
  endfacet
  facet normal 0.000000e+00 0.000000e+00 -1.000000e+00
    outer loop
      vertex   -3.920000e+01 4.250000e+01 5.804000e+01
      vertex   -3.500059e+01 4.012529e+01 5.804000e+01
      vertex   -3.505000e+01 3.975000e+01 5.804000e+01
    endloop
  endfacet
  facet normal 0.000000e+00 0.000000e+00 -1.000000e+00
    outer loop
      vertex   -3.920000e+01 4.250000e+01 5.804000e+01
      vertex   -3.505000e+01 3.975000e+01 5.804000e+01
      vertex   -3.500059e+01 3.937471e+01 5.804000e+01
    endloop
  endfacet
  facet normal -0.000000e+00 -0.000000e+00 -1.000000e+00
    outer loop
      vertex   -3.500059e+01 3.937471e+01 5.804000e+01
      vertex   -3.485574e+01 3.902500e+01 5.804000e+01
      vertex   -3.920000e+01 4.250000e+01 5.804000e+01
    endloop
  endfacet
  facet normal 0.000000e+00 0.000000e+00 -1.000000e+00
    outer loop
      vertex   -3.920000e+01 4.250000e+01 5.804000e+01
      vertex   -3.485574e+01 3.902500e+01 5.804000e+01
      vertex   -3.462531e+01 3.872470e+01 5.804000e+01
    endloop
  endfacet
  facet normal -0.000000e+00 0.000000e+00 -1.000000e+00
    outer loop
      vertex   3.782132e+01 -2.632132e+01 5.804000e+01
      vertex   3.736671e+01 -2.669441e+01 5.804000e+01
      vertex   3.432500e+01 -2.270574e+01 5.804000e+01
    endloop
  endfacet
  facet normal 0.000000e+00 0.000000e+00 -1.000000e+00
    outer loop
      vertex   3.432500e+01 -2.270574e+01 5.804000e+01
      vertex   3.736671e+01 -2.669441e+01 5.804000e+01
      vertex   3.684805e+01 -2.697164e+01 5.804000e+01
    endloop
  endfacet
  facet normal 0.000000e+00 0.000000e+00 -1.000000e+00
    outer loop
      vertex   3.432500e+01 -2.270574e+01 5.804000e+01
      vertex   3.684805e+01 -2.697164e+01 5.804000e+01
      vertex   3.628527e+01 -2.714236e+01 5.804000e+01
    endloop
  endfacet
  facet normal -0.000000e+00 0.000000e+00 -1.000000e+00
    outer loop
      vertex   3.628527e+01 -2.714236e+01 5.804000e+01
      vertex   3.570000e+01 -2.720000e+01 5.804000e+01
      vertex   3.432500e+01 -2.270574e+01 5.804000e+01
    endloop
  endfacet
  facet normal 0.000000e+00 0.000000e+00 -1.000000e+00
    outer loop
      vertex   -3.734805e+01 -2.697164e+01 5.804000e+01
      vertex   -3.786671e+01 -2.669441e+01 5.804000e+01
      vertex   -3.432500e+01 -2.270574e+01 5.804000e+01
    endloop
  endfacet
  facet normal 0.000000e+00 0.000000e+00 -1.000000e+00
    outer loop
      vertex   -3.869441e+01 -2.586671e+01 5.804000e+01
      vertex   -3.897164e+01 -2.534805e+01 5.804000e+01
      vertex   -3.462531e+01 -2.247531e+01 5.804000e+01
    endloop
  endfacet
  facet normal 0.000000e+00 0.000000e+00 -1.000000e+00
    outer loop
      vertex   -3.462531e+01 -2.247531e+01 5.804000e+01
      vertex   -3.897164e+01 -2.534805e+01 5.804000e+01
      vertex   -3.914236e+01 -2.478527e+01 5.804000e+01
    endloop
  endfacet
  facet normal 0.000000e+00 0.000000e+00 -1.000000e+00
    outer loop
      vertex   -3.462531e+01 -2.247531e+01 5.804000e+01
      vertex   -3.914236e+01 -2.478527e+01 5.804000e+01
      vertex   -3.920000e+01 -2.420000e+01 5.804000e+01
    endloop
  endfacet
  facet normal 0.000000e+00 0.000000e+00 -1.000000e+00
    outer loop
      vertex   -3.897164e+01 4.364805e+01 5.804000e+01
      vertex   -3.869441e+01 4.416671e+01 5.804000e+01
      vertex   -3.462531e+01 4.077531e+01 5.804000e+01
    endloop
  endfacet
  facet normal 0.000000e+00 0.000000e+00 -1.000000e+00
    outer loop
      vertex   -3.462531e+01 4.077531e+01 5.804000e+01
      vertex   -3.869441e+01 4.416671e+01 5.804000e+01
      vertex   -3.832132e+01 4.462132e+01 5.804000e+01
    endloop
  endfacet
  facet normal 0.000000e+00 0.000000e+00 -1.000000e+00
    outer loop
      vertex   -3.462531e+01 4.077531e+01 5.804000e+01
      vertex   -3.832132e+01 4.462132e+01 5.804000e+01
      vertex   -3.786671e+01 4.499441e+01 5.804000e+01
    endloop
  endfacet
  facet normal 0.000000e+00 0.000000e+00 -1.000000e+00
    outer loop
      vertex   -3.678527e+01 4.544236e+01 5.804000e+01
      vertex   -3.620000e+01 4.550000e+01 5.804000e+01
      vertex   -3.432500e+01 4.100574e+01 5.804000e+01
    endloop
  endfacet
  facet normal -0.000000e+00 0.000000e+00 1.000000e+00
    outer loop
      vertex   3.500059e+01 3.937471e+01 5.904000e+01
      vertex   3.603732e+01 3.919370e+01 5.904000e+01
      vertex   3.505000e+01 3.975000e+01 5.904000e+01
    endloop
  endfacet
  facet normal -0.000000e+00 0.000000e+00 1.000000e+00
    outer loop
      vertex   3.505000e+01 3.975000e+01 5.904000e+01
      vertex   3.603732e+01 3.919370e+01 5.904000e+01
      vertex   3.610000e+01 3.975000e+01 5.904000e+01
    endloop
  endfacet
  facet normal 0.000000e+00 0.000000e+00 1.000000e+00
    outer loop
      vertex   3.505000e+01 3.975000e+01 5.904000e+01
      vertex   3.610000e+01 3.975000e+01 5.904000e+01
      vertex   3.603732e+01 4.030630e+01 5.904000e+01
    endloop
  endfacet
  facet normal 0.000000e+00 0.000000e+00 1.000000e+00
    outer loop
      vertex   3.603732e+01 3.919370e+01 5.904000e+01
      vertex   3.500059e+01 3.937471e+01 5.904000e+01
      vertex   3.585242e+01 3.866529e+01 5.904000e+01
    endloop
  endfacet
  facet normal 0.000000e+00 0.000000e+00 1.000000e+00
    outer loop
      vertex   3.585242e+01 3.866529e+01 5.904000e+01
      vertex   3.500059e+01 3.937471e+01 5.904000e+01
      vertex   3.485574e+01 3.902500e+01 5.904000e+01
    endloop
  endfacet
  facet normal 0.000000e+00 0.000000e+00 1.000000e+00
    outer loop
      vertex   3.585242e+01 3.866529e+01 5.904000e+01
      vertex   3.485574e+01 3.902500e+01 5.904000e+01
      vertex   3.555458e+01 3.819128e+01 5.904000e+01
    endloop
  endfacet
  facet normal 0.000000e+00 0.000000e+00 1.000000e+00
    outer loop
      vertex   3.555458e+01 3.819128e+01 5.904000e+01
      vertex   3.485574e+01 3.902500e+01 5.904000e+01
      vertex   3.462531e+01 3.872470e+01 5.904000e+01
    endloop
  endfacet
  facet normal 0.000000e+00 0.000000e+00 1.000000e+00
    outer loop
      vertex   3.555458e+01 3.819128e+01 5.904000e+01
      vertex   3.462531e+01 3.872470e+01 5.904000e+01
      vertex   3.515872e+01 3.779542e+01 5.904000e+01
    endloop
  endfacet
  facet normal 0.000000e+00 0.000000e+00 1.000000e+00
    outer loop
      vertex   3.515872e+01 3.779542e+01 5.904000e+01
      vertex   3.462531e+01 3.872470e+01 5.904000e+01
      vertex   3.432500e+01 3.849426e+01 5.904000e+01
    endloop
  endfacet
  facet normal 0.000000e+00 0.000000e+00 1.000000e+00
    outer loop
      vertex   3.515872e+01 3.779542e+01 5.904000e+01
      vertex   3.432500e+01 3.849426e+01 5.904000e+01
      vertex   3.468471e+01 3.749758e+01 5.904000e+01
    endloop
  endfacet
  facet normal 0.000000e+00 0.000000e+00 1.000000e+00
    outer loop
      vertex   3.468471e+01 3.749758e+01 5.904000e+01
      vertex   3.432500e+01 3.849426e+01 5.904000e+01
      vertex   3.397529e+01 3.834941e+01 5.904000e+01
    endloop
  endfacet
  facet normal 0.000000e+00 0.000000e+00 1.000000e+00
    outer loop
      vertex   3.468471e+01 3.749758e+01 5.904000e+01
      vertex   3.397529e+01 3.834941e+01 5.904000e+01
      vertex   3.415630e+01 3.731268e+01 5.904000e+01
    endloop
  endfacet
  facet normal 0.000000e+00 0.000000e+00 1.000000e+00
    outer loop
      vertex   3.415630e+01 3.731268e+01 5.904000e+01
      vertex   3.397529e+01 3.834941e+01 5.904000e+01
      vertex   3.360000e+01 3.830000e+01 5.904000e+01
    endloop
  endfacet
  facet normal 0.000000e+00 0.000000e+00 1.000000e+00
    outer loop
      vertex   3.415630e+01 3.731268e+01 5.904000e+01
      vertex   3.360000e+01 3.830000e+01 5.904000e+01
      vertex   3.360000e+01 3.725000e+01 5.904000e+01
    endloop
  endfacet
  facet normal 0.000000e+00 -0.000000e+00 1.000000e+00
    outer loop
      vertex   3.360000e+01 3.725000e+01 5.904000e+01
      vertex   3.360000e+01 3.830000e+01 5.904000e+01
      vertex   3.304370e+01 3.731268e+01 5.904000e+01
    endloop
  endfacet
  facet normal 0.000000e+00 0.000000e+00 1.000000e+00
    outer loop
      vertex   3.304370e+01 3.731268e+01 5.904000e+01
      vertex   3.360000e+01 3.830000e+01 5.904000e+01
      vertex   3.322471e+01 3.834941e+01 5.904000e+01
    endloop
  endfacet
  facet normal 0.000000e+00 -0.000000e+00 1.000000e+00
    outer loop
      vertex   3.304370e+01 3.731268e+01 5.904000e+01
      vertex   3.322471e+01 3.834941e+01 5.904000e+01
      vertex   3.251529e+01 3.749758e+01 5.904000e+01
    endloop
  endfacet
  facet normal 0.000000e+00 0.000000e+00 1.000000e+00
    outer loop
      vertex   3.251529e+01 3.749758e+01 5.904000e+01
      vertex   3.322471e+01 3.834941e+01 5.904000e+01
      vertex   3.287500e+01 3.849426e+01 5.904000e+01
    endloop
  endfacet
  facet normal 0.000000e+00 -0.000000e+00 1.000000e+00
    outer loop
      vertex   3.251529e+01 3.749758e+01 5.904000e+01
      vertex   3.287500e+01 3.849426e+01 5.904000e+01
      vertex   3.204128e+01 3.779542e+01 5.904000e+01
    endloop
  endfacet
  facet normal 0.000000e+00 0.000000e+00 1.000000e+00
    outer loop
      vertex   3.204128e+01 3.779542e+01 5.904000e+01
      vertex   3.287500e+01 3.849426e+01 5.904000e+01
      vertex   3.257470e+01 3.872470e+01 5.904000e+01
    endloop
  endfacet
  facet normal 0.000000e+00 -0.000000e+00 1.000000e+00
    outer loop
      vertex   3.204128e+01 3.779542e+01 5.904000e+01
      vertex   3.257470e+01 3.872470e+01 5.904000e+01
      vertex   3.164542e+01 3.819128e+01 5.904000e+01
    endloop
  endfacet
  facet normal 0.000000e+00 0.000000e+00 1.000000e+00
    outer loop
      vertex   3.164542e+01 3.819128e+01 5.904000e+01
      vertex   3.257470e+01 3.872470e+01 5.904000e+01
      vertex   3.234426e+01 3.902500e+01 5.904000e+01
    endloop
  endfacet
  facet normal 0.000000e+00 -0.000000e+00 1.000000e+00
    outer loop
      vertex   3.164542e+01 3.819128e+01 5.904000e+01
      vertex   3.234426e+01 3.902500e+01 5.904000e+01
      vertex   3.134758e+01 3.866529e+01 5.904000e+01
    endloop
  endfacet
  facet normal 0.000000e+00 0.000000e+00 1.000000e+00
    outer loop
      vertex   3.134758e+01 3.866529e+01 5.904000e+01
      vertex   3.234426e+01 3.902500e+01 5.904000e+01
      vertex   3.219941e+01 3.937471e+01 5.904000e+01
    endloop
  endfacet
  facet normal 0.000000e+00 -0.000000e+00 1.000000e+00
    outer loop
      vertex   3.134758e+01 3.866529e+01 5.904000e+01
      vertex   3.219941e+01 3.937471e+01 5.904000e+01
      vertex   3.116268e+01 3.919370e+01 5.904000e+01
    endloop
  endfacet
  facet normal 0.000000e+00 0.000000e+00 1.000000e+00
    outer loop
      vertex   3.116268e+01 3.919370e+01 5.904000e+01
      vertex   3.219941e+01 3.937471e+01 5.904000e+01
      vertex   3.215000e+01 3.975000e+01 5.904000e+01
    endloop
  endfacet
  facet normal 0.000000e+00 -0.000000e+00 1.000000e+00
    outer loop
      vertex   3.116268e+01 3.919370e+01 5.904000e+01
      vertex   3.215000e+01 3.975000e+01 5.904000e+01
      vertex   3.110000e+01 3.975000e+01 5.904000e+01
    endloop
  endfacet
  facet normal 0.000000e+00 0.000000e+00 1.000000e+00
    outer loop
      vertex   3.110000e+01 3.975000e+01 5.904000e+01
      vertex   3.215000e+01 3.975000e+01 5.904000e+01
      vertex   3.116268e+01 4.030630e+01 5.904000e+01
    endloop
  endfacet
  facet normal 0.000000e+00 0.000000e+00 1.000000e+00
    outer loop
      vertex   3.116268e+01 4.030630e+01 5.904000e+01
      vertex   3.215000e+01 3.975000e+01 5.904000e+01
      vertex   3.219941e+01 4.012529e+01 5.904000e+01
    endloop
  endfacet
  facet normal -0.000000e+00 0.000000e+00 1.000000e+00
    outer loop
      vertex   3.116268e+01 4.030630e+01 5.904000e+01
      vertex   3.219941e+01 4.012529e+01 5.904000e+01
      vertex   3.134758e+01 4.083471e+01 5.904000e+01
    endloop
  endfacet
  facet normal 0.000000e+00 0.000000e+00 1.000000e+00
    outer loop
      vertex   3.134758e+01 4.083471e+01 5.904000e+01
      vertex   3.219941e+01 4.012529e+01 5.904000e+01
      vertex   3.234426e+01 4.047500e+01 5.904000e+01
    endloop
  endfacet
  facet normal -0.000000e+00 0.000000e+00 1.000000e+00
    outer loop
      vertex   3.134758e+01 4.083471e+01 5.904000e+01
      vertex   3.234426e+01 4.047500e+01 5.904000e+01
      vertex   3.164542e+01 4.130872e+01 5.904000e+01
    endloop
  endfacet
  facet normal 0.000000e+00 0.000000e+00 1.000000e+00
    outer loop
      vertex   3.164542e+01 4.130872e+01 5.904000e+01
      vertex   3.234426e+01 4.047500e+01 5.904000e+01
      vertex   3.257470e+01 4.077531e+01 5.904000e+01
    endloop
  endfacet
  facet normal -0.000000e+00 0.000000e+00 1.000000e+00
    outer loop
      vertex   3.164542e+01 4.130872e+01 5.904000e+01
      vertex   3.257470e+01 4.077531e+01 5.904000e+01
      vertex   3.204128e+01 4.170458e+01 5.904000e+01
    endloop
  endfacet
  facet normal 0.000000e+00 0.000000e+00 1.000000e+00
    outer loop
      vertex   3.204128e+01 4.170458e+01 5.904000e+01
      vertex   3.257470e+01 4.077531e+01 5.904000e+01
      vertex   3.287500e+01 4.100574e+01 5.904000e+01
    endloop
  endfacet
  facet normal -0.000000e+00 0.000000e+00 1.000000e+00
    outer loop
      vertex   3.204128e+01 4.170458e+01 5.904000e+01
      vertex   3.287500e+01 4.100574e+01 5.904000e+01
      vertex   3.251529e+01 4.200242e+01 5.904000e+01
    endloop
  endfacet
  facet normal 0.000000e+00 0.000000e+00 1.000000e+00
    outer loop
      vertex   3.251529e+01 4.200242e+01 5.904000e+01
      vertex   3.287500e+01 4.100574e+01 5.904000e+01
      vertex   3.322471e+01 4.115059e+01 5.904000e+01
    endloop
  endfacet
  facet normal -0.000000e+00 0.000000e+00 1.000000e+00
    outer loop
      vertex   3.251529e+01 4.200242e+01 5.904000e+01
      vertex   3.322471e+01 4.115059e+01 5.904000e+01
      vertex   3.304370e+01 4.218732e+01 5.904000e+01
    endloop
  endfacet
  facet normal 0.000000e+00 0.000000e+00 1.000000e+00
    outer loop
      vertex   3.304370e+01 4.218732e+01 5.904000e+01
      vertex   3.322471e+01 4.115059e+01 5.904000e+01
      vertex   3.360000e+01 4.120000e+01 5.904000e+01
    endloop
  endfacet
  facet normal -0.000000e+00 0.000000e+00 1.000000e+00
    outer loop
      vertex   3.304370e+01 4.218732e+01 5.904000e+01
      vertex   3.360000e+01 4.120000e+01 5.904000e+01
      vertex   3.360000e+01 4.225000e+01 5.904000e+01
    endloop
  endfacet
  facet normal 0.000000e+00 0.000000e+00 1.000000e+00
    outer loop
      vertex   3.360000e+01 4.225000e+01 5.904000e+01
      vertex   3.360000e+01 4.120000e+01 5.904000e+01
      vertex   3.415630e+01 4.218732e+01 5.904000e+01
    endloop
  endfacet
  facet normal 0.000000e+00 0.000000e+00 1.000000e+00
    outer loop
      vertex   3.415630e+01 4.218732e+01 5.904000e+01
      vertex   3.360000e+01 4.120000e+01 5.904000e+01
      vertex   3.397529e+01 4.115059e+01 5.904000e+01
    endloop
  endfacet
  facet normal 0.000000e+00 0.000000e+00 1.000000e+00
    outer loop
      vertex   3.415630e+01 4.218732e+01 5.904000e+01
      vertex   3.397529e+01 4.115059e+01 5.904000e+01
      vertex   3.468471e+01 4.200242e+01 5.904000e+01
    endloop
  endfacet
  facet normal 0.000000e+00 0.000000e+00 1.000000e+00
    outer loop
      vertex   3.468471e+01 4.200242e+01 5.904000e+01
      vertex   3.397529e+01 4.115059e+01 5.904000e+01
      vertex   3.432500e+01 4.100574e+01 5.904000e+01
    endloop
  endfacet
  facet normal 0.000000e+00 0.000000e+00 1.000000e+00
    outer loop
      vertex   3.468471e+01 4.200242e+01 5.904000e+01
      vertex   3.432500e+01 4.100574e+01 5.904000e+01
      vertex   3.515872e+01 4.170458e+01 5.904000e+01
    endloop
  endfacet
  facet normal 0.000000e+00 0.000000e+00 1.000000e+00
    outer loop
      vertex   3.515872e+01 4.170458e+01 5.904000e+01
      vertex   3.432500e+01 4.100574e+01 5.904000e+01
      vertex   3.462531e+01 4.077531e+01 5.904000e+01
    endloop
  endfacet
  facet normal 0.000000e+00 0.000000e+00 1.000000e+00
    outer loop
      vertex   3.515872e+01 4.170458e+01 5.904000e+01
      vertex   3.462531e+01 4.077531e+01 5.904000e+01
      vertex   3.555458e+01 4.130872e+01 5.904000e+01
    endloop
  endfacet
  facet normal 0.000000e+00 0.000000e+00 1.000000e+00
    outer loop
      vertex   3.555458e+01 4.130872e+01 5.904000e+01
      vertex   3.462531e+01 4.077531e+01 5.904000e+01
      vertex   3.485574e+01 4.047500e+01 5.904000e+01
    endloop
  endfacet
  facet normal 0.000000e+00 0.000000e+00 1.000000e+00
    outer loop
      vertex   3.555458e+01 4.130872e+01 5.904000e+01
      vertex   3.485574e+01 4.047500e+01 5.904000e+01
      vertex   3.585242e+01 4.083471e+01 5.904000e+01
    endloop
  endfacet
  facet normal 0.000000e+00 0.000000e+00 1.000000e+00
    outer loop
      vertex   3.585242e+01 4.083471e+01 5.904000e+01
      vertex   3.485574e+01 4.047500e+01 5.904000e+01
      vertex   3.500059e+01 4.012529e+01 5.904000e+01
    endloop
  endfacet
  facet normal 0.000000e+00 0.000000e+00 1.000000e+00
    outer loop
      vertex   3.585242e+01 4.083471e+01 5.904000e+01
      vertex   3.500059e+01 4.012529e+01 5.904000e+01
      vertex   3.603732e+01 4.030630e+01 5.904000e+01
    endloop
  endfacet
  facet normal 0.000000e+00 0.000000e+00 1.000000e+00
    outer loop
      vertex   3.603732e+01 4.030630e+01 5.904000e+01
      vertex   3.500059e+01 4.012529e+01 5.904000e+01
      vertex   3.505000e+01 3.975000e+01 5.904000e+01
    endloop
  endfacet
  facet normal -9.937122e-01 -1.119645e-01 -0.000000e+00
    outer loop
      vertex   3.603732e+01 4.030630e+01 5.954000e+01
      vertex   3.603732e+01 4.030630e+01 5.904000e+01
      vertex   3.610000e+01 3.975000e+01 5.954000e+01
    endloop
  endfacet
  facet normal -9.937122e-01 -1.119645e-01 -0.000000e+00
    outer loop
      vertex   3.610000e+01 3.975000e+01 5.954000e+01
      vertex   3.603732e+01 4.030630e+01 5.904000e+01
      vertex   3.610000e+01 3.975000e+01 5.904000e+01
    endloop
  endfacet
  facet normal -9.937122e-01 1.119645e-01 0.000000e+00
    outer loop
      vertex   3.610000e+01 3.975000e+01 5.954000e+01
      vertex   3.610000e+01 3.975000e+01 5.904000e+01
      vertex   3.603732e+01 3.919370e+01 5.954000e+01
    endloop
  endfacet
  facet normal -9.937122e-01 1.119645e-01 0.000000e+00
    outer loop
      vertex   3.603732e+01 3.919370e+01 5.954000e+01
      vertex   3.610000e+01 3.975000e+01 5.904000e+01
      vertex   3.603732e+01 3.919370e+01 5.904000e+01
    endloop
  endfacet
  facet normal -9.438833e-01 3.302791e-01 0.000000e+00
    outer loop
      vertex   3.603732e+01 3.919370e+01 5.954000e+01
      vertex   3.603732e+01 3.919370e+01 5.904000e+01
      vertex   3.585242e+01 3.866529e+01 5.904000e+01
    endloop
  endfacet
  facet normal -9.438833e-01 -3.302791e-01 -0.000000e+00
    outer loop
      vertex   3.603732e+01 4.030630e+01 5.954000e+01
      vertex   3.585242e+01 4.083471e+01 5.954000e+01
      vertex   3.603732e+01 4.030630e+01 5.904000e+01
    endloop
  endfacet
  facet normal -9.438833e-01 -3.302791e-01 0.000000e+00
    outer loop
      vertex   3.603732e+01 4.030630e+01 5.904000e+01
      vertex   3.585242e+01 4.083471e+01 5.954000e+01
      vertex   3.585242e+01 4.083471e+01 5.904000e+01
    endloop
  endfacet
  facet normal -8.467242e-01 -5.320321e-01 0.000000e+00
    outer loop
      vertex   3.585242e+01 4.083471e+01 5.904000e+01
      vertex   3.585242e+01 4.083471e+01 5.954000e+01
      vertex   3.555458e+01 4.130872e+01 5.954000e+01
    endloop
  endfacet
  facet normal -8.467242e-01 -5.320321e-01 0.000000e+00
    outer loop
      vertex   3.585242e+01 4.083471e+01 5.904000e+01
      vertex   3.555458e+01 4.130872e+01 5.954000e+01
      vertex   3.555458e+01 4.130872e+01 5.904000e+01
    endloop
  endfacet
  facet normal -7.071068e-01 -7.071068e-01 0.000000e+00
    outer loop
      vertex   3.555458e+01 4.130872e+01 5.904000e+01
      vertex   3.555458e+01 4.130872e+01 5.954000e+01
      vertex   3.515872e+01 4.170458e+01 5.954000e+01
    endloop
  endfacet
  facet normal -7.071068e-01 -7.071068e-01 0.000000e+00
    outer loop
      vertex   3.555458e+01 4.130872e+01 5.904000e+01
      vertex   3.515872e+01 4.170458e+01 5.954000e+01
      vertex   3.515872e+01 4.170458e+01 5.904000e+01
    endloop
  endfacet
  facet normal -5.320321e-01 -8.467242e-01 0.000000e+00
    outer loop
      vertex   3.515872e+01 4.170458e+01 5.904000e+01
      vertex   3.515872e+01 4.170458e+01 5.954000e+01
      vertex   3.468471e+01 4.200242e+01 5.954000e+01
    endloop
  endfacet
  facet normal -5.320321e-01 -8.467242e-01 0.000000e+00
    outer loop
      vertex   3.515872e+01 4.170458e+01 5.904000e+01
      vertex   3.468471e+01 4.200242e+01 5.954000e+01
      vertex   3.468471e+01 4.200242e+01 5.904000e+01
    endloop
  endfacet
  facet normal -3.302791e-01 -9.438833e-01 0.000000e+00
    outer loop
      vertex   3.468471e+01 4.200242e+01 5.904000e+01
      vertex   3.468471e+01 4.200242e+01 5.954000e+01
      vertex   3.415630e+01 4.218732e+01 5.954000e+01
    endloop
  endfacet
  facet normal -3.302791e-01 -9.438833e-01 0.000000e+00
    outer loop
      vertex   3.468471e+01 4.200242e+01 5.904000e+01
      vertex   3.415630e+01 4.218732e+01 5.954000e+01
      vertex   3.415630e+01 4.218732e+01 5.904000e+01
    endloop
  endfacet
  facet normal -1.119645e-01 -9.937122e-01 0.000000e+00
    outer loop
      vertex   3.415630e+01 4.218732e+01 5.904000e+01
      vertex   3.415630e+01 4.218732e+01 5.954000e+01
      vertex   3.360000e+01 4.225000e+01 5.954000e+01
    endloop
  endfacet
  facet normal -1.119645e-01 -9.937122e-01 0.000000e+00
    outer loop
      vertex   3.415630e+01 4.218732e+01 5.904000e+01
      vertex   3.360000e+01 4.225000e+01 5.954000e+01
      vertex   3.360000e+01 4.225000e+01 5.904000e+01
    endloop
  endfacet
  facet normal 1.119645e-01 -9.937122e-01 0.000000e+00
    outer loop
      vertex   3.360000e+01 4.225000e+01 5.904000e+01
      vertex   3.360000e+01 4.225000e+01 5.954000e+01
      vertex   3.304370e+01 4.218732e+01 5.954000e+01
    endloop
  endfacet
  facet normal 1.119645e-01 -9.937122e-01 0.000000e+00
    outer loop
      vertex   3.360000e+01 4.225000e+01 5.904000e+01
      vertex   3.304370e+01 4.218732e+01 5.954000e+01
      vertex   3.304370e+01 4.218732e+01 5.904000e+01
    endloop
  endfacet
  facet normal 3.302791e-01 -9.438833e-01 0.000000e+00
    outer loop
      vertex   3.304370e+01 4.218732e+01 5.904000e+01
      vertex   3.304370e+01 4.218732e+01 5.954000e+01
      vertex   3.251529e+01 4.200242e+01 5.954000e+01
    endloop
  endfacet
  facet normal 3.302791e-01 -9.438833e-01 0.000000e+00
    outer loop
      vertex   3.304370e+01 4.218732e+01 5.904000e+01
      vertex   3.251529e+01 4.200242e+01 5.954000e+01
      vertex   3.251529e+01 4.200242e+01 5.904000e+01
    endloop
  endfacet
  facet normal 5.320321e-01 -8.467242e-01 0.000000e+00
    outer loop
      vertex   3.251529e+01 4.200242e+01 5.904000e+01
      vertex   3.251529e+01 4.200242e+01 5.954000e+01
      vertex   3.204128e+01 4.170458e+01 5.954000e+01
    endloop
  endfacet
  facet normal 5.320321e-01 -8.467242e-01 0.000000e+00
    outer loop
      vertex   3.251529e+01 4.200242e+01 5.904000e+01
      vertex   3.204128e+01 4.170458e+01 5.954000e+01
      vertex   3.204128e+01 4.170458e+01 5.904000e+01
    endloop
  endfacet
  facet normal 7.071068e-01 -7.071068e-01 0.000000e+00
    outer loop
      vertex   3.204128e+01 4.170458e+01 5.904000e+01
      vertex   3.204128e+01 4.170458e+01 5.954000e+01
      vertex   3.164542e+01 4.130872e+01 5.954000e+01
    endloop
  endfacet
  facet normal 7.071068e-01 -7.071068e-01 0.000000e+00
    outer loop
      vertex   3.204128e+01 4.170458e+01 5.904000e+01
      vertex   3.164542e+01 4.130872e+01 5.954000e+01
      vertex   3.164542e+01 4.130872e+01 5.904000e+01
    endloop
  endfacet
  facet normal 8.467242e-01 -5.320321e-01 0.000000e+00
    outer loop
      vertex   3.164542e+01 4.130872e+01 5.904000e+01
      vertex   3.164542e+01 4.130872e+01 5.954000e+01
      vertex   3.134758e+01 4.083471e+01 5.954000e+01
    endloop
  endfacet
  facet normal 8.467242e-01 -5.320321e-01 0.000000e+00
    outer loop
      vertex   3.164542e+01 4.130872e+01 5.904000e+01
      vertex   3.134758e+01 4.083471e+01 5.954000e+01
      vertex   3.134758e+01 4.083471e+01 5.904000e+01
    endloop
  endfacet
  facet normal 9.438833e-01 -3.302791e-01 0.000000e+00
    outer loop
      vertex   3.134758e+01 4.083471e+01 5.904000e+01
      vertex   3.134758e+01 4.083471e+01 5.954000e+01
      vertex   3.116268e+01 4.030630e+01 5.954000e+01
    endloop
  endfacet
  facet normal 9.438833e-01 -3.302791e-01 0.000000e+00
    outer loop
      vertex   3.134758e+01 4.083471e+01 5.904000e+01
      vertex   3.116268e+01 4.030630e+01 5.954000e+01
      vertex   3.116268e+01 4.030630e+01 5.904000e+01
    endloop
  endfacet
  facet normal 9.937122e-01 -1.119645e-01 0.000000e+00
    outer loop
      vertex   3.116268e+01 4.030630e+01 5.904000e+01
      vertex   3.116268e+01 4.030630e+01 5.954000e+01
      vertex   3.110000e+01 3.975000e+01 5.954000e+01
    endloop
  endfacet
  facet normal 9.937122e-01 -1.119645e-01 0.000000e+00
    outer loop
      vertex   3.116268e+01 4.030630e+01 5.904000e+01
      vertex   3.110000e+01 3.975000e+01 5.954000e+01
      vertex   3.110000e+01 3.975000e+01 5.904000e+01
    endloop
  endfacet
  facet normal 9.937122e-01 1.119645e-01 -0.000000e+00
    outer loop
      vertex   3.110000e+01 3.975000e+01 5.904000e+01
      vertex   3.110000e+01 3.975000e+01 5.954000e+01
      vertex   3.116268e+01 3.919370e+01 5.954000e+01
    endloop
  endfacet
  facet normal 9.937122e-01 1.119645e-01 0.000000e+00
    outer loop
      vertex   3.110000e+01 3.975000e+01 5.904000e+01
      vertex   3.116268e+01 3.919370e+01 5.954000e+01
      vertex   3.116268e+01 3.919370e+01 5.904000e+01
    endloop
  endfacet
  facet normal 9.438833e-01 3.302791e-01 -0.000000e+00
    outer loop
      vertex   3.116268e+01 3.919370e+01 5.904000e+01
      vertex   3.116268e+01 3.919370e+01 5.954000e+01
      vertex   3.134758e+01 3.866529e+01 5.954000e+01
    endloop
  endfacet
  facet normal 9.438833e-01 3.302791e-01 0.000000e+00
    outer loop
      vertex   3.116268e+01 3.919370e+01 5.904000e+01
      vertex   3.134758e+01 3.866529e+01 5.954000e+01
      vertex   3.134758e+01 3.866529e+01 5.904000e+01
    endloop
  endfacet
  facet normal 8.467242e-01 5.320321e-01 -0.000000e+00
    outer loop
      vertex   3.134758e+01 3.866529e+01 5.904000e+01
      vertex   3.134758e+01 3.866529e+01 5.954000e+01
      vertex   3.164542e+01 3.819128e+01 5.954000e+01
    endloop
  endfacet
  facet normal 8.467242e-01 5.320321e-01 0.000000e+00
    outer loop
      vertex   3.134758e+01 3.866529e+01 5.904000e+01
      vertex   3.164542e+01 3.819128e+01 5.954000e+01
      vertex   3.164542e+01 3.819128e+01 5.904000e+01
    endloop
  endfacet
  facet normal 7.071068e-01 7.071068e-01 -0.000000e+00
    outer loop
      vertex   3.164542e+01 3.819128e+01 5.904000e+01
      vertex   3.164542e+01 3.819128e+01 5.954000e+01
      vertex   3.204128e+01 3.779542e+01 5.954000e+01
    endloop
  endfacet
  facet normal 7.071068e-01 7.071068e-01 0.000000e+00
    outer loop
      vertex   3.164542e+01 3.819128e+01 5.904000e+01
      vertex   3.204128e+01 3.779542e+01 5.954000e+01
      vertex   3.204128e+01 3.779542e+01 5.904000e+01
    endloop
  endfacet
  facet normal 5.320321e-01 8.467242e-01 -0.000000e+00
    outer loop
      vertex   3.204128e+01 3.779542e+01 5.904000e+01
      vertex   3.204128e+01 3.779542e+01 5.954000e+01
      vertex   3.251529e+01 3.749758e+01 5.954000e+01
    endloop
  endfacet
  facet normal 5.320321e-01 8.467242e-01 0.000000e+00
    outer loop
      vertex   3.204128e+01 3.779542e+01 5.904000e+01
      vertex   3.251529e+01 3.749758e+01 5.954000e+01
      vertex   3.251529e+01 3.749758e+01 5.904000e+01
    endloop
  endfacet
  facet normal 3.302791e-01 9.438833e-01 -0.000000e+00
    outer loop
      vertex   3.251529e+01 3.749758e+01 5.904000e+01
      vertex   3.251529e+01 3.749758e+01 5.954000e+01
      vertex   3.304370e+01 3.731268e+01 5.954000e+01
    endloop
  endfacet
  facet normal 3.302791e-01 9.438833e-01 0.000000e+00
    outer loop
      vertex   3.251529e+01 3.749758e+01 5.904000e+01
      vertex   3.304370e+01 3.731268e+01 5.954000e+01
      vertex   3.304370e+01 3.731268e+01 5.904000e+01
    endloop
  endfacet
  facet normal 1.119645e-01 9.937122e-01 -0.000000e+00
    outer loop
      vertex   3.304370e+01 3.731268e+01 5.904000e+01
      vertex   3.304370e+01 3.731268e+01 5.954000e+01
      vertex   3.360000e+01 3.725000e+01 5.954000e+01
    endloop
  endfacet
  facet normal 1.119645e-01 9.937122e-01 0.000000e+00
    outer loop
      vertex   3.304370e+01 3.731268e+01 5.904000e+01
      vertex   3.360000e+01 3.725000e+01 5.954000e+01
      vertex   3.360000e+01 3.725000e+01 5.904000e+01
    endloop
  endfacet
  facet normal -1.119645e-01 9.937122e-01 0.000000e+00
    outer loop
      vertex   3.360000e+01 3.725000e+01 5.904000e+01
      vertex   3.360000e+01 3.725000e+01 5.954000e+01
      vertex   3.415630e+01 3.731268e+01 5.954000e+01
    endloop
  endfacet
  facet normal -1.119645e-01 9.937122e-01 0.000000e+00
    outer loop
      vertex   3.360000e+01 3.725000e+01 5.904000e+01
      vertex   3.415630e+01 3.731268e+01 5.954000e+01
      vertex   3.415630e+01 3.731268e+01 5.904000e+01
    endloop
  endfacet
  facet normal -3.302791e-01 9.438833e-01 0.000000e+00
    outer loop
      vertex   3.415630e+01 3.731268e+01 5.904000e+01
      vertex   3.415630e+01 3.731268e+01 5.954000e+01
      vertex   3.468471e+01 3.749758e+01 5.954000e+01
    endloop
  endfacet
  facet normal -3.302791e-01 9.438833e-01 0.000000e+00
    outer loop
      vertex   3.415630e+01 3.731268e+01 5.904000e+01
      vertex   3.468471e+01 3.749758e+01 5.954000e+01
      vertex   3.468471e+01 3.749758e+01 5.904000e+01
    endloop
  endfacet
  facet normal -5.320321e-01 8.467242e-01 0.000000e+00
    outer loop
      vertex   3.468471e+01 3.749758e+01 5.904000e+01
      vertex   3.468471e+01 3.749758e+01 5.954000e+01
      vertex   3.515872e+01 3.779542e+01 5.954000e+01
    endloop
  endfacet
  facet normal -5.320321e-01 8.467242e-01 0.000000e+00
    outer loop
      vertex   3.468471e+01 3.749758e+01 5.904000e+01
      vertex   3.515872e+01 3.779542e+01 5.954000e+01
      vertex   3.515872e+01 3.779542e+01 5.904000e+01
    endloop
  endfacet
  facet normal -7.071068e-01 7.071068e-01 0.000000e+00
    outer loop
      vertex   3.515872e+01 3.779542e+01 5.904000e+01
      vertex   3.515872e+01 3.779542e+01 5.954000e+01
      vertex   3.555458e+01 3.819128e+01 5.954000e+01
    endloop
  endfacet
  facet normal -7.071068e-01 7.071068e-01 0.000000e+00
    outer loop
      vertex   3.515872e+01 3.779542e+01 5.904000e+01
      vertex   3.555458e+01 3.819128e+01 5.954000e+01
      vertex   3.555458e+01 3.819128e+01 5.904000e+01
    endloop
  endfacet
  facet normal -8.467242e-01 5.320321e-01 0.000000e+00
    outer loop
      vertex   3.555458e+01 3.819128e+01 5.904000e+01
      vertex   3.555458e+01 3.819128e+01 5.954000e+01
      vertex   3.585242e+01 3.866529e+01 5.954000e+01
    endloop
  endfacet
  facet normal -8.467242e-01 5.320321e-01 0.000000e+00
    outer loop
      vertex   3.555458e+01 3.819128e+01 5.904000e+01
      vertex   3.585242e+01 3.866529e+01 5.954000e+01
      vertex   3.585242e+01 3.866529e+01 5.904000e+01
    endloop
  endfacet
  facet normal -9.438833e-01 3.302791e-01 0.000000e+00
    outer loop
      vertex   3.585242e+01 3.866529e+01 5.904000e+01
      vertex   3.585242e+01 3.866529e+01 5.954000e+01
      vertex   3.603732e+01 3.919370e+01 5.954000e+01
    endloop
  endfacet
  facet normal -9.914449e-01 -1.305262e-01 -0.000000e+00
    outer loop
      vertex   -3.219941e+01 -2.107471e+01 5.904000e+01
      vertex   -3.219941e+01 -2.107471e+01 5.804000e+01
      vertex   -3.215000e+01 -2.145000e+01 5.904000e+01
    endloop
  endfacet
  facet normal -9.914449e-01 -1.305262e-01 -0.000000e+00
    outer loop
      vertex   -3.215000e+01 -2.145000e+01 5.904000e+01
      vertex   -3.219941e+01 -2.107471e+01 5.804000e+01
      vertex   -3.215000e+01 -2.145000e+01 5.804000e+01
    endloop
  endfacet
  facet normal -9.914449e-01 1.305262e-01 0.000000e+00
    outer loop
      vertex   -3.215000e+01 -2.145000e+01 5.904000e+01
      vertex   -3.215000e+01 -2.145000e+01 5.804000e+01
      vertex   -3.219941e+01 -2.182529e+01 5.904000e+01
    endloop
  endfacet
  facet normal -9.914449e-01 1.305262e-01 0.000000e+00
    outer loop
      vertex   -3.219941e+01 -2.182529e+01 5.904000e+01
      vertex   -3.215000e+01 -2.145000e+01 5.804000e+01
      vertex   -3.219941e+01 -2.182529e+01 5.804000e+01
    endloop
  endfacet
  facet normal -9.238795e-01 3.826834e-01 0.000000e+00
    outer loop
      vertex   -3.219941e+01 -2.182529e+01 5.904000e+01
      vertex   -3.219941e+01 -2.182529e+01 5.804000e+01
      vertex   -3.234426e+01 -2.217500e+01 5.904000e+01
    endloop
  endfacet
  facet normal -9.238795e-01 3.826834e-01 0.000000e+00
    outer loop
      vertex   -3.234426e+01 -2.217500e+01 5.904000e+01
      vertex   -3.219941e+01 -2.182529e+01 5.804000e+01
      vertex   -3.234426e+01 -2.217500e+01 5.804000e+01
    endloop
  endfacet
  facet normal -7.933533e-01 6.087614e-01 0.000000e+00
    outer loop
      vertex   -3.234426e+01 -2.217500e+01 5.904000e+01
      vertex   -3.234426e+01 -2.217500e+01 5.804000e+01
      vertex   -3.257470e+01 -2.247531e+01 5.904000e+01
    endloop
  endfacet
  facet normal -7.933533e-01 6.087614e-01 0.000000e+00
    outer loop
      vertex   -3.257470e+01 -2.247531e+01 5.904000e+01
      vertex   -3.234426e+01 -2.217500e+01 5.804000e+01
      vertex   -3.257470e+01 -2.247531e+01 5.804000e+01
    endloop
  endfacet
  facet normal -6.087614e-01 7.933533e-01 0.000000e+00
    outer loop
      vertex   -3.257470e+01 -2.247531e+01 5.904000e+01
      vertex   -3.257470e+01 -2.247531e+01 5.804000e+01
      vertex   -3.287500e+01 -2.270574e+01 5.904000e+01
    endloop
  endfacet
  facet normal -6.087614e-01 7.933533e-01 0.000000e+00
    outer loop
      vertex   -3.287500e+01 -2.270574e+01 5.904000e+01
      vertex   -3.257470e+01 -2.247531e+01 5.804000e+01
      vertex   -3.287500e+01 -2.270574e+01 5.804000e+01
    endloop
  endfacet
  facet normal -3.826834e-01 9.238795e-01 0.000000e+00
    outer loop
      vertex   -3.287500e+01 -2.270574e+01 5.904000e+01
      vertex   -3.287500e+01 -2.270574e+01 5.804000e+01
      vertex   -3.322471e+01 -2.285059e+01 5.904000e+01
    endloop
  endfacet
  facet normal -3.826834e-01 9.238795e-01 0.000000e+00
    outer loop
      vertex   -3.322471e+01 -2.285059e+01 5.904000e+01
      vertex   -3.287500e+01 -2.270574e+01 5.804000e+01
      vertex   -3.322471e+01 -2.285059e+01 5.804000e+01
    endloop
  endfacet
  facet normal -1.305262e-01 9.914449e-01 0.000000e+00
    outer loop
      vertex   -3.322471e+01 -2.285059e+01 5.904000e+01
      vertex   -3.322471e+01 -2.285059e+01 5.804000e+01
      vertex   -3.360000e+01 -2.290000e+01 5.904000e+01
    endloop
  endfacet
  facet normal -1.305262e-01 9.914449e-01 0.000000e+00
    outer loop
      vertex   -3.360000e+01 -2.290000e+01 5.904000e+01
      vertex   -3.322471e+01 -2.285059e+01 5.804000e+01
      vertex   -3.360000e+01 -2.290000e+01 5.804000e+01
    endloop
  endfacet
  facet normal 1.305262e-01 9.914449e-01 0.000000e+00
    outer loop
      vertex   -3.360000e+01 -2.290000e+01 5.904000e+01
      vertex   -3.360000e+01 -2.290000e+01 5.804000e+01
      vertex   -3.397529e+01 -2.285059e+01 5.904000e+01
    endloop
  endfacet
  facet normal 1.305262e-01 9.914449e-01 0.000000e+00
    outer loop
      vertex   -3.397529e+01 -2.285059e+01 5.904000e+01
      vertex   -3.360000e+01 -2.290000e+01 5.804000e+01
      vertex   -3.397529e+01 -2.285059e+01 5.804000e+01
    endloop
  endfacet
  facet normal 3.826834e-01 9.238795e-01 0.000000e+00
    outer loop
      vertex   -3.397529e+01 -2.285059e+01 5.904000e+01
      vertex   -3.397529e+01 -2.285059e+01 5.804000e+01
      vertex   -3.432500e+01 -2.270574e+01 5.904000e+01
    endloop
  endfacet
  facet normal 3.826834e-01 9.238795e-01 0.000000e+00
    outer loop
      vertex   -3.432500e+01 -2.270574e+01 5.904000e+01
      vertex   -3.397529e+01 -2.285059e+01 5.804000e+01
      vertex   -3.432500e+01 -2.270574e+01 5.804000e+01
    endloop
  endfacet
  facet normal 6.087614e-01 7.933533e-01 0.000000e+00
    outer loop
      vertex   -3.432500e+01 -2.270574e+01 5.904000e+01
      vertex   -3.432500e+01 -2.270574e+01 5.804000e+01
      vertex   -3.462531e+01 -2.247531e+01 5.904000e+01
    endloop
  endfacet
  facet normal 6.087614e-01 7.933533e-01 0.000000e+00
    outer loop
      vertex   -3.462531e+01 -2.247531e+01 5.904000e+01
      vertex   -3.432500e+01 -2.270574e+01 5.804000e+01
      vertex   -3.462531e+01 -2.247531e+01 5.804000e+01
    endloop
  endfacet
  facet normal 7.933533e-01 6.087614e-01 0.000000e+00
    outer loop
      vertex   -3.462531e+01 -2.247531e+01 5.904000e+01
      vertex   -3.462531e+01 -2.247531e+01 5.804000e+01
      vertex   -3.485574e+01 -2.217500e+01 5.904000e+01
    endloop
  endfacet
  facet normal 7.933533e-01 6.087614e-01 0.000000e+00
    outer loop
      vertex   -3.485574e+01 -2.217500e+01 5.904000e+01
      vertex   -3.462531e+01 -2.247531e+01 5.804000e+01
      vertex   -3.485574e+01 -2.217500e+01 5.804000e+01
    endloop
  endfacet
  facet normal 9.238795e-01 3.826834e-01 0.000000e+00
    outer loop
      vertex   -3.485574e+01 -2.217500e+01 5.904000e+01
      vertex   -3.485574e+01 -2.217500e+01 5.804000e+01
      vertex   -3.500059e+01 -2.182529e+01 5.904000e+01
    endloop
  endfacet
  facet normal 9.238795e-01 3.826834e-01 0.000000e+00
    outer loop
      vertex   -3.500059e+01 -2.182529e+01 5.904000e+01
      vertex   -3.485574e+01 -2.217500e+01 5.804000e+01
      vertex   -3.500059e+01 -2.182529e+01 5.804000e+01
    endloop
  endfacet
  facet normal 9.914449e-01 1.305262e-01 0.000000e+00
    outer loop
      vertex   -3.500059e+01 -2.182529e+01 5.904000e+01
      vertex   -3.500059e+01 -2.182529e+01 5.804000e+01
      vertex   -3.505000e+01 -2.145000e+01 5.904000e+01
    endloop
  endfacet
  facet normal 9.914449e-01 1.305262e-01 0.000000e+00
    outer loop
      vertex   -3.505000e+01 -2.145000e+01 5.904000e+01
      vertex   -3.500059e+01 -2.182529e+01 5.804000e+01
      vertex   -3.505000e+01 -2.145000e+01 5.804000e+01
    endloop
  endfacet
  facet normal 9.914449e-01 -1.305262e-01 0.000000e+00
    outer loop
      vertex   -3.505000e+01 -2.145000e+01 5.904000e+01
      vertex   -3.505000e+01 -2.145000e+01 5.804000e+01
      vertex   -3.500059e+01 -2.107471e+01 5.904000e+01
    endloop
  endfacet
  facet normal 9.914449e-01 -1.305262e-01 0.000000e+00
    outer loop
      vertex   -3.500059e+01 -2.107471e+01 5.904000e+01
      vertex   -3.505000e+01 -2.145000e+01 5.804000e+01
      vertex   -3.500059e+01 -2.107471e+01 5.804000e+01
    endloop
  endfacet
  facet normal 9.238795e-01 -3.826834e-01 0.000000e+00
    outer loop
      vertex   -3.500059e+01 -2.107471e+01 5.904000e+01
      vertex   -3.500059e+01 -2.107471e+01 5.804000e+01
      vertex   -3.485574e+01 -2.072500e+01 5.904000e+01
    endloop
  endfacet
  facet normal 9.238795e-01 -3.826834e-01 0.000000e+00
    outer loop
      vertex   -3.485574e+01 -2.072500e+01 5.904000e+01
      vertex   -3.500059e+01 -2.107471e+01 5.804000e+01
      vertex   -3.485574e+01 -2.072500e+01 5.804000e+01
    endloop
  endfacet
  facet normal 7.933533e-01 -6.087614e-01 0.000000e+00
    outer loop
      vertex   -3.485574e+01 -2.072500e+01 5.904000e+01
      vertex   -3.485574e+01 -2.072500e+01 5.804000e+01
      vertex   -3.462531e+01 -2.042470e+01 5.904000e+01
    endloop
  endfacet
  facet normal 7.933533e-01 -6.087614e-01 0.000000e+00
    outer loop
      vertex   -3.462531e+01 -2.042470e+01 5.904000e+01
      vertex   -3.485574e+01 -2.072500e+01 5.804000e+01
      vertex   -3.462531e+01 -2.042470e+01 5.804000e+01
    endloop
  endfacet
  facet normal 6.087614e-01 -7.933533e-01 0.000000e+00
    outer loop
      vertex   -3.462531e+01 -2.042470e+01 5.904000e+01
      vertex   -3.462531e+01 -2.042470e+01 5.804000e+01
      vertex   -3.432500e+01 -2.019426e+01 5.904000e+01
    endloop
  endfacet
  facet normal 6.087614e-01 -7.933533e-01 0.000000e+00
    outer loop
      vertex   -3.432500e+01 -2.019426e+01 5.904000e+01
      vertex   -3.462531e+01 -2.042470e+01 5.804000e+01
      vertex   -3.432500e+01 -2.019426e+01 5.804000e+01
    endloop
  endfacet
  facet normal 3.826834e-01 -9.238795e-01 0.000000e+00
    outer loop
      vertex   -3.432500e+01 -2.019426e+01 5.904000e+01
      vertex   -3.432500e+01 -2.019426e+01 5.804000e+01
      vertex   -3.397529e+01 -2.004941e+01 5.904000e+01
    endloop
  endfacet
  facet normal 3.826834e-01 -9.238795e-01 0.000000e+00
    outer loop
      vertex   -3.397529e+01 -2.004941e+01 5.904000e+01
      vertex   -3.432500e+01 -2.019426e+01 5.804000e+01
      vertex   -3.397529e+01 -2.004941e+01 5.804000e+01
    endloop
  endfacet
  facet normal 1.305262e-01 -9.914449e-01 0.000000e+00
    outer loop
      vertex   -3.397529e+01 -2.004941e+01 5.904000e+01
      vertex   -3.397529e+01 -2.004941e+01 5.804000e+01
      vertex   -3.360000e+01 -2.000000e+01 5.904000e+01
    endloop
  endfacet
  facet normal 1.305262e-01 -9.914449e-01 0.000000e+00
    outer loop
      vertex   -3.360000e+01 -2.000000e+01 5.904000e+01
      vertex   -3.397529e+01 -2.004941e+01 5.804000e+01
      vertex   -3.360000e+01 -2.000000e+01 5.804000e+01
    endloop
  endfacet
  facet normal -1.305262e-01 -9.914449e-01 -0.000000e+00
    outer loop
      vertex   -3.360000e+01 -2.000000e+01 5.904000e+01
      vertex   -3.360000e+01 -2.000000e+01 5.804000e+01
      vertex   -3.322471e+01 -2.004941e+01 5.904000e+01
    endloop
  endfacet
  facet normal -1.305262e-01 -9.914449e-01 -0.000000e+00
    outer loop
      vertex   -3.322471e+01 -2.004941e+01 5.904000e+01
      vertex   -3.360000e+01 -2.000000e+01 5.804000e+01
      vertex   -3.322471e+01 -2.004941e+01 5.804000e+01
    endloop
  endfacet
  facet normal -3.826834e-01 -9.238795e-01 -0.000000e+00
    outer loop
      vertex   -3.322471e+01 -2.004941e+01 5.904000e+01
      vertex   -3.322471e+01 -2.004941e+01 5.804000e+01
      vertex   -3.287500e+01 -2.019426e+01 5.904000e+01
    endloop
  endfacet
  facet normal -3.826834e-01 -9.238795e-01 -0.000000e+00
    outer loop
      vertex   -3.287500e+01 -2.019426e+01 5.904000e+01
      vertex   -3.322471e+01 -2.004941e+01 5.804000e+01
      vertex   -3.287500e+01 -2.019426e+01 5.804000e+01
    endloop
  endfacet
  facet normal -6.087614e-01 -7.933533e-01 -0.000000e+00
    outer loop
      vertex   -3.287500e+01 -2.019426e+01 5.904000e+01
      vertex   -3.287500e+01 -2.019426e+01 5.804000e+01
      vertex   -3.257470e+01 -2.042470e+01 5.904000e+01
    endloop
  endfacet
  facet normal -6.087614e-01 -7.933533e-01 -0.000000e+00
    outer loop
      vertex   -3.257470e+01 -2.042470e+01 5.904000e+01
      vertex   -3.287500e+01 -2.019426e+01 5.804000e+01
      vertex   -3.257470e+01 -2.042470e+01 5.804000e+01
    endloop
  endfacet
  facet normal -7.933533e-01 -6.087614e-01 -0.000000e+00
    outer loop
      vertex   -3.257470e+01 -2.042470e+01 5.904000e+01
      vertex   -3.257470e+01 -2.042470e+01 5.804000e+01
      vertex   -3.234426e+01 -2.072500e+01 5.904000e+01
    endloop
  endfacet
  facet normal -7.933533e-01 -6.087614e-01 -0.000000e+00
    outer loop
      vertex   -3.234426e+01 -2.072500e+01 5.904000e+01
      vertex   -3.257470e+01 -2.042470e+01 5.804000e+01
      vertex   -3.234426e+01 -2.072500e+01 5.804000e+01
    endloop
  endfacet
  facet normal -9.238795e-01 -3.826834e-01 -0.000000e+00
    outer loop
      vertex   -3.234426e+01 -2.072500e+01 5.904000e+01
      vertex   -3.234426e+01 -2.072500e+01 5.804000e+01
      vertex   -3.219941e+01 -2.107471e+01 5.904000e+01
    endloop
  endfacet
  facet normal -9.238795e-01 -3.826834e-01 -0.000000e+00
    outer loop
      vertex   -3.219941e+01 -2.107471e+01 5.904000e+01
      vertex   -3.234426e+01 -2.072500e+01 5.804000e+01
      vertex   -3.219941e+01 -2.107471e+01 5.804000e+01
    endloop
  endfacet
  facet normal -9.914449e-01 -1.305262e-01 -0.000000e+00
    outer loop
      vertex   -3.219941e+01 4.012529e+01 5.904000e+01
      vertex   -3.219941e+01 4.012529e+01 5.804000e+01
      vertex   -3.215000e+01 3.975000e+01 5.904000e+01
    endloop
  endfacet
  facet normal -9.914449e-01 -1.305262e-01 -0.000000e+00
    outer loop
      vertex   -3.215000e+01 3.975000e+01 5.904000e+01
      vertex   -3.219941e+01 4.012529e+01 5.804000e+01
      vertex   -3.215000e+01 3.975000e+01 5.804000e+01
    endloop
  endfacet
  facet normal -9.914449e-01 1.305262e-01 0.000000e+00
    outer loop
      vertex   -3.215000e+01 3.975000e+01 5.904000e+01
      vertex   -3.215000e+01 3.975000e+01 5.804000e+01
      vertex   -3.219941e+01 3.937471e+01 5.904000e+01
    endloop
  endfacet
  facet normal -9.914449e-01 1.305262e-01 0.000000e+00
    outer loop
      vertex   -3.219941e+01 3.937471e+01 5.904000e+01
      vertex   -3.215000e+01 3.975000e+01 5.804000e+01
      vertex   -3.219941e+01 3.937471e+01 5.804000e+01
    endloop
  endfacet
  facet normal -9.238795e-01 3.826834e-01 0.000000e+00
    outer loop
      vertex   -3.219941e+01 3.937471e+01 5.904000e+01
      vertex   -3.219941e+01 3.937471e+01 5.804000e+01
      vertex   -3.234426e+01 3.902500e+01 5.904000e+01
    endloop
  endfacet
  facet normal -9.238795e-01 3.826834e-01 0.000000e+00
    outer loop
      vertex   -3.234426e+01 3.902500e+01 5.904000e+01
      vertex   -3.219941e+01 3.937471e+01 5.804000e+01
      vertex   -3.234426e+01 3.902500e+01 5.804000e+01
    endloop
  endfacet
  facet normal -7.933533e-01 6.087614e-01 0.000000e+00
    outer loop
      vertex   -3.234426e+01 3.902500e+01 5.904000e+01
      vertex   -3.234426e+01 3.902500e+01 5.804000e+01
      vertex   -3.257470e+01 3.872470e+01 5.904000e+01
    endloop
  endfacet
  facet normal -7.933533e-01 6.087614e-01 0.000000e+00
    outer loop
      vertex   -3.257470e+01 3.872470e+01 5.904000e+01
      vertex   -3.234426e+01 3.902500e+01 5.804000e+01
      vertex   -3.257470e+01 3.872470e+01 5.804000e+01
    endloop
  endfacet
  facet normal -6.087614e-01 7.933533e-01 0.000000e+00
    outer loop
      vertex   -3.257470e+01 3.872470e+01 5.904000e+01
      vertex   -3.257470e+01 3.872470e+01 5.804000e+01
      vertex   -3.287500e+01 3.849426e+01 5.904000e+01
    endloop
  endfacet
  facet normal -6.087614e-01 7.933533e-01 0.000000e+00
    outer loop
      vertex   -3.287500e+01 3.849426e+01 5.904000e+01
      vertex   -3.257470e+01 3.872470e+01 5.804000e+01
      vertex   -3.287500e+01 3.849426e+01 5.804000e+01
    endloop
  endfacet
  facet normal -3.826834e-01 9.238795e-01 0.000000e+00
    outer loop
      vertex   -3.287500e+01 3.849426e+01 5.904000e+01
      vertex   -3.287500e+01 3.849426e+01 5.804000e+01
      vertex   -3.322471e+01 3.834941e+01 5.904000e+01
    endloop
  endfacet
  facet normal -3.826834e-01 9.238795e-01 0.000000e+00
    outer loop
      vertex   -3.322471e+01 3.834941e+01 5.904000e+01
      vertex   -3.287500e+01 3.849426e+01 5.804000e+01
      vertex   -3.322471e+01 3.834941e+01 5.804000e+01
    endloop
  endfacet
  facet normal -1.305262e-01 9.914449e-01 0.000000e+00
    outer loop
      vertex   -3.322471e+01 3.834941e+01 5.904000e+01
      vertex   -3.322471e+01 3.834941e+01 5.804000e+01
      vertex   -3.360000e+01 3.830000e+01 5.904000e+01
    endloop
  endfacet
  facet normal -1.305262e-01 9.914449e-01 0.000000e+00
    outer loop
      vertex   -3.360000e+01 3.830000e+01 5.904000e+01
      vertex   -3.322471e+01 3.834941e+01 5.804000e+01
      vertex   -3.360000e+01 3.830000e+01 5.804000e+01
    endloop
  endfacet
  facet normal 1.305262e-01 9.914449e-01 0.000000e+00
    outer loop
      vertex   -3.360000e+01 3.830000e+01 5.904000e+01
      vertex   -3.360000e+01 3.830000e+01 5.804000e+01
      vertex   -3.397529e+01 3.834941e+01 5.904000e+01
    endloop
  endfacet
  facet normal 1.305262e-01 9.914449e-01 0.000000e+00
    outer loop
      vertex   -3.397529e+01 3.834941e+01 5.904000e+01
      vertex   -3.360000e+01 3.830000e+01 5.804000e+01
      vertex   -3.397529e+01 3.834941e+01 5.804000e+01
    endloop
  endfacet
  facet normal 3.826834e-01 9.238795e-01 0.000000e+00
    outer loop
      vertex   -3.397529e+01 3.834941e+01 5.904000e+01
      vertex   -3.397529e+01 3.834941e+01 5.804000e+01
      vertex   -3.432500e+01 3.849426e+01 5.904000e+01
    endloop
  endfacet
  facet normal 3.826834e-01 9.238795e-01 0.000000e+00
    outer loop
      vertex   -3.432500e+01 3.849426e+01 5.904000e+01
      vertex   -3.397529e+01 3.834941e+01 5.804000e+01
      vertex   -3.432500e+01 3.849426e+01 5.804000e+01
    endloop
  endfacet
  facet normal 6.087614e-01 7.933533e-01 0.000000e+00
    outer loop
      vertex   -3.432500e+01 3.849426e+01 5.904000e+01
      vertex   -3.432500e+01 3.849426e+01 5.804000e+01
      vertex   -3.462531e+01 3.872470e+01 5.904000e+01
    endloop
  endfacet
  facet normal 6.087614e-01 7.933533e-01 0.000000e+00
    outer loop
      vertex   -3.462531e+01 3.872470e+01 5.904000e+01
      vertex   -3.432500e+01 3.849426e+01 5.804000e+01
      vertex   -3.462531e+01 3.872470e+01 5.804000e+01
    endloop
  endfacet
  facet normal 7.933533e-01 6.087614e-01 0.000000e+00
    outer loop
      vertex   -3.462531e+01 3.872470e+01 5.904000e+01
      vertex   -3.462531e+01 3.872470e+01 5.804000e+01
      vertex   -3.485574e+01 3.902500e+01 5.904000e+01
    endloop
  endfacet
  facet normal 7.933533e-01 6.087614e-01 0.000000e+00
    outer loop
      vertex   -3.485574e+01 3.902500e+01 5.904000e+01
      vertex   -3.462531e+01 3.872470e+01 5.804000e+01
      vertex   -3.485574e+01 3.902500e+01 5.804000e+01
    endloop
  endfacet
  facet normal 9.238795e-01 3.826834e-01 0.000000e+00
    outer loop
      vertex   -3.485574e+01 3.902500e+01 5.904000e+01
      vertex   -3.485574e+01 3.902500e+01 5.804000e+01
      vertex   -3.500059e+01 3.937471e+01 5.904000e+01
    endloop
  endfacet
  facet normal 9.238795e-01 3.826834e-01 0.000000e+00
    outer loop
      vertex   -3.500059e+01 3.937471e+01 5.904000e+01
      vertex   -3.485574e+01 3.902500e+01 5.804000e+01
      vertex   -3.500059e+01 3.937471e+01 5.804000e+01
    endloop
  endfacet
  facet normal 9.914449e-01 1.305262e-01 0.000000e+00
    outer loop
      vertex   -3.500059e+01 3.937471e+01 5.904000e+01
      vertex   -3.500059e+01 3.937471e+01 5.804000e+01
      vertex   -3.505000e+01 3.975000e+01 5.904000e+01
    endloop
  endfacet
  facet normal 9.914449e-01 1.305262e-01 0.000000e+00
    outer loop
      vertex   -3.505000e+01 3.975000e+01 5.904000e+01
      vertex   -3.500059e+01 3.937471e+01 5.804000e+01
      vertex   -3.505000e+01 3.975000e+01 5.804000e+01
    endloop
  endfacet
  facet normal 9.914449e-01 -1.305262e-01 0.000000e+00
    outer loop
      vertex   -3.505000e+01 3.975000e+01 5.904000e+01
      vertex   -3.505000e+01 3.975000e+01 5.804000e+01
      vertex   -3.500059e+01 4.012529e+01 5.904000e+01
    endloop
  endfacet
  facet normal 9.914449e-01 -1.305262e-01 0.000000e+00
    outer loop
      vertex   -3.500059e+01 4.012529e+01 5.904000e+01
      vertex   -3.505000e+01 3.975000e+01 5.804000e+01
      vertex   -3.500059e+01 4.012529e+01 5.804000e+01
    endloop
  endfacet
  facet normal 9.238795e-01 -3.826834e-01 0.000000e+00
    outer loop
      vertex   -3.500059e+01 4.012529e+01 5.904000e+01
      vertex   -3.500059e+01 4.012529e+01 5.804000e+01
      vertex   -3.485574e+01 4.047500e+01 5.904000e+01
    endloop
  endfacet
  facet normal 9.238795e-01 -3.826834e-01 0.000000e+00
    outer loop
      vertex   -3.485574e+01 4.047500e+01 5.904000e+01
      vertex   -3.500059e+01 4.012529e+01 5.804000e+01
      vertex   -3.485574e+01 4.047500e+01 5.804000e+01
    endloop
  endfacet
  facet normal 7.933533e-01 -6.087614e-01 0.000000e+00
    outer loop
      vertex   -3.485574e+01 4.047500e+01 5.904000e+01
      vertex   -3.485574e+01 4.047500e+01 5.804000e+01
      vertex   -3.462531e+01 4.077531e+01 5.904000e+01
    endloop
  endfacet
  facet normal 7.933533e-01 -6.087614e-01 0.000000e+00
    outer loop
      vertex   -3.462531e+01 4.077531e+01 5.904000e+01
      vertex   -3.485574e+01 4.047500e+01 5.804000e+01
      vertex   -3.462531e+01 4.077531e+01 5.804000e+01
    endloop
  endfacet
  facet normal 6.087614e-01 -7.933533e-01 0.000000e+00
    outer loop
      vertex   -3.462531e+01 4.077531e+01 5.904000e+01
      vertex   -3.462531e+01 4.077531e+01 5.804000e+01
      vertex   -3.432500e+01 4.100574e+01 5.904000e+01
    endloop
  endfacet
  facet normal 6.087614e-01 -7.933533e-01 0.000000e+00
    outer loop
      vertex   -3.432500e+01 4.100574e+01 5.904000e+01
      vertex   -3.462531e+01 4.077531e+01 5.804000e+01
      vertex   -3.432500e+01 4.100574e+01 5.804000e+01
    endloop
  endfacet
  facet normal 3.826834e-01 -9.238795e-01 0.000000e+00
    outer loop
      vertex   -3.432500e+01 4.100574e+01 5.904000e+01
      vertex   -3.432500e+01 4.100574e+01 5.804000e+01
      vertex   -3.397529e+01 4.115059e+01 5.904000e+01
    endloop
  endfacet
  facet normal 3.826834e-01 -9.238795e-01 0.000000e+00
    outer loop
      vertex   -3.397529e+01 4.115059e+01 5.904000e+01
      vertex   -3.432500e+01 4.100574e+01 5.804000e+01
      vertex   -3.397529e+01 4.115059e+01 5.804000e+01
    endloop
  endfacet
  facet normal 1.305262e-01 -9.914449e-01 0.000000e+00
    outer loop
      vertex   -3.397529e+01 4.115059e+01 5.904000e+01
      vertex   -3.397529e+01 4.115059e+01 5.804000e+01
      vertex   -3.360000e+01 4.120000e+01 5.904000e+01
    endloop
  endfacet
  facet normal 1.305262e-01 -9.914449e-01 0.000000e+00
    outer loop
      vertex   -3.360000e+01 4.120000e+01 5.904000e+01
      vertex   -3.397529e+01 4.115059e+01 5.804000e+01
      vertex   -3.360000e+01 4.120000e+01 5.804000e+01
    endloop
  endfacet
  facet normal -1.305262e-01 -9.914449e-01 -0.000000e+00
    outer loop
      vertex   -3.360000e+01 4.120000e+01 5.904000e+01
      vertex   -3.360000e+01 4.120000e+01 5.804000e+01
      vertex   -3.322471e+01 4.115059e+01 5.904000e+01
    endloop
  endfacet
  facet normal -1.305262e-01 -9.914449e-01 -0.000000e+00
    outer loop
      vertex   -3.322471e+01 4.115059e+01 5.904000e+01
      vertex   -3.360000e+01 4.120000e+01 5.804000e+01
      vertex   -3.322471e+01 4.115059e+01 5.804000e+01
    endloop
  endfacet
  facet normal -3.826834e-01 -9.238795e-01 -0.000000e+00
    outer loop
      vertex   -3.322471e+01 4.115059e+01 5.904000e+01
      vertex   -3.322471e+01 4.115059e+01 5.804000e+01
      vertex   -3.287500e+01 4.100574e+01 5.904000e+01
    endloop
  endfacet
  facet normal -3.826834e-01 -9.238795e-01 -0.000000e+00
    outer loop
      vertex   -3.287500e+01 4.100574e+01 5.904000e+01
      vertex   -3.322471e+01 4.115059e+01 5.804000e+01
      vertex   -3.287500e+01 4.100574e+01 5.804000e+01
    endloop
  endfacet
  facet normal -6.087614e-01 -7.933533e-01 -0.000000e+00
    outer loop
      vertex   -3.287500e+01 4.100574e+01 5.904000e+01
      vertex   -3.287500e+01 4.100574e+01 5.804000e+01
      vertex   -3.257470e+01 4.077531e+01 5.904000e+01
    endloop
  endfacet
  facet normal -6.087614e-01 -7.933533e-01 -0.000000e+00
    outer loop
      vertex   -3.257470e+01 4.077531e+01 5.904000e+01
      vertex   -3.287500e+01 4.100574e+01 5.804000e+01
      vertex   -3.257470e+01 4.077531e+01 5.804000e+01
    endloop
  endfacet
  facet normal -7.933533e-01 -6.087614e-01 -0.000000e+00
    outer loop
      vertex   -3.257470e+01 4.077531e+01 5.904000e+01
      vertex   -3.257470e+01 4.077531e+01 5.804000e+01
      vertex   -3.234426e+01 4.047500e+01 5.904000e+01
    endloop
  endfacet
  facet normal -7.933533e-01 -6.087614e-01 -0.000000e+00
    outer loop
      vertex   -3.234426e+01 4.047500e+01 5.904000e+01
      vertex   -3.257470e+01 4.077531e+01 5.804000e+01
      vertex   -3.234426e+01 4.047500e+01 5.804000e+01
    endloop
  endfacet
  facet normal -9.238795e-01 -3.826834e-01 -0.000000e+00
    outer loop
      vertex   -3.234426e+01 4.047500e+01 5.904000e+01
      vertex   -3.234426e+01 4.047500e+01 5.804000e+01
      vertex   -3.219941e+01 4.012529e+01 5.904000e+01
    endloop
  endfacet
  facet normal -9.238795e-01 -3.826834e-01 -0.000000e+00
    outer loop
      vertex   -3.219941e+01 4.012529e+01 5.904000e+01
      vertex   -3.234426e+01 4.047500e+01 5.804000e+01
      vertex   -3.219941e+01 4.012529e+01 5.804000e+01
    endloop
  endfacet
  facet normal -9.914449e-01 -1.305262e-01 -0.000000e+00
    outer loop
      vertex   3.500059e+01 -2.107471e+01 5.904000e+01
      vertex   3.500059e+01 -2.107471e+01 5.804000e+01
      vertex   3.505000e+01 -2.145000e+01 5.904000e+01
    endloop
  endfacet
  facet normal -9.914449e-01 -1.305262e-01 -0.000000e+00
    outer loop
      vertex   3.505000e+01 -2.145000e+01 5.904000e+01
      vertex   3.500059e+01 -2.107471e+01 5.804000e+01
      vertex   3.505000e+01 -2.145000e+01 5.804000e+01
    endloop
  endfacet
  facet normal -9.914449e-01 1.305262e-01 0.000000e+00
    outer loop
      vertex   3.505000e+01 -2.145000e+01 5.904000e+01
      vertex   3.505000e+01 -2.145000e+01 5.804000e+01
      vertex   3.500059e+01 -2.182529e+01 5.904000e+01
    endloop
  endfacet
  facet normal -9.914449e-01 1.305262e-01 0.000000e+00
    outer loop
      vertex   3.500059e+01 -2.182529e+01 5.904000e+01
      vertex   3.505000e+01 -2.145000e+01 5.804000e+01
      vertex   3.500059e+01 -2.182529e+01 5.804000e+01
    endloop
  endfacet
  facet normal -9.238795e-01 3.826834e-01 0.000000e+00
    outer loop
      vertex   3.500059e+01 -2.182529e+01 5.904000e+01
      vertex   3.500059e+01 -2.182529e+01 5.804000e+01
      vertex   3.485574e+01 -2.217500e+01 5.904000e+01
    endloop
  endfacet
  facet normal -9.238795e-01 3.826834e-01 0.000000e+00
    outer loop
      vertex   3.485574e+01 -2.217500e+01 5.904000e+01
      vertex   3.500059e+01 -2.182529e+01 5.804000e+01
      vertex   3.485574e+01 -2.217500e+01 5.804000e+01
    endloop
  endfacet
  facet normal -7.933533e-01 6.087614e-01 0.000000e+00
    outer loop
      vertex   3.485574e+01 -2.217500e+01 5.904000e+01
      vertex   3.485574e+01 -2.217500e+01 5.804000e+01
      vertex   3.462531e+01 -2.247531e+01 5.904000e+01
    endloop
  endfacet
  facet normal -7.933533e-01 6.087614e-01 0.000000e+00
    outer loop
      vertex   3.462531e+01 -2.247531e+01 5.904000e+01
      vertex   3.485574e+01 -2.217500e+01 5.804000e+01
      vertex   3.462531e+01 -2.247531e+01 5.804000e+01
    endloop
  endfacet
  facet normal -6.087614e-01 7.933533e-01 0.000000e+00
    outer loop
      vertex   3.462531e+01 -2.247531e+01 5.904000e+01
      vertex   3.462531e+01 -2.247531e+01 5.804000e+01
      vertex   3.432500e+01 -2.270574e+01 5.904000e+01
    endloop
  endfacet
  facet normal -6.087614e-01 7.933533e-01 0.000000e+00
    outer loop
      vertex   3.432500e+01 -2.270574e+01 5.904000e+01
      vertex   3.462531e+01 -2.247531e+01 5.804000e+01
      vertex   3.432500e+01 -2.270574e+01 5.804000e+01
    endloop
  endfacet
  facet normal -3.826834e-01 9.238795e-01 0.000000e+00
    outer loop
      vertex   3.432500e+01 -2.270574e+01 5.904000e+01
      vertex   3.432500e+01 -2.270574e+01 5.804000e+01
      vertex   3.397529e+01 -2.285059e+01 5.904000e+01
    endloop
  endfacet
  facet normal -3.826834e-01 9.238795e-01 0.000000e+00
    outer loop
      vertex   3.397529e+01 -2.285059e+01 5.904000e+01
      vertex   3.432500e+01 -2.270574e+01 5.804000e+01
      vertex   3.397529e+01 -2.285059e+01 5.804000e+01
    endloop
  endfacet
  facet normal -1.305262e-01 9.914449e-01 0.000000e+00
    outer loop
      vertex   3.397529e+01 -2.285059e+01 5.904000e+01
      vertex   3.397529e+01 -2.285059e+01 5.804000e+01
      vertex   3.360000e+01 -2.290000e+01 5.904000e+01
    endloop
  endfacet
  facet normal -1.305262e-01 9.914449e-01 0.000000e+00
    outer loop
      vertex   3.360000e+01 -2.290000e+01 5.904000e+01
      vertex   3.397529e+01 -2.285059e+01 5.804000e+01
      vertex   3.360000e+01 -2.290000e+01 5.804000e+01
    endloop
  endfacet
  facet normal 1.305262e-01 9.914449e-01 0.000000e+00
    outer loop
      vertex   3.360000e+01 -2.290000e+01 5.904000e+01
      vertex   3.360000e+01 -2.290000e+01 5.804000e+01
      vertex   3.322471e+01 -2.285059e+01 5.904000e+01
    endloop
  endfacet
  facet normal 1.305262e-01 9.914449e-01 0.000000e+00
    outer loop
      vertex   3.322471e+01 -2.285059e+01 5.904000e+01
      vertex   3.360000e+01 -2.290000e+01 5.804000e+01
      vertex   3.322471e+01 -2.285059e+01 5.804000e+01
    endloop
  endfacet
  facet normal 3.826834e-01 9.238795e-01 0.000000e+00
    outer loop
      vertex   3.322471e+01 -2.285059e+01 5.904000e+01
      vertex   3.322471e+01 -2.285059e+01 5.804000e+01
      vertex   3.287500e+01 -2.270574e+01 5.904000e+01
    endloop
  endfacet
  facet normal 3.826834e-01 9.238795e-01 0.000000e+00
    outer loop
      vertex   3.287500e+01 -2.270574e+01 5.904000e+01
      vertex   3.322471e+01 -2.285059e+01 5.804000e+01
      vertex   3.287500e+01 -2.270574e+01 5.804000e+01
    endloop
  endfacet
  facet normal 6.087614e-01 7.933533e-01 0.000000e+00
    outer loop
      vertex   3.287500e+01 -2.270574e+01 5.904000e+01
      vertex   3.287500e+01 -2.270574e+01 5.804000e+01
      vertex   3.257470e+01 -2.247531e+01 5.904000e+01
    endloop
  endfacet
  facet normal 6.087614e-01 7.933533e-01 0.000000e+00
    outer loop
      vertex   3.257470e+01 -2.247531e+01 5.904000e+01
      vertex   3.287500e+01 -2.270574e+01 5.804000e+01
      vertex   3.257470e+01 -2.247531e+01 5.804000e+01
    endloop
  endfacet
  facet normal 7.933533e-01 6.087614e-01 0.000000e+00
    outer loop
      vertex   3.257470e+01 -2.247531e+01 5.904000e+01
      vertex   3.257470e+01 -2.247531e+01 5.804000e+01
      vertex   3.234426e+01 -2.217500e+01 5.904000e+01
    endloop
  endfacet
  facet normal 7.933533e-01 6.087614e-01 0.000000e+00
    outer loop
      vertex   3.234426e+01 -2.217500e+01 5.904000e+01
      vertex   3.257470e+01 -2.247531e+01 5.804000e+01
      vertex   3.234426e+01 -2.217500e+01 5.804000e+01
    endloop
  endfacet
  facet normal 9.238795e-01 3.826834e-01 0.000000e+00
    outer loop
      vertex   3.234426e+01 -2.217500e+01 5.904000e+01
      vertex   3.234426e+01 -2.217500e+01 5.804000e+01
      vertex   3.219941e+01 -2.182529e+01 5.904000e+01
    endloop
  endfacet
  facet normal 9.238795e-01 3.826834e-01 0.000000e+00
    outer loop
      vertex   3.219941e+01 -2.182529e+01 5.904000e+01
      vertex   3.234426e+01 -2.217500e+01 5.804000e+01
      vertex   3.219941e+01 -2.182529e+01 5.804000e+01
    endloop
  endfacet
  facet normal 9.914449e-01 1.305262e-01 0.000000e+00
    outer loop
      vertex   3.219941e+01 -2.182529e+01 5.904000e+01
      vertex   3.219941e+01 -2.182529e+01 5.804000e+01
      vertex   3.215000e+01 -2.145000e+01 5.904000e+01
    endloop
  endfacet
  facet normal 9.914449e-01 1.305262e-01 0.000000e+00
    outer loop
      vertex   3.215000e+01 -2.145000e+01 5.904000e+01
      vertex   3.219941e+01 -2.182529e+01 5.804000e+01
      vertex   3.215000e+01 -2.145000e+01 5.804000e+01
    endloop
  endfacet
  facet normal 9.914449e-01 -1.305262e-01 0.000000e+00
    outer loop
      vertex   3.215000e+01 -2.145000e+01 5.904000e+01
      vertex   3.215000e+01 -2.145000e+01 5.804000e+01
      vertex   3.219941e+01 -2.107471e+01 5.904000e+01
    endloop
  endfacet
  facet normal 9.914449e-01 -1.305262e-01 0.000000e+00
    outer loop
      vertex   3.219941e+01 -2.107471e+01 5.904000e+01
      vertex   3.215000e+01 -2.145000e+01 5.804000e+01
      vertex   3.219941e+01 -2.107471e+01 5.804000e+01
    endloop
  endfacet
  facet normal 9.238795e-01 -3.826834e-01 0.000000e+00
    outer loop
      vertex   3.219941e+01 -2.107471e+01 5.904000e+01
      vertex   3.219941e+01 -2.107471e+01 5.804000e+01
      vertex   3.234426e+01 -2.072500e+01 5.904000e+01
    endloop
  endfacet
  facet normal 9.238795e-01 -3.826834e-01 0.000000e+00
    outer loop
      vertex   3.234426e+01 -2.072500e+01 5.904000e+01
      vertex   3.219941e+01 -2.107471e+01 5.804000e+01
      vertex   3.234426e+01 -2.072500e+01 5.804000e+01
    endloop
  endfacet
  facet normal 7.933533e-01 -6.087614e-01 0.000000e+00
    outer loop
      vertex   3.234426e+01 -2.072500e+01 5.904000e+01
      vertex   3.234426e+01 -2.072500e+01 5.804000e+01
      vertex   3.257470e+01 -2.042470e+01 5.904000e+01
    endloop
  endfacet
  facet normal 7.933533e-01 -6.087614e-01 0.000000e+00
    outer loop
      vertex   3.257470e+01 -2.042470e+01 5.904000e+01
      vertex   3.234426e+01 -2.072500e+01 5.804000e+01
      vertex   3.257470e+01 -2.042470e+01 5.804000e+01
    endloop
  endfacet
  facet normal 6.087614e-01 -7.933533e-01 0.000000e+00
    outer loop
      vertex   3.257470e+01 -2.042470e+01 5.904000e+01
      vertex   3.257470e+01 -2.042470e+01 5.804000e+01
      vertex   3.287500e+01 -2.019426e+01 5.904000e+01
    endloop
  endfacet
  facet normal 6.087614e-01 -7.933533e-01 0.000000e+00
    outer loop
      vertex   3.287500e+01 -2.019426e+01 5.904000e+01
      vertex   3.257470e+01 -2.042470e+01 5.804000e+01
      vertex   3.287500e+01 -2.019426e+01 5.804000e+01
    endloop
  endfacet
  facet normal 3.826834e-01 -9.238795e-01 0.000000e+00
    outer loop
      vertex   3.287500e+01 -2.019426e+01 5.904000e+01
      vertex   3.287500e+01 -2.019426e+01 5.804000e+01
      vertex   3.322471e+01 -2.004941e+01 5.904000e+01
    endloop
  endfacet
  facet normal 3.826834e-01 -9.238795e-01 0.000000e+00
    outer loop
      vertex   3.322471e+01 -2.004941e+01 5.904000e+01
      vertex   3.287500e+01 -2.019426e+01 5.804000e+01
      vertex   3.322471e+01 -2.004941e+01 5.804000e+01
    endloop
  endfacet
  facet normal 1.305262e-01 -9.914449e-01 0.000000e+00
    outer loop
      vertex   3.322471e+01 -2.004941e+01 5.904000e+01
      vertex   3.322471e+01 -2.004941e+01 5.804000e+01
      vertex   3.360000e+01 -2.000000e+01 5.904000e+01
    endloop
  endfacet
  facet normal 1.305262e-01 -9.914449e-01 0.000000e+00
    outer loop
      vertex   3.360000e+01 -2.000000e+01 5.904000e+01
      vertex   3.322471e+01 -2.004941e+01 5.804000e+01
      vertex   3.360000e+01 -2.000000e+01 5.804000e+01
    endloop
  endfacet
  facet normal -1.305262e-01 -9.914449e-01 -0.000000e+00
    outer loop
      vertex   3.360000e+01 -2.000000e+01 5.904000e+01
      vertex   3.360000e+01 -2.000000e+01 5.804000e+01
      vertex   3.397529e+01 -2.004941e+01 5.904000e+01
    endloop
  endfacet
  facet normal -1.305262e-01 -9.914449e-01 -0.000000e+00
    outer loop
      vertex   3.397529e+01 -2.004941e+01 5.904000e+01
      vertex   3.360000e+01 -2.000000e+01 5.804000e+01
      vertex   3.397529e+01 -2.004941e+01 5.804000e+01
    endloop
  endfacet
  facet normal -3.826834e-01 -9.238795e-01 -0.000000e+00
    outer loop
      vertex   3.397529e+01 -2.004941e+01 5.904000e+01
      vertex   3.397529e+01 -2.004941e+01 5.804000e+01
      vertex   3.432500e+01 -2.019426e+01 5.904000e+01
    endloop
  endfacet
  facet normal -3.826834e-01 -9.238795e-01 -0.000000e+00
    outer loop
      vertex   3.432500e+01 -2.019426e+01 5.904000e+01
      vertex   3.397529e+01 -2.004941e+01 5.804000e+01
      vertex   3.432500e+01 -2.019426e+01 5.804000e+01
    endloop
  endfacet
  facet normal -6.087614e-01 -7.933533e-01 -0.000000e+00
    outer loop
      vertex   3.432500e+01 -2.019426e+01 5.904000e+01
      vertex   3.432500e+01 -2.019426e+01 5.804000e+01
      vertex   3.462531e+01 -2.042470e+01 5.904000e+01
    endloop
  endfacet
  facet normal -6.087614e-01 -7.933533e-01 -0.000000e+00
    outer loop
      vertex   3.462531e+01 -2.042470e+01 5.904000e+01
      vertex   3.432500e+01 -2.019426e+01 5.804000e+01
      vertex   3.462531e+01 -2.042470e+01 5.804000e+01
    endloop
  endfacet
  facet normal -7.933533e-01 -6.087614e-01 -0.000000e+00
    outer loop
      vertex   3.462531e+01 -2.042470e+01 5.904000e+01
      vertex   3.462531e+01 -2.042470e+01 5.804000e+01
      vertex   3.485574e+01 -2.072500e+01 5.904000e+01
    endloop
  endfacet
  facet normal -7.933533e-01 -6.087614e-01 -0.000000e+00
    outer loop
      vertex   3.485574e+01 -2.072500e+01 5.904000e+01
      vertex   3.462531e+01 -2.042470e+01 5.804000e+01
      vertex   3.485574e+01 -2.072500e+01 5.804000e+01
    endloop
  endfacet
  facet normal -9.238795e-01 -3.826834e-01 -0.000000e+00
    outer loop
      vertex   3.485574e+01 -2.072500e+01 5.904000e+01
      vertex   3.485574e+01 -2.072500e+01 5.804000e+01
      vertex   3.500059e+01 -2.107471e+01 5.904000e+01
    endloop
  endfacet
  facet normal -9.238795e-01 -3.826834e-01 -0.000000e+00
    outer loop
      vertex   3.500059e+01 -2.107471e+01 5.904000e+01
      vertex   3.485574e+01 -2.072500e+01 5.804000e+01
      vertex   3.500059e+01 -2.107471e+01 5.804000e+01
    endloop
  endfacet
  facet normal -9.914449e-01 -1.305262e-01 -0.000000e+00
    outer loop
      vertex   3.500059e+01 4.012529e+01 5.904000e+01
      vertex   3.500059e+01 4.012529e+01 5.804000e+01
      vertex   3.505000e+01 3.975000e+01 5.904000e+01
    endloop
  endfacet
  facet normal -9.914449e-01 -1.305262e-01 -0.000000e+00
    outer loop
      vertex   3.505000e+01 3.975000e+01 5.904000e+01
      vertex   3.500059e+01 4.012529e+01 5.804000e+01
      vertex   3.505000e+01 3.975000e+01 5.804000e+01
    endloop
  endfacet
  facet normal -9.914449e-01 1.305262e-01 0.000000e+00
    outer loop
      vertex   3.505000e+01 3.975000e+01 5.904000e+01
      vertex   3.505000e+01 3.975000e+01 5.804000e+01
      vertex   3.500059e+01 3.937471e+01 5.904000e+01
    endloop
  endfacet
  facet normal -9.914449e-01 1.305262e-01 0.000000e+00
    outer loop
      vertex   3.500059e+01 3.937471e+01 5.904000e+01
      vertex   3.505000e+01 3.975000e+01 5.804000e+01
      vertex   3.500059e+01 3.937471e+01 5.804000e+01
    endloop
  endfacet
  facet normal -9.238795e-01 3.826834e-01 0.000000e+00
    outer loop
      vertex   3.500059e+01 3.937471e+01 5.904000e+01
      vertex   3.500059e+01 3.937471e+01 5.804000e+01
      vertex   3.485574e+01 3.902500e+01 5.904000e+01
    endloop
  endfacet
  facet normal -9.238795e-01 3.826834e-01 0.000000e+00
    outer loop
      vertex   3.485574e+01 3.902500e+01 5.904000e+01
      vertex   3.500059e+01 3.937471e+01 5.804000e+01
      vertex   3.485574e+01 3.902500e+01 5.804000e+01
    endloop
  endfacet
  facet normal -7.933533e-01 6.087614e-01 0.000000e+00
    outer loop
      vertex   3.485574e+01 3.902500e+01 5.904000e+01
      vertex   3.485574e+01 3.902500e+01 5.804000e+01
      vertex   3.462531e+01 3.872470e+01 5.904000e+01
    endloop
  endfacet
  facet normal -7.933533e-01 6.087614e-01 0.000000e+00
    outer loop
      vertex   3.462531e+01 3.872470e+01 5.904000e+01
      vertex   3.485574e+01 3.902500e+01 5.804000e+01
      vertex   3.462531e+01 3.872470e+01 5.804000e+01
    endloop
  endfacet
  facet normal -6.087614e-01 7.933533e-01 0.000000e+00
    outer loop
      vertex   3.462531e+01 3.872470e+01 5.904000e+01
      vertex   3.462531e+01 3.872470e+01 5.804000e+01
      vertex   3.432500e+01 3.849426e+01 5.904000e+01
    endloop
  endfacet
  facet normal -6.087614e-01 7.933533e-01 0.000000e+00
    outer loop
      vertex   3.432500e+01 3.849426e+01 5.904000e+01
      vertex   3.462531e+01 3.872470e+01 5.804000e+01
      vertex   3.432500e+01 3.849426e+01 5.804000e+01
    endloop
  endfacet
  facet normal -3.826834e-01 9.238795e-01 0.000000e+00
    outer loop
      vertex   3.432500e+01 3.849426e+01 5.904000e+01
      vertex   3.432500e+01 3.849426e+01 5.804000e+01
      vertex   3.397529e+01 3.834941e+01 5.904000e+01
    endloop
  endfacet
  facet normal -3.826834e-01 9.238795e-01 0.000000e+00
    outer loop
      vertex   3.397529e+01 3.834941e+01 5.904000e+01
      vertex   3.432500e+01 3.849426e+01 5.804000e+01
      vertex   3.397529e+01 3.834941e+01 5.804000e+01
    endloop
  endfacet
  facet normal -1.305262e-01 9.914449e-01 0.000000e+00
    outer loop
      vertex   3.397529e+01 3.834941e+01 5.904000e+01
      vertex   3.397529e+01 3.834941e+01 5.804000e+01
      vertex   3.360000e+01 3.830000e+01 5.904000e+01
    endloop
  endfacet
  facet normal -1.305262e-01 9.914449e-01 0.000000e+00
    outer loop
      vertex   3.360000e+01 3.830000e+01 5.904000e+01
      vertex   3.397529e+01 3.834941e+01 5.804000e+01
      vertex   3.360000e+01 3.830000e+01 5.804000e+01
    endloop
  endfacet
  facet normal 1.305262e-01 9.914449e-01 0.000000e+00
    outer loop
      vertex   3.360000e+01 3.830000e+01 5.904000e+01
      vertex   3.360000e+01 3.830000e+01 5.804000e+01
      vertex   3.322471e+01 3.834941e+01 5.904000e+01
    endloop
  endfacet
  facet normal 1.305262e-01 9.914449e-01 0.000000e+00
    outer loop
      vertex   3.322471e+01 3.834941e+01 5.904000e+01
      vertex   3.360000e+01 3.830000e+01 5.804000e+01
      vertex   3.322471e+01 3.834941e+01 5.804000e+01
    endloop
  endfacet
  facet normal 3.826834e-01 9.238795e-01 0.000000e+00
    outer loop
      vertex   3.322471e+01 3.834941e+01 5.904000e+01
      vertex   3.322471e+01 3.834941e+01 5.804000e+01
      vertex   3.287500e+01 3.849426e+01 5.904000e+01
    endloop
  endfacet
  facet normal 3.826834e-01 9.238795e-01 0.000000e+00
    outer loop
      vertex   3.287500e+01 3.849426e+01 5.904000e+01
      vertex   3.322471e+01 3.834941e+01 5.804000e+01
      vertex   3.287500e+01 3.849426e+01 5.804000e+01
    endloop
  endfacet
  facet normal 6.087614e-01 7.933533e-01 0.000000e+00
    outer loop
      vertex   3.287500e+01 3.849426e+01 5.904000e+01
      vertex   3.287500e+01 3.849426e+01 5.804000e+01
      vertex   3.257470e+01 3.872470e+01 5.904000e+01
    endloop
  endfacet
  facet normal 6.087614e-01 7.933533e-01 0.000000e+00
    outer loop
      vertex   3.257470e+01 3.872470e+01 5.904000e+01
      vertex   3.287500e+01 3.849426e+01 5.804000e+01
      vertex   3.257470e+01 3.872470e+01 5.804000e+01
    endloop
  endfacet
  facet normal 7.933533e-01 6.087614e-01 0.000000e+00
    outer loop
      vertex   3.257470e+01 3.872470e+01 5.904000e+01
      vertex   3.257470e+01 3.872470e+01 5.804000e+01
      vertex   3.234426e+01 3.902500e+01 5.904000e+01
    endloop
  endfacet
  facet normal 7.933533e-01 6.087614e-01 0.000000e+00
    outer loop
      vertex   3.234426e+01 3.902500e+01 5.904000e+01
      vertex   3.257470e+01 3.872470e+01 5.804000e+01
      vertex   3.234426e+01 3.902500e+01 5.804000e+01
    endloop
  endfacet
  facet normal 9.238795e-01 3.826834e-01 0.000000e+00
    outer loop
      vertex   3.234426e+01 3.902500e+01 5.904000e+01
      vertex   3.234426e+01 3.902500e+01 5.804000e+01
      vertex   3.219941e+01 3.937471e+01 5.904000e+01
    endloop
  endfacet
  facet normal 9.238795e-01 3.826834e-01 0.000000e+00
    outer loop
      vertex   3.219941e+01 3.937471e+01 5.904000e+01
      vertex   3.234426e+01 3.902500e+01 5.804000e+01
      vertex   3.219941e+01 3.937471e+01 5.804000e+01
    endloop
  endfacet
  facet normal 9.914449e-01 1.305262e-01 0.000000e+00
    outer loop
      vertex   3.219941e+01 3.937471e+01 5.904000e+01
      vertex   3.219941e+01 3.937471e+01 5.804000e+01
      vertex   3.215000e+01 3.975000e+01 5.904000e+01
    endloop
  endfacet
  facet normal 9.914449e-01 1.305262e-01 0.000000e+00
    outer loop
      vertex   3.215000e+01 3.975000e+01 5.904000e+01
      vertex   3.219941e+01 3.937471e+01 5.804000e+01
      vertex   3.215000e+01 3.975000e+01 5.804000e+01
    endloop
  endfacet
  facet normal 9.914449e-01 -1.305262e-01 0.000000e+00
    outer loop
      vertex   3.215000e+01 3.975000e+01 5.904000e+01
      vertex   3.215000e+01 3.975000e+01 5.804000e+01
      vertex   3.219941e+01 4.012529e+01 5.904000e+01
    endloop
  endfacet
  facet normal 9.914449e-01 -1.305262e-01 0.000000e+00
    outer loop
      vertex   3.219941e+01 4.012529e+01 5.904000e+01
      vertex   3.215000e+01 3.975000e+01 5.804000e+01
      vertex   3.219941e+01 4.012529e+01 5.804000e+01
    endloop
  endfacet
  facet normal 9.238795e-01 -3.826834e-01 0.000000e+00
    outer loop
      vertex   3.219941e+01 4.012529e+01 5.904000e+01
      vertex   3.219941e+01 4.012529e+01 5.804000e+01
      vertex   3.234426e+01 4.047500e+01 5.904000e+01
    endloop
  endfacet
  facet normal 9.238795e-01 -3.826834e-01 0.000000e+00
    outer loop
      vertex   3.234426e+01 4.047500e+01 5.904000e+01
      vertex   3.219941e+01 4.012529e+01 5.804000e+01
      vertex   3.234426e+01 4.047500e+01 5.804000e+01
    endloop
  endfacet
  facet normal 7.933533e-01 -6.087614e-01 0.000000e+00
    outer loop
      vertex   3.234426e+01 4.047500e+01 5.904000e+01
      vertex   3.234426e+01 4.047500e+01 5.804000e+01
      vertex   3.257470e+01 4.077531e+01 5.904000e+01
    endloop
  endfacet
  facet normal 7.933533e-01 -6.087614e-01 0.000000e+00
    outer loop
      vertex   3.257470e+01 4.077531e+01 5.904000e+01
      vertex   3.234426e+01 4.047500e+01 5.804000e+01
      vertex   3.257470e+01 4.077531e+01 5.804000e+01
    endloop
  endfacet
  facet normal 6.087614e-01 -7.933533e-01 0.000000e+00
    outer loop
      vertex   3.257470e+01 4.077531e+01 5.904000e+01
      vertex   3.257470e+01 4.077531e+01 5.804000e+01
      vertex   3.287500e+01 4.100574e+01 5.904000e+01
    endloop
  endfacet
  facet normal 6.087614e-01 -7.933533e-01 0.000000e+00
    outer loop
      vertex   3.287500e+01 4.100574e+01 5.904000e+01
      vertex   3.257470e+01 4.077531e+01 5.804000e+01
      vertex   3.287500e+01 4.100574e+01 5.804000e+01
    endloop
  endfacet
  facet normal 3.826834e-01 -9.238795e-01 0.000000e+00
    outer loop
      vertex   3.287500e+01 4.100574e+01 5.904000e+01
      vertex   3.287500e+01 4.100574e+01 5.804000e+01
      vertex   3.322471e+01 4.115059e+01 5.904000e+01
    endloop
  endfacet
  facet normal 3.826834e-01 -9.238795e-01 0.000000e+00
    outer loop
      vertex   3.322471e+01 4.115059e+01 5.904000e+01
      vertex   3.287500e+01 4.100574e+01 5.804000e+01
      vertex   3.322471e+01 4.115059e+01 5.804000e+01
    endloop
  endfacet
  facet normal 1.305262e-01 -9.914449e-01 0.000000e+00
    outer loop
      vertex   3.322471e+01 4.115059e+01 5.904000e+01
      vertex   3.322471e+01 4.115059e+01 5.804000e+01
      vertex   3.360000e+01 4.120000e+01 5.904000e+01
    endloop
  endfacet
  facet normal 1.305262e-01 -9.914449e-01 0.000000e+00
    outer loop
      vertex   3.360000e+01 4.120000e+01 5.904000e+01
      vertex   3.322471e+01 4.115059e+01 5.804000e+01
      vertex   3.360000e+01 4.120000e+01 5.804000e+01
    endloop
  endfacet
  facet normal -1.305262e-01 -9.914449e-01 -0.000000e+00
    outer loop
      vertex   3.360000e+01 4.120000e+01 5.904000e+01
      vertex   3.360000e+01 4.120000e+01 5.804000e+01
      vertex   3.397529e+01 4.115059e+01 5.904000e+01
    endloop
  endfacet
  facet normal -1.305262e-01 -9.914449e-01 -0.000000e+00
    outer loop
      vertex   3.397529e+01 4.115059e+01 5.904000e+01
      vertex   3.360000e+01 4.120000e+01 5.804000e+01
      vertex   3.397529e+01 4.115059e+01 5.804000e+01
    endloop
  endfacet
  facet normal -3.826834e-01 -9.238795e-01 -0.000000e+00
    outer loop
      vertex   3.397529e+01 4.115059e+01 5.904000e+01
      vertex   3.397529e+01 4.115059e+01 5.804000e+01
      vertex   3.432500e+01 4.100574e+01 5.904000e+01
    endloop
  endfacet
  facet normal -3.826834e-01 -9.238795e-01 -0.000000e+00
    outer loop
      vertex   3.432500e+01 4.100574e+01 5.904000e+01
      vertex   3.397529e+01 4.115059e+01 5.804000e+01
      vertex   3.432500e+01 4.100574e+01 5.804000e+01
    endloop
  endfacet
  facet normal -6.087614e-01 -7.933533e-01 -0.000000e+00
    outer loop
      vertex   3.432500e+01 4.100574e+01 5.904000e+01
      vertex   3.432500e+01 4.100574e+01 5.804000e+01
      vertex   3.462531e+01 4.077531e+01 5.904000e+01
    endloop
  endfacet
  facet normal -6.087614e-01 -7.933533e-01 -0.000000e+00
    outer loop
      vertex   3.462531e+01 4.077531e+01 5.904000e+01
      vertex   3.432500e+01 4.100574e+01 5.804000e+01
      vertex   3.462531e+01 4.077531e+01 5.804000e+01
    endloop
  endfacet
  facet normal -7.933533e-01 -6.087614e-01 -0.000000e+00
    outer loop
      vertex   3.462531e+01 4.077531e+01 5.904000e+01
      vertex   3.462531e+01 4.077531e+01 5.804000e+01
      vertex   3.485574e+01 4.047500e+01 5.904000e+01
    endloop
  endfacet
  facet normal -7.933533e-01 -6.087614e-01 -0.000000e+00
    outer loop
      vertex   3.485574e+01 4.047500e+01 5.904000e+01
      vertex   3.462531e+01 4.077531e+01 5.804000e+01
      vertex   3.485574e+01 4.047500e+01 5.804000e+01
    endloop
  endfacet
  facet normal -9.238795e-01 -3.826834e-01 -0.000000e+00
    outer loop
      vertex   3.485574e+01 4.047500e+01 5.904000e+01
      vertex   3.485574e+01 4.047500e+01 5.804000e+01
      vertex   3.500059e+01 4.012529e+01 5.904000e+01
    endloop
  endfacet
  facet normal -9.238795e-01 -3.826834e-01 -0.000000e+00
    outer loop
      vertex   3.500059e+01 4.012529e+01 5.904000e+01
      vertex   3.485574e+01 4.047500e+01 5.804000e+01
      vertex   3.500059e+01 4.012529e+01 5.804000e+01
    endloop
  endfacet
  facet normal -1.045285e-01 0.000000e+00 9.945219e-01
    outer loop
      vertex   -3.722566e+01 4.250000e+01 5.947444e+01
      vertex   -3.722566e+01 2.916000e+01 5.947444e+01
      vertex   -3.660192e+01 4.250000e+01 5.954000e+01
    endloop
  endfacet
  facet normal -1.045285e-01 0.000000e+00 9.945219e-01
    outer loop
      vertex   -3.660192e+01 4.250000e+01 5.954000e+01
      vertex   -3.722566e+01 2.916000e+01 5.947444e+01
      vertex   -3.722566e+01 1.582000e+01 5.947444e+01
    endloop
  endfacet
  facet normal -1.045285e-01 0.000000e+00 9.945219e-01
    outer loop
      vertex   -3.660192e+01 4.250000e+01 5.954000e+01
      vertex   -3.722566e+01 1.582000e+01 5.947444e+01
      vertex   -3.722566e+01 2.480000e+00 5.947444e+01
    endloop
  endfacet
  facet normal -3.090170e-01 0.000000e+00 9.510565e-01
    outer loop
      vertex   -3.722566e+01 2.480000e+00 5.947444e+01
      vertex   -3.722566e+01 1.582000e+01 5.947444e+01
      vertex   -3.782213e+01 2.480000e+00 5.928064e+01
    endloop
  endfacet
  facet normal -3.090170e-01 0.000000e+00 9.510565e-01
    outer loop
      vertex   -3.722566e+01 2.480000e+00 5.947444e+01
      vertex   -3.782213e+01 2.480000e+00 5.928064e+01
      vertex   -3.782213e+01 -1.086000e+01 5.928064e+01
    endloop
  endfacet
  facet normal -5.000000e-01 0.000000e+00 8.660254e-01
    outer loop
      vertex   -3.782213e+01 -1.086000e+01 5.928064e+01
      vertex   -3.782213e+01 2.480000e+00 5.928064e+01
      vertex   -3.836528e+01 -1.086000e+01 5.896705e+01
    endloop
  endfacet
  facet normal -5.000000e-01 0.000000e+00 8.660254e-01
    outer loop
      vertex   -3.782213e+01 -1.086000e+01 5.928064e+01
      vertex   -3.836528e+01 -1.086000e+01 5.896705e+01
      vertex   -3.836528e+01 -2.420000e+01 5.896705e+01
    endloop
  endfacet
  facet normal -6.691306e-01 0.000000e+00 7.431448e-01
    outer loop
      vertex   -3.836528e+01 -2.420000e+01 5.896705e+01
      vertex   -3.836528e+01 -1.086000e+01 5.896705e+01
      vertex   -3.883136e+01 -2.420000e+01 5.854739e+01
    endloop
  endfacet
  facet normal -6.691306e-01 0.000000e+00 7.431448e-01
    outer loop
      vertex   -3.883136e+01 -2.420000e+01 5.854739e+01
      vertex   -3.836528e+01 -1.086000e+01 5.896705e+01
      vertex   -3.883136e+01 -1.086000e+01 5.854739e+01
    endloop
  endfacet
  facet normal -8.090170e-01 0.000000e+00 5.877853e-01
    outer loop
      vertex   -3.883136e+01 -2.420000e+01 5.854739e+01
      vertex   -3.883136e+01 -1.086000e+01 5.854739e+01
      vertex   -3.920000e+01 -2.420000e+01 5.804000e+01
    endloop
  endfacet
  facet normal -8.090170e-01 3.151608e-16 5.877853e-01
    outer loop
      vertex   -3.920000e+01 -2.420000e+01 5.804000e+01
      vertex   -3.883136e+01 -1.086000e+01 5.854739e+01
      vertex   -3.883136e+01 2.480000e+00 5.854739e+01
    endloop
  endfacet
  facet normal -8.090170e-01 0.000000e+00 5.877853e-01
    outer loop
      vertex   -3.920000e+01 -2.420000e+01 5.804000e+01
      vertex   -3.883136e+01 2.480000e+00 5.854739e+01
      vertex   -3.883136e+01 1.582000e+01 5.854739e+01
    endloop
  endfacet
  facet normal -6.691306e-01 0.000000e+00 7.431448e-01
    outer loop
      vertex   -3.883136e+01 1.582000e+01 5.854739e+01
      vertex   -3.883136e+01 2.480000e+00 5.854739e+01
      vertex   -3.836528e+01 1.582000e+01 5.896705e+01
    endloop
  endfacet
  facet normal -6.691306e-01 0.000000e+00 7.431448e-01
    outer loop
      vertex   -3.883136e+01 1.582000e+01 5.854739e+01
      vertex   -3.836528e+01 1.582000e+01 5.896705e+01
      vertex   -3.836528e+01 2.916000e+01 5.896705e+01
    endloop
  endfacet
  facet normal -5.000000e-01 0.000000e+00 8.660254e-01
    outer loop
      vertex   -3.836528e+01 2.916000e+01 5.896705e+01
      vertex   -3.836528e+01 1.582000e+01 5.896705e+01
      vertex   -3.782213e+01 2.916000e+01 5.928064e+01
    endloop
  endfacet
  facet normal -5.000000e-01 0.000000e+00 8.660254e-01
    outer loop
      vertex   -3.836528e+01 2.916000e+01 5.896705e+01
      vertex   -3.782213e+01 2.916000e+01 5.928064e+01
      vertex   -3.782213e+01 4.250000e+01 5.928064e+01
    endloop
  endfacet
  facet normal -3.090170e-01 0.000000e+00 9.510565e-01
    outer loop
      vertex   -3.782213e+01 4.250000e+01 5.928064e+01
      vertex   -3.782213e+01 2.916000e+01 5.928064e+01
      vertex   -3.722566e+01 4.250000e+01 5.947444e+01
    endloop
  endfacet
  facet normal -3.090170e-01 0.000000e+00 9.510565e-01
    outer loop
      vertex   -3.722566e+01 4.250000e+01 5.947444e+01
      vertex   -3.782213e+01 2.916000e+01 5.928064e+01
      vertex   -3.722566e+01 2.916000e+01 5.947444e+01
    endloop
  endfacet
  facet normal -5.000000e-01 0.000000e+00 8.660254e-01
    outer loop
      vertex   -3.782213e+01 4.250000e+01 5.928064e+01
      vertex   -3.836528e+01 4.250000e+01 5.896705e+01
      vertex   -3.836528e+01 2.916000e+01 5.896705e+01
    endloop
  endfacet
  facet normal -6.691306e-01 0.000000e+00 7.431448e-01
    outer loop
      vertex   -3.836528e+01 2.916000e+01 5.896705e+01
      vertex   -3.836528e+01 4.250000e+01 5.896705e+01
      vertex   -3.883136e+01 2.916000e+01 5.854739e+01
    endloop
  endfacet
  facet normal -6.691306e-01 0.000000e+00 7.431448e-01
    outer loop
      vertex   -3.836528e+01 2.916000e+01 5.896705e+01
      vertex   -3.883136e+01 2.916000e+01 5.854739e+01
      vertex   -3.883136e+01 1.582000e+01 5.854739e+01
    endloop
  endfacet
  facet normal -8.090170e-01 0.000000e+00 5.877853e-01
    outer loop
      vertex   -3.883136e+01 1.582000e+01 5.854739e+01
      vertex   -3.883136e+01 2.916000e+01 5.854739e+01
      vertex   -3.920000e+01 4.250000e+01 5.804000e+01
    endloop
  endfacet
  facet normal -8.090170e-01 0.000000e+00 5.877853e-01
    outer loop
      vertex   -3.883136e+01 1.582000e+01 5.854739e+01
      vertex   -3.920000e+01 4.250000e+01 5.804000e+01
      vertex   -3.920000e+01 -2.420000e+01 5.804000e+01
    endloop
  endfacet
  facet normal -6.691306e-01 0.000000e+00 7.431448e-01
    outer loop
      vertex   -3.836528e+01 4.250000e+01 5.896705e+01
      vertex   -3.883136e+01 4.250000e+01 5.854739e+01
      vertex   -3.883136e+01 2.916000e+01 5.854739e+01
    endloop
  endfacet
  facet normal -8.090170e-01 0.000000e+00 5.877853e-01
    outer loop
      vertex   -3.883136e+01 2.916000e+01 5.854739e+01
      vertex   -3.883136e+01 4.250000e+01 5.854739e+01
      vertex   -3.920000e+01 4.250000e+01 5.804000e+01
    endloop
  endfacet
  facet normal -5.000000e-01 0.000000e+00 8.660254e-01
    outer loop
      vertex   -3.836528e+01 -2.420000e+01 5.896705e+01
      vertex   -3.782213e+01 -2.420000e+01 5.928064e+01
      vertex   -3.782213e+01 -1.086000e+01 5.928064e+01
    endloop
  endfacet
  facet normal -3.090170e-01 0.000000e+00 9.510565e-01
    outer loop
      vertex   -3.782213e+01 -1.086000e+01 5.928064e+01
      vertex   -3.782213e+01 -2.420000e+01 5.928064e+01
      vertex   -3.722566e+01 -1.086000e+01 5.947444e+01
    endloop
  endfacet
  facet normal -3.090170e-01 0.000000e+00 9.510565e-01
    outer loop
      vertex   -3.782213e+01 -1.086000e+01 5.928064e+01
      vertex   -3.722566e+01 -1.086000e+01 5.947444e+01
      vertex   -3.722566e+01 2.480000e+00 5.947444e+01
    endloop
  endfacet
  facet normal -1.045285e-01 0.000000e+00 9.945219e-01
    outer loop
      vertex   -3.722566e+01 2.480000e+00 5.947444e+01
      vertex   -3.722566e+01 -1.086000e+01 5.947444e+01
      vertex   -3.660192e+01 -2.420000e+01 5.954000e+01
    endloop
  endfacet
  facet normal -1.045285e-01 0.000000e+00 9.945219e-01
    outer loop
      vertex   -3.722566e+01 2.480000e+00 5.947444e+01
      vertex   -3.660192e+01 -2.420000e+01 5.954000e+01
      vertex   -3.660192e+01 4.250000e+01 5.954000e+01
    endloop
  endfacet
  facet normal -3.090170e-01 0.000000e+00 9.510565e-01
    outer loop
      vertex   -3.782213e+01 -2.420000e+01 5.928064e+01
      vertex   -3.722566e+01 -2.420000e+01 5.947444e+01
      vertex   -3.722566e+01 -1.086000e+01 5.947444e+01
    endloop
  endfacet
  facet normal -1.045285e-01 0.000000e+00 9.945219e-01
    outer loop
      vertex   -3.722566e+01 -1.086000e+01 5.947444e+01
      vertex   -3.722566e+01 -2.420000e+01 5.947444e+01
      vertex   -3.660192e+01 -2.420000e+01 5.954000e+01
    endloop
  endfacet
  facet normal -3.090170e-01 0.000000e+00 9.510565e-01
    outer loop
      vertex   -3.722566e+01 1.582000e+01 5.947444e+01
      vertex   -3.722566e+01 2.916000e+01 5.947444e+01
      vertex   -3.782213e+01 1.582000e+01 5.928064e+01
    endloop
  endfacet
  facet normal -3.090170e-01 0.000000e+00 9.510565e-01
    outer loop
      vertex   -3.782213e+01 1.582000e+01 5.928064e+01
      vertex   -3.722566e+01 2.916000e+01 5.947444e+01
      vertex   -3.782213e+01 2.916000e+01 5.928064e+01
    endloop
  endfacet
  facet normal -5.000000e-01 0.000000e+00 8.660254e-01
    outer loop
      vertex   -3.782213e+01 1.582000e+01 5.928064e+01
      vertex   -3.782213e+01 2.916000e+01 5.928064e+01
      vertex   -3.836528e+01 1.582000e+01 5.896705e+01
    endloop
  endfacet
  facet normal -3.090170e-01 0.000000e+00 9.510565e-01
    outer loop
      vertex   -3.722566e+01 1.582000e+01 5.947444e+01
      vertex   -3.782213e+01 1.582000e+01 5.928064e+01
      vertex   -3.782213e+01 2.480000e+00 5.928064e+01
    endloop
  endfacet
  facet normal -5.000000e-01 0.000000e+00 8.660254e-01
    outer loop
      vertex   -3.782213e+01 2.480000e+00 5.928064e+01
      vertex   -3.782213e+01 1.582000e+01 5.928064e+01
      vertex   -3.836528e+01 2.480000e+00 5.896705e+01
    endloop
  endfacet
  facet normal -5.000000e-01 0.000000e+00 8.660254e-01
    outer loop
      vertex   -3.782213e+01 2.480000e+00 5.928064e+01
      vertex   -3.836528e+01 2.480000e+00 5.896705e+01
      vertex   -3.836528e+01 -1.086000e+01 5.896705e+01
    endloop
  endfacet
  facet normal -6.691306e-01 0.000000e+00 7.431448e-01
    outer loop
      vertex   -3.836528e+01 -1.086000e+01 5.896705e+01
      vertex   -3.836528e+01 2.480000e+00 5.896705e+01
      vertex   -3.883136e+01 -1.086000e+01 5.854739e+01
    endloop
  endfacet
  facet normal -5.000000e-01 0.000000e+00 8.660254e-01
    outer loop
      vertex   -3.836528e+01 2.480000e+00 5.896705e+01
      vertex   -3.782213e+01 1.582000e+01 5.928064e+01
      vertex   -3.836528e+01 1.582000e+01 5.896705e+01
    endloop
  endfacet
  facet normal -6.691306e-01 3.958292e-16 7.431448e-01
    outer loop
      vertex   -3.883136e+01 -1.086000e+01 5.854739e+01
      vertex   -3.836528e+01 2.480000e+00 5.896705e+01
      vertex   -3.883136e+01 2.480000e+00 5.854739e+01
    endloop
  endfacet
  facet normal -6.691306e-01 0.000000e+00 7.431448e-01
    outer loop
      vertex   -3.883136e+01 2.480000e+00 5.854739e+01
      vertex   -3.836528e+01 2.480000e+00 5.896705e+01
      vertex   -3.836528e+01 1.582000e+01 5.896705e+01
    endloop
  endfacet
  facet normal -1.361687e-02 1.034304e-01 9.945435e-01
    outer loop
      vertex   -3.630403e+01 4.288823e+01 5.954000e+01
      vertex   -3.620000e+01 4.290192e+01 5.954000e+01
      vertex   -3.640010e+01 4.350595e+01 5.947444e+01
    endloop
  endfacet
  facet normal -1.029461e-02 1.045229e-01 9.944692e-01
    outer loop
      vertex   -3.640010e+01 4.350595e+01 5.947444e+01
      vertex   -3.620000e+01 4.290192e+01 5.954000e+01
      vertex   -3.620000e+01 4.352566e+01 5.947444e+01
    endloop
  endfacet
  facet normal -3.042143e-02 3.088740e-01 9.506163e-01
    outer loop
      vertex   -3.640010e+01 4.350595e+01 5.947444e+01
      vertex   -3.620000e+01 4.352566e+01 5.947444e+01
      vertex   -3.620000e+01 4.412213e+01 5.928064e+01
    endloop
  endfacet
  facet normal -3.042143e-02 3.088740e-01 9.506163e-01
    outer loop
      vertex   -3.640010e+01 4.350595e+01 5.947444e+01
      vertex   -3.620000e+01 4.412213e+01 5.928064e+01
      vertex   -3.651646e+01 4.409096e+01 5.928064e+01
    endloop
  endfacet
  facet normal -4.918610e-02 4.993948e-01 8.649772e-01
    outer loop
      vertex   -3.651646e+01 4.409096e+01 5.928064e+01
      vertex   -3.620000e+01 4.412213e+01 5.928064e+01
      vertex   -3.620000e+01 4.466528e+01 5.896705e+01
    endloop
  endfacet
  facet normal -4.918610e-02 4.993948e-01 8.649772e-01
    outer loop
      vertex   -3.651646e+01 4.409096e+01 5.928064e+01
      vertex   -3.620000e+01 4.466528e+01 5.896705e+01
      vertex   -3.662243e+01 4.462367e+01 5.896705e+01
    endloop
  endfacet
  facet normal -6.576096e-02 6.676822e-01 7.415362e-01
    outer loop
      vertex   -3.662243e+01 4.462367e+01 5.896705e+01
      vertex   -3.620000e+01 4.466528e+01 5.896705e+01
      vertex   -3.620000e+01 4.513136e+01 5.854739e+01
    endloop
  endfacet
  facet normal -6.576096e-02 6.676822e-01 7.415362e-01
    outer loop
      vertex   -3.662243e+01 4.462367e+01 5.896705e+01
      vertex   -3.620000e+01 4.513136e+01 5.854739e+01
      vertex   -3.671335e+01 4.508080e+01 5.854739e+01
    endloop
  endfacet
  facet normal -7.942947e-02 8.064609e-01 5.859281e-01
    outer loop
      vertex   -3.671335e+01 4.508080e+01 5.854739e+01
      vertex   -3.620000e+01 4.513136e+01 5.854739e+01
      vertex   -3.620000e+01 4.550000e+01 5.804000e+01
    endloop
  endfacet
  facet normal -7.942947e-02 8.064609e-01 5.859281e-01
    outer loop
      vertex   -3.671335e+01 4.508080e+01 5.854739e+01
      vertex   -3.620000e+01 4.550000e+01 5.804000e+01
      vertex   -3.678527e+01 4.544236e+01 5.804000e+01
    endloop
  endfacet
  facet normal -2.352360e-01 7.754691e-01 5.859281e-01
    outer loop
      vertex   -3.671335e+01 4.508080e+01 5.854739e+01
      vertex   -3.678527e+01 4.544236e+01 5.804000e+01
      vertex   -3.720698e+01 4.493106e+01 5.854739e+01
    endloop
  endfacet
  facet normal -2.352360e-01 7.754691e-01 5.859281e-01
    outer loop
      vertex   -3.720698e+01 4.493106e+01 5.854739e+01
      vertex   -3.678527e+01 4.544236e+01 5.804000e+01
      vertex   -3.734805e+01 4.527164e+01 5.804000e+01
    endloop
  endfacet
  facet normal -3.820025e-01 7.146764e-01 5.859281e-01
    outer loop
      vertex   -3.720698e+01 4.493106e+01 5.854739e+01
      vertex   -3.734805e+01 4.527164e+01 5.804000e+01
      vertex   -3.766190e+01 4.468789e+01 5.854739e+01
    endloop
  endfacet
  facet normal -3.820025e-01 7.146764e-01 5.859281e-01
    outer loop
      vertex   -3.766190e+01 4.468789e+01 5.854739e+01
      vertex   -3.734805e+01 4.527164e+01 5.804000e+01
      vertex   -3.786671e+01 4.499441e+01 5.804000e+01
    endloop
  endfacet
  facet normal -5.140889e-01 6.264191e-01 5.859281e-01
    outer loop
      vertex   -3.766190e+01 4.468789e+01 5.854739e+01
      vertex   -3.786671e+01 4.499441e+01 5.804000e+01
      vertex   -3.806065e+01 4.436065e+01 5.854739e+01
    endloop
  endfacet
  facet normal -5.140889e-01 6.264191e-01 5.859281e-01
    outer loop
      vertex   -3.806065e+01 4.436065e+01 5.854739e+01
      vertex   -3.786671e+01 4.499441e+01 5.804000e+01
      vertex   -3.832132e+01 4.462132e+01 5.804000e+01
    endloop
  endfacet
  facet normal -6.264191e-01 5.140889e-01 5.859281e-01
    outer loop
      vertex   -3.806065e+01 4.436065e+01 5.854739e+01
      vertex   -3.832132e+01 4.462132e+01 5.804000e+01
      vertex   -3.838789e+01 4.396190e+01 5.854739e+01
    endloop
  endfacet
  facet normal -6.264191e-01 5.140889e-01 5.859281e-01
    outer loop
      vertex   -3.838789e+01 4.396190e+01 5.854739e+01
      vertex   -3.832132e+01 4.462132e+01 5.804000e+01
      vertex   -3.869441e+01 4.416671e+01 5.804000e+01
    endloop
  endfacet
  facet normal -7.146764e-01 3.820025e-01 5.859281e-01
    outer loop
      vertex   -3.838789e+01 4.396190e+01 5.854739e+01
      vertex   -3.869441e+01 4.416671e+01 5.804000e+01
      vertex   -3.863106e+01 4.350698e+01 5.854739e+01
    endloop
  endfacet
  facet normal -7.146764e-01 3.820025e-01 5.859281e-01
    outer loop
      vertex   -3.863106e+01 4.350698e+01 5.854739e+01
      vertex   -3.869441e+01 4.416671e+01 5.804000e+01
      vertex   -3.897164e+01 4.364805e+01 5.804000e+01
    endloop
  endfacet
  facet normal -7.754691e-01 2.352360e-01 5.859281e-01
    outer loop
      vertex   -3.863106e+01 4.350698e+01 5.854739e+01
      vertex   -3.897164e+01 4.364805e+01 5.804000e+01
      vertex   -3.878080e+01 4.301335e+01 5.854739e+01
    endloop
  endfacet
  facet normal -7.754691e-01 2.352360e-01 5.859281e-01
    outer loop
      vertex   -3.878080e+01 4.301335e+01 5.854739e+01
      vertex   -3.897164e+01 4.364805e+01 5.804000e+01
      vertex   -3.914236e+01 4.308527e+01 5.804000e+01
    endloop
  endfacet
  facet normal -8.064609e-01 7.942947e-02 5.859281e-01
    outer loop
      vertex   -3.878080e+01 4.301335e+01 5.854739e+01
      vertex   -3.914236e+01 4.308527e+01 5.804000e+01
      vertex   -3.883136e+01 4.250000e+01 5.854739e+01
    endloop
  endfacet
  facet normal -8.064609e-01 7.942947e-02 5.859281e-01
    outer loop
      vertex   -3.883136e+01 4.250000e+01 5.854739e+01
      vertex   -3.914236e+01 4.308527e+01 5.804000e+01
      vertex   -3.920000e+01 4.250000e+01 5.804000e+01
    endloop
  endfacet
  facet normal -6.676822e-01 6.576096e-02 7.415362e-01
    outer loop
      vertex   -3.883136e+01 4.250000e+01 5.854739e+01
      vertex   -3.836528e+01 4.250000e+01 5.896705e+01
      vertex   -3.878080e+01 4.301335e+01 5.854739e+01
    endloop
  endfacet
  facet normal -6.676822e-01 6.576096e-02 7.415362e-01
    outer loop
      vertex   -3.878080e+01 4.301335e+01 5.854739e+01
      vertex   -3.836528e+01 4.250000e+01 5.896705e+01
      vertex   -3.832367e+01 4.292243e+01 5.896705e+01
    endloop
  endfacet
  facet normal -6.420236e-01 1.947557e-01 7.415362e-01
    outer loop
      vertex   -3.878080e+01 4.301335e+01 5.854739e+01
      vertex   -3.832367e+01 4.292243e+01 5.896705e+01
      vertex   -3.863106e+01 4.350698e+01 5.854739e+01
    endloop
  endfacet
  facet normal -6.420236e-01 1.947557e-01 7.415362e-01
    outer loop
      vertex   -3.863106e+01 4.350698e+01 5.854739e+01
      vertex   -3.832367e+01 4.292243e+01 5.896705e+01
      vertex   -3.820046e+01 4.332862e+01 5.896705e+01
    endloop
  endfacet
  facet normal -5.916923e-01 3.162661e-01 7.415362e-01
    outer loop
      vertex   -3.863106e+01 4.350698e+01 5.854739e+01
      vertex   -3.820046e+01 4.332862e+01 5.896705e+01
      vertex   -3.838789e+01 4.396190e+01 5.854739e+01
    endloop
  endfacet
  facet normal -5.916923e-01 3.162661e-01 7.415362e-01
    outer loop
      vertex   -3.838789e+01 4.396190e+01 5.854739e+01
      vertex   -3.820046e+01 4.332862e+01 5.896705e+01
      vertex   -3.800036e+01 4.370296e+01 5.896705e+01
    endloop
  endfacet
  facet normal -5.186226e-01 4.256226e-01 7.415362e-01
    outer loop
      vertex   -3.838789e+01 4.396190e+01 5.854739e+01
      vertex   -3.800036e+01 4.370296e+01 5.896705e+01
      vertex   -3.806065e+01 4.436065e+01 5.854739e+01
    endloop
  endfacet
  facet normal -5.186226e-01 4.256226e-01 7.415362e-01
    outer loop
      vertex   -3.806065e+01 4.436065e+01 5.854739e+01
      vertex   -3.800036e+01 4.370296e+01 5.896705e+01
      vertex   -3.773108e+01 4.403108e+01 5.896705e+01
    endloop
  endfacet
  facet normal -4.256226e-01 5.186226e-01 7.415362e-01
    outer loop
      vertex   -3.806065e+01 4.436065e+01 5.854739e+01
      vertex   -3.773108e+01 4.403108e+01 5.896705e+01
      vertex   -3.766190e+01 4.468789e+01 5.854739e+01
    endloop
  endfacet
  facet normal -4.256226e-01 5.186226e-01 7.415362e-01
    outer loop
      vertex   -3.766190e+01 4.468789e+01 5.854739e+01
      vertex   -3.773108e+01 4.403108e+01 5.896705e+01
      vertex   -3.740296e+01 4.430036e+01 5.896705e+01
    endloop
  endfacet
  facet normal -3.162661e-01 5.916923e-01 7.415362e-01
    outer loop
      vertex   -3.766190e+01 4.468789e+01 5.854739e+01
      vertex   -3.740296e+01 4.430036e+01 5.896705e+01
      vertex   -3.720698e+01 4.493106e+01 5.854739e+01
    endloop
  endfacet
  facet normal -3.162661e-01 5.916923e-01 7.415362e-01
    outer loop
      vertex   -3.720698e+01 4.493106e+01 5.854739e+01
      vertex   -3.740296e+01 4.430036e+01 5.896705e+01
      vertex   -3.702862e+01 4.450046e+01 5.896705e+01
    endloop
  endfacet
  facet normal -1.947557e-01 6.420236e-01 7.415362e-01
    outer loop
      vertex   -3.720698e+01 4.493106e+01 5.854739e+01
      vertex   -3.702862e+01 4.450046e+01 5.896705e+01
      vertex   -3.671335e+01 4.508080e+01 5.854739e+01
    endloop
  endfacet
  facet normal -1.947557e-01 6.420236e-01 7.415362e-01
    outer loop
      vertex   -3.671335e+01 4.508080e+01 5.854739e+01
      vertex   -3.702862e+01 4.450046e+01 5.896705e+01
      vertex   -3.662243e+01 4.462367e+01 5.896705e+01
    endloop
  endfacet
  facet normal -4.993948e-01 4.918610e-02 8.649772e-01
    outer loop
      vertex   -3.836528e+01 4.250000e+01 5.896705e+01
      vertex   -3.782213e+01 4.250000e+01 5.928064e+01
      vertex   -3.832367e+01 4.292243e+01 5.896705e+01
    endloop
  endfacet
  facet normal -4.993948e-01 4.918610e-02 8.649772e-01
    outer loop
      vertex   -3.832367e+01 4.292243e+01 5.896705e+01
      vertex   -3.782213e+01 4.250000e+01 5.928064e+01
      vertex   -3.779096e+01 4.281646e+01 5.928064e+01
    endloop
  endfacet
  facet normal -4.802034e-01 1.456681e-01 8.649772e-01
    outer loop
      vertex   -3.832367e+01 4.292243e+01 5.896705e+01
      vertex   -3.779096e+01 4.281646e+01 5.928064e+01
      vertex   -3.820046e+01 4.332862e+01 5.896705e+01
    endloop
  endfacet
  facet normal -4.802034e-01 1.456681e-01 8.649772e-01
    outer loop
      vertex   -3.820046e+01 4.332862e+01 5.896705e+01
      vertex   -3.779096e+01 4.281646e+01 5.928064e+01
      vertex   -3.769866e+01 4.312076e+01 5.928064e+01
    endloop
  endfacet
  facet normal -4.425579e-01 2.365521e-01 8.649772e-01
    outer loop
      vertex   -3.820046e+01 4.332862e+01 5.896705e+01
      vertex   -3.769866e+01 4.312076e+01 5.928064e+01
      vertex   -3.800036e+01 4.370296e+01 5.896705e+01
    endloop
  endfacet
  facet normal -4.425579e-01 2.365521e-01 8.649772e-01
    outer loop
      vertex   -3.800036e+01 4.370296e+01 5.896705e+01
      vertex   -3.769866e+01 4.312076e+01 5.928064e+01
      vertex   -3.754875e+01 4.340121e+01 5.928064e+01
    endloop
  endfacet
  facet normal -3.879053e-01 3.183456e-01 8.649772e-01
    outer loop
      vertex   -3.800036e+01 4.370296e+01 5.896705e+01
      vertex   -3.754875e+01 4.340121e+01 5.928064e+01
      vertex   -3.773108e+01 4.403108e+01 5.896705e+01
    endloop
  endfacet
  facet normal -3.879053e-01 3.183456e-01 8.649772e-01
    outer loop
      vertex   -3.773108e+01 4.403108e+01 5.896705e+01
      vertex   -3.754875e+01 4.340121e+01 5.928064e+01
      vertex   -3.734702e+01 4.364702e+01 5.928064e+01
    endloop
  endfacet
  facet normal -3.183456e-01 3.879053e-01 8.649772e-01
    outer loop
      vertex   -3.773108e+01 4.403108e+01 5.896705e+01
      vertex   -3.734702e+01 4.364702e+01 5.928064e+01
      vertex   -3.740296e+01 4.430036e+01 5.896705e+01
    endloop
  endfacet
  facet normal -3.183456e-01 3.879053e-01 8.649772e-01
    outer loop
      vertex   -3.740296e+01 4.430036e+01 5.896705e+01
      vertex   -3.734702e+01 4.364702e+01 5.928064e+01
      vertex   -3.710121e+01 4.384875e+01 5.928064e+01
    endloop
  endfacet
  facet normal -2.365521e-01 4.425579e-01 8.649772e-01
    outer loop
      vertex   -3.740296e+01 4.430036e+01 5.896705e+01
      vertex   -3.710121e+01 4.384875e+01 5.928064e+01
      vertex   -3.702862e+01 4.450046e+01 5.896705e+01
    endloop
  endfacet
  facet normal -2.365521e-01 4.425579e-01 8.649772e-01
    outer loop
      vertex   -3.702862e+01 4.450046e+01 5.896705e+01
      vertex   -3.710121e+01 4.384875e+01 5.928064e+01
      vertex   -3.682076e+01 4.399866e+01 5.928064e+01
    endloop
  endfacet
  facet normal -1.456681e-01 4.802034e-01 8.649772e-01
    outer loop
      vertex   -3.702862e+01 4.450046e+01 5.896705e+01
      vertex   -3.682076e+01 4.399866e+01 5.928064e+01
      vertex   -3.662243e+01 4.462367e+01 5.896705e+01
    endloop
  endfacet
  facet normal -1.456681e-01 4.802034e-01 8.649772e-01
    outer loop
      vertex   -3.662243e+01 4.462367e+01 5.896705e+01
      vertex   -3.682076e+01 4.399866e+01 5.928064e+01
      vertex   -3.651646e+01 4.409096e+01 5.928064e+01
    endloop
  endfacet
  facet normal -3.088740e-01 3.042143e-02 9.506163e-01
    outer loop
      vertex   -3.782213e+01 4.250000e+01 5.928064e+01
      vertex   -3.722566e+01 4.250000e+01 5.947444e+01
      vertex   -3.779096e+01 4.281646e+01 5.928064e+01
    endloop
  endfacet
  facet normal -3.088740e-01 3.042143e-02 9.506163e-01
    outer loop
      vertex   -3.779096e+01 4.281646e+01 5.928064e+01
      vertex   -3.722566e+01 4.250000e+01 5.947444e+01
      vertex   -3.720595e+01 4.270010e+01 5.947444e+01
    endloop
  endfacet
  facet normal -2.970041e-01 9.009521e-02 9.506163e-01
    outer loop
      vertex   -3.779096e+01 4.281646e+01 5.928064e+01
      vertex   -3.720595e+01 4.270010e+01 5.947444e+01
      vertex   -3.769866e+01 4.312076e+01 5.928064e+01
    endloop
  endfacet
  facet normal -2.970041e-01 9.009521e-02 9.506163e-01
    outer loop
      vertex   -3.769866e+01 4.312076e+01 5.928064e+01
      vertex   -3.720595e+01 4.270010e+01 5.947444e+01
      vertex   -3.714759e+01 4.289250e+01 5.947444e+01
    endloop
  endfacet
  facet normal -2.737206e-01 1.463067e-01 9.506163e-01
    outer loop
      vertex   -3.769866e+01 4.312076e+01 5.928064e+01
      vertex   -3.714759e+01 4.289250e+01 5.947444e+01
      vertex   -3.754875e+01 4.340121e+01 5.928064e+01
    endloop
  endfacet
  facet normal -2.737206e-01 1.463067e-01 9.506163e-01
    outer loop
      vertex   -3.754875e+01 4.340121e+01 5.928064e+01
      vertex   -3.714759e+01 4.289250e+01 5.947444e+01
      vertex   -3.705280e+01 4.306983e+01 5.947444e+01
    endloop
  endfacet
  facet normal -2.399181e-01 1.968957e-01 9.506163e-01
    outer loop
      vertex   -3.754875e+01 4.340121e+01 5.928064e+01
      vertex   -3.705280e+01 4.306983e+01 5.947444e+01
      vertex   -3.734702e+01 4.364702e+01 5.928064e+01
    endloop
  endfacet
  facet normal -2.399181e-01 1.968957e-01 9.506163e-01
    outer loop
      vertex   -3.734702e+01 4.364702e+01 5.928064e+01
      vertex   -3.705280e+01 4.306983e+01 5.947444e+01
      vertex   -3.692525e+01 4.322525e+01 5.947444e+01
    endloop
  endfacet
  facet normal -1.968957e-01 2.399181e-01 9.506163e-01
    outer loop
      vertex   -3.734702e+01 4.364702e+01 5.928064e+01
      vertex   -3.692525e+01 4.322525e+01 5.947444e+01
      vertex   -3.710121e+01 4.384875e+01 5.928064e+01
    endloop
  endfacet
  facet normal -1.968957e-01 2.399181e-01 9.506163e-01
    outer loop
      vertex   -3.710121e+01 4.384875e+01 5.928064e+01
      vertex   -3.692525e+01 4.322525e+01 5.947444e+01
      vertex   -3.676983e+01 4.335280e+01 5.947444e+01
    endloop
  endfacet
  facet normal -1.463067e-01 2.737206e-01 9.506163e-01
    outer loop
      vertex   -3.710121e+01 4.384875e+01 5.928064e+01
      vertex   -3.676983e+01 4.335280e+01 5.947444e+01
      vertex   -3.682076e+01 4.399866e+01 5.928064e+01
    endloop
  endfacet
  facet normal -1.463067e-01 2.737206e-01 9.506163e-01
    outer loop
      vertex   -3.682076e+01 4.399866e+01 5.928064e+01
      vertex   -3.676983e+01 4.335280e+01 5.947444e+01
      vertex   -3.659250e+01 4.344759e+01 5.947444e+01
    endloop
  endfacet
  facet normal -9.009521e-02 2.970041e-01 9.506163e-01
    outer loop
      vertex   -3.682076e+01 4.399866e+01 5.928064e+01
      vertex   -3.659250e+01 4.344759e+01 5.947444e+01
      vertex   -3.651646e+01 4.409096e+01 5.928064e+01
    endloop
  endfacet
  facet normal -9.009521e-02 2.970041e-01 9.506163e-01
    outer loop
      vertex   -3.651646e+01 4.409096e+01 5.928064e+01
      vertex   -3.659250e+01 4.344759e+01 5.947444e+01
      vertex   -3.640010e+01 4.350595e+01 5.947444e+01
    endloop
  endfacet
  facet normal -1.045229e-01 1.029461e-02 9.944692e-01
    outer loop
      vertex   -3.722566e+01 4.250000e+01 5.947444e+01
      vertex   -3.660192e+01 4.250000e+01 5.954000e+01
      vertex   -3.720595e+01 4.270010e+01 5.947444e+01
    endloop
  endfacet
  facet normal -1.034304e-01 1.361687e-02 9.945435e-01
    outer loop
      vertex   -3.720595e+01 4.270010e+01 5.947444e+01
      vertex   -3.660192e+01 4.250000e+01 5.954000e+01
      vertex   -3.658823e+01 4.260403e+01 5.954000e+01
    endloop
  endfacet
  facet normal -1.007824e-01 3.057200e-02 9.944387e-01
    outer loop
      vertex   -3.720595e+01 4.270010e+01 5.947444e+01
      vertex   -3.658823e+01 4.260403e+01 5.954000e+01
      vertex   -3.714759e+01 4.289250e+01 5.947444e+01
    endloop
  endfacet
  facet normal -9.604799e-02 3.978438e-02 9.945813e-01
    outer loop
      vertex   -3.714759e+01 4.289250e+01 5.947444e+01
      vertex   -3.658823e+01 4.260403e+01 5.954000e+01
      vertex   -3.654808e+01 4.270096e+01 5.954000e+01
    endloop
  endfacet
  facet normal -9.288156e-02 4.964623e-02 9.944387e-01
    outer loop
      vertex   -3.714759e+01 4.289250e+01 5.947444e+01
      vertex   -3.654808e+01 4.270096e+01 5.954000e+01
      vertex   -3.705280e+01 4.306983e+01 5.947444e+01
    endloop
  endfacet
  facet normal -8.276493e-02 6.350777e-02 9.945435e-01
    outer loop
      vertex   -3.705280e+01 4.306983e+01 5.947444e+01
      vertex   -3.654808e+01 4.270096e+01 5.954000e+01
      vertex   -3.648420e+01 4.278420e+01 5.954000e+01
    endloop
  endfacet
  facet normal -8.118826e-02 6.662948e-02 9.944692e-01
    outer loop
      vertex   -3.705280e+01 4.306983e+01 5.947444e+01
      vertex   -3.648420e+01 4.278420e+01 5.954000e+01
      vertex   -3.692525e+01 4.322525e+01 5.947444e+01
    endloop
  endfacet
  facet normal -6.662948e-02 8.118826e-02 9.944692e-01
    outer loop
      vertex   -3.692525e+01 4.322525e+01 5.947444e+01
      vertex   -3.648420e+01 4.278420e+01 5.954000e+01
      vertex   -3.676983e+01 4.335280e+01 5.947444e+01
    endloop
  endfacet
  facet normal -6.350777e-02 8.276493e-02 9.945435e-01
    outer loop
      vertex   -3.648420e+01 4.278420e+01 5.954000e+01
      vertex   -3.640096e+01 4.284808e+01 5.954000e+01
      vertex   -3.676983e+01 4.335280e+01 5.947444e+01
    endloop
  endfacet
  facet normal -4.964623e-02 9.288156e-02 9.944387e-01
    outer loop
      vertex   -3.676983e+01 4.335280e+01 5.947444e+01
      vertex   -3.640096e+01 4.284808e+01 5.954000e+01
      vertex   -3.659250e+01 4.344759e+01 5.947444e+01
    endloop
  endfacet
  facet normal -3.978438e-02 9.604799e-02 9.945813e-01
    outer loop
      vertex   -3.640096e+01 4.284808e+01 5.954000e+01
      vertex   -3.630403e+01 4.288823e+01 5.954000e+01
      vertex   -3.659250e+01 4.344759e+01 5.947444e+01
    endloop
  endfacet
  facet normal -3.057200e-02 1.007824e-01 9.944387e-01
    outer loop
      vertex   -3.659250e+01 4.344759e+01 5.947444e+01
      vertex   -3.630403e+01 4.288823e+01 5.954000e+01
      vertex   -3.640010e+01 4.350595e+01 5.947444e+01
    endloop
  endfacet
  facet normal -7.942947e-02 -8.064609e-01 5.859281e-01
    outer loop
      vertex   -3.620000e+01 -2.720000e+01 5.804000e+01
      vertex   -3.620000e+01 -2.683136e+01 5.854739e+01
      vertex   -3.678527e+01 -2.714236e+01 5.804000e+01
    endloop
  endfacet
  facet normal -7.942947e-02 -8.064609e-01 5.859281e-01
    outer loop
      vertex   -3.678527e+01 -2.714236e+01 5.804000e+01
      vertex   -3.620000e+01 -2.683136e+01 5.854739e+01
      vertex   -3.671335e+01 -2.678080e+01 5.854739e+01
    endloop
  endfacet
  facet normal -2.352360e-01 -7.754691e-01 5.859281e-01
    outer loop
      vertex   -3.678527e+01 -2.714236e+01 5.804000e+01
      vertex   -3.671335e+01 -2.678080e+01 5.854739e+01
      vertex   -3.734805e+01 -2.697164e+01 5.804000e+01
    endloop
  endfacet
  facet normal -2.352360e-01 -7.754691e-01 5.859281e-01
    outer loop
      vertex   -3.734805e+01 -2.697164e+01 5.804000e+01
      vertex   -3.671335e+01 -2.678080e+01 5.854739e+01
      vertex   -3.720698e+01 -2.663106e+01 5.854739e+01
    endloop
  endfacet
  facet normal -3.820025e-01 -7.146764e-01 5.859281e-01
    outer loop
      vertex   -3.734805e+01 -2.697164e+01 5.804000e+01
      vertex   -3.720698e+01 -2.663106e+01 5.854739e+01
      vertex   -3.786671e+01 -2.669441e+01 5.804000e+01
    endloop
  endfacet
  facet normal -3.820025e-01 -7.146764e-01 5.859281e-01
    outer loop
      vertex   -3.786671e+01 -2.669441e+01 5.804000e+01
      vertex   -3.720698e+01 -2.663106e+01 5.854739e+01
      vertex   -3.766190e+01 -2.638789e+01 5.854739e+01
    endloop
  endfacet
  facet normal -5.140889e-01 -6.264191e-01 5.859281e-01
    outer loop
      vertex   -3.786671e+01 -2.669441e+01 5.804000e+01
      vertex   -3.766190e+01 -2.638789e+01 5.854739e+01
      vertex   -3.832132e+01 -2.632132e+01 5.804000e+01
    endloop
  endfacet
  facet normal -5.140889e-01 -6.264191e-01 5.859281e-01
    outer loop
      vertex   -3.832132e+01 -2.632132e+01 5.804000e+01
      vertex   -3.766190e+01 -2.638789e+01 5.854739e+01
      vertex   -3.806065e+01 -2.606065e+01 5.854739e+01
    endloop
  endfacet
  facet normal -6.264191e-01 -5.140889e-01 5.859281e-01
    outer loop
      vertex   -3.832132e+01 -2.632132e+01 5.804000e+01
      vertex   -3.806065e+01 -2.606065e+01 5.854739e+01
      vertex   -3.869441e+01 -2.586671e+01 5.804000e+01
    endloop
  endfacet
  facet normal -6.264191e-01 -5.140889e-01 5.859281e-01
    outer loop
      vertex   -3.869441e+01 -2.586671e+01 5.804000e+01
      vertex   -3.806065e+01 -2.606065e+01 5.854739e+01
      vertex   -3.838789e+01 -2.566190e+01 5.854739e+01
    endloop
  endfacet
  facet normal -7.146764e-01 -3.820025e-01 5.859281e-01
    outer loop
      vertex   -3.869441e+01 -2.586671e+01 5.804000e+01
      vertex   -3.838789e+01 -2.566190e+01 5.854739e+01
      vertex   -3.897164e+01 -2.534805e+01 5.804000e+01
    endloop
  endfacet
  facet normal -7.146764e-01 -3.820025e-01 5.859281e-01
    outer loop
      vertex   -3.897164e+01 -2.534805e+01 5.804000e+01
      vertex   -3.838789e+01 -2.566190e+01 5.854739e+01
      vertex   -3.863106e+01 -2.520698e+01 5.854739e+01
    endloop
  endfacet
  facet normal -7.754691e-01 -2.352360e-01 5.859281e-01
    outer loop
      vertex   -3.897164e+01 -2.534805e+01 5.804000e+01
      vertex   -3.863106e+01 -2.520698e+01 5.854739e+01
      vertex   -3.914236e+01 -2.478527e+01 5.804000e+01
    endloop
  endfacet
  facet normal -7.754691e-01 -2.352360e-01 5.859281e-01
    outer loop
      vertex   -3.914236e+01 -2.478527e+01 5.804000e+01
      vertex   -3.863106e+01 -2.520698e+01 5.854739e+01
      vertex   -3.878080e+01 -2.471335e+01 5.854739e+01
    endloop
  endfacet
  facet normal -8.064609e-01 -7.942947e-02 5.859281e-01
    outer loop
      vertex   -3.914236e+01 -2.478527e+01 5.804000e+01
      vertex   -3.878080e+01 -2.471335e+01 5.854739e+01
      vertex   -3.920000e+01 -2.420000e+01 5.804000e+01
    endloop
  endfacet
  facet normal -8.064609e-01 -7.942947e-02 5.859281e-01
    outer loop
      vertex   -3.920000e+01 -2.420000e+01 5.804000e+01
      vertex   -3.878080e+01 -2.471335e+01 5.854739e+01
      vertex   -3.883136e+01 -2.420000e+01 5.854739e+01
    endloop
  endfacet
  facet normal -6.676822e-01 -6.576096e-02 7.415362e-01
    outer loop
      vertex   -3.883136e+01 -2.420000e+01 5.854739e+01
      vertex   -3.878080e+01 -2.471335e+01 5.854739e+01
      vertex   -3.832367e+01 -2.462243e+01 5.896705e+01
    endloop
  endfacet
  facet normal -6.676822e-01 -6.576096e-02 7.415362e-01
    outer loop
      vertex   -3.883136e+01 -2.420000e+01 5.854739e+01
      vertex   -3.832367e+01 -2.462243e+01 5.896705e+01
      vertex   -3.836528e+01 -2.420000e+01 5.896705e+01
    endloop
  endfacet
  facet normal -4.993948e-01 -4.918610e-02 8.649772e-01
    outer loop
      vertex   -3.836528e+01 -2.420000e+01 5.896705e+01
      vertex   -3.832367e+01 -2.462243e+01 5.896705e+01
      vertex   -3.779096e+01 -2.451646e+01 5.928064e+01
    endloop
  endfacet
  facet normal -4.993948e-01 -4.918610e-02 8.649772e-01
    outer loop
      vertex   -3.836528e+01 -2.420000e+01 5.896705e+01
      vertex   -3.779096e+01 -2.451646e+01 5.928064e+01
      vertex   -3.782213e+01 -2.420000e+01 5.928064e+01
    endloop
  endfacet
  facet normal -3.088740e-01 -3.042143e-02 9.506163e-01
    outer loop
      vertex   -3.782213e+01 -2.420000e+01 5.928064e+01
      vertex   -3.779096e+01 -2.451646e+01 5.928064e+01
      vertex   -3.720595e+01 -2.440010e+01 5.947444e+01
    endloop
  endfacet
  facet normal -3.088740e-01 -3.042143e-02 9.506163e-01
    outer loop
      vertex   -3.782213e+01 -2.420000e+01 5.928064e+01
      vertex   -3.720595e+01 -2.440010e+01 5.947444e+01
      vertex   -3.722566e+01 -2.420000e+01 5.947444e+01
    endloop
  endfacet
  facet normal -1.045229e-01 -1.029461e-02 9.944692e-01
    outer loop
      vertex   -3.722566e+01 -2.420000e+01 5.947444e+01
      vertex   -3.720595e+01 -2.440010e+01 5.947444e+01
      vertex   -3.660192e+01 -2.420000e+01 5.954000e+01
    endloop
  endfacet
  facet normal -1.034304e-01 -1.361687e-02 9.945435e-01
    outer loop
      vertex   -3.660192e+01 -2.420000e+01 5.954000e+01
      vertex   -3.720595e+01 -2.440010e+01 5.947444e+01
      vertex   -3.658823e+01 -2.430403e+01 5.954000e+01
    endloop
  endfacet
  facet normal -1.007824e-01 -3.057200e-02 9.944387e-01
    outer loop
      vertex   -3.658823e+01 -2.430403e+01 5.954000e+01
      vertex   -3.720595e+01 -2.440010e+01 5.947444e+01
      vertex   -3.714759e+01 -2.459250e+01 5.947444e+01
    endloop
  endfacet
  facet normal -9.604799e-02 -3.978438e-02 9.945813e-01
    outer loop
      vertex   -3.658823e+01 -2.430403e+01 5.954000e+01
      vertex   -3.714759e+01 -2.459250e+01 5.947444e+01
      vertex   -3.654808e+01 -2.440096e+01 5.954000e+01
    endloop
  endfacet
  facet normal -9.288156e-02 -4.964623e-02 9.944387e-01
    outer loop
      vertex   -3.654808e+01 -2.440096e+01 5.954000e+01
      vertex   -3.714759e+01 -2.459250e+01 5.947444e+01
      vertex   -3.705280e+01 -2.476983e+01 5.947444e+01
    endloop
  endfacet
  facet normal -8.276493e-02 -6.350777e-02 9.945435e-01
    outer loop
      vertex   -3.654808e+01 -2.440096e+01 5.954000e+01
      vertex   -3.705280e+01 -2.476983e+01 5.947444e+01
      vertex   -3.648420e+01 -2.448420e+01 5.954000e+01
    endloop
  endfacet
  facet normal -8.118826e-02 -6.662948e-02 9.944692e-01
    outer loop
      vertex   -3.648420e+01 -2.448420e+01 5.954000e+01
      vertex   -3.705280e+01 -2.476983e+01 5.947444e+01
      vertex   -3.692525e+01 -2.492525e+01 5.947444e+01
    endloop
  endfacet
  facet normal -6.662948e-02 -8.118826e-02 9.944692e-01
    outer loop
      vertex   -3.648420e+01 -2.448420e+01 5.954000e+01
      vertex   -3.692525e+01 -2.492525e+01 5.947444e+01
      vertex   -3.676983e+01 -2.505280e+01 5.947444e+01
    endloop
  endfacet
  facet normal -1.968957e-01 -2.399181e-01 9.506163e-01
    outer loop
      vertex   -3.676983e+01 -2.505280e+01 5.947444e+01
      vertex   -3.692525e+01 -2.492525e+01 5.947444e+01
      vertex   -3.734702e+01 -2.534702e+01 5.928064e+01
    endloop
  endfacet
  facet normal -1.968957e-01 -2.399181e-01 9.506163e-01
    outer loop
      vertex   -3.676983e+01 -2.505280e+01 5.947444e+01
      vertex   -3.734702e+01 -2.534702e+01 5.928064e+01
      vertex   -3.710121e+01 -2.554875e+01 5.928064e+01
    endloop
  endfacet
  facet normal -3.183456e-01 -3.879053e-01 8.649772e-01
    outer loop
      vertex   -3.710121e+01 -2.554875e+01 5.928064e+01
      vertex   -3.734702e+01 -2.534702e+01 5.928064e+01
      vertex   -3.773108e+01 -2.573108e+01 5.896705e+01
    endloop
  endfacet
  facet normal -3.183456e-01 -3.879053e-01 8.649772e-01
    outer loop
      vertex   -3.710121e+01 -2.554875e+01 5.928064e+01
      vertex   -3.773108e+01 -2.573108e+01 5.896705e+01
      vertex   -3.740296e+01 -2.600036e+01 5.896705e+01
    endloop
  endfacet
  facet normal -4.256226e-01 -5.186226e-01 7.415362e-01
    outer loop
      vertex   -3.740296e+01 -2.600036e+01 5.896705e+01
      vertex   -3.773108e+01 -2.573108e+01 5.896705e+01
      vertex   -3.806065e+01 -2.606065e+01 5.854739e+01
    endloop
  endfacet
  facet normal -4.256226e-01 -5.186226e-01 7.415362e-01
    outer loop
      vertex   -3.740296e+01 -2.600036e+01 5.896705e+01
      vertex   -3.806065e+01 -2.606065e+01 5.854739e+01
      vertex   -3.766190e+01 -2.638789e+01 5.854739e+01
    endloop
  endfacet
  facet normal -6.576096e-02 -6.676822e-01 7.415362e-01
    outer loop
      vertex   -3.620000e+01 -2.683136e+01 5.854739e+01
      vertex   -3.620000e+01 -2.636528e+01 5.896705e+01
      vertex   -3.671335e+01 -2.678080e+01 5.854739e+01
    endloop
  endfacet
  facet normal -6.576096e-02 -6.676822e-01 7.415362e-01
    outer loop
      vertex   -3.671335e+01 -2.678080e+01 5.854739e+01
      vertex   -3.620000e+01 -2.636528e+01 5.896705e+01
      vertex   -3.662243e+01 -2.632367e+01 5.896705e+01
    endloop
  endfacet
  facet normal -1.947557e-01 -6.420236e-01 7.415362e-01
    outer loop
      vertex   -3.671335e+01 -2.678080e+01 5.854739e+01
      vertex   -3.662243e+01 -2.632367e+01 5.896705e+01
      vertex   -3.720698e+01 -2.663106e+01 5.854739e+01
    endloop
  endfacet
  facet normal -1.947557e-01 -6.420236e-01 7.415362e-01
    outer loop
      vertex   -3.720698e+01 -2.663106e+01 5.854739e+01
      vertex   -3.662243e+01 -2.632367e+01 5.896705e+01
      vertex   -3.702862e+01 -2.620046e+01 5.896705e+01
    endloop
  endfacet
  facet normal -3.162661e-01 -5.916923e-01 7.415362e-01
    outer loop
      vertex   -3.720698e+01 -2.663106e+01 5.854739e+01
      vertex   -3.702862e+01 -2.620046e+01 5.896705e+01
      vertex   -3.766190e+01 -2.638789e+01 5.854739e+01
    endloop
  endfacet
  facet normal -3.162661e-01 -5.916923e-01 7.415362e-01
    outer loop
      vertex   -3.766190e+01 -2.638789e+01 5.854739e+01
      vertex   -3.702862e+01 -2.620046e+01 5.896705e+01
      vertex   -3.740296e+01 -2.600036e+01 5.896705e+01
    endloop
  endfacet
  facet normal -4.918610e-02 -4.993948e-01 8.649772e-01
    outer loop
      vertex   -3.620000e+01 -2.636528e+01 5.896705e+01
      vertex   -3.620000e+01 -2.582213e+01 5.928064e+01
      vertex   -3.662243e+01 -2.632367e+01 5.896705e+01
    endloop
  endfacet
  facet normal -4.918610e-02 -4.993948e-01 8.649772e-01
    outer loop
      vertex   -3.662243e+01 -2.632367e+01 5.896705e+01
      vertex   -3.620000e+01 -2.582213e+01 5.928064e+01
      vertex   -3.651646e+01 -2.579096e+01 5.928064e+01
    endloop
  endfacet
  facet normal -1.456681e-01 -4.802034e-01 8.649772e-01
    outer loop
      vertex   -3.662243e+01 -2.632367e+01 5.896705e+01
      vertex   -3.651646e+01 -2.579096e+01 5.928064e+01
      vertex   -3.702862e+01 -2.620046e+01 5.896705e+01
    endloop
  endfacet
  facet normal -1.456681e-01 -4.802034e-01 8.649772e-01
    outer loop
      vertex   -3.702862e+01 -2.620046e+01 5.896705e+01
      vertex   -3.651646e+01 -2.579096e+01 5.928064e+01
      vertex   -3.682076e+01 -2.569866e+01 5.928064e+01
    endloop
  endfacet
  facet normal -2.365521e-01 -4.425579e-01 8.649772e-01
    outer loop
      vertex   -3.702862e+01 -2.620046e+01 5.896705e+01
      vertex   -3.682076e+01 -2.569866e+01 5.928064e+01
      vertex   -3.740296e+01 -2.600036e+01 5.896705e+01
    endloop
  endfacet
  facet normal -2.365521e-01 -4.425579e-01 8.649772e-01
    outer loop
      vertex   -3.740296e+01 -2.600036e+01 5.896705e+01
      vertex   -3.682076e+01 -2.569866e+01 5.928064e+01
      vertex   -3.710121e+01 -2.554875e+01 5.928064e+01
    endloop
  endfacet
  facet normal -3.042143e-02 -3.088740e-01 9.506163e-01
    outer loop
      vertex   -3.620000e+01 -2.582213e+01 5.928064e+01
      vertex   -3.620000e+01 -2.522566e+01 5.947444e+01
      vertex   -3.651646e+01 -2.579096e+01 5.928064e+01
    endloop
  endfacet
  facet normal -3.042143e-02 -3.088740e-01 9.506163e-01
    outer loop
      vertex   -3.651646e+01 -2.579096e+01 5.928064e+01
      vertex   -3.620000e+01 -2.522566e+01 5.947444e+01
      vertex   -3.640010e+01 -2.520595e+01 5.947444e+01
    endloop
  endfacet
  facet normal -9.009521e-02 -2.970041e-01 9.506163e-01
    outer loop
      vertex   -3.651646e+01 -2.579096e+01 5.928064e+01
      vertex   -3.640010e+01 -2.520595e+01 5.947444e+01
      vertex   -3.682076e+01 -2.569866e+01 5.928064e+01
    endloop
  endfacet
  facet normal -9.009521e-02 -2.970041e-01 9.506163e-01
    outer loop
      vertex   -3.682076e+01 -2.569866e+01 5.928064e+01
      vertex   -3.640010e+01 -2.520595e+01 5.947444e+01
      vertex   -3.659250e+01 -2.514759e+01 5.947444e+01
    endloop
  endfacet
  facet normal -1.463067e-01 -2.737206e-01 9.506163e-01
    outer loop
      vertex   -3.682076e+01 -2.569866e+01 5.928064e+01
      vertex   -3.659250e+01 -2.514759e+01 5.947444e+01
      vertex   -3.710121e+01 -2.554875e+01 5.928064e+01
    endloop
  endfacet
  facet normal -1.463067e-01 -2.737206e-01 9.506163e-01
    outer loop
      vertex   -3.710121e+01 -2.554875e+01 5.928064e+01
      vertex   -3.659250e+01 -2.514759e+01 5.947444e+01
      vertex   -3.676983e+01 -2.505280e+01 5.947444e+01
    endloop
  endfacet
  facet normal -1.029461e-02 -1.045229e-01 9.944692e-01
    outer loop
      vertex   -3.620000e+01 -2.522566e+01 5.947444e+01
      vertex   -3.620000e+01 -2.460192e+01 5.954000e+01
      vertex   -3.640010e+01 -2.520595e+01 5.947444e+01
    endloop
  endfacet
  facet normal -1.361687e-02 -1.034304e-01 9.945435e-01
    outer loop
      vertex   -3.640010e+01 -2.520595e+01 5.947444e+01
      vertex   -3.620000e+01 -2.460192e+01 5.954000e+01
      vertex   -3.630403e+01 -2.458823e+01 5.954000e+01
    endloop
  endfacet
  facet normal -3.057200e-02 -1.007824e-01 9.944387e-01
    outer loop
      vertex   -3.640010e+01 -2.520595e+01 5.947444e+01
      vertex   -3.630403e+01 -2.458823e+01 5.954000e+01
      vertex   -3.659250e+01 -2.514759e+01 5.947444e+01
    endloop
  endfacet
  facet normal -3.978438e-02 -9.604799e-02 9.945813e-01
    outer loop
      vertex   -3.659250e+01 -2.514759e+01 5.947444e+01
      vertex   -3.630403e+01 -2.458823e+01 5.954000e+01
      vertex   -3.640096e+01 -2.454808e+01 5.954000e+01
    endloop
  endfacet
  facet normal -4.964623e-02 -9.288156e-02 9.944387e-01
    outer loop
      vertex   -3.659250e+01 -2.514759e+01 5.947444e+01
      vertex   -3.640096e+01 -2.454808e+01 5.954000e+01
      vertex   -3.676983e+01 -2.505280e+01 5.947444e+01
    endloop
  endfacet
  facet normal -6.350777e-02 -8.276493e-02 9.945435e-01
    outer loop
      vertex   -3.676983e+01 -2.505280e+01 5.947444e+01
      vertex   -3.640096e+01 -2.454808e+01 5.954000e+01
      vertex   -3.648420e+01 -2.448420e+01 5.954000e+01
    endloop
  endfacet
  facet normal -2.399181e-01 -1.968957e-01 9.506163e-01
    outer loop
      vertex   -3.734702e+01 -2.534702e+01 5.928064e+01
      vertex   -3.692525e+01 -2.492525e+01 5.947444e+01
      vertex   -3.754875e+01 -2.510121e+01 5.928064e+01
    endloop
  endfacet
  facet normal -2.399181e-01 -1.968957e-01 9.506163e-01
    outer loop
      vertex   -3.754875e+01 -2.510121e+01 5.928064e+01
      vertex   -3.692525e+01 -2.492525e+01 5.947444e+01
      vertex   -3.705280e+01 -2.476983e+01 5.947444e+01
    endloop
  endfacet
  facet normal -2.737206e-01 -1.463067e-01 9.506163e-01
    outer loop
      vertex   -3.754875e+01 -2.510121e+01 5.928064e+01
      vertex   -3.705280e+01 -2.476983e+01 5.947444e+01
      vertex   -3.769866e+01 -2.482076e+01 5.928064e+01
    endloop
  endfacet
  facet normal -2.737206e-01 -1.463067e-01 9.506163e-01
    outer loop
      vertex   -3.769866e+01 -2.482076e+01 5.928064e+01
      vertex   -3.705280e+01 -2.476983e+01 5.947444e+01
      vertex   -3.714759e+01 -2.459250e+01 5.947444e+01
    endloop
  endfacet
  facet normal -2.970041e-01 -9.009521e-02 9.506163e-01
    outer loop
      vertex   -3.769866e+01 -2.482076e+01 5.928064e+01
      vertex   -3.714759e+01 -2.459250e+01 5.947444e+01
      vertex   -3.779096e+01 -2.451646e+01 5.928064e+01
    endloop
  endfacet
  facet normal -2.970041e-01 -9.009521e-02 9.506163e-01
    outer loop
      vertex   -3.779096e+01 -2.451646e+01 5.928064e+01
      vertex   -3.714759e+01 -2.459250e+01 5.947444e+01
      vertex   -3.720595e+01 -2.440010e+01 5.947444e+01
    endloop
  endfacet
  facet normal -3.879053e-01 -3.183456e-01 8.649772e-01
    outer loop
      vertex   -3.773108e+01 -2.573108e+01 5.896705e+01
      vertex   -3.734702e+01 -2.534702e+01 5.928064e+01
      vertex   -3.800036e+01 -2.540296e+01 5.896705e+01
    endloop
  endfacet
  facet normal -3.879053e-01 -3.183456e-01 8.649772e-01
    outer loop
      vertex   -3.800036e+01 -2.540296e+01 5.896705e+01
      vertex   -3.734702e+01 -2.534702e+01 5.928064e+01
      vertex   -3.754875e+01 -2.510121e+01 5.928064e+01
    endloop
  endfacet
  facet normal -4.425579e-01 -2.365521e-01 8.649772e-01
    outer loop
      vertex   -3.800036e+01 -2.540296e+01 5.896705e+01
      vertex   -3.754875e+01 -2.510121e+01 5.928064e+01
      vertex   -3.820046e+01 -2.502862e+01 5.896705e+01
    endloop
  endfacet
  facet normal -4.425579e-01 -2.365521e-01 8.649772e-01
    outer loop
      vertex   -3.820046e+01 -2.502862e+01 5.896705e+01
      vertex   -3.754875e+01 -2.510121e+01 5.928064e+01
      vertex   -3.769866e+01 -2.482076e+01 5.928064e+01
    endloop
  endfacet
  facet normal -4.802034e-01 -1.456681e-01 8.649772e-01
    outer loop
      vertex   -3.820046e+01 -2.502862e+01 5.896705e+01
      vertex   -3.769866e+01 -2.482076e+01 5.928064e+01
      vertex   -3.832367e+01 -2.462243e+01 5.896705e+01
    endloop
  endfacet
  facet normal -4.802034e-01 -1.456681e-01 8.649772e-01
    outer loop
      vertex   -3.832367e+01 -2.462243e+01 5.896705e+01
      vertex   -3.769866e+01 -2.482076e+01 5.928064e+01
      vertex   -3.779096e+01 -2.451646e+01 5.928064e+01
    endloop
  endfacet
  facet normal -5.186226e-01 -4.256226e-01 7.415362e-01
    outer loop
      vertex   -3.806065e+01 -2.606065e+01 5.854739e+01
      vertex   -3.773108e+01 -2.573108e+01 5.896705e+01
      vertex   -3.838789e+01 -2.566190e+01 5.854739e+01
    endloop
  endfacet
  facet normal -5.186226e-01 -4.256226e-01 7.415362e-01
    outer loop
      vertex   -3.838789e+01 -2.566190e+01 5.854739e+01
      vertex   -3.773108e+01 -2.573108e+01 5.896705e+01
      vertex   -3.800036e+01 -2.540296e+01 5.896705e+01
    endloop
  endfacet
  facet normal -5.916923e-01 -3.162661e-01 7.415362e-01
    outer loop
      vertex   -3.838789e+01 -2.566190e+01 5.854739e+01
      vertex   -3.800036e+01 -2.540296e+01 5.896705e+01
      vertex   -3.863106e+01 -2.520698e+01 5.854739e+01
    endloop
  endfacet
  facet normal -5.916923e-01 -3.162661e-01 7.415362e-01
    outer loop
      vertex   -3.863106e+01 -2.520698e+01 5.854739e+01
      vertex   -3.800036e+01 -2.540296e+01 5.896705e+01
      vertex   -3.820046e+01 -2.502862e+01 5.896705e+01
    endloop
  endfacet
  facet normal -6.420236e-01 -1.947557e-01 7.415362e-01
    outer loop
      vertex   -3.863106e+01 -2.520698e+01 5.854739e+01
      vertex   -3.820046e+01 -2.502862e+01 5.896705e+01
      vertex   -3.878080e+01 -2.471335e+01 5.854739e+01
    endloop
  endfacet
  facet normal -6.420236e-01 -1.947557e-01 7.415362e-01
    outer loop
      vertex   -3.878080e+01 -2.471335e+01 5.854739e+01
      vertex   -3.820046e+01 -2.502862e+01 5.896705e+01
      vertex   -3.832367e+01 -2.462243e+01 5.896705e+01
    endloop
  endfacet
  facet normal 0.000000e+00 1.045285e-01 9.945219e-01
    outer loop
      vertex   3.570000e+01 4.352566e+01 5.947444e+01
      vertex   2.371667e+01 4.352566e+01 5.947444e+01
      vertex   3.570000e+01 4.290192e+01 5.954000e+01
    endloop
  endfacet
  facet normal 0.000000e+00 1.045285e-01 9.945219e-01
    outer loop
      vertex   3.570000e+01 4.290192e+01 5.954000e+01
      vertex   2.371667e+01 4.352566e+01 5.947444e+01
      vertex   1.173333e+01 4.352566e+01 5.947444e+01
    endloop
  endfacet
  facet normal 0.000000e+00 1.045285e-01 9.945219e-01
    outer loop
      vertex   3.570000e+01 4.290192e+01 5.954000e+01
      vertex   1.173333e+01 4.352566e+01 5.947444e+01
      vertex   -2.500000e-01 4.352566e+01 5.947444e+01
    endloop
  endfacet
  facet normal -0.000000e+00 3.090170e-01 9.510565e-01
    outer loop
      vertex   -2.500000e-01 4.352566e+01 5.947444e+01
      vertex   1.173333e+01 4.352566e+01 5.947444e+01
      vertex   -2.500000e-01 4.412213e+01 5.928064e+01
    endloop
  endfacet
  facet normal 0.000000e+00 3.090170e-01 9.510565e-01
    outer loop
      vertex   -2.500000e-01 4.352566e+01 5.947444e+01
      vertex   -2.500000e-01 4.412213e+01 5.928064e+01
      vertex   -1.223333e+01 4.412213e+01 5.928064e+01
    endloop
  endfacet
  facet normal -0.000000e+00 5.000000e-01 8.660254e-01
    outer loop
      vertex   -1.223333e+01 4.412213e+01 5.928064e+01
      vertex   -2.500000e-01 4.412213e+01 5.928064e+01
      vertex   -1.223333e+01 4.466528e+01 5.896705e+01
    endloop
  endfacet
  facet normal 0.000000e+00 5.000000e-01 8.660254e-01
    outer loop
      vertex   -1.223333e+01 4.412213e+01 5.928064e+01
      vertex   -1.223333e+01 4.466528e+01 5.896705e+01
      vertex   -2.421667e+01 4.466528e+01 5.896705e+01
    endloop
  endfacet
  facet normal -0.000000e+00 6.691306e-01 7.431448e-01
    outer loop
      vertex   -2.421667e+01 4.466528e+01 5.896705e+01
      vertex   -1.223333e+01 4.466528e+01 5.896705e+01
      vertex   -2.421667e+01 4.513136e+01 5.854739e+01
    endloop
  endfacet
  facet normal 0.000000e+00 6.691306e-01 7.431448e-01
    outer loop
      vertex   -2.421667e+01 4.466528e+01 5.896705e+01
      vertex   -2.421667e+01 4.513136e+01 5.854739e+01
      vertex   -3.620000e+01 4.513136e+01 5.854739e+01
    endloop
  endfacet
  facet normal -0.000000e+00 8.090170e-01 5.877853e-01
    outer loop
      vertex   -3.620000e+01 4.513136e+01 5.854739e+01
      vertex   -2.421667e+01 4.513136e+01 5.854739e+01
      vertex   -3.620000e+01 4.550000e+01 5.804000e+01
    endloop
  endfacet
  facet normal 0.000000e+00 8.090170e-01 5.877853e-01
    outer loop
      vertex   -3.620000e+01 4.550000e+01 5.804000e+01
      vertex   -2.421667e+01 4.513136e+01 5.854739e+01
      vertex   -1.223333e+01 4.513136e+01 5.854739e+01
    endloop
  endfacet
  facet normal 0.000000e+00 8.090170e-01 5.877853e-01
    outer loop
      vertex   -3.620000e+01 4.550000e+01 5.804000e+01
      vertex   -1.223333e+01 4.513136e+01 5.854739e+01
      vertex   -2.500000e-01 4.513136e+01 5.854739e+01
    endloop
  endfacet
  facet normal 0.000000e+00 6.691306e-01 7.431448e-01
    outer loop
      vertex   -2.500000e-01 4.513136e+01 5.854739e+01
      vertex   -1.223333e+01 4.513136e+01 5.854739e+01
      vertex   -2.500000e-01 4.466528e+01 5.896705e+01
    endloop
  endfacet
  facet normal 0.000000e+00 6.691306e-01 7.431448e-01
    outer loop
      vertex   -2.500000e-01 4.513136e+01 5.854739e+01
      vertex   -2.500000e-01 4.466528e+01 5.896705e+01
      vertex   1.173333e+01 4.466528e+01 5.896705e+01
    endloop
  endfacet
  facet normal 0.000000e+00 5.000000e-01 8.660254e-01
    outer loop
      vertex   1.173333e+01 4.466528e+01 5.896705e+01
      vertex   -2.500000e-01 4.466528e+01 5.896705e+01
      vertex   1.173333e+01 4.412213e+01 5.928064e+01
    endloop
  endfacet
  facet normal 0.000000e+00 5.000000e-01 8.660254e-01
    outer loop
      vertex   1.173333e+01 4.466528e+01 5.896705e+01
      vertex   1.173333e+01 4.412213e+01 5.928064e+01
      vertex   2.371667e+01 4.412213e+01 5.928064e+01
    endloop
  endfacet
  facet normal 0.000000e+00 3.090170e-01 9.510565e-01
    outer loop
      vertex   2.371667e+01 4.412213e+01 5.928064e+01
      vertex   1.173333e+01 4.412213e+01 5.928064e+01
      vertex   2.371667e+01 4.352566e+01 5.947444e+01
    endloop
  endfacet
  facet normal 0.000000e+00 3.090170e-01 9.510565e-01
    outer loop
      vertex   2.371667e+01 4.412213e+01 5.928064e+01
      vertex   2.371667e+01 4.352566e+01 5.947444e+01
      vertex   3.570000e+01 4.352566e+01 5.947444e+01
    endloop
  endfacet
  facet normal 0.000000e+00 3.090170e-01 9.510565e-01
    outer loop
      vertex   3.570000e+01 4.352566e+01 5.947444e+01
      vertex   3.570000e+01 4.412213e+01 5.928064e+01
      vertex   2.371667e+01 4.412213e+01 5.928064e+01
    endloop
  endfacet
  facet normal -0.000000e+00 5.000000e-01 8.660254e-01
    outer loop
      vertex   2.371667e+01 4.412213e+01 5.928064e+01
      vertex   3.570000e+01 4.412213e+01 5.928064e+01
      vertex   2.371667e+01 4.466528e+01 5.896705e+01
    endloop
  endfacet
  facet normal 0.000000e+00 5.000000e-01 8.660254e-01
    outer loop
      vertex   2.371667e+01 4.412213e+01 5.928064e+01
      vertex   2.371667e+01 4.466528e+01 5.896705e+01
      vertex   1.173333e+01 4.466528e+01 5.896705e+01
    endloop
  endfacet
  facet normal -0.000000e+00 6.691306e-01 7.431448e-01
    outer loop
      vertex   1.173333e+01 4.466528e+01 5.896705e+01
      vertex   2.371667e+01 4.466528e+01 5.896705e+01
      vertex   1.173333e+01 4.513136e+01 5.854739e+01
    endloop
  endfacet
  facet normal 0.000000e+00 6.691306e-01 7.431448e-01
    outer loop
      vertex   1.173333e+01 4.466528e+01 5.896705e+01
      vertex   1.173333e+01 4.513136e+01 5.854739e+01
      vertex   -2.500000e-01 4.513136e+01 5.854739e+01
    endloop
  endfacet
  facet normal -0.000000e+00 8.090170e-01 5.877853e-01
    outer loop
      vertex   -2.500000e-01 4.513136e+01 5.854739e+01
      vertex   1.173333e+01 4.513136e+01 5.854739e+01
      vertex   3.570000e+01 4.550000e+01 5.804000e+01
    endloop
  endfacet
  facet normal 0.000000e+00 8.090170e-01 5.877853e-01
    outer loop
      vertex   -2.500000e-01 4.513136e+01 5.854739e+01
      vertex   3.570000e+01 4.550000e+01 5.804000e+01
      vertex   -3.620000e+01 4.550000e+01 5.804000e+01
    endloop
  endfacet
  facet normal 0.000000e+00 5.000000e-01 8.660254e-01
    outer loop
      vertex   3.570000e+01 4.412213e+01 5.928064e+01
      vertex   3.570000e+01 4.466528e+01 5.896705e+01
      vertex   2.371667e+01 4.466528e+01 5.896705e+01
    endloop
  endfacet
  facet normal -0.000000e+00 6.691306e-01 7.431448e-01
    outer loop
      vertex   2.371667e+01 4.466528e+01 5.896705e+01
      vertex   3.570000e+01 4.466528e+01 5.896705e+01
      vertex   2.371667e+01 4.513136e+01 5.854739e+01
    endloop
  endfacet
  facet normal 0.000000e+00 6.691306e-01 7.431448e-01
    outer loop
      vertex   2.371667e+01 4.466528e+01 5.896705e+01
      vertex   2.371667e+01 4.513136e+01 5.854739e+01
      vertex   1.173333e+01 4.513136e+01 5.854739e+01
    endloop
  endfacet
  facet normal -0.000000e+00 8.090170e-01 5.877853e-01
    outer loop
      vertex   1.173333e+01 4.513136e+01 5.854739e+01
      vertex   2.371667e+01 4.513136e+01 5.854739e+01
      vertex   3.570000e+01 4.550000e+01 5.804000e+01
    endloop
  endfacet
  facet normal 0.000000e+00 6.691306e-01 7.431448e-01
    outer loop
      vertex   3.570000e+01 4.466528e+01 5.896705e+01
      vertex   3.570000e+01 4.513136e+01 5.854739e+01
      vertex   2.371667e+01 4.513136e+01 5.854739e+01
    endloop
  endfacet
  facet normal -0.000000e+00 8.090170e-01 5.877853e-01
    outer loop
      vertex   2.371667e+01 4.513136e+01 5.854739e+01
      vertex   3.570000e+01 4.513136e+01 5.854739e+01
      vertex   3.570000e+01 4.550000e+01 5.804000e+01
    endloop
  endfacet
  facet normal 0.000000e+00 6.691306e-01 7.431448e-01
    outer loop
      vertex   -3.620000e+01 4.513136e+01 5.854739e+01
      vertex   -3.620000e+01 4.466528e+01 5.896705e+01
      vertex   -2.421667e+01 4.466528e+01 5.896705e+01
    endloop
  endfacet
  facet normal 0.000000e+00 5.000000e-01 8.660254e-01
    outer loop
      vertex   -2.421667e+01 4.466528e+01 5.896705e+01
      vertex   -3.620000e+01 4.466528e+01 5.896705e+01
      vertex   -2.421667e+01 4.412213e+01 5.928064e+01
    endloop
  endfacet
  facet normal 0.000000e+00 5.000000e-01 8.660254e-01
    outer loop
      vertex   -2.421667e+01 4.466528e+01 5.896705e+01
      vertex   -2.421667e+01 4.412213e+01 5.928064e+01
      vertex   -1.223333e+01 4.412213e+01 5.928064e+01
    endloop
  endfacet
  facet normal 0.000000e+00 3.090170e-01 9.510565e-01
    outer loop
      vertex   -1.223333e+01 4.412213e+01 5.928064e+01
      vertex   -2.421667e+01 4.412213e+01 5.928064e+01
      vertex   -1.223333e+01 4.352566e+01 5.947444e+01
    endloop
  endfacet
  facet normal 0.000000e+00 3.090170e-01 9.510565e-01
    outer loop
      vertex   -1.223333e+01 4.412213e+01 5.928064e+01
      vertex   -1.223333e+01 4.352566e+01 5.947444e+01
      vertex   -2.500000e-01 4.352566e+01 5.947444e+01
    endloop
  endfacet
  facet normal 0.000000e+00 1.045285e-01 9.945219e-01
    outer loop
      vertex   -2.500000e-01 4.352566e+01 5.947444e+01
      vertex   -1.223333e+01 4.352566e+01 5.947444e+01
      vertex   -3.620000e+01 4.290192e+01 5.954000e+01
    endloop
  endfacet
  facet normal 0.000000e+00 1.045285e-01 9.945219e-01
    outer loop
      vertex   -2.500000e-01 4.352566e+01 5.947444e+01
      vertex   -3.620000e+01 4.290192e+01 5.954000e+01
      vertex   3.570000e+01 4.290192e+01 5.954000e+01
    endloop
  endfacet
  facet normal 0.000000e+00 5.000000e-01 8.660254e-01
    outer loop
      vertex   -3.620000e+01 4.466528e+01 5.896705e+01
      vertex   -3.620000e+01 4.412213e+01 5.928064e+01
      vertex   -2.421667e+01 4.412213e+01 5.928064e+01
    endloop
  endfacet
  facet normal 0.000000e+00 3.090170e-01 9.510565e-01
    outer loop
      vertex   -2.421667e+01 4.412213e+01 5.928064e+01
      vertex   -3.620000e+01 4.412213e+01 5.928064e+01
      vertex   -2.421667e+01 4.352566e+01 5.947444e+01
    endloop
  endfacet
  facet normal 0.000000e+00 3.090170e-01 9.510565e-01
    outer loop
      vertex   -2.421667e+01 4.412213e+01 5.928064e+01
      vertex   -2.421667e+01 4.352566e+01 5.947444e+01
      vertex   -1.223333e+01 4.352566e+01 5.947444e+01
    endloop
  endfacet
  facet normal 0.000000e+00 1.045285e-01 9.945219e-01
    outer loop
      vertex   -1.223333e+01 4.352566e+01 5.947444e+01
      vertex   -2.421667e+01 4.352566e+01 5.947444e+01
      vertex   -3.620000e+01 4.290192e+01 5.954000e+01
    endloop
  endfacet
  facet normal 0.000000e+00 3.090170e-01 9.510565e-01
    outer loop
      vertex   -3.620000e+01 4.412213e+01 5.928064e+01
      vertex   -3.620000e+01 4.352566e+01 5.947444e+01
      vertex   -2.421667e+01 4.352566e+01 5.947444e+01
    endloop
  endfacet
  facet normal 0.000000e+00 1.045285e-01 9.945219e-01
    outer loop
      vertex   -2.421667e+01 4.352566e+01 5.947444e+01
      vertex   -3.620000e+01 4.352566e+01 5.947444e+01
      vertex   -3.620000e+01 4.290192e+01 5.954000e+01
    endloop
  endfacet
  facet normal -0.000000e+00 3.090170e-01 9.510565e-01
    outer loop
      vertex   -2.500000e-01 4.412213e+01 5.928064e+01
      vertex   1.173333e+01 4.352566e+01 5.947444e+01
      vertex   1.173333e+01 4.412213e+01 5.928064e+01
    endloop
  endfacet
  facet normal 0.000000e+00 3.090170e-01 9.510565e-01
    outer loop
      vertex   1.173333e+01 4.412213e+01 5.928064e+01
      vertex   1.173333e+01 4.352566e+01 5.947444e+01
      vertex   2.371667e+01 4.352566e+01 5.947444e+01
    endloop
  endfacet
  facet normal -0.000000e+00 5.000000e-01 8.660254e-01
    outer loop
      vertex   -1.223333e+01 4.466528e+01 5.896705e+01
      vertex   -2.500000e-01 4.412213e+01 5.928064e+01
      vertex   -2.500000e-01 4.466528e+01 5.896705e+01
    endloop
  endfacet
  facet normal 0.000000e+00 5.000000e-01 8.660254e-01
    outer loop
      vertex   -2.500000e-01 4.466528e+01 5.896705e+01
      vertex   -2.500000e-01 4.412213e+01 5.928064e+01
      vertex   1.173333e+01 4.412213e+01 5.928064e+01
    endloop
  endfacet
  facet normal -0.000000e+00 6.691306e-01 7.431448e-01
    outer loop
      vertex   -2.421667e+01 4.513136e+01 5.854739e+01
      vertex   -1.223333e+01 4.466528e+01 5.896705e+01
      vertex   -1.223333e+01 4.513136e+01 5.854739e+01
    endloop
  endfacet
  facet normal 0.000000e+00 6.691306e-01 7.431448e-01
    outer loop
      vertex   -1.223333e+01 4.513136e+01 5.854739e+01
      vertex   -1.223333e+01 4.466528e+01 5.896705e+01
      vertex   -2.500000e-01 4.466528e+01 5.896705e+01
    endloop
  endfacet
  facet normal -2.398503e-16 -8.090170e-01 5.877853e-01
    outer loop
      vertex   3.570000e+01 -2.683136e+01 5.854739e+01
      vertex   2.371667e+01 -2.683136e+01 5.854739e+01
      vertex   3.570000e+01 -2.720000e+01 5.804000e+01
    endloop
  endfacet
  facet normal 0.000000e+00 -8.090170e-01 5.877853e-01
    outer loop
      vertex   3.570000e+01 -2.720000e+01 5.804000e+01
      vertex   2.371667e+01 -2.683136e+01 5.854739e+01
      vertex   1.173333e+01 -2.683136e+01 5.854739e+01
    endloop
  endfacet
  facet normal 0.000000e+00 -8.090170e-01 5.877853e-01
    outer loop
      vertex   3.570000e+01 -2.720000e+01 5.804000e+01
      vertex   1.173333e+01 -2.683136e+01 5.854739e+01
      vertex   -2.500000e-01 -2.683136e+01 5.854739e+01
    endloop
  endfacet
  facet normal 0.000000e+00 -6.691306e-01 7.431448e-01
    outer loop
      vertex   -2.500000e-01 -2.683136e+01 5.854739e+01
      vertex   1.173333e+01 -2.683136e+01 5.854739e+01
      vertex   -2.500000e-01 -2.636528e+01 5.896705e+01
    endloop
  endfacet
  facet normal 0.000000e+00 -6.691306e-01 7.431448e-01
    outer loop
      vertex   -2.500000e-01 -2.683136e+01 5.854739e+01
      vertex   -2.500000e-01 -2.636528e+01 5.896705e+01
      vertex   -1.223333e+01 -2.636528e+01 5.896705e+01
    endloop
  endfacet
  facet normal 0.000000e+00 -5.000000e-01 8.660254e-01
    outer loop
      vertex   -1.223333e+01 -2.636528e+01 5.896705e+01
      vertex   -2.500000e-01 -2.636528e+01 5.896705e+01
      vertex   -1.223333e+01 -2.582213e+01 5.928064e+01
    endloop
  endfacet
  facet normal 0.000000e+00 -5.000000e-01 8.660254e-01
    outer loop
      vertex   -1.223333e+01 -2.636528e+01 5.896705e+01
      vertex   -1.223333e+01 -2.582213e+01 5.928064e+01
      vertex   -2.421667e+01 -2.582213e+01 5.928064e+01
    endloop
  endfacet
  facet normal 0.000000e+00 -3.090170e-01 9.510565e-01
    outer loop
      vertex   -2.421667e+01 -2.582213e+01 5.928064e+01
      vertex   -1.223333e+01 -2.582213e+01 5.928064e+01
      vertex   -2.421667e+01 -2.522566e+01 5.947444e+01
    endloop
  endfacet
  facet normal 0.000000e+00 -3.090170e-01 9.510565e-01
    outer loop
      vertex   -2.421667e+01 -2.582213e+01 5.928064e+01
      vertex   -2.421667e+01 -2.522566e+01 5.947444e+01
      vertex   -3.620000e+01 -2.522566e+01 5.947444e+01
    endloop
  endfacet
  facet normal 0.000000e+00 -1.045285e-01 9.945219e-01
    outer loop
      vertex   -3.620000e+01 -2.522566e+01 5.947444e+01
      vertex   -2.421667e+01 -2.522566e+01 5.947444e+01
      vertex   -3.620000e+01 -2.460192e+01 5.954000e+01
    endloop
  endfacet
  facet normal 0.000000e+00 -1.045285e-01 9.945219e-01
    outer loop
      vertex   -3.620000e+01 -2.460192e+01 5.954000e+01
      vertex   -2.421667e+01 -2.522566e+01 5.947444e+01
      vertex   -1.223333e+01 -2.522566e+01 5.947444e+01
    endloop
  endfacet
  facet normal 0.000000e+00 -1.045285e-01 9.945219e-01
    outer loop
      vertex   -3.620000e+01 -2.460192e+01 5.954000e+01
      vertex   -1.223333e+01 -2.522566e+01 5.947444e+01
      vertex   -2.500000e-01 -2.522566e+01 5.947444e+01
    endloop
  endfacet
  facet normal 0.000000e+00 -3.090170e-01 9.510565e-01
    outer loop
      vertex   -2.500000e-01 -2.522566e+01 5.947444e+01
      vertex   -1.223333e+01 -2.522566e+01 5.947444e+01
      vertex   -2.500000e-01 -2.582213e+01 5.928064e+01
    endloop
  endfacet
  facet normal 0.000000e+00 -3.090170e-01 9.510565e-01
    outer loop
      vertex   -2.500000e-01 -2.522566e+01 5.947444e+01
      vertex   -2.500000e-01 -2.582213e+01 5.928064e+01
      vertex   1.173333e+01 -2.582213e+01 5.928064e+01
    endloop
  endfacet
  facet normal 0.000000e+00 -5.000000e-01 8.660254e-01
    outer loop
      vertex   1.173333e+01 -2.582213e+01 5.928064e+01
      vertex   -2.500000e-01 -2.582213e+01 5.928064e+01
      vertex   1.173333e+01 -2.636528e+01 5.896705e+01
    endloop
  endfacet
  facet normal 0.000000e+00 -5.000000e-01 8.660254e-01
    outer loop
      vertex   1.173333e+01 -2.582213e+01 5.928064e+01
      vertex   1.173333e+01 -2.636528e+01 5.896705e+01
      vertex   2.371667e+01 -2.636528e+01 5.896705e+01
    endloop
  endfacet
  facet normal 0.000000e+00 -6.691306e-01 7.431448e-01
    outer loop
      vertex   2.371667e+01 -2.636528e+01 5.896705e+01
      vertex   1.173333e+01 -2.636528e+01 5.896705e+01
      vertex   2.371667e+01 -2.683136e+01 5.854739e+01
    endloop
  endfacet
  facet normal -1.957324e-16 -6.691306e-01 7.431448e-01
    outer loop
      vertex   2.371667e+01 -2.636528e+01 5.896705e+01
      vertex   2.371667e+01 -2.683136e+01 5.854739e+01
      vertex   3.570000e+01 -2.683136e+01 5.854739e+01
    endloop
  endfacet
  facet normal 0.000000e+00 -6.691306e-01 7.431448e-01
    outer loop
      vertex   3.570000e+01 -2.683136e+01 5.854739e+01
      vertex   3.570000e+01 -2.636528e+01 5.896705e+01
      vertex   2.371667e+01 -2.636528e+01 5.896705e+01
    endloop
  endfacet
  facet normal 0.000000e+00 -5.000000e-01 8.660254e-01
    outer loop
      vertex   2.371667e+01 -2.636528e+01 5.896705e+01
      vertex   3.570000e+01 -2.636528e+01 5.896705e+01
      vertex   2.371667e+01 -2.582213e+01 5.928064e+01
    endloop
  endfacet
  facet normal 0.000000e+00 -5.000000e-01 8.660254e-01
    outer loop
      vertex   2.371667e+01 -2.636528e+01 5.896705e+01
      vertex   2.371667e+01 -2.582213e+01 5.928064e+01
      vertex   1.173333e+01 -2.582213e+01 5.928064e+01
    endloop
  endfacet
  facet normal 0.000000e+00 -3.090170e-01 9.510565e-01
    outer loop
      vertex   1.173333e+01 -2.582213e+01 5.928064e+01
      vertex   2.371667e+01 -2.582213e+01 5.928064e+01
      vertex   1.173333e+01 -2.522566e+01 5.947444e+01
    endloop
  endfacet
  facet normal 0.000000e+00 -3.090170e-01 9.510565e-01
    outer loop
      vertex   1.173333e+01 -2.582213e+01 5.928064e+01
      vertex   1.173333e+01 -2.522566e+01 5.947444e+01
      vertex   -2.500000e-01 -2.522566e+01 5.947444e+01
    endloop
  endfacet
  facet normal 0.000000e+00 -1.045285e-01 9.945219e-01
    outer loop
      vertex   -2.500000e-01 -2.522566e+01 5.947444e+01
      vertex   1.173333e+01 -2.522566e+01 5.947444e+01
      vertex   3.570000e+01 -2.460192e+01 5.954000e+01
    endloop
  endfacet
  facet normal 0.000000e+00 -1.045285e-01 9.945219e-01
    outer loop
      vertex   -2.500000e-01 -2.522566e+01 5.947444e+01
      vertex   3.570000e+01 -2.460192e+01 5.954000e+01
      vertex   -3.620000e+01 -2.460192e+01 5.954000e+01
    endloop
  endfacet
  facet normal 0.000000e+00 -5.000000e-01 8.660254e-01
    outer loop
      vertex   3.570000e+01 -2.636528e+01 5.896705e+01
      vertex   3.570000e+01 -2.582213e+01 5.928064e+01
      vertex   2.371667e+01 -2.582213e+01 5.928064e+01
    endloop
  endfacet
  facet normal 0.000000e+00 -3.090170e-01 9.510565e-01
    outer loop
      vertex   2.371667e+01 -2.582213e+01 5.928064e+01
      vertex   3.570000e+01 -2.582213e+01 5.928064e+01
      vertex   2.371667e+01 -2.522566e+01 5.947444e+01
    endloop
  endfacet
  facet normal 0.000000e+00 -3.090170e-01 9.510565e-01
    outer loop
      vertex   2.371667e+01 -2.582213e+01 5.928064e+01
      vertex   2.371667e+01 -2.522566e+01 5.947444e+01
      vertex   1.173333e+01 -2.522566e+01 5.947444e+01
    endloop
  endfacet
  facet normal 0.000000e+00 -1.045285e-01 9.945219e-01
    outer loop
      vertex   1.173333e+01 -2.522566e+01 5.947444e+01
      vertex   2.371667e+01 -2.522566e+01 5.947444e+01
      vertex   3.570000e+01 -2.460192e+01 5.954000e+01
    endloop
  endfacet
  facet normal 0.000000e+00 -3.090170e-01 9.510565e-01
    outer loop
      vertex   3.570000e+01 -2.582213e+01 5.928064e+01
      vertex   3.570000e+01 -2.522566e+01 5.947444e+01
      vertex   2.371667e+01 -2.522566e+01 5.947444e+01
    endloop
  endfacet
  facet normal 0.000000e+00 -1.045285e-01 9.945219e-01
    outer loop
      vertex   2.371667e+01 -2.522566e+01 5.947444e+01
      vertex   3.570000e+01 -2.522566e+01 5.947444e+01
      vertex   3.570000e+01 -2.460192e+01 5.954000e+01
    endloop
  endfacet
  facet normal 0.000000e+00 -3.090170e-01 9.510565e-01
    outer loop
      vertex   -3.620000e+01 -2.522566e+01 5.947444e+01
      vertex   -3.620000e+01 -2.582213e+01 5.928064e+01
      vertex   -2.421667e+01 -2.582213e+01 5.928064e+01
    endloop
  endfacet
  facet normal 0.000000e+00 -5.000000e-01 8.660254e-01
    outer loop
      vertex   -2.421667e+01 -2.582213e+01 5.928064e+01
      vertex   -3.620000e+01 -2.582213e+01 5.928064e+01
      vertex   -2.421667e+01 -2.636528e+01 5.896705e+01
    endloop
  endfacet
  facet normal 0.000000e+00 -5.000000e-01 8.660254e-01
    outer loop
      vertex   -2.421667e+01 -2.582213e+01 5.928064e+01
      vertex   -2.421667e+01 -2.636528e+01 5.896705e+01
      vertex   -1.223333e+01 -2.636528e+01 5.896705e+01
    endloop
  endfacet
  facet normal 0.000000e+00 -6.691306e-01 7.431448e-01
    outer loop
      vertex   -1.223333e+01 -2.636528e+01 5.896705e+01
      vertex   -2.421667e+01 -2.636528e+01 5.896705e+01
      vertex   -1.223333e+01 -2.683136e+01 5.854739e+01
    endloop
  endfacet
  facet normal 0.000000e+00 -6.691306e-01 7.431448e-01
    outer loop
      vertex   -1.223333e+01 -2.636528e+01 5.896705e+01
      vertex   -1.223333e+01 -2.683136e+01 5.854739e+01
      vertex   -2.500000e-01 -2.683136e+01 5.854739e+01
    endloop
  endfacet
  facet normal 0.000000e+00 -8.090170e-01 5.877853e-01
    outer loop
      vertex   -2.500000e-01 -2.683136e+01 5.854739e+01
      vertex   -1.223333e+01 -2.683136e+01 5.854739e+01
      vertex   -3.620000e+01 -2.720000e+01 5.804000e+01
    endloop
  endfacet
  facet normal 0.000000e+00 -8.090170e-01 5.877853e-01
    outer loop
      vertex   -2.500000e-01 -2.683136e+01 5.854739e+01
      vertex   -3.620000e+01 -2.720000e+01 5.804000e+01
      vertex   3.570000e+01 -2.720000e+01 5.804000e+01
    endloop
  endfacet
  facet normal 0.000000e+00 -5.000000e-01 8.660254e-01
    outer loop
      vertex   -3.620000e+01 -2.582213e+01 5.928064e+01
      vertex   -3.620000e+01 -2.636528e+01 5.896705e+01
      vertex   -2.421667e+01 -2.636528e+01 5.896705e+01
    endloop
  endfacet
  facet normal 0.000000e+00 -6.691306e-01 7.431448e-01
    outer loop
      vertex   -2.421667e+01 -2.636528e+01 5.896705e+01
      vertex   -3.620000e+01 -2.636528e+01 5.896705e+01
      vertex   -2.421667e+01 -2.683136e+01 5.854739e+01
    endloop
  endfacet
  facet normal 0.000000e+00 -6.691306e-01 7.431448e-01
    outer loop
      vertex   -2.421667e+01 -2.636528e+01 5.896705e+01
      vertex   -2.421667e+01 -2.683136e+01 5.854739e+01
      vertex   -1.223333e+01 -2.683136e+01 5.854739e+01
    endloop
  endfacet
  facet normal 0.000000e+00 -8.090170e-01 5.877853e-01
    outer loop
      vertex   -1.223333e+01 -2.683136e+01 5.854739e+01
      vertex   -2.421667e+01 -2.683136e+01 5.854739e+01
      vertex   -3.620000e+01 -2.720000e+01 5.804000e+01
    endloop
  endfacet
  facet normal 1.957324e-16 -6.691306e-01 7.431448e-01
    outer loop
      vertex   -3.620000e+01 -2.636528e+01 5.896705e+01
      vertex   -3.620000e+01 -2.683136e+01 5.854739e+01
      vertex   -2.421667e+01 -2.683136e+01 5.854739e+01
    endloop
  endfacet
  facet normal 2.398503e-16 -8.090170e-01 5.877853e-01
    outer loop
      vertex   -2.421667e+01 -2.683136e+01 5.854739e+01
      vertex   -3.620000e+01 -2.683136e+01 5.854739e+01
      vertex   -3.620000e+01 -2.720000e+01 5.804000e+01
    endloop
  endfacet
  facet normal 0.000000e+00 -6.691306e-01 7.431448e-01
    outer loop
      vertex   -2.500000e-01 -2.636528e+01 5.896705e+01
      vertex   1.173333e+01 -2.683136e+01 5.854739e+01
      vertex   1.173333e+01 -2.636528e+01 5.896705e+01
    endloop
  endfacet
  facet normal 0.000000e+00 -6.691306e-01 7.431448e-01
    outer loop
      vertex   1.173333e+01 -2.636528e+01 5.896705e+01
      vertex   1.173333e+01 -2.683136e+01 5.854739e+01
      vertex   2.371667e+01 -2.683136e+01 5.854739e+01
    endloop
  endfacet
  facet normal 0.000000e+00 -5.000000e-01 8.660254e-01
    outer loop
      vertex   -1.223333e+01 -2.582213e+01 5.928064e+01
      vertex   -2.500000e-01 -2.636528e+01 5.896705e+01
      vertex   -2.500000e-01 -2.582213e+01 5.928064e+01
    endloop
  endfacet
  facet normal 0.000000e+00 -5.000000e-01 8.660254e-01
    outer loop
      vertex   -2.500000e-01 -2.582213e+01 5.928064e+01
      vertex   -2.500000e-01 -2.636528e+01 5.896705e+01
      vertex   1.173333e+01 -2.636528e+01 5.896705e+01
    endloop
  endfacet
  facet normal 0.000000e+00 -3.090170e-01 9.510565e-01
    outer loop
      vertex   -2.421667e+01 -2.522566e+01 5.947444e+01
      vertex   -1.223333e+01 -2.582213e+01 5.928064e+01
      vertex   -1.223333e+01 -2.522566e+01 5.947444e+01
    endloop
  endfacet
  facet normal 0.000000e+00 -3.090170e-01 9.510565e-01
    outer loop
      vertex   -1.223333e+01 -2.522566e+01 5.947444e+01
      vertex   -1.223333e+01 -2.582213e+01 5.928064e+01
      vertex   -2.500000e-01 -2.582213e+01 5.928064e+01
    endloop
  endfacet
  facet normal 1.034304e-01 1.361687e-02 9.945435e-01
    outer loop
      vertex   3.608823e+01 4.260403e+01 5.954000e+01
      vertex   3.610192e+01 4.250000e+01 5.954000e+01
      vertex   3.670595e+01 4.270010e+01 5.947444e+01
    endloop
  endfacet
  facet normal 1.045229e-01 1.029461e-02 9.944692e-01
    outer loop
      vertex   3.670595e+01 4.270010e+01 5.947444e+01
      vertex   3.610192e+01 4.250000e+01 5.954000e+01
      vertex   3.672566e+01 4.250000e+01 5.947444e+01
    endloop
  endfacet
  facet normal 3.088740e-01 3.042143e-02 9.506163e-01
    outer loop
      vertex   3.670595e+01 4.270010e+01 5.947444e+01
      vertex   3.672566e+01 4.250000e+01 5.947444e+01
      vertex   3.732213e+01 4.250000e+01 5.928064e+01
    endloop
  endfacet
  facet normal 3.088740e-01 3.042143e-02 9.506163e-01
    outer loop
      vertex   3.670595e+01 4.270010e+01 5.947444e+01
      vertex   3.732213e+01 4.250000e+01 5.928064e+01
      vertex   3.729096e+01 4.281646e+01 5.928064e+01
    endloop
  endfacet
  facet normal 4.993948e-01 4.918610e-02 8.649772e-01
    outer loop
      vertex   3.729096e+01 4.281646e+01 5.928064e+01
      vertex   3.732213e+01 4.250000e+01 5.928064e+01
      vertex   3.786528e+01 4.250000e+01 5.896705e+01
    endloop
  endfacet
  facet normal 4.993948e-01 4.918610e-02 8.649772e-01
    outer loop
      vertex   3.729096e+01 4.281646e+01 5.928064e+01
      vertex   3.786528e+01 4.250000e+01 5.896705e+01
      vertex   3.782367e+01 4.292243e+01 5.896705e+01
    endloop
  endfacet
  facet normal 6.676822e-01 6.576096e-02 7.415362e-01
    outer loop
      vertex   3.782367e+01 4.292243e+01 5.896705e+01
      vertex   3.786528e+01 4.250000e+01 5.896705e+01
      vertex   3.833136e+01 4.250000e+01 5.854739e+01
    endloop
  endfacet
  facet normal 6.676822e-01 6.576096e-02 7.415362e-01
    outer loop
      vertex   3.782367e+01 4.292243e+01 5.896705e+01
      vertex   3.833136e+01 4.250000e+01 5.854739e+01
      vertex   3.828080e+01 4.301335e+01 5.854739e+01
    endloop
  endfacet
  facet normal 8.064609e-01 7.942947e-02 5.859281e-01
    outer loop
      vertex   3.828080e+01 4.301335e+01 5.854739e+01
      vertex   3.833136e+01 4.250000e+01 5.854739e+01
      vertex   3.870000e+01 4.250000e+01 5.804000e+01
    endloop
  endfacet
  facet normal 8.064609e-01 7.942947e-02 5.859281e-01
    outer loop
      vertex   3.828080e+01 4.301335e+01 5.854739e+01
      vertex   3.870000e+01 4.250000e+01 5.804000e+01
      vertex   3.864236e+01 4.308527e+01 5.804000e+01
    endloop
  endfacet
  facet normal 7.754691e-01 2.352360e-01 5.859281e-01
    outer loop
      vertex   3.828080e+01 4.301335e+01 5.854739e+01
      vertex   3.864236e+01 4.308527e+01 5.804000e+01
      vertex   3.813106e+01 4.350698e+01 5.854739e+01
    endloop
  endfacet
  facet normal 7.754691e-01 2.352360e-01 5.859281e-01
    outer loop
      vertex   3.813106e+01 4.350698e+01 5.854739e+01
      vertex   3.864236e+01 4.308527e+01 5.804000e+01
      vertex   3.847164e+01 4.364805e+01 5.804000e+01
    endloop
  endfacet
  facet normal 7.146764e-01 3.820025e-01 5.859281e-01
    outer loop
      vertex   3.813106e+01 4.350698e+01 5.854739e+01
      vertex   3.847164e+01 4.364805e+01 5.804000e+01
      vertex   3.788789e+01 4.396190e+01 5.854739e+01
    endloop
  endfacet
  facet normal 7.146764e-01 3.820025e-01 5.859281e-01
    outer loop
      vertex   3.788789e+01 4.396190e+01 5.854739e+01
      vertex   3.847164e+01 4.364805e+01 5.804000e+01
      vertex   3.819441e+01 4.416671e+01 5.804000e+01
    endloop
  endfacet
  facet normal 6.264191e-01 5.140889e-01 5.859281e-01
    outer loop
      vertex   3.788789e+01 4.396190e+01 5.854739e+01
      vertex   3.819441e+01 4.416671e+01 5.804000e+01
      vertex   3.756065e+01 4.436065e+01 5.854739e+01
    endloop
  endfacet
  facet normal 6.264191e-01 5.140889e-01 5.859281e-01
    outer loop
      vertex   3.756065e+01 4.436065e+01 5.854739e+01
      vertex   3.819441e+01 4.416671e+01 5.804000e+01
      vertex   3.782132e+01 4.462132e+01 5.804000e+01
    endloop
  endfacet
  facet normal 5.140889e-01 6.264191e-01 5.859281e-01
    outer loop
      vertex   3.756065e+01 4.436065e+01 5.854739e+01
      vertex   3.782132e+01 4.462132e+01 5.804000e+01
      vertex   3.716190e+01 4.468789e+01 5.854739e+01
    endloop
  endfacet
  facet normal 5.140889e-01 6.264191e-01 5.859281e-01
    outer loop
      vertex   3.716190e+01 4.468789e+01 5.854739e+01
      vertex   3.782132e+01 4.462132e+01 5.804000e+01
      vertex   3.736671e+01 4.499441e+01 5.804000e+01
    endloop
  endfacet
  facet normal 3.820025e-01 7.146764e-01 5.859281e-01
    outer loop
      vertex   3.716190e+01 4.468789e+01 5.854739e+01
      vertex   3.736671e+01 4.499441e+01 5.804000e+01
      vertex   3.670698e+01 4.493106e+01 5.854739e+01
    endloop
  endfacet
  facet normal 3.820025e-01 7.146764e-01 5.859281e-01
    outer loop
      vertex   3.670698e+01 4.493106e+01 5.854739e+01
      vertex   3.736671e+01 4.499441e+01 5.804000e+01
      vertex   3.684805e+01 4.527164e+01 5.804000e+01
    endloop
  endfacet
  facet normal 2.352360e-01 7.754691e-01 5.859281e-01
    outer loop
      vertex   3.670698e+01 4.493106e+01 5.854739e+01
      vertex   3.684805e+01 4.527164e+01 5.804000e+01
      vertex   3.621335e+01 4.508080e+01 5.854739e+01
    endloop
  endfacet
  facet normal 2.352360e-01 7.754691e-01 5.859281e-01
    outer loop
      vertex   3.621335e+01 4.508080e+01 5.854739e+01
      vertex   3.684805e+01 4.527164e+01 5.804000e+01
      vertex   3.628527e+01 4.544236e+01 5.804000e+01
    endloop
  endfacet
  facet normal 7.942947e-02 8.064609e-01 5.859281e-01
    outer loop
      vertex   3.621335e+01 4.508080e+01 5.854739e+01
      vertex   3.628527e+01 4.544236e+01 5.804000e+01
      vertex   3.570000e+01 4.513136e+01 5.854739e+01
    endloop
  endfacet
  facet normal 7.942947e-02 8.064609e-01 5.859281e-01
    outer loop
      vertex   3.570000e+01 4.513136e+01 5.854739e+01
      vertex   3.628527e+01 4.544236e+01 5.804000e+01
      vertex   3.570000e+01 4.550000e+01 5.804000e+01
    endloop
  endfacet
  facet normal 6.576096e-02 6.676822e-01 7.415362e-01
    outer loop
      vertex   3.570000e+01 4.513136e+01 5.854739e+01
      vertex   3.570000e+01 4.466528e+01 5.896705e+01
      vertex   3.621335e+01 4.508080e+01 5.854739e+01
    endloop
  endfacet
  facet normal 6.576096e-02 6.676822e-01 7.415362e-01
    outer loop
      vertex   3.621335e+01 4.508080e+01 5.854739e+01
      vertex   3.570000e+01 4.466528e+01 5.896705e+01
      vertex   3.612243e+01 4.462367e+01 5.896705e+01
    endloop
  endfacet
  facet normal 1.947557e-01 6.420236e-01 7.415362e-01
    outer loop
      vertex   3.621335e+01 4.508080e+01 5.854739e+01
      vertex   3.612243e+01 4.462367e+01 5.896705e+01
      vertex   3.670698e+01 4.493106e+01 5.854739e+01
    endloop
  endfacet
  facet normal 1.947557e-01 6.420236e-01 7.415362e-01
    outer loop
      vertex   3.670698e+01 4.493106e+01 5.854739e+01
      vertex   3.612243e+01 4.462367e+01 5.896705e+01
      vertex   3.652862e+01 4.450046e+01 5.896705e+01
    endloop
  endfacet
  facet normal 3.162661e-01 5.916923e-01 7.415362e-01
    outer loop
      vertex   3.670698e+01 4.493106e+01 5.854739e+01
      vertex   3.652862e+01 4.450046e+01 5.896705e+01
      vertex   3.716190e+01 4.468789e+01 5.854739e+01
    endloop
  endfacet
  facet normal 3.162661e-01 5.916923e-01 7.415362e-01
    outer loop
      vertex   3.716190e+01 4.468789e+01 5.854739e+01
      vertex   3.652862e+01 4.450046e+01 5.896705e+01
      vertex   3.690296e+01 4.430036e+01 5.896705e+01
    endloop
  endfacet
  facet normal 4.256226e-01 5.186226e-01 7.415362e-01
    outer loop
      vertex   3.716190e+01 4.468789e+01 5.854739e+01
      vertex   3.690296e+01 4.430036e+01 5.896705e+01
      vertex   3.756065e+01 4.436065e+01 5.854739e+01
    endloop
  endfacet
  facet normal 4.256226e-01 5.186226e-01 7.415362e-01
    outer loop
      vertex   3.756065e+01 4.436065e+01 5.854739e+01
      vertex   3.690296e+01 4.430036e+01 5.896705e+01
      vertex   3.723108e+01 4.403108e+01 5.896705e+01
    endloop
  endfacet
  facet normal 5.186226e-01 4.256226e-01 7.415362e-01
    outer loop
      vertex   3.756065e+01 4.436065e+01 5.854739e+01
      vertex   3.723108e+01 4.403108e+01 5.896705e+01
      vertex   3.788789e+01 4.396190e+01 5.854739e+01
    endloop
  endfacet
  facet normal 5.186226e-01 4.256226e-01 7.415362e-01
    outer loop
      vertex   3.788789e+01 4.396190e+01 5.854739e+01
      vertex   3.723108e+01 4.403108e+01 5.896705e+01
      vertex   3.750036e+01 4.370296e+01 5.896705e+01
    endloop
  endfacet
  facet normal 5.916923e-01 3.162661e-01 7.415362e-01
    outer loop
      vertex   3.788789e+01 4.396190e+01 5.854739e+01
      vertex   3.750036e+01 4.370296e+01 5.896705e+01
      vertex   3.813106e+01 4.350698e+01 5.854739e+01
    endloop
  endfacet
  facet normal 5.916923e-01 3.162661e-01 7.415362e-01
    outer loop
      vertex   3.813106e+01 4.350698e+01 5.854739e+01
      vertex   3.750036e+01 4.370296e+01 5.896705e+01
      vertex   3.770046e+01 4.332862e+01 5.896705e+01
    endloop
  endfacet
  facet normal 6.420236e-01 1.947557e-01 7.415362e-01
    outer loop
      vertex   3.813106e+01 4.350698e+01 5.854739e+01
      vertex   3.770046e+01 4.332862e+01 5.896705e+01
      vertex   3.828080e+01 4.301335e+01 5.854739e+01
    endloop
  endfacet
  facet normal 6.420236e-01 1.947557e-01 7.415362e-01
    outer loop
      vertex   3.828080e+01 4.301335e+01 5.854739e+01
      vertex   3.770046e+01 4.332862e+01 5.896705e+01
      vertex   3.782367e+01 4.292243e+01 5.896705e+01
    endloop
  endfacet
  facet normal 4.918610e-02 4.993948e-01 8.649772e-01
    outer loop
      vertex   3.570000e+01 4.466528e+01 5.896705e+01
      vertex   3.570000e+01 4.412213e+01 5.928064e+01
      vertex   3.612243e+01 4.462367e+01 5.896705e+01
    endloop
  endfacet
  facet normal 4.918610e-02 4.993948e-01 8.649772e-01
    outer loop
      vertex   3.612243e+01 4.462367e+01 5.896705e+01
      vertex   3.570000e+01 4.412213e+01 5.928064e+01
      vertex   3.601646e+01 4.409096e+01 5.928064e+01
    endloop
  endfacet
  facet normal 1.456681e-01 4.802034e-01 8.649772e-01
    outer loop
      vertex   3.612243e+01 4.462367e+01 5.896705e+01
      vertex   3.601646e+01 4.409096e+01 5.928064e+01
      vertex   3.652862e+01 4.450046e+01 5.896705e+01
    endloop
  endfacet
  facet normal 1.456681e-01 4.802034e-01 8.649772e-01
    outer loop
      vertex   3.652862e+01 4.450046e+01 5.896705e+01
      vertex   3.601646e+01 4.409096e+01 5.928064e+01
      vertex   3.632076e+01 4.399866e+01 5.928064e+01
    endloop
  endfacet
  facet normal 2.365521e-01 4.425579e-01 8.649772e-01
    outer loop
      vertex   3.652862e+01 4.450046e+01 5.896705e+01
      vertex   3.632076e+01 4.399866e+01 5.928064e+01
      vertex   3.690296e+01 4.430036e+01 5.896705e+01
    endloop
  endfacet
  facet normal 2.365521e-01 4.425579e-01 8.649772e-01
    outer loop
      vertex   3.690296e+01 4.430036e+01 5.896705e+01
      vertex   3.632076e+01 4.399866e+01 5.928064e+01
      vertex   3.660121e+01 4.384875e+01 5.928064e+01
    endloop
  endfacet
  facet normal 3.183456e-01 3.879053e-01 8.649772e-01
    outer loop
      vertex   3.690296e+01 4.430036e+01 5.896705e+01
      vertex   3.660121e+01 4.384875e+01 5.928064e+01
      vertex   3.723108e+01 4.403108e+01 5.896705e+01
    endloop
  endfacet
  facet normal 3.183456e-01 3.879053e-01 8.649772e-01
    outer loop
      vertex   3.723108e+01 4.403108e+01 5.896705e+01
      vertex   3.660121e+01 4.384875e+01 5.928064e+01
      vertex   3.684702e+01 4.364702e+01 5.928064e+01
    endloop
  endfacet
  facet normal 3.879053e-01 3.183456e-01 8.649772e-01
    outer loop
      vertex   3.723108e+01 4.403108e+01 5.896705e+01
      vertex   3.684702e+01 4.364702e+01 5.928064e+01
      vertex   3.750036e+01 4.370296e+01 5.896705e+01
    endloop
  endfacet
  facet normal 3.879053e-01 3.183456e-01 8.649772e-01
    outer loop
      vertex   3.750036e+01 4.370296e+01 5.896705e+01
      vertex   3.684702e+01 4.364702e+01 5.928064e+01
      vertex   3.704875e+01 4.340121e+01 5.928064e+01
    endloop
  endfacet
  facet normal 4.425579e-01 2.365521e-01 8.649772e-01
    outer loop
      vertex   3.750036e+01 4.370296e+01 5.896705e+01
      vertex   3.704875e+01 4.340121e+01 5.928064e+01
      vertex   3.770046e+01 4.332862e+01 5.896705e+01
    endloop
  endfacet
  facet normal 4.425579e-01 2.365521e-01 8.649772e-01
    outer loop
      vertex   3.770046e+01 4.332862e+01 5.896705e+01
      vertex   3.704875e+01 4.340121e+01 5.928064e+01
      vertex   3.719866e+01 4.312076e+01 5.928064e+01
    endloop
  endfacet
  facet normal 4.802034e-01 1.456681e-01 8.649772e-01
    outer loop
      vertex   3.770046e+01 4.332862e+01 5.896705e+01
      vertex   3.719866e+01 4.312076e+01 5.928064e+01
      vertex   3.782367e+01 4.292243e+01 5.896705e+01
    endloop
  endfacet
  facet normal 4.802034e-01 1.456681e-01 8.649772e-01
    outer loop
      vertex   3.782367e+01 4.292243e+01 5.896705e+01
      vertex   3.719866e+01 4.312076e+01 5.928064e+01
      vertex   3.729096e+01 4.281646e+01 5.928064e+01
    endloop
  endfacet
  facet normal 3.042143e-02 3.088740e-01 9.506163e-01
    outer loop
      vertex   3.570000e+01 4.412213e+01 5.928064e+01
      vertex   3.570000e+01 4.352566e+01 5.947444e+01
      vertex   3.601646e+01 4.409096e+01 5.928064e+01
    endloop
  endfacet
  facet normal 3.042143e-02 3.088740e-01 9.506163e-01
    outer loop
      vertex   3.601646e+01 4.409096e+01 5.928064e+01
      vertex   3.570000e+01 4.352566e+01 5.947444e+01
      vertex   3.590010e+01 4.350595e+01 5.947444e+01
    endloop
  endfacet
  facet normal 9.009521e-02 2.970041e-01 9.506163e-01
    outer loop
      vertex   3.601646e+01 4.409096e+01 5.928064e+01
      vertex   3.590010e+01 4.350595e+01 5.947444e+01
      vertex   3.632076e+01 4.399866e+01 5.928064e+01
    endloop
  endfacet
  facet normal 9.009521e-02 2.970041e-01 9.506163e-01
    outer loop
      vertex   3.632076e+01 4.399866e+01 5.928064e+01
      vertex   3.590010e+01 4.350595e+01 5.947444e+01
      vertex   3.609250e+01 4.344759e+01 5.947444e+01
    endloop
  endfacet
  facet normal 1.463067e-01 2.737206e-01 9.506163e-01
    outer loop
      vertex   3.632076e+01 4.399866e+01 5.928064e+01
      vertex   3.609250e+01 4.344759e+01 5.947444e+01
      vertex   3.660121e+01 4.384875e+01 5.928064e+01
    endloop
  endfacet
  facet normal 1.463067e-01 2.737206e-01 9.506163e-01
    outer loop
      vertex   3.660121e+01 4.384875e+01 5.928064e+01
      vertex   3.609250e+01 4.344759e+01 5.947444e+01
      vertex   3.626983e+01 4.335280e+01 5.947444e+01
    endloop
  endfacet
  facet normal 1.968957e-01 2.399181e-01 9.506163e-01
    outer loop
      vertex   3.660121e+01 4.384875e+01 5.928064e+01
      vertex   3.626983e+01 4.335280e+01 5.947444e+01
      vertex   3.684702e+01 4.364702e+01 5.928064e+01
    endloop
  endfacet
  facet normal 1.968957e-01 2.399181e-01 9.506163e-01
    outer loop
      vertex   3.684702e+01 4.364702e+01 5.928064e+01
      vertex   3.626983e+01 4.335280e+01 5.947444e+01
      vertex   3.642525e+01 4.322525e+01 5.947444e+01
    endloop
  endfacet
  facet normal 2.399181e-01 1.968957e-01 9.506163e-01
    outer loop
      vertex   3.684702e+01 4.364702e+01 5.928064e+01
      vertex   3.642525e+01 4.322525e+01 5.947444e+01
      vertex   3.704875e+01 4.340121e+01 5.928064e+01
    endloop
  endfacet
  facet normal 2.399181e-01 1.968957e-01 9.506163e-01
    outer loop
      vertex   3.704875e+01 4.340121e+01 5.928064e+01
      vertex   3.642525e+01 4.322525e+01 5.947444e+01
      vertex   3.655280e+01 4.306983e+01 5.947444e+01
    endloop
  endfacet
  facet normal 2.737206e-01 1.463067e-01 9.506163e-01
    outer loop
      vertex   3.704875e+01 4.340121e+01 5.928064e+01
      vertex   3.655280e+01 4.306983e+01 5.947444e+01
      vertex   3.719866e+01 4.312076e+01 5.928064e+01
    endloop
  endfacet
  facet normal 2.737206e-01 1.463067e-01 9.506163e-01
    outer loop
      vertex   3.719866e+01 4.312076e+01 5.928064e+01
      vertex   3.655280e+01 4.306983e+01 5.947444e+01
      vertex   3.664759e+01 4.289250e+01 5.947444e+01
    endloop
  endfacet
  facet normal 2.970041e-01 9.009521e-02 9.506163e-01
    outer loop
      vertex   3.719866e+01 4.312076e+01 5.928064e+01
      vertex   3.664759e+01 4.289250e+01 5.947444e+01
      vertex   3.729096e+01 4.281646e+01 5.928064e+01
    endloop
  endfacet
  facet normal 2.970041e-01 9.009521e-02 9.506163e-01
    outer loop
      vertex   3.729096e+01 4.281646e+01 5.928064e+01
      vertex   3.664759e+01 4.289250e+01 5.947444e+01
      vertex   3.670595e+01 4.270010e+01 5.947444e+01
    endloop
  endfacet
  facet normal 1.029461e-02 1.045229e-01 9.944692e-01
    outer loop
      vertex   3.570000e+01 4.352566e+01 5.947444e+01
      vertex   3.570000e+01 4.290192e+01 5.954000e+01
      vertex   3.590010e+01 4.350595e+01 5.947444e+01
    endloop
  endfacet
  facet normal 1.361687e-02 1.034304e-01 9.945435e-01
    outer loop
      vertex   3.590010e+01 4.350595e+01 5.947444e+01
      vertex   3.570000e+01 4.290192e+01 5.954000e+01
      vertex   3.580403e+01 4.288823e+01 5.954000e+01
    endloop
  endfacet
  facet normal 3.057200e-02 1.007824e-01 9.944387e-01
    outer loop
      vertex   3.590010e+01 4.350595e+01 5.947444e+01
      vertex   3.580403e+01 4.288823e+01 5.954000e+01
      vertex   3.609250e+01 4.344759e+01 5.947444e+01
    endloop
  endfacet
  facet normal 3.978438e-02 9.604799e-02 9.945813e-01
    outer loop
      vertex   3.609250e+01 4.344759e+01 5.947444e+01
      vertex   3.580403e+01 4.288823e+01 5.954000e+01
      vertex   3.590096e+01 4.284808e+01 5.954000e+01
    endloop
  endfacet
  facet normal 4.964623e-02 9.288156e-02 9.944387e-01
    outer loop
      vertex   3.609250e+01 4.344759e+01 5.947444e+01
      vertex   3.590096e+01 4.284808e+01 5.954000e+01
      vertex   3.626983e+01 4.335280e+01 5.947444e+01
    endloop
  endfacet
  facet normal 6.350777e-02 8.276493e-02 9.945435e-01
    outer loop
      vertex   3.626983e+01 4.335280e+01 5.947444e+01
      vertex   3.590096e+01 4.284808e+01 5.954000e+01
      vertex   3.598420e+01 4.278420e+01 5.954000e+01
    endloop
  endfacet
  facet normal 6.662948e-02 8.118826e-02 9.944692e-01
    outer loop
      vertex   3.626983e+01 4.335280e+01 5.947444e+01
      vertex   3.598420e+01 4.278420e+01 5.954000e+01
      vertex   3.642525e+01 4.322525e+01 5.947444e+01
    endloop
  endfacet
  facet normal 8.118826e-02 6.662948e-02 9.944692e-01
    outer loop
      vertex   3.642525e+01 4.322525e+01 5.947444e+01
      vertex   3.598420e+01 4.278420e+01 5.954000e+01
      vertex   3.655280e+01 4.306983e+01 5.947444e+01
    endloop
  endfacet
  facet normal 8.276493e-02 6.350777e-02 9.945435e-01
    outer loop
      vertex   3.598420e+01 4.278420e+01 5.954000e+01
      vertex   3.604808e+01 4.270096e+01 5.954000e+01
      vertex   3.655280e+01 4.306983e+01 5.947444e+01
    endloop
  endfacet
  facet normal 9.288156e-02 4.964623e-02 9.944387e-01
    outer loop
      vertex   3.655280e+01 4.306983e+01 5.947444e+01
      vertex   3.604808e+01 4.270096e+01 5.954000e+01
      vertex   3.664759e+01 4.289250e+01 5.947444e+01
    endloop
  endfacet
  facet normal 9.604799e-02 3.978438e-02 9.945813e-01
    outer loop
      vertex   3.604808e+01 4.270096e+01 5.954000e+01
      vertex   3.608823e+01 4.260403e+01 5.954000e+01
      vertex   3.664759e+01 4.289250e+01 5.947444e+01
    endloop
  endfacet
  facet normal 1.007824e-01 3.057200e-02 9.944387e-01
    outer loop
      vertex   3.664759e+01 4.289250e+01 5.947444e+01
      vertex   3.608823e+01 4.260403e+01 5.954000e+01
      vertex   3.670595e+01 4.270010e+01 5.947444e+01
    endloop
  endfacet
  facet normal 8.064609e-01 -7.942947e-02 5.859281e-01
    outer loop
      vertex   3.870000e+01 -2.420000e+01 5.804000e+01
      vertex   3.833136e+01 -2.420000e+01 5.854739e+01
      vertex   3.864236e+01 -2.478527e+01 5.804000e+01
    endloop
  endfacet
  facet normal 8.064609e-01 -7.942947e-02 5.859281e-01
    outer loop
      vertex   3.864236e+01 -2.478527e+01 5.804000e+01
      vertex   3.833136e+01 -2.420000e+01 5.854739e+01
      vertex   3.828080e+01 -2.471335e+01 5.854739e+01
    endloop
  endfacet
  facet normal 7.754691e-01 -2.352360e-01 5.859281e-01
    outer loop
      vertex   3.864236e+01 -2.478527e+01 5.804000e+01
      vertex   3.828080e+01 -2.471335e+01 5.854739e+01
      vertex   3.847164e+01 -2.534805e+01 5.804000e+01
    endloop
  endfacet
  facet normal 7.754691e-01 -2.352360e-01 5.859281e-01
    outer loop
      vertex   3.847164e+01 -2.534805e+01 5.804000e+01
      vertex   3.828080e+01 -2.471335e+01 5.854739e+01
      vertex   3.813106e+01 -2.520698e+01 5.854739e+01
    endloop
  endfacet
  facet normal 7.146764e-01 -3.820025e-01 5.859281e-01
    outer loop
      vertex   3.847164e+01 -2.534805e+01 5.804000e+01
      vertex   3.813106e+01 -2.520698e+01 5.854739e+01
      vertex   3.819441e+01 -2.586671e+01 5.804000e+01
    endloop
  endfacet
  facet normal 7.146764e-01 -3.820025e-01 5.859281e-01
    outer loop
      vertex   3.819441e+01 -2.586671e+01 5.804000e+01
      vertex   3.813106e+01 -2.520698e+01 5.854739e+01
      vertex   3.788789e+01 -2.566190e+01 5.854739e+01
    endloop
  endfacet
  facet normal 6.264191e-01 -5.140889e-01 5.859281e-01
    outer loop
      vertex   3.819441e+01 -2.586671e+01 5.804000e+01
      vertex   3.788789e+01 -2.566190e+01 5.854739e+01
      vertex   3.782132e+01 -2.632132e+01 5.804000e+01
    endloop
  endfacet
  facet normal 6.264191e-01 -5.140889e-01 5.859281e-01
    outer loop
      vertex   3.782132e+01 -2.632132e+01 5.804000e+01
      vertex   3.788789e+01 -2.566190e+01 5.854739e+01
      vertex   3.756065e+01 -2.606065e+01 5.854739e+01
    endloop
  endfacet
  facet normal 5.140889e-01 -6.264191e-01 5.859281e-01
    outer loop
      vertex   3.782132e+01 -2.632132e+01 5.804000e+01
      vertex   3.756065e+01 -2.606065e+01 5.854739e+01
      vertex   3.736671e+01 -2.669441e+01 5.804000e+01
    endloop
  endfacet
  facet normal 5.140889e-01 -6.264191e-01 5.859281e-01
    outer loop
      vertex   3.736671e+01 -2.669441e+01 5.804000e+01
      vertex   3.756065e+01 -2.606065e+01 5.854739e+01
      vertex   3.716190e+01 -2.638789e+01 5.854739e+01
    endloop
  endfacet
  facet normal 3.820025e-01 -7.146764e-01 5.859281e-01
    outer loop
      vertex   3.736671e+01 -2.669441e+01 5.804000e+01
      vertex   3.716190e+01 -2.638789e+01 5.854739e+01
      vertex   3.684805e+01 -2.697164e+01 5.804000e+01
    endloop
  endfacet
  facet normal 3.820025e-01 -7.146764e-01 5.859281e-01
    outer loop
      vertex   3.684805e+01 -2.697164e+01 5.804000e+01
      vertex   3.716190e+01 -2.638789e+01 5.854739e+01
      vertex   3.670698e+01 -2.663106e+01 5.854739e+01
    endloop
  endfacet
  facet normal 2.352360e-01 -7.754691e-01 5.859281e-01
    outer loop
      vertex   3.684805e+01 -2.697164e+01 5.804000e+01
      vertex   3.670698e+01 -2.663106e+01 5.854739e+01
      vertex   3.628527e+01 -2.714236e+01 5.804000e+01
    endloop
  endfacet
  facet normal 2.352360e-01 -7.754691e-01 5.859281e-01
    outer loop
      vertex   3.628527e+01 -2.714236e+01 5.804000e+01
      vertex   3.670698e+01 -2.663106e+01 5.854739e+01
      vertex   3.621335e+01 -2.678080e+01 5.854739e+01
    endloop
  endfacet
  facet normal 7.942947e-02 -8.064609e-01 5.859281e-01
    outer loop
      vertex   3.628527e+01 -2.714236e+01 5.804000e+01
      vertex   3.621335e+01 -2.678080e+01 5.854739e+01
      vertex   3.570000e+01 -2.720000e+01 5.804000e+01
    endloop
  endfacet
  facet normal 7.942947e-02 -8.064609e-01 5.859281e-01
    outer loop
      vertex   3.570000e+01 -2.720000e+01 5.804000e+01
      vertex   3.621335e+01 -2.678080e+01 5.854739e+01
      vertex   3.570000e+01 -2.683136e+01 5.854739e+01
    endloop
  endfacet
  facet normal 6.576096e-02 -6.676822e-01 7.415362e-01
    outer loop
      vertex   3.570000e+01 -2.683136e+01 5.854739e+01
      vertex   3.621335e+01 -2.678080e+01 5.854739e+01
      vertex   3.612243e+01 -2.632367e+01 5.896705e+01
    endloop
  endfacet
  facet normal 6.576096e-02 -6.676822e-01 7.415362e-01
    outer loop
      vertex   3.570000e+01 -2.683136e+01 5.854739e+01
      vertex   3.612243e+01 -2.632367e+01 5.896705e+01
      vertex   3.570000e+01 -2.636528e+01 5.896705e+01
    endloop
  endfacet
  facet normal 4.918610e-02 -4.993948e-01 8.649772e-01
    outer loop
      vertex   3.570000e+01 -2.636528e+01 5.896705e+01
      vertex   3.612243e+01 -2.632367e+01 5.896705e+01
      vertex   3.601646e+01 -2.579096e+01 5.928064e+01
    endloop
  endfacet
  facet normal 4.918610e-02 -4.993948e-01 8.649772e-01
    outer loop
      vertex   3.570000e+01 -2.636528e+01 5.896705e+01
      vertex   3.601646e+01 -2.579096e+01 5.928064e+01
      vertex   3.570000e+01 -2.582213e+01 5.928064e+01
    endloop
  endfacet
  facet normal 3.042143e-02 -3.088740e-01 9.506163e-01
    outer loop
      vertex   3.570000e+01 -2.582213e+01 5.928064e+01
      vertex   3.601646e+01 -2.579096e+01 5.928064e+01
      vertex   3.590010e+01 -2.520595e+01 5.947444e+01
    endloop
  endfacet
  facet normal 3.042143e-02 -3.088740e-01 9.506163e-01
    outer loop
      vertex   3.570000e+01 -2.582213e+01 5.928064e+01
      vertex   3.590010e+01 -2.520595e+01 5.947444e+01
      vertex   3.570000e+01 -2.522566e+01 5.947444e+01
    endloop
  endfacet
  facet normal 1.029461e-02 -1.045229e-01 9.944692e-01
    outer loop
      vertex   3.570000e+01 -2.522566e+01 5.947444e+01
      vertex   3.590010e+01 -2.520595e+01 5.947444e+01
      vertex   3.570000e+01 -2.460192e+01 5.954000e+01
    endloop
  endfacet
  facet normal 1.361687e-02 -1.034304e-01 9.945435e-01
    outer loop
      vertex   3.570000e+01 -2.460192e+01 5.954000e+01
      vertex   3.590010e+01 -2.520595e+01 5.947444e+01
      vertex   3.580403e+01 -2.458823e+01 5.954000e+01
    endloop
  endfacet
  facet normal 3.057200e-02 -1.007824e-01 9.944387e-01
    outer loop
      vertex   3.580403e+01 -2.458823e+01 5.954000e+01
      vertex   3.590010e+01 -2.520595e+01 5.947444e+01
      vertex   3.609250e+01 -2.514759e+01 5.947444e+01
    endloop
  endfacet
  facet normal 3.978438e-02 -9.604799e-02 9.945813e-01
    outer loop
      vertex   3.580403e+01 -2.458823e+01 5.954000e+01
      vertex   3.609250e+01 -2.514759e+01 5.947444e+01
      vertex   3.590096e+01 -2.454808e+01 5.954000e+01
    endloop
  endfacet
  facet normal 4.964623e-02 -9.288156e-02 9.944387e-01
    outer loop
      vertex   3.590096e+01 -2.454808e+01 5.954000e+01
      vertex   3.609250e+01 -2.514759e+01 5.947444e+01
      vertex   3.626983e+01 -2.505280e+01 5.947444e+01
    endloop
  endfacet
  facet normal 6.350777e-02 -8.276493e-02 9.945435e-01
    outer loop
      vertex   3.590096e+01 -2.454808e+01 5.954000e+01
      vertex   3.626983e+01 -2.505280e+01 5.947444e+01
      vertex   3.598420e+01 -2.448420e+01 5.954000e+01
    endloop
  endfacet
  facet normal 6.662948e-02 -8.118826e-02 9.944692e-01
    outer loop
      vertex   3.598420e+01 -2.448420e+01 5.954000e+01
      vertex   3.626983e+01 -2.505280e+01 5.947444e+01
      vertex   3.642525e+01 -2.492525e+01 5.947444e+01
    endloop
  endfacet
  facet normal 8.118826e-02 -6.662948e-02 9.944692e-01
    outer loop
      vertex   3.598420e+01 -2.448420e+01 5.954000e+01
      vertex   3.642525e+01 -2.492525e+01 5.947444e+01
      vertex   3.655280e+01 -2.476983e+01 5.947444e+01
    endloop
  endfacet
  facet normal 2.399181e-01 -1.968957e-01 9.506163e-01
    outer loop
      vertex   3.655280e+01 -2.476983e+01 5.947444e+01
      vertex   3.642525e+01 -2.492525e+01 5.947444e+01
      vertex   3.684702e+01 -2.534702e+01 5.928064e+01
    endloop
  endfacet
  facet normal 2.399181e-01 -1.968957e-01 9.506163e-01
    outer loop
      vertex   3.655280e+01 -2.476983e+01 5.947444e+01
      vertex   3.684702e+01 -2.534702e+01 5.928064e+01
      vertex   3.704875e+01 -2.510121e+01 5.928064e+01
    endloop
  endfacet
  facet normal 3.879053e-01 -3.183456e-01 8.649772e-01
    outer loop
      vertex   3.704875e+01 -2.510121e+01 5.928064e+01
      vertex   3.684702e+01 -2.534702e+01 5.928064e+01
      vertex   3.723108e+01 -2.573108e+01 5.896705e+01
    endloop
  endfacet
  facet normal 3.879053e-01 -3.183456e-01 8.649772e-01
    outer loop
      vertex   3.704875e+01 -2.510121e+01 5.928064e+01
      vertex   3.723108e+01 -2.573108e+01 5.896705e+01
      vertex   3.750036e+01 -2.540296e+01 5.896705e+01
    endloop
  endfacet
  facet normal 5.186226e-01 -4.256226e-01 7.415362e-01
    outer loop
      vertex   3.750036e+01 -2.540296e+01 5.896705e+01
      vertex   3.723108e+01 -2.573108e+01 5.896705e+01
      vertex   3.756065e+01 -2.606065e+01 5.854739e+01
    endloop
  endfacet
  facet normal 5.186226e-01 -4.256226e-01 7.415362e-01
    outer loop
      vertex   3.750036e+01 -2.540296e+01 5.896705e+01
      vertex   3.756065e+01 -2.606065e+01 5.854739e+01
      vertex   3.788789e+01 -2.566190e+01 5.854739e+01
    endloop
  endfacet
  facet normal 6.676822e-01 -6.576096e-02 7.415362e-01
    outer loop
      vertex   3.833136e+01 -2.420000e+01 5.854739e+01
      vertex   3.786528e+01 -2.420000e+01 5.896705e+01
      vertex   3.828080e+01 -2.471335e+01 5.854739e+01
    endloop
  endfacet
  facet normal 6.676822e-01 -6.576096e-02 7.415362e-01
    outer loop
      vertex   3.828080e+01 -2.471335e+01 5.854739e+01
      vertex   3.786528e+01 -2.420000e+01 5.896705e+01
      vertex   3.782367e+01 -2.462243e+01 5.896705e+01
    endloop
  endfacet
  facet normal 6.420236e-01 -1.947557e-01 7.415362e-01
    outer loop
      vertex   3.828080e+01 -2.471335e+01 5.854739e+01
      vertex   3.782367e+01 -2.462243e+01 5.896705e+01
      vertex   3.813106e+01 -2.520698e+01 5.854739e+01
    endloop
  endfacet
  facet normal 6.420236e-01 -1.947557e-01 7.415362e-01
    outer loop
      vertex   3.813106e+01 -2.520698e+01 5.854739e+01
      vertex   3.782367e+01 -2.462243e+01 5.896705e+01
      vertex   3.770046e+01 -2.502862e+01 5.896705e+01
    endloop
  endfacet
  facet normal 5.916923e-01 -3.162661e-01 7.415362e-01
    outer loop
      vertex   3.813106e+01 -2.520698e+01 5.854739e+01
      vertex   3.770046e+01 -2.502862e+01 5.896705e+01
      vertex   3.788789e+01 -2.566190e+01 5.854739e+01
    endloop
  endfacet
  facet normal 5.916923e-01 -3.162661e-01 7.415362e-01
    outer loop
      vertex   3.788789e+01 -2.566190e+01 5.854739e+01
      vertex   3.770046e+01 -2.502862e+01 5.896705e+01
      vertex   3.750036e+01 -2.540296e+01 5.896705e+01
    endloop
  endfacet
  facet normal 4.993948e-01 -4.918610e-02 8.649772e-01
    outer loop
      vertex   3.786528e+01 -2.420000e+01 5.896705e+01
      vertex   3.732213e+01 -2.420000e+01 5.928064e+01
      vertex   3.782367e+01 -2.462243e+01 5.896705e+01
    endloop
  endfacet
  facet normal 4.993948e-01 -4.918610e-02 8.649772e-01
    outer loop
      vertex   3.782367e+01 -2.462243e+01 5.896705e+01
      vertex   3.732213e+01 -2.420000e+01 5.928064e+01
      vertex   3.729096e+01 -2.451646e+01 5.928064e+01
    endloop
  endfacet
  facet normal 4.802034e-01 -1.456681e-01 8.649772e-01
    outer loop
      vertex   3.782367e+01 -2.462243e+01 5.896705e+01
      vertex   3.729096e+01 -2.451646e+01 5.928064e+01
      vertex   3.770046e+01 -2.502862e+01 5.896705e+01
    endloop
  endfacet
  facet normal 4.802034e-01 -1.456681e-01 8.649772e-01
    outer loop
      vertex   3.770046e+01 -2.502862e+01 5.896705e+01
      vertex   3.729096e+01 -2.451646e+01 5.928064e+01
      vertex   3.719866e+01 -2.482076e+01 5.928064e+01
    endloop
  endfacet
  facet normal 4.425579e-01 -2.365521e-01 8.649772e-01
    outer loop
      vertex   3.770046e+01 -2.502862e+01 5.896705e+01
      vertex   3.719866e+01 -2.482076e+01 5.928064e+01
      vertex   3.750036e+01 -2.540296e+01 5.896705e+01
    endloop
  endfacet
  facet normal 4.425579e-01 -2.365521e-01 8.649772e-01
    outer loop
      vertex   3.750036e+01 -2.540296e+01 5.896705e+01
      vertex   3.719866e+01 -2.482076e+01 5.928064e+01
      vertex   3.704875e+01 -2.510121e+01 5.928064e+01
    endloop
  endfacet
  facet normal 3.088740e-01 -3.042143e-02 9.506163e-01
    outer loop
      vertex   3.732213e+01 -2.420000e+01 5.928064e+01
      vertex   3.672566e+01 -2.420000e+01 5.947444e+01
      vertex   3.729096e+01 -2.451646e+01 5.928064e+01
    endloop
  endfacet
  facet normal 3.088740e-01 -3.042143e-02 9.506163e-01
    outer loop
      vertex   3.729096e+01 -2.451646e+01 5.928064e+01
      vertex   3.672566e+01 -2.420000e+01 5.947444e+01
      vertex   3.670595e+01 -2.440010e+01 5.947444e+01
    endloop
  endfacet
  facet normal 2.970041e-01 -9.009521e-02 9.506163e-01
    outer loop
      vertex   3.729096e+01 -2.451646e+01 5.928064e+01
      vertex   3.670595e+01 -2.440010e+01 5.947444e+01
      vertex   3.719866e+01 -2.482076e+01 5.928064e+01
    endloop
  endfacet
  facet normal 2.970041e-01 -9.009521e-02 9.506163e-01
    outer loop
      vertex   3.719866e+01 -2.482076e+01 5.928064e+01
      vertex   3.670595e+01 -2.440010e+01 5.947444e+01
      vertex   3.664759e+01 -2.459250e+01 5.947444e+01
    endloop
  endfacet
  facet normal 2.737206e-01 -1.463067e-01 9.506163e-01
    outer loop
      vertex   3.719866e+01 -2.482076e+01 5.928064e+01
      vertex   3.664759e+01 -2.459250e+01 5.947444e+01
      vertex   3.704875e+01 -2.510121e+01 5.928064e+01
    endloop
  endfacet
  facet normal 2.737206e-01 -1.463067e-01 9.506163e-01
    outer loop
      vertex   3.704875e+01 -2.510121e+01 5.928064e+01
      vertex   3.664759e+01 -2.459250e+01 5.947444e+01
      vertex   3.655280e+01 -2.476983e+01 5.947444e+01
    endloop
  endfacet
  facet normal 1.045229e-01 -1.029461e-02 9.944692e-01
    outer loop
      vertex   3.672566e+01 -2.420000e+01 5.947444e+01
      vertex   3.610192e+01 -2.420000e+01 5.954000e+01
      vertex   3.670595e+01 -2.440010e+01 5.947444e+01
    endloop
  endfacet
  facet normal 1.034304e-01 -1.361687e-02 9.945435e-01
    outer loop
      vertex   3.670595e+01 -2.440010e+01 5.947444e+01
      vertex   3.610192e+01 -2.420000e+01 5.954000e+01
      vertex   3.608823e+01 -2.430403e+01 5.954000e+01
    endloop
  endfacet
  facet normal 1.007824e-01 -3.057200e-02 9.944387e-01
    outer loop
      vertex   3.670595e+01 -2.440010e+01 5.947444e+01
      vertex   3.608823e+01 -2.430403e+01 5.954000e+01
      vertex   3.664759e+01 -2.459250e+01 5.947444e+01
    endloop
  endfacet
  facet normal 9.604799e-02 -3.978438e-02 9.945813e-01
    outer loop
      vertex   3.664759e+01 -2.459250e+01 5.947444e+01
      vertex   3.608823e+01 -2.430403e+01 5.954000e+01
      vertex   3.604808e+01 -2.440096e+01 5.954000e+01
    endloop
  endfacet
  facet normal 9.288156e-02 -4.964623e-02 9.944387e-01
    outer loop
      vertex   3.664759e+01 -2.459250e+01 5.947444e+01
      vertex   3.604808e+01 -2.440096e+01 5.954000e+01
      vertex   3.655280e+01 -2.476983e+01 5.947444e+01
    endloop
  endfacet
  facet normal 8.276493e-02 -6.350777e-02 9.945435e-01
    outer loop
      vertex   3.655280e+01 -2.476983e+01 5.947444e+01
      vertex   3.604808e+01 -2.440096e+01 5.954000e+01
      vertex   3.598420e+01 -2.448420e+01 5.954000e+01
    endloop
  endfacet
  facet normal 1.968957e-01 -2.399181e-01 9.506163e-01
    outer loop
      vertex   3.684702e+01 -2.534702e+01 5.928064e+01
      vertex   3.642525e+01 -2.492525e+01 5.947444e+01
      vertex   3.660121e+01 -2.554875e+01 5.928064e+01
    endloop
  endfacet
  facet normal 1.968957e-01 -2.399181e-01 9.506163e-01
    outer loop
      vertex   3.660121e+01 -2.554875e+01 5.928064e+01
      vertex   3.642525e+01 -2.492525e+01 5.947444e+01
      vertex   3.626983e+01 -2.505280e+01 5.947444e+01
    endloop
  endfacet
  facet normal 1.463067e-01 -2.737206e-01 9.506163e-01
    outer loop
      vertex   3.660121e+01 -2.554875e+01 5.928064e+01
      vertex   3.626983e+01 -2.505280e+01 5.947444e+01
      vertex   3.632076e+01 -2.569866e+01 5.928064e+01
    endloop
  endfacet
  facet normal 1.463067e-01 -2.737206e-01 9.506163e-01
    outer loop
      vertex   3.632076e+01 -2.569866e+01 5.928064e+01
      vertex   3.626983e+01 -2.505280e+01 5.947444e+01
      vertex   3.609250e+01 -2.514759e+01 5.947444e+01
    endloop
  endfacet
  facet normal 9.009521e-02 -2.970041e-01 9.506163e-01
    outer loop
      vertex   3.632076e+01 -2.569866e+01 5.928064e+01
      vertex   3.609250e+01 -2.514759e+01 5.947444e+01
      vertex   3.601646e+01 -2.579096e+01 5.928064e+01
    endloop
  endfacet
  facet normal 9.009521e-02 -2.970041e-01 9.506163e-01
    outer loop
      vertex   3.601646e+01 -2.579096e+01 5.928064e+01
      vertex   3.609250e+01 -2.514759e+01 5.947444e+01
      vertex   3.590010e+01 -2.520595e+01 5.947444e+01
    endloop
  endfacet
  facet normal 3.183456e-01 -3.879053e-01 8.649772e-01
    outer loop
      vertex   3.723108e+01 -2.573108e+01 5.896705e+01
      vertex   3.684702e+01 -2.534702e+01 5.928064e+01
      vertex   3.690296e+01 -2.600036e+01 5.896705e+01
    endloop
  endfacet
  facet normal 3.183456e-01 -3.879053e-01 8.649772e-01
    outer loop
      vertex   3.690296e+01 -2.600036e+01 5.896705e+01
      vertex   3.684702e+01 -2.534702e+01 5.928064e+01
      vertex   3.660121e+01 -2.554875e+01 5.928064e+01
    endloop
  endfacet
  facet normal 2.365521e-01 -4.425579e-01 8.649772e-01
    outer loop
      vertex   3.690296e+01 -2.600036e+01 5.896705e+01
      vertex   3.660121e+01 -2.554875e+01 5.928064e+01
      vertex   3.652862e+01 -2.620046e+01 5.896705e+01
    endloop
  endfacet
  facet normal 2.365521e-01 -4.425579e-01 8.649772e-01
    outer loop
      vertex   3.652862e+01 -2.620046e+01 5.896705e+01
      vertex   3.660121e+01 -2.554875e+01 5.928064e+01
      vertex   3.632076e+01 -2.569866e+01 5.928064e+01
    endloop
  endfacet
  facet normal 1.456681e-01 -4.802034e-01 8.649772e-01
    outer loop
      vertex   3.652862e+01 -2.620046e+01 5.896705e+01
      vertex   3.632076e+01 -2.569866e+01 5.928064e+01
      vertex   3.612243e+01 -2.632367e+01 5.896705e+01
    endloop
  endfacet
  facet normal 1.456681e-01 -4.802034e-01 8.649772e-01
    outer loop
      vertex   3.612243e+01 -2.632367e+01 5.896705e+01
      vertex   3.632076e+01 -2.569866e+01 5.928064e+01
      vertex   3.601646e+01 -2.579096e+01 5.928064e+01
    endloop
  endfacet
  facet normal 4.256226e-01 -5.186226e-01 7.415362e-01
    outer loop
      vertex   3.756065e+01 -2.606065e+01 5.854739e+01
      vertex   3.723108e+01 -2.573108e+01 5.896705e+01
      vertex   3.716190e+01 -2.638789e+01 5.854739e+01
    endloop
  endfacet
  facet normal 4.256226e-01 -5.186226e-01 7.415362e-01
    outer loop
      vertex   3.716190e+01 -2.638789e+01 5.854739e+01
      vertex   3.723108e+01 -2.573108e+01 5.896705e+01
      vertex   3.690296e+01 -2.600036e+01 5.896705e+01
    endloop
  endfacet
  facet normal 3.162661e-01 -5.916923e-01 7.415362e-01
    outer loop
      vertex   3.716190e+01 -2.638789e+01 5.854739e+01
      vertex   3.690296e+01 -2.600036e+01 5.896705e+01
      vertex   3.670698e+01 -2.663106e+01 5.854739e+01
    endloop
  endfacet
  facet normal 3.162661e-01 -5.916923e-01 7.415362e-01
    outer loop
      vertex   3.670698e+01 -2.663106e+01 5.854739e+01
      vertex   3.690296e+01 -2.600036e+01 5.896705e+01
      vertex   3.652862e+01 -2.620046e+01 5.896705e+01
    endloop
  endfacet
  facet normal 1.947557e-01 -6.420236e-01 7.415362e-01
    outer loop
      vertex   3.670698e+01 -2.663106e+01 5.854739e+01
      vertex   3.652862e+01 -2.620046e+01 5.896705e+01
      vertex   3.621335e+01 -2.678080e+01 5.854739e+01
    endloop
  endfacet
  facet normal 1.947557e-01 -6.420236e-01 7.415362e-01
    outer loop
      vertex   3.621335e+01 -2.678080e+01 5.854739e+01
      vertex   3.652862e+01 -2.620046e+01 5.896705e+01
      vertex   3.612243e+01 -2.632367e+01 5.896705e+01
    endloop
  endfacet
  facet normal 1.045285e-01 -0.000000e+00 9.945219e-01
    outer loop
      vertex   3.672566e+01 -2.420000e+01 5.947444e+01
      vertex   3.672566e+01 -1.086000e+01 5.947444e+01
      vertex   3.610192e+01 -2.420000e+01 5.954000e+01
    endloop
  endfacet
  facet normal 1.045285e-01 0.000000e+00 9.945219e-01
    outer loop
      vertex   3.610192e+01 -2.420000e+01 5.954000e+01
      vertex   3.672566e+01 -1.086000e+01 5.947444e+01
      vertex   3.672566e+01 2.480000e+00 5.947444e+01
    endloop
  endfacet
  facet normal 1.045285e-01 0.000000e+00 9.945219e-01
    outer loop
      vertex   3.610192e+01 -2.420000e+01 5.954000e+01
      vertex   3.672566e+01 2.480000e+00 5.947444e+01
      vertex   3.672566e+01 1.582000e+01 5.947444e+01
    endloop
  endfacet
  facet normal 3.090170e-01 0.000000e+00 9.510565e-01
    outer loop
      vertex   3.672566e+01 1.582000e+01 5.947444e+01
      vertex   3.672566e+01 2.480000e+00 5.947444e+01
      vertex   3.732213e+01 1.582000e+01 5.928064e+01
    endloop
  endfacet
  facet normal 3.090170e-01 0.000000e+00 9.510565e-01
    outer loop
      vertex   3.672566e+01 1.582000e+01 5.947444e+01
      vertex   3.732213e+01 1.582000e+01 5.928064e+01
      vertex   3.732213e+01 2.916000e+01 5.928064e+01
    endloop
  endfacet
  facet normal 5.000000e-01 0.000000e+00 8.660254e-01
    outer loop
      vertex   3.732213e+01 2.916000e+01 5.928064e+01
      vertex   3.732213e+01 1.582000e+01 5.928064e+01
      vertex   3.786528e+01 2.916000e+01 5.896705e+01
    endloop
  endfacet
  facet normal 5.000000e-01 0.000000e+00 8.660254e-01
    outer loop
      vertex   3.732213e+01 2.916000e+01 5.928064e+01
      vertex   3.786528e+01 2.916000e+01 5.896705e+01
      vertex   3.786528e+01 4.250000e+01 5.896705e+01
    endloop
  endfacet
  facet normal 6.691306e-01 0.000000e+00 7.431448e-01
    outer loop
      vertex   3.786528e+01 4.250000e+01 5.896705e+01
      vertex   3.786528e+01 2.916000e+01 5.896705e+01
      vertex   3.833136e+01 4.250000e+01 5.854739e+01
    endloop
  endfacet
  facet normal 6.691306e-01 3.564062e-16 7.431448e-01
    outer loop
      vertex   3.833136e+01 4.250000e+01 5.854739e+01
      vertex   3.786528e+01 2.916000e+01 5.896705e+01
      vertex   3.833136e+01 2.916000e+01 5.854739e+01
    endloop
  endfacet
  facet normal 8.090170e-01 4.309154e-16 5.877853e-01
    outer loop
      vertex   3.833136e+01 4.250000e+01 5.854739e+01
      vertex   3.833136e+01 2.916000e+01 5.854739e+01
      vertex   3.870000e+01 4.250000e+01 5.804000e+01
    endloop
  endfacet
  facet normal 8.090170e-01 -4.312727e-16 5.877853e-01
    outer loop
      vertex   3.870000e+01 4.250000e+01 5.804000e+01
      vertex   3.833136e+01 2.916000e+01 5.854739e+01
      vertex   3.833136e+01 1.582000e+01 5.854739e+01
    endloop
  endfacet
  facet normal 8.090170e-01 0.000000e+00 5.877853e-01
    outer loop
      vertex   3.870000e+01 4.250000e+01 5.804000e+01
      vertex   3.833136e+01 1.582000e+01 5.854739e+01
      vertex   3.833136e+01 2.480000e+00 5.854739e+01
    endloop
  endfacet
  facet normal 6.691306e-01 -0.000000e+00 7.431448e-01
    outer loop
      vertex   3.833136e+01 2.480000e+00 5.854739e+01
      vertex   3.833136e+01 1.582000e+01 5.854739e+01
      vertex   3.786528e+01 2.480000e+00 5.896705e+01
    endloop
  endfacet
  facet normal 6.691306e-01 0.000000e+00 7.431448e-01
    outer loop
      vertex   3.833136e+01 2.480000e+00 5.854739e+01
      vertex   3.786528e+01 2.480000e+00 5.896705e+01
      vertex   3.786528e+01 -1.086000e+01 5.896705e+01
    endloop
  endfacet
  facet normal 5.000000e-01 -0.000000e+00 8.660254e-01
    outer loop
      vertex   3.786528e+01 -1.086000e+01 5.896705e+01
      vertex   3.786528e+01 2.480000e+00 5.896705e+01
      vertex   3.732213e+01 -1.086000e+01 5.928064e+01
    endloop
  endfacet
  facet normal 5.000000e-01 0.000000e+00 8.660254e-01
    outer loop
      vertex   3.786528e+01 -1.086000e+01 5.896705e+01
      vertex   3.732213e+01 -1.086000e+01 5.928064e+01
      vertex   3.732213e+01 -2.420000e+01 5.928064e+01
    endloop
  endfacet
  facet normal 3.090170e-01 -0.000000e+00 9.510565e-01
    outer loop
      vertex   3.732213e+01 -2.420000e+01 5.928064e+01
      vertex   3.732213e+01 -1.086000e+01 5.928064e+01
      vertex   3.672566e+01 -2.420000e+01 5.947444e+01
    endloop
  endfacet
  facet normal 3.090170e-01 -0.000000e+00 9.510565e-01
    outer loop
      vertex   3.672566e+01 -2.420000e+01 5.947444e+01
      vertex   3.732213e+01 -1.086000e+01 5.928064e+01
      vertex   3.672566e+01 -1.086000e+01 5.947444e+01
    endloop
  endfacet
  facet normal 5.000000e-01 0.000000e+00 8.660254e-01
    outer loop
      vertex   3.732213e+01 -2.420000e+01 5.928064e+01
      vertex   3.786528e+01 -2.420000e+01 5.896705e+01
      vertex   3.786528e+01 -1.086000e+01 5.896705e+01
    endloop
  endfacet
  facet normal 6.691306e-01 0.000000e+00 7.431448e-01
    outer loop
      vertex   3.786528e+01 -1.086000e+01 5.896705e+01
      vertex   3.786528e+01 -2.420000e+01 5.896705e+01
      vertex   3.833136e+01 -1.086000e+01 5.854739e+01
    endloop
  endfacet
  facet normal 6.691306e-01 3.947804e-16 7.431448e-01
    outer loop
      vertex   3.786528e+01 -1.086000e+01 5.896705e+01
      vertex   3.833136e+01 -1.086000e+01 5.854739e+01
      vertex   3.833136e+01 2.480000e+00 5.854739e+01
    endloop
  endfacet
  facet normal 8.090170e-01 3.130784e-16 5.877853e-01
    outer loop
      vertex   3.833136e+01 2.480000e+00 5.854739e+01
      vertex   3.833136e+01 -1.086000e+01 5.854739e+01
      vertex   3.870000e+01 -2.420000e+01 5.804000e+01
    endloop
  endfacet
  facet normal 8.090170e-01 0.000000e+00 5.877853e-01
    outer loop
      vertex   3.833136e+01 2.480000e+00 5.854739e+01
      vertex   3.870000e+01 -2.420000e+01 5.804000e+01
      vertex   3.870000e+01 4.250000e+01 5.804000e+01
    endloop
  endfacet
  facet normal 6.691306e-01 3.549706e-16 7.431448e-01
    outer loop
      vertex   3.786528e+01 -2.420000e+01 5.896705e+01
      vertex   3.833136e+01 -2.420000e+01 5.854739e+01
      vertex   3.833136e+01 -1.086000e+01 5.854739e+01
    endloop
  endfacet
  facet normal 8.090170e-01 4.309154e-16 5.877853e-01
    outer loop
      vertex   3.833136e+01 -1.086000e+01 5.854739e+01
      vertex   3.833136e+01 -2.420000e+01 5.854739e+01
      vertex   3.870000e+01 -2.420000e+01 5.804000e+01
    endloop
  endfacet
  facet normal 5.000000e-01 0.000000e+00 8.660254e-01
    outer loop
      vertex   3.786528e+01 4.250000e+01 5.896705e+01
      vertex   3.732213e+01 4.250000e+01 5.928064e+01
      vertex   3.732213e+01 2.916000e+01 5.928064e+01
    endloop
  endfacet
  facet normal 3.090170e-01 -0.000000e+00 9.510565e-01
    outer loop
      vertex   3.732213e+01 2.916000e+01 5.928064e+01
      vertex   3.732213e+01 4.250000e+01 5.928064e+01
      vertex   3.672566e+01 2.916000e+01 5.947444e+01
    endloop
  endfacet
  facet normal 3.090170e-01 1.658741e-16 9.510565e-01
    outer loop
      vertex   3.732213e+01 2.916000e+01 5.928064e+01
      vertex   3.672566e+01 2.916000e+01 5.947444e+01
      vertex   3.672566e+01 1.582000e+01 5.947444e+01
    endloop
  endfacet
  facet normal 1.045285e-01 5.567612e-17 9.945219e-01
    outer loop
      vertex   3.672566e+01 1.582000e+01 5.947444e+01
      vertex   3.672566e+01 2.916000e+01 5.947444e+01
      vertex   3.610192e+01 4.250000e+01 5.954000e+01
    endloop
  endfacet
  facet normal 1.045285e-01 0.000000e+00 9.945219e-01
    outer loop
      vertex   3.672566e+01 1.582000e+01 5.947444e+01
      vertex   3.610192e+01 4.250000e+01 5.954000e+01
      vertex   3.610192e+01 -2.420000e+01 5.954000e+01
    endloop
  endfacet
  facet normal 3.090170e-01 0.000000e+00 9.510565e-01
    outer loop
      vertex   3.732213e+01 4.250000e+01 5.928064e+01
      vertex   3.672566e+01 4.250000e+01 5.947444e+01
      vertex   3.672566e+01 2.916000e+01 5.947444e+01
    endloop
  endfacet
  facet normal 1.045285e-01 -0.000000e+00 9.945219e-01
    outer loop
      vertex   3.672566e+01 2.916000e+01 5.947444e+01
      vertex   3.672566e+01 4.250000e+01 5.947444e+01
      vertex   3.610192e+01 4.250000e+01 5.954000e+01
    endloop
  endfacet
  facet normal 3.090170e-01 0.000000e+00 9.510565e-01
    outer loop
      vertex   3.672566e+01 2.480000e+00 5.947444e+01
      vertex   3.672566e+01 -1.086000e+01 5.947444e+01
      vertex   3.732213e+01 2.480000e+00 5.928064e+01
    endloop
  endfacet
  facet normal 3.090170e-01 0.000000e+00 9.510565e-01
    outer loop
      vertex   3.732213e+01 2.480000e+00 5.928064e+01
      vertex   3.672566e+01 -1.086000e+01 5.947444e+01
      vertex   3.732213e+01 -1.086000e+01 5.928064e+01
    endloop
  endfacet
  facet normal 5.000000e-01 0.000000e+00 8.660254e-01
    outer loop
      vertex   3.732213e+01 2.480000e+00 5.928064e+01
      vertex   3.732213e+01 -1.086000e+01 5.928064e+01
      vertex   3.786528e+01 2.480000e+00 5.896705e+01
    endloop
  endfacet
  facet normal 3.090170e-01 0.000000e+00 9.510565e-01
    outer loop
      vertex   3.672566e+01 2.480000e+00 5.947444e+01
      vertex   3.732213e+01 2.480000e+00 5.928064e+01
      vertex   3.732213e+01 1.582000e+01 5.928064e+01
    endloop
  endfacet
  facet normal 5.000000e-01 0.000000e+00 8.660254e-01
    outer loop
      vertex   3.732213e+01 1.582000e+01 5.928064e+01
      vertex   3.732213e+01 2.480000e+00 5.928064e+01
      vertex   3.786528e+01 1.582000e+01 5.896705e+01
    endloop
  endfacet
  facet normal 5.000000e-01 0.000000e+00 8.660254e-01
    outer loop
      vertex   3.732213e+01 1.582000e+01 5.928064e+01
      vertex   3.786528e+01 1.582000e+01 5.896705e+01
      vertex   3.786528e+01 2.916000e+01 5.896705e+01
    endloop
  endfacet
  facet normal 6.691306e-01 0.000000e+00 7.431448e-01
    outer loop
      vertex   3.786528e+01 2.916000e+01 5.896705e+01
      vertex   3.786528e+01 1.582000e+01 5.896705e+01
      vertex   3.833136e+01 2.916000e+01 5.854739e+01
    endloop
  endfacet
  facet normal 5.000000e-01 0.000000e+00 8.660254e-01
    outer loop
      vertex   3.786528e+01 1.582000e+01 5.896705e+01
      vertex   3.732213e+01 2.480000e+00 5.928064e+01
      vertex   3.786528e+01 2.480000e+00 5.896705e+01
    endloop
  endfacet
  facet normal 6.691306e-01 -3.564062e-16 7.431448e-01
    outer loop
      vertex   3.833136e+01 2.916000e+01 5.854739e+01
      vertex   3.786528e+01 1.582000e+01 5.896705e+01
      vertex   3.833136e+01 1.582000e+01 5.854739e+01
    endloop
  endfacet
  facet normal 6.691306e-01 0.000000e+00 7.431448e-01
    outer loop
      vertex   3.833136e+01 1.582000e+01 5.854739e+01
      vertex   3.786528e+01 1.582000e+01 5.896705e+01
      vertex   3.786528e+01 2.480000e+00 5.896705e+01
    endloop
  endfacet
  facet normal 0.000000e+00 0.000000e+00 1.000000e+00
    outer loop
      vertex   -3.116268e+01 -2.200630e+01 5.954000e+01
      vertex   3.116268e+01 -2.200630e+01 5.954000e+01
      vertex   -3.110000e+01 -2.145000e+01 5.954000e+01
    endloop
  endfacet
  facet normal -0.000000e+00 0.000000e+00 1.000000e+00
    outer loop
      vertex   -3.110000e+01 -2.145000e+01 5.954000e+01
      vertex   3.116268e+01 -2.200630e+01 5.954000e+01
      vertex   3.110000e+01 -2.145000e+01 5.954000e+01
    endloop
  endfacet
  facet normal 0.000000e+00 -0.000000e+00 1.000000e+00
    outer loop
      vertex   -3.110000e+01 -2.145000e+01 5.954000e+01
      vertex   3.110000e+01 -2.145000e+01 5.954000e+01
      vertex   -3.116268e+01 -2.089370e+01 5.954000e+01
    endloop
  endfacet
  facet normal -0.000000e+00 0.000000e+00 1.000000e+00
    outer loop
      vertex   -3.116268e+01 -2.089370e+01 5.954000e+01
      vertex   3.110000e+01 -2.145000e+01 5.954000e+01
      vertex   3.116268e+01 -2.089370e+01 5.954000e+01
    endloop
  endfacet
  facet normal 0.000000e+00 -0.000000e+00 1.000000e+00
    outer loop
      vertex   -3.116268e+01 -2.089370e+01 5.954000e+01
      vertex   3.116268e+01 -2.089370e+01 5.954000e+01
      vertex   -3.134758e+01 -2.036529e+01 5.954000e+01
    endloop
  endfacet
  facet normal -0.000000e+00 0.000000e+00 1.000000e+00
    outer loop
      vertex   -3.134758e+01 -2.036529e+01 5.954000e+01
      vertex   3.116268e+01 -2.089370e+01 5.954000e+01
      vertex   3.134758e+01 -2.036529e+01 5.954000e+01
    endloop
  endfacet
  facet normal 0.000000e+00 -0.000000e+00 1.000000e+00
    outer loop
      vertex   -3.134758e+01 -2.036529e+01 5.954000e+01
      vertex   3.134758e+01 -2.036529e+01 5.954000e+01
      vertex   -3.164542e+01 -1.989128e+01 5.954000e+01
    endloop
  endfacet
  facet normal -0.000000e+00 0.000000e+00 1.000000e+00
    outer loop
      vertex   -3.164542e+01 -1.989128e+01 5.954000e+01
      vertex   3.134758e+01 -2.036529e+01 5.954000e+01
      vertex   3.164542e+01 -1.989128e+01 5.954000e+01
    endloop
  endfacet
  facet normal 0.000000e+00 -0.000000e+00 1.000000e+00
    outer loop
      vertex   -3.164542e+01 -1.989128e+01 5.954000e+01
      vertex   3.164542e+01 -1.989128e+01 5.954000e+01
      vertex   -3.204128e+01 -1.949542e+01 5.954000e+01
    endloop
  endfacet
  facet normal 0.000000e+00 0.000000e+00 1.000000e+00
    outer loop
      vertex   -3.204128e+01 -1.949542e+01 5.954000e+01
      vertex   3.164542e+01 -1.989128e+01 5.954000e+01
      vertex   3.204128e+01 -1.949542e+01 5.954000e+01
    endloop
  endfacet
  facet normal -0.000000e+00 0.000000e+00 1.000000e+00
    outer loop
      vertex   -3.204128e+01 -1.949542e+01 5.954000e+01
      vertex   3.204128e+01 -1.949542e+01 5.954000e+01
      vertex   -3.204128e+01 3.779542e+01 5.954000e+01
    endloop
  endfacet
  facet normal -0.000000e+00 0.000000e+00 1.000000e+00
    outer loop
      vertex   -3.204128e+01 3.779542e+01 5.954000e+01
      vertex   3.204128e+01 -1.949542e+01 5.954000e+01
      vertex   3.204128e+01 3.779542e+01 5.954000e+01
    endloop
  endfacet
  facet normal 0.000000e+00 0.000000e+00 1.000000e+00
    outer loop
      vertex   -3.204128e+01 3.779542e+01 5.954000e+01
      vertex   3.204128e+01 3.779542e+01 5.954000e+01
      vertex   -3.164542e+01 3.819128e+01 5.954000e+01
    endloop
  endfacet
  facet normal -0.000000e+00 0.000000e+00 1.000000e+00
    outer loop
      vertex   -3.164542e+01 3.819128e+01 5.954000e+01
      vertex   3.204128e+01 3.779542e+01 5.954000e+01
      vertex   3.164542e+01 3.819128e+01 5.954000e+01
    endloop
  endfacet
  facet normal 0.000000e+00 0.000000e+00 1.000000e+00
    outer loop
      vertex   -3.164542e+01 3.819128e+01 5.954000e+01
      vertex   3.164542e+01 3.819128e+01 5.954000e+01
      vertex   -3.134758e+01 3.866529e+01 5.954000e+01
    endloop
  endfacet
  facet normal -0.000000e+00 0.000000e+00 1.000000e+00
    outer loop
      vertex   -3.134758e+01 3.866529e+01 5.954000e+01
      vertex   3.164542e+01 3.819128e+01 5.954000e+01
      vertex   3.134758e+01 3.866529e+01 5.954000e+01
    endloop
  endfacet
  facet normal 0.000000e+00 0.000000e+00 1.000000e+00
    outer loop
      vertex   -3.134758e+01 3.866529e+01 5.954000e+01
      vertex   3.134758e+01 3.866529e+01 5.954000e+01
      vertex   -3.116268e+01 3.919370e+01 5.954000e+01
    endloop
  endfacet
  facet normal -0.000000e+00 0.000000e+00 1.000000e+00
    outer loop
      vertex   -3.116268e+01 3.919370e+01 5.954000e+01
      vertex   3.134758e+01 3.866529e+01 5.954000e+01
      vertex   3.116268e+01 3.919370e+01 5.954000e+01
    endloop
  endfacet
  facet normal 0.000000e+00 0.000000e+00 1.000000e+00
    outer loop
      vertex   -3.116268e+01 3.919370e+01 5.954000e+01
      vertex   3.116268e+01 3.919370e+01 5.954000e+01
      vertex   -3.110000e+01 3.975000e+01 5.954000e+01
    endloop
  endfacet
  facet normal -0.000000e+00 0.000000e+00 1.000000e+00
    outer loop
      vertex   -3.110000e+01 3.975000e+01 5.954000e+01
      vertex   3.116268e+01 3.919370e+01 5.954000e+01
      vertex   3.110000e+01 3.975000e+01 5.954000e+01
    endloop
  endfacet
  facet normal 0.000000e+00 -0.000000e+00 1.000000e+00
    outer loop
      vertex   -3.110000e+01 3.975000e+01 5.954000e+01
      vertex   3.110000e+01 3.975000e+01 5.954000e+01
      vertex   -3.116268e+01 4.030630e+01 5.954000e+01
    endloop
  endfacet
  facet normal -0.000000e+00 0.000000e+00 1.000000e+00
    outer loop
      vertex   -3.116268e+01 4.030630e+01 5.954000e+01
      vertex   3.110000e+01 3.975000e+01 5.954000e+01
      vertex   3.116268e+01 4.030630e+01 5.954000e+01
    endloop
  endfacet
  facet normal 0.000000e+00 -0.000000e+00 1.000000e+00
    outer loop
      vertex   -3.116268e+01 4.030630e+01 5.954000e+01
      vertex   3.116268e+01 4.030630e+01 5.954000e+01
      vertex   -3.134758e+01 4.083471e+01 5.954000e+01
    endloop
  endfacet
  facet normal -0.000000e+00 0.000000e+00 1.000000e+00
    outer loop
      vertex   -3.134758e+01 4.083471e+01 5.954000e+01
      vertex   3.116268e+01 4.030630e+01 5.954000e+01
      vertex   3.134758e+01 4.083471e+01 5.954000e+01
    endloop
  endfacet
  facet normal 0.000000e+00 -0.000000e+00 1.000000e+00
    outer loop
      vertex   -3.134758e+01 4.083471e+01 5.954000e+01
      vertex   3.134758e+01 4.083471e+01 5.954000e+01
      vertex   -3.164542e+01 4.130872e+01 5.954000e+01
    endloop
  endfacet
  facet normal -0.000000e+00 0.000000e+00 1.000000e+00
    outer loop
      vertex   -3.164542e+01 4.130872e+01 5.954000e+01
      vertex   3.134758e+01 4.083471e+01 5.954000e+01
      vertex   3.164542e+01 4.130872e+01 5.954000e+01
    endloop
  endfacet
  facet normal 0.000000e+00 -0.000000e+00 1.000000e+00
    outer loop
      vertex   -3.164542e+01 4.130872e+01 5.954000e+01
      vertex   3.164542e+01 4.130872e+01 5.954000e+01
      vertex   -3.204128e+01 4.170458e+01 5.954000e+01
    endloop
  endfacet
  facet normal -0.000000e+00 0.000000e+00 1.000000e+00
    outer loop
      vertex   -3.204128e+01 4.170458e+01 5.954000e+01
      vertex   3.164542e+01 4.130872e+01 5.954000e+01
      vertex   3.204128e+01 4.170458e+01 5.954000e+01
    endloop
  endfacet
  facet normal 0.000000e+00 -0.000000e+00 1.000000e+00
    outer loop
      vertex   -3.204128e+01 4.170458e+01 5.954000e+01
      vertex   3.204128e+01 4.170458e+01 5.954000e+01
      vertex   -3.251529e+01 4.200242e+01 5.954000e+01
    endloop
  endfacet
  facet normal -0.000000e+00 0.000000e+00 1.000000e+00
    outer loop
      vertex   -3.251529e+01 4.200242e+01 5.954000e+01
      vertex   3.204128e+01 4.170458e+01 5.954000e+01
      vertex   3.251529e+01 4.200242e+01 5.954000e+01
    endloop
  endfacet
  facet normal 0.000000e+00 -0.000000e+00 1.000000e+00
    outer loop
      vertex   -3.251529e+01 4.200242e+01 5.954000e+01
      vertex   3.251529e+01 4.200242e+01 5.954000e+01
      vertex   -3.304370e+01 4.218732e+01 5.954000e+01
    endloop
  endfacet
  facet normal -0.000000e+00 0.000000e+00 1.000000e+00
    outer loop
      vertex   -3.304370e+01 4.218732e+01 5.954000e+01
      vertex   3.251529e+01 4.200242e+01 5.954000e+01
      vertex   3.304370e+01 4.218732e+01 5.954000e+01
    endloop
  endfacet
  facet normal 0.000000e+00 0.000000e+00 1.000000e+00
    outer loop
      vertex   -3.304370e+01 4.218732e+01 5.954000e+01
      vertex   3.304370e+01 4.218732e+01 5.954000e+01
      vertex   3.570000e+01 4.290192e+01 5.954000e+01
    endloop
  endfacet
  facet normal 0.000000e+00 0.000000e+00 1.000000e+00
    outer loop
      vertex   3.570000e+01 4.290192e+01 5.954000e+01
      vertex   3.304370e+01 4.218732e+01 5.954000e+01
      vertex   3.360000e+01 4.225000e+01 5.954000e+01
    endloop
  endfacet
  facet normal 0.000000e+00 0.000000e+00 1.000000e+00
    outer loop
      vertex   3.570000e+01 4.290192e+01 5.954000e+01
      vertex   3.360000e+01 4.225000e+01 5.954000e+01
      vertex   3.415630e+01 4.218732e+01 5.954000e+01
    endloop
  endfacet
  facet normal 0.000000e+00 0.000000e+00 1.000000e+00
    outer loop
      vertex   3.116268e+01 -2.200630e+01 5.954000e+01
      vertex   -3.116268e+01 -2.200630e+01 5.954000e+01
      vertex   3.134758e+01 -2.253471e+01 5.954000e+01
    endloop
  endfacet
  facet normal 0.000000e+00 0.000000e+00 1.000000e+00
    outer loop
      vertex   3.134758e+01 -2.253471e+01 5.954000e+01
      vertex   -3.116268e+01 -2.200630e+01 5.954000e+01
      vertex   -3.134758e+01 -2.253471e+01 5.954000e+01
    endloop
  endfacet
  facet normal 0.000000e+00 0.000000e+00 1.000000e+00
    outer loop
      vertex   3.134758e+01 -2.253471e+01 5.954000e+01
      vertex   -3.134758e+01 -2.253471e+01 5.954000e+01
      vertex   3.164542e+01 -2.300872e+01 5.954000e+01
    endloop
  endfacet
  facet normal 0.000000e+00 0.000000e+00 1.000000e+00
    outer loop
      vertex   3.164542e+01 -2.300872e+01 5.954000e+01
      vertex   -3.134758e+01 -2.253471e+01 5.954000e+01
      vertex   -3.164542e+01 -2.300872e+01 5.954000e+01
    endloop
  endfacet
  facet normal 0.000000e+00 0.000000e+00 1.000000e+00
    outer loop
      vertex   3.164542e+01 -2.300872e+01 5.954000e+01
      vertex   -3.164542e+01 -2.300872e+01 5.954000e+01
      vertex   3.204128e+01 -2.340458e+01 5.954000e+01
    endloop
  endfacet
  facet normal 0.000000e+00 0.000000e+00 1.000000e+00
    outer loop
      vertex   3.204128e+01 -2.340458e+01 5.954000e+01
      vertex   -3.164542e+01 -2.300872e+01 5.954000e+01
      vertex   -3.204128e+01 -2.340458e+01 5.954000e+01
    endloop
  endfacet
  facet normal 0.000000e+00 0.000000e+00 1.000000e+00
    outer loop
      vertex   3.204128e+01 -2.340458e+01 5.954000e+01
      vertex   -3.204128e+01 -2.340458e+01 5.954000e+01
      vertex   3.251529e+01 -2.370242e+01 5.954000e+01
    endloop
  endfacet
  facet normal 0.000000e+00 0.000000e+00 1.000000e+00
    outer loop
      vertex   3.251529e+01 -2.370242e+01 5.954000e+01
      vertex   -3.204128e+01 -2.340458e+01 5.954000e+01
      vertex   -3.251529e+01 -2.370242e+01 5.954000e+01
    endloop
  endfacet
  facet normal 0.000000e+00 0.000000e+00 1.000000e+00
    outer loop
      vertex   3.251529e+01 -2.370242e+01 5.954000e+01
      vertex   -3.251529e+01 -2.370242e+01 5.954000e+01
      vertex   3.304370e+01 -2.388732e+01 5.954000e+01
    endloop
  endfacet
  facet normal 0.000000e+00 0.000000e+00 1.000000e+00
    outer loop
      vertex   3.304370e+01 -2.388732e+01 5.954000e+01
      vertex   -3.251529e+01 -2.370242e+01 5.954000e+01
      vertex   -3.304370e+01 -2.388732e+01 5.954000e+01
    endloop
  endfacet
  facet normal 0.000000e+00 0.000000e+00 1.000000e+00
    outer loop
      vertex   3.304370e+01 -2.388732e+01 5.954000e+01
      vertex   -3.304370e+01 -2.388732e+01 5.954000e+01
      vertex   3.570000e+01 -2.460192e+01 5.954000e+01
    endloop
  endfacet
  facet normal 0.000000e+00 0.000000e+00 1.000000e+00
    outer loop
      vertex   3.570000e+01 -2.460192e+01 5.954000e+01
      vertex   -3.304370e+01 -2.388732e+01 5.954000e+01
      vertex   -3.620000e+01 -2.460192e+01 5.954000e+01
    endloop
  endfacet
  facet normal 0.000000e+00 0.000000e+00 1.000000e+00
    outer loop
      vertex   -3.620000e+01 -2.460192e+01 5.954000e+01
      vertex   -3.304370e+01 -2.388732e+01 5.954000e+01
      vertex   -3.360000e+01 -2.395000e+01 5.954000e+01
    endloop
  endfacet
  facet normal 0.000000e+00 0.000000e+00 1.000000e+00
    outer loop
      vertex   -3.620000e+01 -2.460192e+01 5.954000e+01
      vertex   -3.360000e+01 -2.395000e+01 5.954000e+01
      vertex   -3.415630e+01 -2.388732e+01 5.954000e+01
    endloop
  endfacet
  facet normal 0.000000e+00 0.000000e+00 1.000000e+00
    outer loop
      vertex   -3.415630e+01 -2.388732e+01 5.954000e+01
      vertex   -3.468471e+01 -2.370242e+01 5.954000e+01
      vertex   -3.620000e+01 -2.460192e+01 5.954000e+01
    endloop
  endfacet
  facet normal 0.000000e+00 0.000000e+00 1.000000e+00
    outer loop
      vertex   -3.620000e+01 -2.460192e+01 5.954000e+01
      vertex   -3.468471e+01 -2.370242e+01 5.954000e+01
      vertex   -3.515872e+01 -2.340458e+01 5.954000e+01
    endloop
  endfacet
  facet normal 0.000000e+00 -0.000000e+00 1.000000e+00
    outer loop
      vertex   -3.620000e+01 -2.460192e+01 5.954000e+01
      vertex   -3.515872e+01 -2.340458e+01 5.954000e+01
      vertex   -3.660192e+01 -2.420000e+01 5.954000e+01
    endloop
  endfacet
  facet normal 0.000000e+00 0.000000e+00 1.000000e+00
    outer loop
      vertex   -3.660192e+01 -2.420000e+01 5.954000e+01
      vertex   -3.515872e+01 -2.340458e+01 5.954000e+01
      vertex   -3.555458e+01 -2.300872e+01 5.954000e+01
    endloop
  endfacet
  facet normal 0.000000e+00 0.000000e+00 1.000000e+00
    outer loop
      vertex   -3.660192e+01 -2.420000e+01 5.954000e+01
      vertex   -3.555458e+01 -2.300872e+01 5.954000e+01
      vertex   -3.585242e+01 -2.253471e+01 5.954000e+01
    endloop
  endfacet
  facet normal 0.000000e+00 0.000000e+00 1.000000e+00
    outer loop
      vertex   -3.585242e+01 -2.253471e+01 5.954000e+01
      vertex   -3.603732e+01 -2.200630e+01 5.954000e+01
      vertex   -3.660192e+01 -2.420000e+01 5.954000e+01
    endloop
  endfacet
  facet normal 0.000000e+00 0.000000e+00 1.000000e+00
    outer loop
      vertex   -3.660192e+01 -2.420000e+01 5.954000e+01
      vertex   -3.603732e+01 -2.200630e+01 5.954000e+01
      vertex   -3.610000e+01 -2.145000e+01 5.954000e+01
    endloop
  endfacet
  facet normal 0.000000e+00 0.000000e+00 1.000000e+00
    outer loop
      vertex   -3.660192e+01 -2.420000e+01 5.954000e+01
      vertex   -3.610000e+01 -2.145000e+01 5.954000e+01
      vertex   -3.603732e+01 -2.089370e+01 5.954000e+01
    endloop
  endfacet
  facet normal 0.000000e+00 -0.000000e+00 1.000000e+00
    outer loop
      vertex   -3.585242e+01 -2.036529e+01 5.954000e+01
      vertex   -3.585242e+01 3.866529e+01 5.954000e+01
      vertex   -3.603732e+01 -2.089370e+01 5.954000e+01
    endloop
  endfacet
  facet normal 0.000000e+00 0.000000e+00 1.000000e+00
    outer loop
      vertex   -3.603732e+01 -2.089370e+01 5.954000e+01
      vertex   -3.585242e+01 3.866529e+01 5.954000e+01
      vertex   -3.603732e+01 3.919370e+01 5.954000e+01
    endloop
  endfacet
  facet normal 0.000000e+00 -0.000000e+00 1.000000e+00
    outer loop
      vertex   -3.603732e+01 -2.089370e+01 5.954000e+01
      vertex   -3.603732e+01 3.919370e+01 5.954000e+01
      vertex   -3.660192e+01 -2.420000e+01 5.954000e+01
    endloop
  endfacet
  facet normal 0.000000e+00 0.000000e+00 1.000000e+00
    outer loop
      vertex   -3.660192e+01 -2.420000e+01 5.954000e+01
      vertex   -3.603732e+01 3.919370e+01 5.954000e+01
      vertex   -3.660192e+01 4.250000e+01 5.954000e+01
    endloop
  endfacet
  facet normal 0.000000e+00 0.000000e+00 1.000000e+00
    outer loop
      vertex   -3.660192e+01 4.250000e+01 5.954000e+01
      vertex   -3.603732e+01 3.919370e+01 5.954000e+01
      vertex   -3.610000e+01 3.975000e+01 5.954000e+01
    endloop
  endfacet
  facet normal 0.000000e+00 0.000000e+00 1.000000e+00
    outer loop
      vertex   -3.660192e+01 4.250000e+01 5.954000e+01
      vertex   -3.610000e+01 3.975000e+01 5.954000e+01
      vertex   -3.603732e+01 4.030630e+01 5.954000e+01
    endloop
  endfacet
  facet normal 0.000000e+00 0.000000e+00 1.000000e+00
    outer loop
      vertex   -3.585242e+01 3.866529e+01 5.954000e+01
      vertex   -3.585242e+01 -2.036529e+01 5.954000e+01
      vertex   -3.555458e+01 3.819128e+01 5.954000e+01
    endloop
  endfacet
  facet normal 0.000000e+00 0.000000e+00 1.000000e+00
    outer loop
      vertex   -3.555458e+01 3.819128e+01 5.954000e+01
      vertex   -3.585242e+01 -2.036529e+01 5.954000e+01
      vertex   -3.555458e+01 -1.989128e+01 5.954000e+01
    endloop
  endfacet
  facet normal 0.000000e+00 0.000000e+00 1.000000e+00
    outer loop
      vertex   -3.555458e+01 3.819128e+01 5.954000e+01
      vertex   -3.555458e+01 -1.989128e+01 5.954000e+01
      vertex   -3.515872e+01 3.779542e+01 5.954000e+01
    endloop
  endfacet
  facet normal 0.000000e+00 0.000000e+00 1.000000e+00
    outer loop
      vertex   -3.515872e+01 3.779542e+01 5.954000e+01
      vertex   -3.555458e+01 -1.989128e+01 5.954000e+01
      vertex   -3.515872e+01 -1.949542e+01 5.954000e+01
    endloop
  endfacet
  facet normal 0.000000e+00 0.000000e+00 1.000000e+00
    outer loop
      vertex   -3.515872e+01 3.779542e+01 5.954000e+01
      vertex   -3.515872e+01 -1.949542e+01 5.954000e+01
      vertex   -3.468471e+01 3.749758e+01 5.954000e+01
    endloop
  endfacet
  facet normal 0.000000e+00 0.000000e+00 1.000000e+00
    outer loop
      vertex   -3.468471e+01 3.749758e+01 5.954000e+01
      vertex   -3.515872e+01 -1.949542e+01 5.954000e+01
      vertex   -3.468471e+01 -1.919758e+01 5.954000e+01
    endloop
  endfacet
  facet normal 0.000000e+00 0.000000e+00 1.000000e+00
    outer loop
      vertex   -3.468471e+01 3.749758e+01 5.954000e+01
      vertex   -3.468471e+01 -1.919758e+01 5.954000e+01
      vertex   -3.415630e+01 3.731268e+01 5.954000e+01
    endloop
  endfacet
  facet normal 0.000000e+00 0.000000e+00 1.000000e+00
    outer loop
      vertex   -3.415630e+01 3.731268e+01 5.954000e+01
      vertex   -3.468471e+01 -1.919758e+01 5.954000e+01
      vertex   -3.415630e+01 -1.901268e+01 5.954000e+01
    endloop
  endfacet
  facet normal 0.000000e+00 0.000000e+00 1.000000e+00
    outer loop
      vertex   -3.415630e+01 3.731268e+01 5.954000e+01
      vertex   -3.415630e+01 -1.901268e+01 5.954000e+01
      vertex   -3.360000e+01 3.725000e+01 5.954000e+01
    endloop
  endfacet
  facet normal 0.000000e+00 0.000000e+00 1.000000e+00
    outer loop
      vertex   -3.360000e+01 3.725000e+01 5.954000e+01
      vertex   -3.415630e+01 -1.901268e+01 5.954000e+01
      vertex   -3.360000e+01 -1.895000e+01 5.954000e+01
    endloop
  endfacet
  facet normal 0.000000e+00 0.000000e+00 1.000000e+00
    outer loop
      vertex   -3.360000e+01 3.725000e+01 5.954000e+01
      vertex   -3.360000e+01 -1.895000e+01 5.954000e+01
      vertex   -3.304370e+01 -1.901268e+01 5.954000e+01
    endloop
  endfacet
  facet normal -0.000000e+00 0.000000e+00 1.000000e+00
    outer loop
      vertex   -3.360000e+01 3.725000e+01 5.954000e+01
      vertex   -3.304370e+01 -1.901268e+01 5.954000e+01
      vertex   -3.304370e+01 3.731268e+01 5.954000e+01
    endloop
  endfacet
  facet normal 0.000000e+00 0.000000e+00 1.000000e+00
    outer loop
      vertex   -3.304370e+01 3.731268e+01 5.954000e+01
      vertex   -3.304370e+01 -1.901268e+01 5.954000e+01
      vertex   -3.251529e+01 -1.919758e+01 5.954000e+01
    endloop
  endfacet
  facet normal -0.000000e+00 0.000000e+00 1.000000e+00
    outer loop
      vertex   -3.304370e+01 3.731268e+01 5.954000e+01
      vertex   -3.251529e+01 -1.919758e+01 5.954000e+01
      vertex   -3.251529e+01 3.749758e+01 5.954000e+01
    endloop
  endfacet
  facet normal 0.000000e+00 0.000000e+00 1.000000e+00
    outer loop
      vertex   -3.251529e+01 3.749758e+01 5.954000e+01
      vertex   -3.251529e+01 -1.919758e+01 5.954000e+01
      vertex   -3.204128e+01 -1.949542e+01 5.954000e+01
    endloop
  endfacet
  facet normal -0.000000e+00 0.000000e+00 1.000000e+00
    outer loop
      vertex   -3.251529e+01 3.749758e+01 5.954000e+01
      vertex   -3.204128e+01 -1.949542e+01 5.954000e+01
      vertex   -3.204128e+01 3.779542e+01 5.954000e+01
    endloop
  endfacet
  facet normal 0.000000e+00 -0.000000e+00 1.000000e+00
    outer loop
      vertex   -3.603732e+01 4.030630e+01 5.954000e+01
      vertex   -3.585242e+01 4.083471e+01 5.954000e+01
      vertex   -3.660192e+01 4.250000e+01 5.954000e+01
    endloop
  endfacet
  facet normal 0.000000e+00 0.000000e+00 1.000000e+00
    outer loop
      vertex   -3.660192e+01 4.250000e+01 5.954000e+01
      vertex   -3.585242e+01 4.083471e+01 5.954000e+01
      vertex   -3.555458e+01 4.130872e+01 5.954000e+01
    endloop
  endfacet
  facet normal 0.000000e+00 0.000000e+00 1.000000e+00
    outer loop
      vertex   -3.660192e+01 4.250000e+01 5.954000e+01
      vertex   -3.555458e+01 4.130872e+01 5.954000e+01
      vertex   -3.515872e+01 4.170458e+01 5.954000e+01
    endloop
  endfacet
  facet normal -0.000000e+00 0.000000e+00 1.000000e+00
    outer loop
      vertex   -3.660192e+01 4.250000e+01 5.954000e+01
      vertex   -3.515872e+01 4.170458e+01 5.954000e+01
      vertex   -3.620000e+01 4.290192e+01 5.954000e+01
    endloop
  endfacet
  facet normal 0.000000e+00 0.000000e+00 1.000000e+00
    outer loop
      vertex   -3.620000e+01 4.290192e+01 5.954000e+01
      vertex   -3.515872e+01 4.170458e+01 5.954000e+01
      vertex   -3.468471e+01 4.200242e+01 5.954000e+01
    endloop
  endfacet
  facet normal 0.000000e+00 0.000000e+00 1.000000e+00
    outer loop
      vertex   -3.620000e+01 4.290192e+01 5.954000e+01
      vertex   -3.468471e+01 4.200242e+01 5.954000e+01
      vertex   -3.415630e+01 4.218732e+01 5.954000e+01
    endloop
  endfacet
  facet normal 0.000000e+00 -0.000000e+00 1.000000e+00
    outer loop
      vertex   -3.415630e+01 4.218732e+01 5.954000e+01
      vertex   -3.360000e+01 4.225000e+01 5.954000e+01
      vertex   -3.620000e+01 4.290192e+01 5.954000e+01
    endloop
  endfacet
  facet normal 0.000000e+00 0.000000e+00 1.000000e+00
    outer loop
      vertex   -3.620000e+01 4.290192e+01 5.954000e+01
      vertex   -3.360000e+01 4.225000e+01 5.954000e+01
      vertex   -3.304370e+01 4.218732e+01 5.954000e+01
    endloop
  endfacet
  facet normal -0.000000e+00 0.000000e+00 1.000000e+00
    outer loop
      vertex   -3.620000e+01 4.290192e+01 5.954000e+01
      vertex   -3.304370e+01 4.218732e+01 5.954000e+01
      vertex   3.570000e+01 4.290192e+01 5.954000e+01
    endloop
  endfacet
  facet normal -0.000000e+00 0.000000e+00 1.000000e+00
    outer loop
      vertex   3.603732e+01 -2.200630e+01 5.954000e+01
      vertex   3.610192e+01 -2.420000e+01 5.954000e+01
      vertex   3.610000e+01 -2.145000e+01 5.954000e+01
    endloop
  endfacet
  facet normal -0.000000e+00 0.000000e+00 1.000000e+00
    outer loop
      vertex   3.610000e+01 -2.145000e+01 5.954000e+01
      vertex   3.610192e+01 -2.420000e+01 5.954000e+01
      vertex   3.610000e+01 3.975000e+01 5.954000e+01
    endloop
  endfacet
  facet normal 0.000000e+00 -0.000000e+00 1.000000e+00
    outer loop
      vertex   3.610000e+01 -2.145000e+01 5.954000e+01
      vertex   3.610000e+01 3.975000e+01 5.954000e+01
      vertex   3.603732e+01 3.919370e+01 5.954000e+01
    endloop
  endfacet
  facet normal 0.000000e+00 0.000000e+00 1.000000e+00
    outer loop
      vertex   3.603732e+01 -2.200630e+01 5.954000e+01
      vertex   3.585242e+01 -2.253471e+01 5.954000e+01
      vertex   3.610192e+01 -2.420000e+01 5.954000e+01
    endloop
  endfacet
  facet normal 0.000000e+00 0.000000e+00 1.000000e+00
    outer loop
      vertex   3.610192e+01 -2.420000e+01 5.954000e+01
      vertex   3.585242e+01 -2.253471e+01 5.954000e+01
      vertex   3.555458e+01 -2.300872e+01 5.954000e+01
    endloop
  endfacet
  facet normal 0.000000e+00 0.000000e+00 1.000000e+00
    outer loop
      vertex   3.610192e+01 -2.420000e+01 5.954000e+01
      vertex   3.555458e+01 -2.300872e+01 5.954000e+01
      vertex   3.515872e+01 -2.340458e+01 5.954000e+01
    endloop
  endfacet
  facet normal 0.000000e+00 0.000000e+00 1.000000e+00
    outer loop
      vertex   3.610192e+01 -2.420000e+01 5.954000e+01
      vertex   3.515872e+01 -2.340458e+01 5.954000e+01
      vertex   3.570000e+01 -2.460192e+01 5.954000e+01
    endloop
  endfacet
  facet normal 0.000000e+00 0.000000e+00 1.000000e+00
    outer loop
      vertex   3.570000e+01 -2.460192e+01 5.954000e+01
      vertex   3.515872e+01 -2.340458e+01 5.954000e+01
      vertex   3.468471e+01 -2.370242e+01 5.954000e+01
    endloop
  endfacet
  facet normal 0.000000e+00 0.000000e+00 1.000000e+00
    outer loop
      vertex   3.570000e+01 -2.460192e+01 5.954000e+01
      vertex   3.468471e+01 -2.370242e+01 5.954000e+01
      vertex   3.415630e+01 -2.388732e+01 5.954000e+01
    endloop
  endfacet
  facet normal 0.000000e+00 0.000000e+00 1.000000e+00
    outer loop
      vertex   3.415630e+01 -2.388732e+01 5.954000e+01
      vertex   3.360000e+01 -2.395000e+01 5.954000e+01
      vertex   3.570000e+01 -2.460192e+01 5.954000e+01
    endloop
  endfacet
  facet normal 0.000000e+00 0.000000e+00 1.000000e+00
    outer loop
      vertex   3.570000e+01 -2.460192e+01 5.954000e+01
      vertex   3.360000e+01 -2.395000e+01 5.954000e+01
      vertex   3.304370e+01 -2.388732e+01 5.954000e+01
    endloop
  endfacet
  facet normal 0.000000e+00 0.000000e+00 1.000000e+00
    outer loop
      vertex   3.204128e+01 3.779542e+01 5.954000e+01
      vertex   3.204128e+01 -1.949542e+01 5.954000e+01
      vertex   3.251529e+01 3.749758e+01 5.954000e+01
    endloop
  endfacet
  facet normal 0.000000e+00 0.000000e+00 1.000000e+00
    outer loop
      vertex   3.251529e+01 3.749758e+01 5.954000e+01
      vertex   3.204128e+01 -1.949542e+01 5.954000e+01
      vertex   3.251529e+01 -1.919758e+01 5.954000e+01
    endloop
  endfacet
  facet normal 0.000000e+00 0.000000e+00 1.000000e+00
    outer loop
      vertex   3.251529e+01 3.749758e+01 5.954000e+01
      vertex   3.251529e+01 -1.919758e+01 5.954000e+01
      vertex   3.304370e+01 3.731268e+01 5.954000e+01
    endloop
  endfacet
  facet normal 0.000000e+00 0.000000e+00 1.000000e+00
    outer loop
      vertex   3.304370e+01 3.731268e+01 5.954000e+01
      vertex   3.251529e+01 -1.919758e+01 5.954000e+01
      vertex   3.304370e+01 -1.901268e+01 5.954000e+01
    endloop
  endfacet
  facet normal 0.000000e+00 0.000000e+00 1.000000e+00
    outer loop
      vertex   3.304370e+01 3.731268e+01 5.954000e+01
      vertex   3.304370e+01 -1.901268e+01 5.954000e+01
      vertex   3.360000e+01 3.725000e+01 5.954000e+01
    endloop
  endfacet
  facet normal 0.000000e+00 0.000000e+00 1.000000e+00
    outer loop
      vertex   3.360000e+01 3.725000e+01 5.954000e+01
      vertex   3.304370e+01 -1.901268e+01 5.954000e+01
      vertex   3.360000e+01 -1.895000e+01 5.954000e+01
    endloop
  endfacet
  facet normal 0.000000e+00 0.000000e+00 1.000000e+00
    outer loop
      vertex   3.360000e+01 3.725000e+01 5.954000e+01
      vertex   3.360000e+01 -1.895000e+01 5.954000e+01
      vertex   3.415630e+01 -1.901268e+01 5.954000e+01
    endloop
  endfacet
  facet normal -0.000000e+00 0.000000e+00 1.000000e+00
    outer loop
      vertex   3.360000e+01 3.725000e+01 5.954000e+01
      vertex   3.415630e+01 -1.901268e+01 5.954000e+01
      vertex   3.415630e+01 3.731268e+01 5.954000e+01
    endloop
  endfacet
  facet normal 0.000000e+00 0.000000e+00 1.000000e+00
    outer loop
      vertex   3.415630e+01 3.731268e+01 5.954000e+01
      vertex   3.415630e+01 -1.901268e+01 5.954000e+01
      vertex   3.468471e+01 -1.919758e+01 5.954000e+01
    endloop
  endfacet
  facet normal -0.000000e+00 0.000000e+00 1.000000e+00
    outer loop
      vertex   3.415630e+01 3.731268e+01 5.954000e+01
      vertex   3.468471e+01 -1.919758e+01 5.954000e+01
      vertex   3.468471e+01 3.749758e+01 5.954000e+01
    endloop
  endfacet
  facet normal 0.000000e+00 0.000000e+00 1.000000e+00
    outer loop
      vertex   3.468471e+01 3.749758e+01 5.954000e+01
      vertex   3.468471e+01 -1.919758e+01 5.954000e+01
      vertex   3.515872e+01 -1.949542e+01 5.954000e+01
    endloop
  endfacet
  facet normal -0.000000e+00 0.000000e+00 1.000000e+00
    outer loop
      vertex   3.468471e+01 3.749758e+01 5.954000e+01
      vertex   3.515872e+01 -1.949542e+01 5.954000e+01
      vertex   3.515872e+01 3.779542e+01 5.954000e+01
    endloop
  endfacet
  facet normal 0.000000e+00 0.000000e+00 1.000000e+00
    outer loop
      vertex   3.515872e+01 3.779542e+01 5.954000e+01
      vertex   3.515872e+01 -1.949542e+01 5.954000e+01
      vertex   3.555458e+01 -1.989128e+01 5.954000e+01
    endloop
  endfacet
  facet normal -0.000000e+00 0.000000e+00 1.000000e+00
    outer loop
      vertex   3.515872e+01 3.779542e+01 5.954000e+01
      vertex   3.555458e+01 -1.989128e+01 5.954000e+01
      vertex   3.555458e+01 3.819128e+01 5.954000e+01
    endloop
  endfacet
  facet normal 0.000000e+00 0.000000e+00 1.000000e+00
    outer loop
      vertex   3.555458e+01 3.819128e+01 5.954000e+01
      vertex   3.555458e+01 -1.989128e+01 5.954000e+01
      vertex   3.585242e+01 -2.036529e+01 5.954000e+01
    endloop
  endfacet
  facet normal -0.000000e+00 0.000000e+00 1.000000e+00
    outer loop
      vertex   3.555458e+01 3.819128e+01 5.954000e+01
      vertex   3.585242e+01 -2.036529e+01 5.954000e+01
      vertex   3.585242e+01 3.866529e+01 5.954000e+01
    endloop
  endfacet
  facet normal 0.000000e+00 0.000000e+00 1.000000e+00
    outer loop
      vertex   3.585242e+01 3.866529e+01 5.954000e+01
      vertex   3.585242e+01 -2.036529e+01 5.954000e+01
      vertex   3.603732e+01 -2.089370e+01 5.954000e+01
    endloop
  endfacet
  facet normal -0.000000e+00 0.000000e+00 1.000000e+00
    outer loop
      vertex   3.585242e+01 3.866529e+01 5.954000e+01
      vertex   3.603732e+01 -2.089370e+01 5.954000e+01
      vertex   3.603732e+01 3.919370e+01 5.954000e+01
    endloop
  endfacet
  facet normal 0.000000e+00 0.000000e+00 1.000000e+00
    outer loop
      vertex   3.603732e+01 3.919370e+01 5.954000e+01
      vertex   3.603732e+01 -2.089370e+01 5.954000e+01
      vertex   3.610000e+01 -2.145000e+01 5.954000e+01
    endloop
  endfacet
  facet normal -0.000000e+00 0.000000e+00 1.000000e+00
    outer loop
      vertex   3.415630e+01 4.218732e+01 5.954000e+01
      vertex   3.468471e+01 4.200242e+01 5.954000e+01
      vertex   3.570000e+01 4.290192e+01 5.954000e+01
    endloop
  endfacet
  facet normal 0.000000e+00 0.000000e+00 1.000000e+00
    outer loop
      vertex   3.570000e+01 4.290192e+01 5.954000e+01
      vertex   3.468471e+01 4.200242e+01 5.954000e+01
      vertex   3.515872e+01 4.170458e+01 5.954000e+01
    endloop
  endfacet
  facet normal 0.000000e+00 0.000000e+00 1.000000e+00
    outer loop
      vertex   3.570000e+01 4.290192e+01 5.954000e+01
      vertex   3.515872e+01 4.170458e+01 5.954000e+01
      vertex   3.610192e+01 4.250000e+01 5.954000e+01
    endloop
  endfacet
  facet normal 0.000000e+00 0.000000e+00 1.000000e+00
    outer loop
      vertex   3.610192e+01 4.250000e+01 5.954000e+01
      vertex   3.515872e+01 4.170458e+01 5.954000e+01
      vertex   3.555458e+01 4.130872e+01 5.954000e+01
    endloop
  endfacet
  facet normal 0.000000e+00 0.000000e+00 1.000000e+00
    outer loop
      vertex   3.610192e+01 4.250000e+01 5.954000e+01
      vertex   3.555458e+01 4.130872e+01 5.954000e+01
      vertex   3.585242e+01 4.083471e+01 5.954000e+01
    endloop
  endfacet
  facet normal -0.000000e+00 0.000000e+00 1.000000e+00
    outer loop
      vertex   3.585242e+01 4.083471e+01 5.954000e+01
      vertex   3.603732e+01 4.030630e+01 5.954000e+01
      vertex   3.610192e+01 4.250000e+01 5.954000e+01
    endloop
  endfacet
  facet normal 0.000000e+00 0.000000e+00 1.000000e+00
    outer loop
      vertex   3.610192e+01 4.250000e+01 5.954000e+01
      vertex   3.603732e+01 4.030630e+01 5.954000e+01
      vertex   3.610000e+01 3.975000e+01 5.954000e+01
    endloop
  endfacet
  facet normal 0.000000e+00 0.000000e+00 1.000000e+00
    outer loop
      vertex   3.610192e+01 4.250000e+01 5.954000e+01
      vertex   3.610000e+01 3.975000e+01 5.954000e+01
      vertex   3.610192e+01 -2.420000e+01 5.954000e+01
    endloop
  endfacet
  facet normal 0.000000e+00 0.000000e+00 1.000000e+00
    outer loop
      vertex   -3.660192e+01 -2.420000e+01 5.954000e+01
      vertex   -3.658823e+01 -2.430403e+01 5.954000e+01
      vertex   -3.620000e+01 -2.460192e+01 5.954000e+01
    endloop
  endfacet
  facet normal 0.000000e+00 0.000000e+00 1.000000e+00
    outer loop
      vertex   -3.620000e+01 -2.460192e+01 5.954000e+01
      vertex   -3.658823e+01 -2.430403e+01 5.954000e+01
      vertex   -3.654808e+01 -2.440096e+01 5.954000e+01
    endloop
  endfacet
  facet normal 0.000000e+00 0.000000e+00 1.000000e+00
    outer loop
      vertex   -3.620000e+01 -2.460192e+01 5.954000e+01
      vertex   -3.654808e+01 -2.440096e+01 5.954000e+01
      vertex   -3.648420e+01 -2.448420e+01 5.954000e+01
    endloop
  endfacet
  facet normal 0.000000e+00 0.000000e+00 1.000000e+00
    outer loop
      vertex   -3.648420e+01 -2.448420e+01 5.954000e+01
      vertex   -3.640096e+01 -2.454808e+01 5.954000e+01
      vertex   -3.620000e+01 -2.460192e+01 5.954000e+01
    endloop
  endfacet
  facet normal 0.000000e+00 0.000000e+00 1.000000e+00
    outer loop
      vertex   -3.620000e+01 -2.460192e+01 5.954000e+01
      vertex   -3.640096e+01 -2.454808e+01 5.954000e+01
      vertex   -3.630403e+01 -2.458823e+01 5.954000e+01
    endloop
  endfacet
  facet normal 0.000000e+00 -0.000000e+00 1.000000e+00
    outer loop
      vertex   3.580403e+01 -2.458823e+01 5.954000e+01
      vertex   3.590096e+01 -2.454808e+01 5.954000e+01
      vertex   3.570000e+01 -2.460192e+01 5.954000e+01
    endloop
  endfacet
  facet normal 0.000000e+00 0.000000e+00 1.000000e+00
    outer loop
      vertex   3.570000e+01 -2.460192e+01 5.954000e+01
      vertex   3.590096e+01 -2.454808e+01 5.954000e+01
      vertex   3.598420e+01 -2.448420e+01 5.954000e+01
    endloop
  endfacet
  facet normal 0.000000e+00 0.000000e+00 1.000000e+00
    outer loop
      vertex   3.570000e+01 -2.460192e+01 5.954000e+01
      vertex   3.598420e+01 -2.448420e+01 5.954000e+01
      vertex   3.604808e+01 -2.440096e+01 5.954000e+01
    endloop
  endfacet
  facet normal 0.000000e+00 -0.000000e+00 1.000000e+00
    outer loop
      vertex   3.604808e+01 -2.440096e+01 5.954000e+01
      vertex   3.608823e+01 -2.430403e+01 5.954000e+01
      vertex   3.570000e+01 -2.460192e+01 5.954000e+01
    endloop
  endfacet
  facet normal 0.000000e+00 0.000000e+00 1.000000e+00
    outer loop
      vertex   3.570000e+01 -2.460192e+01 5.954000e+01
      vertex   3.608823e+01 -2.430403e+01 5.954000e+01
      vertex   3.610192e+01 -2.420000e+01 5.954000e+01
    endloop
  endfacet
  facet normal 0.000000e+00 0.000000e+00 1.000000e+00
    outer loop
      vertex   3.610192e+01 4.250000e+01 5.954000e+01
      vertex   3.608823e+01 4.260403e+01 5.954000e+01
      vertex   3.570000e+01 4.290192e+01 5.954000e+01
    endloop
  endfacet
  facet normal 0.000000e+00 0.000000e+00 1.000000e+00
    outer loop
      vertex   3.570000e+01 4.290192e+01 5.954000e+01
      vertex   3.608823e+01 4.260403e+01 5.954000e+01
      vertex   3.604808e+01 4.270096e+01 5.954000e+01
    endloop
  endfacet
  facet normal 0.000000e+00 0.000000e+00 1.000000e+00
    outer loop
      vertex   3.570000e+01 4.290192e+01 5.954000e+01
      vertex   3.604808e+01 4.270096e+01 5.954000e+01
      vertex   3.598420e+01 4.278420e+01 5.954000e+01
    endloop
  endfacet
  facet normal 0.000000e+00 0.000000e+00 1.000000e+00
    outer loop
      vertex   3.598420e+01 4.278420e+01 5.954000e+01
      vertex   3.590096e+01 4.284808e+01 5.954000e+01
      vertex   3.570000e+01 4.290192e+01 5.954000e+01
    endloop
  endfacet
  facet normal 0.000000e+00 0.000000e+00 1.000000e+00
    outer loop
      vertex   3.570000e+01 4.290192e+01 5.954000e+01
      vertex   3.590096e+01 4.284808e+01 5.954000e+01
      vertex   3.580403e+01 4.288823e+01 5.954000e+01
    endloop
  endfacet
  facet normal -0.000000e+00 0.000000e+00 1.000000e+00
    outer loop
      vertex   -3.630403e+01 4.288823e+01 5.954000e+01
      vertex   -3.640096e+01 4.284808e+01 5.954000e+01
      vertex   -3.620000e+01 4.290192e+01 5.954000e+01
    endloop
  endfacet
  facet normal 0.000000e+00 0.000000e+00 1.000000e+00
    outer loop
      vertex   -3.620000e+01 4.290192e+01 5.954000e+01
      vertex   -3.640096e+01 4.284808e+01 5.954000e+01
      vertex   -3.648420e+01 4.278420e+01 5.954000e+01
    endloop
  endfacet
  facet normal 0.000000e+00 0.000000e+00 1.000000e+00
    outer loop
      vertex   -3.620000e+01 4.290192e+01 5.954000e+01
      vertex   -3.648420e+01 4.278420e+01 5.954000e+01
      vertex   -3.654808e+01 4.270096e+01 5.954000e+01
    endloop
  endfacet
  facet normal -0.000000e+00 0.000000e+00 1.000000e+00
    outer loop
      vertex   -3.654808e+01 4.270096e+01 5.954000e+01
      vertex   -3.658823e+01 4.260403e+01 5.954000e+01
      vertex   -3.620000e+01 4.290192e+01 5.954000e+01
    endloop
  endfacet
  facet normal 0.000000e+00 0.000000e+00 1.000000e+00
    outer loop
      vertex   -3.620000e+01 4.290192e+01 5.954000e+01
      vertex   -3.658823e+01 4.260403e+01 5.954000e+01
      vertex   -3.660192e+01 4.250000e+01 5.954000e+01
    endloop
  endfacet
endsolid
